{"type": "FeatureCollection", "features": [{"type": "Feature", "id": "c0-0", "properties": {"id": "c0-0", "name": "cell 0,0", "value": 500}, "geometry": {"type": "Polygon", "coordinates": [[[0, 0], [1, 0], [1, 1], [0, 1], [0, 0]]]}}, {"type": "Feature", "id": "c1-0", "properties": {"id": "c1-0", "name": "cell 1,0", "value": 1.0291}, "geometry": {"type": "Polygon", "coordinates": [[[1, 0], [2, 0], [2, 1], [1, 1], [1, 0]]]}}, {"type": "Feature", "id": "c2-0", "properties": {"id": "c2-0", "name": "cell 2,0", "value": 1.0417}, "geometry": {"type": "Polygon", "coordinates": [[[2, 0], [3, 0], [3, 1], [2, 1], [2, 0]]]}}, {"type": "Feature", "id": "c3-0", "properties": {"id": "c3-0", "name": "cell 3,0", "value": 1.0587}, "geometry": {"type": "Polygon", "coordinates": [[[3, 0], [4, 0], [4, 1], [3, 1], [3, 0]]]}}, {"type": "Feature", "id": "c4-0", "properties": {"id": "c4-0", "name": "cell 4,0", "value": 1.0808}, "geometry": {"type": "Polygon", "coordinates": [[[4, 0], [5, 0], [5, 1], [4, 1], [4, 0]]]}}, {"type": "Feature", "id": "c5-0", "properties": {"id": "c5-0", "name": "cell 5,0", "value": 1.109}, "geometry": {"type": "Polygon", "coordinates": [[[5, 0], [6, 0], [6, 1], [5, 1], [5, 0]]]}}, {"type": "Feature", "id": "c6-0", "properties": {"id": "c6-0", "name": "cell 6,0", "value": 1.1443}, "geometry": {"type": "Polygon", "coordinates": [[[6, 0], [7, 0], [7, 1], [6, 1], [6, 0]]]}}, {"type": "Feature", "id": "c7-0", "properties": {"id": "c7-0", "name": "cell 7,0", "value": 1.1871}, "geometry": {"type": "Polygon", "coordinates": [[[7, 0], [8, 0], [8, 1], [7, 1], [7, 0]]]}}, {"type": "Feature", "id": "c8-0", "properties": {"id": "c8-0", "name": "cell 8,0", "value": 1.2378}, "geometry": {"type": "Polygon", "coordinates": [[[8, 0], [9, 0], [9, 1], [8, 1], [8, 0]]]}}, {"type": "Feature", "id": "c9-0", "properties": {"id": "c9-0", "name": "cell 9,0", "value": 1.2964}, "geometry": {"type": "Polygon", "coordinates": [[[9, 0], [10, 0], [10, 1], [9, 1], [9, 0]]]}}, {"type": "Feature", "id": "c10-0", "properties": {"id": "c10-0", "name": "cell 10,0", "value": 1.362}, "geometry": {"type": "Polygon", "coordinates": [[[10, 0], [11, 0], [11, 1], [10, 1], [10, 0]]]}}, {"type": "Feature", "id": "c11-0", "properties": {"id": "c11-0", "name": "cell 11,0", "value": 1.4334}, "geometry": {"type": "Polygon", "coordinates": [[[11, 0], [12, 0], [12, 1], [11, 1], [11, 0]]]}}, {"type": "Feature", "id": "c12-0", "properties": {"id": "c12-0", "name": "cell 12,0", "value": 1.5086}, "geometry": {"type": "Polygon", "coordinates": [[[12, 0], [13, 0], [13, 1], [12, 1], [12, 0]]]}}, {"type": "Feature", "id": "c13-0", "properties": {"id": "c13-0", "name": "cell 13,0", "value": 1.585}, "geometry": {"type": "Polygon", "coordinates": [[[13, 0], [14, 0], [14, 1], [13, 1], [13, 0]]]}}, {"type": "Feature", "id": "c14-0", "properties": {"id": "c14-0", "name": "cell 14,0", "value": 1.6596}, "geometry": {"type": "Polygon", "coordinates": [[[14, 0], [15, 0], [15, 1], [14, 1], [14, 0]]]}}, {"type": "Feature", "id": "c15-0", "properties": {"id": "c15-0", "name": "cell 15,0", "value": 1.729}, "geometry": {"type": "Polygon", "coordinates": [[[15, 0], [16, 0], [16, 1], [15, 1], [15, 0]]]}}, {"type": "Feature", "id": "c16-0", "properties": {"id": "c16-0", "name": "cell 16,0", "value": 1.7897}, "geometry": {"type": "Polygon", "coordinates": [[[16, 0], [17, 0], [17, 1], [16, 1], [16, 0]]]}}, {"type": "Feature", "id": "c17-0", "properties": {"id": "c17-0", "name": "cell 17,0", "value": 1.8385}, "geometry": {"type": "Polygon", "coordinates": [[[17, 0], [18, 0], [18, 1], [17, 1], [17, 0]]]}}, {"type": "Feature", "id": "c18-0", "properties": {"id": "c18-0", "name": "cell 18,0", "value": 1.8727}, "geometry": {"type": "Polygon", "coordinates": [[[18, 0], [19, 0], [19, 1], [18, 1], [18, 0]]]}}, {"type": "Feature", "id": "c19-0", "properties": {"id": "c19-0", "name": "cell 19,0", "value": 1.8904}, "geometry": {"type": "Polygon", "coordinates": [[[19, 0], [20, 0], [20, 1], [19, 1], [19, 0]]]}}, {"type": "Feature", "id": "c20-0", "properties": {"id": "c20-0", "name": "cell 20,0", "value": 1.8904}, "geometry": {"type": "Polygon", "coordinates": [[[20, 0], [21, 0], [21, 1], [20, 1], [20, 0]]]}}, {"type": "Feature", "id": "c21-0", "properties": {"id": "c21-0", "name": "cell 21,0", "value": 1.8727}, "geometry": {"type": "Polygon", "coordinates": [[[21, 0], [22, 0], [22, 1], [21, 1], [21, 0]]]}}, {"type": "Feature", "id": "c22-0", "properties": {"id": "c22-0", "name": "cell 22,0", "value": 1.8385}, "geometry": {"type": "Polygon", "coordinates": [[[22, 0], [23, 0], [23, 1], [22, 1], [22, 0]]]}}, {"type": "Feature", "id": "c23-0", "properties": {"id": "c23-0", "name": "cell 23,0", "value": 1.7897}, "geometry": {"type": "Polygon", "coordinates": [[[23, 0], [24, 0], [24, 1], [23, 1], [23, 0]]]}}, {"type": "Feature", "id": "c24-0", "properties": {"id": "c24-0", "name": "cell 24,0", "value": 1.729}, "geometry": {"type": "Polygon", "coordinates": [[[24, 0], [25, 0], [25, 1], [24, 1], [24, 0]]]}}, {"type": "Feature", "id": "c25-0", "properties": {"id": "c25-0", "name": "cell 25,0", "value": 1.6596}, "geometry": {"type": "Polygon", "coordinates": [[[25, 0], [26, 0], [26, 1], [25, 1], [25, 0]]]}}, {"type": "Feature", "id": "c26-0", "properties": {"id": "c26-0", "name": "cell 26,0", "value": 1.585}, "geometry": {"type": "Polygon", "coordinates": [[[26, 0], [27, 0], [27, 1], [26, 1], [26, 0]]]}}, {"type": "Feature", "id": "c27-0", "properties": {"id": "c27-0", "name": "cell 27,0", "value": 1.5086}, "geometry": {"type": "Polygon", "coordinates": [[[27, 0], [28, 0], [28, 1], [27, 1], [27, 0]]]}}, {"type": "Feature", "id": "c28-0", "properties": {"id": "c28-0", "name": "cell 28,0", "value": 1.4334}, "geometry": {"type": "Polygon", "coordinates": [[[28, 0], [29, 0], [29, 1], [28, 1], [28, 0]]]}}, {"type": "Feature", "id": "c29-0", "properties": {"id": "c29-0", "name": "cell 29,0", "value": 1.362}, "geometry": {"type": "Polygon", "coordinates": [[[29, 0], [30, 0], [30, 1], [29, 1], [29, 0]]]}}, {"type": "Feature", "id": "c30-0", "properties": {"id": "c30-0", "name": "cell 30,0", "value": 1.2964}, "geometry": {"type": "Polygon", "coordinates": [[[30, 0], [31, 0], [31, 1], [30, 1], [30, 0]]]}}, {"type": "Feature", "id": "c31-0", "properties": {"id": "c31-0", "name": "cell 31,0", "value": 1.2378}, "geometry": {"type": "Polygon", "coordinates": [[[31, 0], [32, 0], [32, 1], [31, 1], [31, 0]]]}}, {"type": "Feature", "id": "c32-0", "properties": {"id": "c32-0", "name": "cell 32,0", "value": 1.1871}, "geometry": {"type": "Polygon", "coordinates": [[[32, 0], [33, 0], [33, 1], [32, 1], [32, 0]]]}}, {"type": "Feature", "id": "c33-0", "properties": {"id": "c33-0", "name": "cell 33,0", "value": 1.1443}, "geometry": {"type": "Polygon", "coordinates": [[[33, 0], [34, 0], [34, 1], [33, 1], [33, 0]]]}}, {"type": "Feature", "id": "c34-0", "properties": {"id": "c34-0", "name": "cell 34,0", "value": 1.109}, "geometry": {"type": "Polygon", "coordinates": [[[34, 0], [35, 0], [35, 1], [34, 1], [34, 0]]]}}, {"type": "Feature", "id": "c35-0", "properties": {"id": "c35-0", "name": "cell 35,0", "value": 1.0808}, "geometry": {"type": "Polygon", "coordinates": [[[35, 0], [36, 0], [36, 1], [35, 1], [35, 0]]]}}, {"type": "Feature", "id": "c36-0", "properties": {"id": "c36-0", "name": "cell 36,0", "value": 1.0587}, "geometry": {"type": "Polygon", "coordinates": [[[36, 0], [37, 0], [37, 1], [36, 1], [36, 0]]]}}, {"type": "Feature", "id": "c37-0", "properties": {"id": "c37-0", "name": "cell 37,0", "value": 1.0417}, "geometry": {"type": "Polygon", "coordinates": [[[37, 0], [38, 0], [38, 1], [37, 1], [37, 0]]]}}, {"type": "Feature", "id": "c38-0", "properties": {"id": "c38-0", "name": "cell 38,0", "value": 1.0291}, "geometry": {"type": "Polygon", "coordinates": [[[38, 0], [39, 0], [39, 1], [38, 1], [38, 0]]]}}, {"type": "Feature", "id": "c39-0", "properties": {"id": "c39-0", "name": "cell 39,0", "value": 1.0199}, "geometry": {"type": "Polygon", "coordinates": [[[39, 0], [40, 0], [40, 1], [39, 1], [39, 0]]]}}, {"type": "Feature", "id": "c0-1", "properties": {"id": "c0-1", "name": "cell 0,1", "value": 1.0291}, "geometry": {"type": "Polygon", "coordinates": [[[0, 1], [1, 1], [1, 2], [0, 2], [0, 1]]]}}, {"type": "Feature", "id": "c1-1", "properties": {"id": "c1-1", "name": "cell 1,1", "value": 1.0426}, "geometry": {"type": "Polygon", "coordinates": [[[1, 1], [2, 1], [2, 2], [1, 2], [1, 1]]]}}, {"type": "Feature", "id": "c2-1", "properties": {"id": "c2-1", "name": "cell 2,1", "value": 1.061}, "geometry": {"type": "Polygon", "coordinates": [[[2, 1], [3, 1], [3, 2], [2, 2], [2, 1]]]}}, {"type": "Feature", "id": "c3-1", "properties": {"id": "c3-1", "name": "cell 3,1", "value": 1.0858}, "geometry": {"type": "Polygon", "coordinates": [[[3, 1], [4, 1], [4, 2], [3, 2], [3, 1]]]}}, {"type": "Feature", "id": "c4-1", "properties": {"id": "c4-1", "name": "cell 4,1", "value": 1.1181}, "geometry": {"type": "Polygon", "coordinates": [[[4, 1], [5, 1], [5, 2], [4, 2], [4, 1]]]}}, {"type": "Feature", "id": "c5-1", "properties": {"id": "c5-1", "name": "cell 5,1", "value": 1.1594}, "geometry": {"type": "Polygon", "coordinates": [[[5, 1], [6, 1], [6, 2], [5, 2], [5, 1]]]}}, {"type": "Feature", "id": "c6-1", "properties": {"id": "c6-1", "name": "cell 6,1", "value": 1.211}, "geometry": {"type": "Polygon", "coordinates": [[[6, 1], [7, 1], [7, 2], [6, 2], [6, 1]]]}}, {"type": "Feature", "id": "c7-1", "properties": {"id": "c7-1", "name": "cell 7,1", "value": 1.2736}, "geometry": {"type": "Polygon", "coordinates": [[[7, 1], [8, 1], [8, 2], [7, 2], [7, 1]]]}}, {"type": "Feature", "id": "c8-1", "properties": {"id": "c8-1", "name": "cell 8,1", "value": 1.3478}, "geometry": {"type": "Polygon", "coordinates": [[[8, 1], [9, 1], [9, 2], [8, 2], [8, 1]]]}}, {"type": "Feature", "id": "c9-1", "properties": {"id": "c9-1", "name": "cell 9,1", "value": 1.4334}, "geometry": {"type": "Polygon", "coordinates": [[[9, 1], [10, 1], [10, 2], [9, 2], [9, 1]]]}}, {"type": "Feature", "id": "c10-1", "properties": {"id": "c10-1", "name": "cell 10,1", "value": 1.5293}, "geometry": {"type": "Polygon", "coordinates": [[[10, 1], [11, 1], [11, 2], [10, 2], [10, 1]]]}}, {"type": "Feature", "id": "c11-1", "properties": {"id": "c11-1", "name": "cell 11,1", "value": 1.6337}, "geometry": {"type": "Polygon", "coordinates": [[[11, 1], [12, 1], [12, 2], [11, 2], [11, 1]]]}}, {"type": "Feature", "id": "c12-1", "properties": {"id": "c12-1", "name": "cell 12,1", "value": 1.7437}, "geometry": {"type": "Polygon", "coordinates": [[[12, 1], [13, 1], [13, 2], [12, 2], [12, 1]]]}}, {"type": "Feature", "id": "c13-1", "properties": {"id": "c13-1", "name": "cell 13,1", "value": 1.8555}, "geometry": {"type": "Polygon", "coordinates": [[[13, 1], [14, 1], [14, 2], [13, 2], [13, 1]]]}}, {"type": "Feature", "id": "c14-1", "properties": {"id": "c14-1", "name": "cell 14,1", "value": 1.9645}, "geometry": {"type": "Polygon", "coordinates": [[[14, 1], [15, 1], [15, 2], [14, 2], [14, 1]]]}}, {"type": "Feature", "id": "c15-1", "properties": {"id": "c15-1", "name": "cell 15,1", "value": 2.066}, "geometry": {"type": "Polygon", "coordinates": [[[15, 1], [16, 1], [16, 2], [15, 2], [15, 1]]]}}, {"type": "Feature", "id": "c16-1", "properties": {"id": "c16-1", "name": "cell 16,1", "value": 2.1547}, "geometry": {"type": "Polygon", "coordinates": [[[16, 1], [17, 1], [17, 2], [16, 2], [16, 1]]]}}, {"type": "Feature", "id": "c17-1", "properties": {"id": "c17-1", "name": "cell 17,1", "value": 2.2262}, "geometry": {"type": "Polygon", "coordinates": [[[17, 1], [18, 1], [18, 2], [17, 2], [17, 1]]]}}, {"type": "Feature", "id": "c18-1", "properties": {"id": "c18-1", "name": "cell 18,1", "value": 2.2762}, "geometry": {"type": "Polygon", "coordinates": [[[18, 1], [19, 1], [19, 2], [18, 2], [18, 1]]]}}, {"type": "Feature", "id": "c19-1", "properties": {"id": "c19-1", "name": "cell 19,1", "value": 2.302}, "geometry": {"type": "Polygon", "coordinates": [[[19, 1], [20, 1], [20, 2], [19, 2], [19, 1]]]}}, {"type": "Feature", "id": "c20-1", "properties": {"id": "c20-1", "name": "cell 20,1", "value": 2.302}, "geometry": {"type": "Polygon", "coordinates": [[[20, 1], [21, 1], [21, 2], [20, 2], [20, 1]]]}}, {"type": "Feature", "id": "c21-1", "properties": {"id": "c21-1", "name": "cell 21,1", "value": 2.2762}, "geometry": {"type": "Polygon", "coordinates": [[[21, 1], [22, 1], [22, 2], [21, 2], [21, 1]]]}}, {"type": "Feature", "id": "c22-1", "properties": {"id": "c22-1", "name": "cell 22,1", "value": 2.2262}, "geometry": {"type": "Polygon", "coordinates": [[[22, 1], [23, 1], [23, 2], [22, 2], [22, 1]]]}}, {"type": "Feature", "id": "c23-1", "properties": {"id": "c23-1", "name": "cell 23,1", "value": 2.1547}, "geometry": {"type": "Polygon", "coordinates": [[[23, 1], [24, 1], [24, 2], [23, 2], [23, 1]]]}}, {"type": "Feature", "id": "c24-1", "properties": {"id": "c24-1", "name": "cell 24,1", "value": 2.066}, "geometry": {"type": "Polygon", "coordinates": [[[24, 1], [25, 1], [25, 2], [24, 2], [24, 1]]]}}, {"type": "Feature", "id": "c25-1", "properties": {"id": "c25-1", "name": "cell 25,1", "value": 1.9645}, "geometry": {"type": "Polygon", "coordinates": [[[25, 1], [26, 1], [26, 2], [25, 2], [25, 1]]]}}, {"type": "Feature", "id": "c26-1", "properties": {"id": "c26-1", "name": "cell 26,1", "value": 1.8555}, "geometry": {"type": "Polygon", "coordinates": [[[26, 1], [27, 1], [27, 2], [26, 2], [26, 1]]]}}, {"type": "Feature", "id": "c27-1", "properties": {"id": "c27-1", "name": "cell 27,1", "value": 1.7437}, "geometry": {"type": "Polygon", "coordinates": [[[27, 1], [28, 1], [28, 2], [27, 2], [27, 1]]]}}, {"type": "Feature", "id": "c28-1", "properties": {"id": "c28-1", "name": "cell 28,1", "value": 1.6337}, "geometry": {"type": "Polygon", "coordinates": [[[28, 1], [29, 1], [29, 2], [28, 2], [28, 1]]]}}, {"type": "Feature", "id": "c29-1", "properties": {"id": "c29-1", "name": "cell 29,1", "value": 1.5293}, "geometry": {"type": "Polygon", "coordinates": [[[29, 1], [30, 1], [30, 2], [29, 2], [29, 1]]]}}, {"type": "Feature", "id": "c30-1", "properties": {"id": "c30-1", "name": "cell 30,1", "value": 1.4334}, "geometry": {"type": "Polygon", "coordinates": [[[30, 1], [31, 1], [31, 2], [30, 2], [30, 1]]]}}, {"type": "Feature", "id": "c31-1", "properties": {"id": "c31-1", "name": "cell 31,1", "value": 1.3478}, "geometry": {"type": "Polygon", "coordinates": [[[31, 1], [32, 1], [32, 2], [31, 2], [31, 1]]]}}, {"type": "Feature", "id": "c32-1", "properties": {"id": "c32-1", "name": "cell 32,1", "value": 1.2736}, "geometry": {"type": "Polygon", "coordinates": [[[32, 1], [33, 1], [33, 2], [32, 2], [32, 1]]]}}, {"type": "Feature", "id": "c33-1", "properties": {"id": "c33-1", "name": "cell 33,1", "value": 1.211}, "geometry": {"type": "Polygon", "coordinates": [[[33, 1], [34, 1], [34, 2], [33, 2], [33, 1]]]}}, {"type": "Feature", "id": "c34-1", "properties": {"id": "c34-1", "name": "cell 34,1", "value": 1.1594}, "geometry": {"type": "Polygon", "coordinates": [[[34, 1], [35, 1], [35, 2], [34, 2], [34, 1]]]}}, {"type": "Feature", "id": "c35-1", "properties": {"id": "c35-1", "name": "cell 35,1", "value": 1.1181}, "geometry": {"type": "Polygon", "coordinates": [[[35, 1], [36, 1], [36, 2], [35, 2], [35, 1]]]}}, {"type": "Feature", "id": "c36-1", "properties": {"id": "c36-1", "name": "cell 36,1", "value": 1.0858}, "geometry": {"type": "Polygon", "coordinates": [[[36, 1], [37, 1], [37, 2], [36, 2], [36, 1]]]}}, {"type": "Feature", "id": "c37-1", "properties": {"id": "c37-1", "name": "cell 37,1", "value": 1.061}, "geometry": {"type": "Polygon", "coordinates": [[[37, 1], [38, 1], [38, 2], [37, 2], [37, 1]]]}}, {"type": "Feature", "id": "c38-1", "properties": {"id": "c38-1", "name": "cell 38,1", "value": 1.0426}, "geometry": {"type": "Polygon", "coordinates": [[[38, 1], [39, 1], [39, 2], [38, 2], [38, 1]]]}}, {"type": "Feature", "id": "c39-1", "properties": {"id": "c39-1", "name": "cell 39,1", "value": 1.0291}, "geometry": {"type": "Polygon", "coordinates": [[[39, 1], [40, 1], [40, 2], [39, 2], [39, 1]]]}}, {"type": "Feature", "id": "c0-2", "properties": {"id": "c0-2", "name": "cell 0,2", "value": 1.0417}, "geometry": {"type": "Polygon", "coordinates": [[[0, 2], [1, 2], [1, 3], [0, 3], [0, 2]]]}}, {"type": "Feature", "id": "c1-2", "properties": {"id": "c1-2", "name": "cell 1,2", "value": 1.061}, "geometry": {"type": "Polygon", "coordinates": [[[1, 2], [2, 2], [2, 3], [1, 3], [1, 2]]]}}, {"type": "Feature", "id": "c2-2", "properties": {"id": "c2-2", "name": "cell 2,2", "value": 1.0875}, "geometry": {"type": "Polygon", "coordinates": [[[2, 2], [3, 2], [3, 3], [2, 3], [2, 2]]]}}, {"type": "Feature", "id": "c3-2", "properties": {"id": "c3-2", "name": "cell 3,2", "value": 1.1229}, "geometry": {"type": "Polygon", "coordinates": [[[3, 2], [4, 2], [4, 3], [3, 3], [3, 2]]]}}, {"type": "Feature", "id": "c4-2", "properties": {"id": "c4-2", "name": "cell 4,2", "value": 1.1693}, "geometry": {"type": "Polygon", "coordinates": [[[4, 2], [5, 2], [5, 3], [4, 3], [4, 2]]]}}, {"type": "Feature", "id": "c5-2", "properties": {"id": "c5-2", "name": "cell 5,2", "value": 1.2285}, "geometry": {"type": "Polygon", "coordinates": [[[5, 2], [6, 2], [6, 3], [5, 3], [5, 2]]]}}, {"type": "Feature", "id": "c6-2", "properties": {"id": "c6-2", "name": "cell 6,2", "value": 1.3024}, "geometry": {"type": "Polygon", "coordinates": [[[6, 2], [7, 2], [7, 3], [6, 3], [6, 2]]]}}, {"type": "Feature", "id": "c7-2", "properties": {"id": "c7-2", "name": "cell 7,2", "value": 1.3921}, "geometry": {"type": "Polygon", "coordinates": [[[7, 2], [8, 2], [8, 3], [7, 3], [7, 2]]]}}, {"type": "Feature", "id": "c8-2", "properties": {"id": "c8-2", "name": "cell 8,2", "value": 1.4985}, "geometry": {"type": "Polygon", "coordinates": [[[8, 2], [9, 2], [9, 3], [8, 3], [8, 2]]]}}, {"type": "Feature", "id": "c9-2", "properties": {"id": "c9-2", "name": "cell 9,2", "value": 1.6212}, "geometry": {"type": "Polygon", "coordinates": [[[9, 2], [10, 2], [10, 3], [9, 3], [9, 2]]]}}, {"type": "Feature", "id": "c10-2", "properties": {"id": "c10-2", "name": "cell 10,2", "value": 1.7587}, "geometry": {"type": "Polygon", "coordinates": [[[10, 2], [11, 2], [11, 3], [10, 3], [10, 2]]]}}, {"type": "Feature", "id": "c11-2", "properties": {"id": "c11-2", "name": "cell 11,2", "value": 1.9084}, "geometry": {"type": "Polygon", "coordinates": [[[11, 2], [12, 2], [12, 3], [11, 3], [11, 2]]]}}, {"type": "Feature", "id": "c12-2", "properties": {"id": "c12-2", "name": "cell 12,2", "value": 2.066}, "geometry": {"type": "Polygon", "coordinates": [[[12, 2], [13, 2], [13, 3], [12, 3], [12, 2]]]}}, {"type": "Feature", "id": "c13-2", "properties": {"id": "c13-2", "name": "cell 13,2", "value": 2.2262}, "geometry": {"type": "Polygon", "coordinates": [[[13, 2], [14, 2], [14, 3], [13, 3], [13, 2]]]}}, {"type": "Feature", "id": "c14-2", "properties": {"id": "c14-2", "name": "cell 14,2", "value": 2.3825}, "geometry": {"type": "Polygon", "coordinates": [[[14, 2], [15, 2], [15, 3], [14, 3], [14, 2]]]}}, {"type": "Feature", "id": "c15-2", "properties": {"id": "c15-2", "name": "cell 15,2", "value": 2.5279}, "geometry": {"type": "Polygon", "coordinates": [[[15, 2], [16, 2], [16, 3], [15, 3], [15, 2]]]}}, {"type": "Feature", "id": "c16-2", "properties": {"id": "c16-2", "name": "cell 16,2", "value": 2.6551}, "geometry": {"type": "Polygon", "coordinates": [[[16, 2], [17, 2], [17, 3], [16, 3], [16, 2]]]}}, {"type": "Feature", "id": "c17-2", "properties": {"id": "c17-2", "name": "cell 17,2", "value": 2.7575}, "geometry": {"type": "Polygon", "coordinates": [[[17, 2], [18, 2], [18, 3], [17, 3], [17, 2]]]}}, {"type": "Feature", "id": "c18-2", "properties": {"id": "c18-2", "name": "cell 18,2", "value": 2.8292}, "geometry": {"type": "Polygon", "coordinates": [[[18, 2], [19, 2], [19, 3], [18, 3], [18, 2]]]}}, {"type": "Feature", "id": "c19-2", "properties": {"id": "c19-2", "name": "cell 19,2", "value": 2.8662}, "geometry": {"type": "Polygon", "coordinates": [[[19, 2], [20, 2], [20, 3], [19, 3], [19, 2]]]}}, {"type": "Feature", "id": "c20-2", "properties": {"id": "c20-2", "name": "cell 20,2", "value": 2.8662}, "geometry": {"type": "Polygon", "coordinates": [[[20, 2], [21, 2], [21, 3], [20, 3], [20, 2]]]}}, {"type": "Feature", "id": "c21-2", "properties": {"id": "c21-2", "name": "cell 21,2", "value": 2.8292}, "geometry": {"type": "Polygon", "coordinates": [[[21, 2], [22, 2], [22, 3], [21, 3], [21, 2]]]}}, {"type": "Feature", "id": "c22-2", "properties": {"id": "c22-2", "name": "cell 22,2", "value": 2.7575}, "geometry": {"type": "Polygon", "coordinates": [[[22, 2], [23, 2], [23, 3], [22, 3], [22, 2]]]}}, {"type": "Feature", "id": "c23-2", "properties": {"id": "c23-2", "name": "cell 23,2", "value": 2.6551}, "geometry": {"type": "Polygon", "coordinates": [[[23, 2], [24, 2], [24, 3], [23, 3], [23, 2]]]}}, {"type": "Feature", "id": "c24-2", "properties": {"id": "c24-2", "name": "cell 24,2", "value": 2.5279}, "geometry": {"type": "Polygon", "coordinates": [[[24, 2], [25, 2], [25, 3], [24, 3], [24, 2]]]}}, {"type": "Feature", "id": "c25-2", "properties": {"id": "c25-2", "name": "cell 25,2", "value": 2.3825}, "geometry": {"type": "Polygon", "coordinates": [[[25, 2], [26, 2], [26, 3], [25, 3], [25, 2]]]}}, {"type": "Feature", "id": "c26-2", "properties": {"id": "c26-2", "name": "cell 26,2", "value": 2.2262}, "geometry": {"type": "Polygon", "coordinates": [[[26, 2], [27, 2], [27, 3], [26, 3], [26, 2]]]}}, {"type": "Feature", "id": "c27-2", "properties": {"id": "c27-2", "name": "cell 27,2", "value": 2.066}, "geometry": {"type": "Polygon", "coordinates": [[[27, 2], [28, 2], [28, 3], [27, 3], [27, 2]]]}}, {"type": "Feature", "id": "c28-2", "properties": {"id": "c28-2", "name": "cell 28,2", "value": 1.9084}, "geometry": {"type": "Polygon", "coordinates": [[[28, 2], [29, 2], [29, 3], [28, 3], [28, 2]]]}}, {"type": "Feature", "id": "c29-2", "properties": {"id": "c29-2", "name": "cell 29,2", "value": 1.7587}, "geometry": {"type": "Polygon", "coordinates": [[[29, 2], [30, 2], [30, 3], [29, 3], [29, 2]]]}}, {"type": "Feature", "id": "c30-2", "properties": {"id": "c30-2", "name": "cell 30,2", "value": 1.6212}, "geometry": {"type": "Polygon", "coordinates": [[[30, 2], [31, 2], [31, 3], [30, 3], [30, 2]]]}}, {"type": "Feature", "id": "c31-2", "properties": {"id": "c31-2", "name": "cell 31,2", "value": 1.4985}, "geometry": {"type": "Polygon", "coordinates": [[[31, 2], [32, 2], [32, 3], [31, 3], [31, 2]]]}}, {"type": "Feature", "id": "c32-2", "properties": {"id": "c32-2", "name": "cell 32,2", "value": 1.3921}, "geometry": {"type": "Polygon", "coordinates": [[[32, 2], [33, 2], [33, 3], [32, 3], [32, 2]]]}}, {"type": "Feature", "id": "c33-2", "properties": {"id": "c33-2", "name": "cell 33,2", "value": 1.3024}, "geometry": {"type": "Polygon", "coordinates": [[[33, 2], [34, 2], [34, 3], [33, 3], [33, 2]]]}}, {"type": "Feature", "id": "c34-2", "properties": {"id": "c34-2", "name": "cell 34,2", "value": 1.2285}, "geometry": {"type": "Polygon", "coordinates": [[[34, 2], [35, 2], [35, 3], [34, 3], [34, 2]]]}}, {"type": "Feature", "id": "c35-2", "properties": {"id": "c35-2", "name": "cell 35,2", "value": 1.1693}, "geometry": {"type": "Polygon", "coordinates": [[[35, 2], [36, 2], [36, 3], [35, 3], [35, 2]]]}}, {"type": "Feature", "id": "c36-2", "properties": {"id": "c36-2", "name": "cell 36,2", "value": 1.1229}, "geometry": {"type": "Polygon", "coordinates": [[[36, 2], [37, 2], [37, 3], [36, 3], [36, 2]]]}}, {"type": "Feature", "id": "c37-2", "properties": {"id": "c37-2", "name": "cell 37,2", "value": 1.0875}, "geometry": {"type": "Polygon", "coordinates": [[[37, 2], [38, 2], [38, 3], [37, 3], [37, 2]]]}}, {"type": "Feature", "id": "c38-2", "properties": {"id": "c38-2", "name": "cell 38,2", "value": 1.061}, "geometry": {"type": "Polygon", "coordinates": [[[38, 2], [39, 2], [39, 3], [38, 3], [38, 2]]]}}, {"type": "Feature", "id": "c39-2", "properties": {"id": "c39-2", "name": "cell 39,2", "value": 1.0417}, "geometry": {"type": "Polygon", "coordinates": [[[39, 2], [40, 2], [40, 3], [39, 3], [39, 2]]]}}, {"type": "Feature", "id": "c0-3", "properties": {"id": "c0-3", "name": "cell 0,3", "value": 1.0587}, "geometry": {"type": "Polygon", "coordinates": [[[0, 3], [1, 3], [1, 4], [0, 4], [0, 3]]]}}, {"type": "Feature", "id": "c1-3", "properties": {"id": "c1-3", "name": "cell 1,3", "value": 1.0858}, "geometry": {"type": "Polygon", "coordinates": [[[1, 3], [2, 3], [2, 4], [1, 4], [1, 3]]]}}, {"type": "Feature", "id": "c2-3", "properties": {"id": "c2-3", "name": "cell 2,3", "value": 1.1229}, "geometry": {"type": "Polygon", "coordinates": [[[2, 3], [3, 3], [3, 4], [2, 4], [2, 3]]]}}, {"type": "Feature", "id": "c3-3", "properties": {"id": "c3-3", "name": "cell 3,3", "value": 1.1727}, "geometry": {"type": "Polygon", "coordinates": [[[3, 3], [4, 3], [4, 4], [3, 4], [3, 3]]]}}, {"type": "Feature", "id": "c4-3", "properties": {"id": "c4-3", "name": "cell 4,3", "value": 1.2378}, "geometry": {"type": "Polygon", "coordinates": [[[4, 3], [5, 3], [5, 4], [4, 4], [4, 3]]]}}, {"type": "Feature", "id": "c5-3", "properties": {"id": "c5-3", "name": "cell 5,3", "value": 1.3211}, "geometry": {"type": "Polygon", "coordinates": [[[5, 3], [6, 3], [6, 4], [5, 4], [5, 3]]]}}, {"type": "Feature", "id": "c6-3", "properties": {"id": "c6-3", "name": "cell 6,3", "value": 1.4248}, "geometry": {"type": "Polygon", "coordinates": [[[6, 3], [7, 3], [7, 4], [6, 4], [6, 3]]]}}, {"type": "Feature", "id": "c7-3", "properties": {"id": "c7-3", "name": "cell 7,3", "value": 1.5509}, "geometry": {"type": "Polygon", "coordinates": [[[7, 3], [8, 3], [8, 4], [7, 4], [7, 3]]]}}, {"type": "Feature", "id": "c8-3", "properties": {"id": "c8-3", "name": "cell 8,3", "value": 1.7004}, "geometry": {"type": "Polygon", "coordinates": [[[8, 3], [9, 3], [9, 4], [8, 4], [8, 3]]]}}, {"type": "Feature", "id": "c9-3", "properties": {"id": "c9-3", "name": "cell 9,3", "value": 1.8727}, "geometry": {"type": "Polygon", "coordinates": [[[9, 3], [10, 3], [10, 4], [9, 4], [9, 3]]]}}, {"type": "Feature", "id": "c10-3", "properties": {"id": "c10-3", "name": "cell 10,3", "value": 2.066}, "geometry": {"type": "Polygon", "coordinates": [[[10, 3], [11, 3], [11, 4], [10, 4], [10, 3]]]}}, {"type": "Feature", "id": "c11-3", "properties": {"id": "c11-3", "name": "cell 11,3", "value": 2.2762}, "geometry": {"type": "Polygon", "coordinates": [[[11, 3], [12, 3], [12, 4], [11, 4], [11, 3]]]}}, {"type": "Feature", "id": "c12-3", "properties": {"id": "c12-3", "name": "cell 12,3", "value": 2.4976}, "geometry": {"type": "Polygon", "coordinates": [[[12, 3], [13, 3], [13, 4], [12, 4], [12, 3]]]}}, {"type": "Feature", "id": "c13-3", "properties": {"id": "c13-3", "name": "cell 13,3", "value": 2.7227}, "geometry": {"type": "Polygon", "coordinates": [[[13, 3], [14, 3], [14, 4], [13, 4], [13, 3]]]}}, {"type": "Feature", "id": "c14-3", "properties": {"id": "c14-3", "name": "cell 14,3", "value": 2.9423}, "geometry": {"type": "Polygon", "coordinates": [[[14, 3], [15, 3], [15, 4], [14, 4], [14, 3]]]}}, {"type": "Feature", "id": "c15-3", "properties": {"id": "c15-3", "name": "cell 15,3", "value": 3.1466}, "geometry": {"type": "Polygon", "coordinates": [[[15, 3], [16, 3], [16, 4], [15, 4], [15, 3]]]}}, {"type": "Feature", "id": "c16-3", "properties": {"id": "c16-3", "name": "cell 16,3", "value": 3.3254}, "geometry": {"type": "Polygon", "coordinates": [[[16, 3], [17, 3], [17, 4], [16, 4], [16, 3]]]}}, {"type": "Feature", "id": "c17-3", "properties": {"id": "c17-3", "name": "cell 17,3", "value": 3.4692}, "geometry": {"type": "Polygon", "coordinates": [[[17, 3], [18, 3], [18, 4], [17, 4], [17, 3]]]}}, {"type": "Feature", "id": "c18-3", "properties": {"id": "c18-3", "name": "cell 18,3", "value": 3.5699}, "geometry": {"type": "Polygon", "coordinates": [[[18, 3], [19, 3], [19, 4], [18, 4], [18, 3]]]}}, {"type": "Feature", "id": "c19-3", "properties": {"id": "c19-3", "name": "cell 19,3", "value": 3.6218}, "geometry": {"type": "Polygon", "coordinates": [[[19, 3], [20, 3], [20, 4], [19, 4], [19, 3]]]}}, {"type": "Feature", "id": "c20-3", "properties": {"id": "c20-3", "name": "cell 20,3", "value": 3.6218}, "geometry": {"type": "Polygon", "coordinates": [[[20, 3], [21, 3], [21, 4], [20, 4], [20, 3]]]}}, {"type": "Feature", "id": "c21-3", "properties": {"id": "c21-3", "name": "cell 21,3", "value": 3.5699}, "geometry": {"type": "Polygon", "coordinates": [[[21, 3], [22, 3], [22, 4], [21, 4], [21, 3]]]}}, {"type": "Feature", "id": "c22-3", "properties": {"id": "c22-3", "name": "cell 22,3", "value": 3.4692}, "geometry": {"type": "Polygon", "coordinates": [[[22, 3], [23, 3], [23, 4], [22, 4], [22, 3]]]}}, {"type": "Feature", "id": "c23-3", "properties": {"id": "c23-3", "name": "cell 23,3", "value": 3.3254}, "geometry": {"type": "Polygon", "coordinates": [[[23, 3], [24, 3], [24, 4], [23, 4], [23, 3]]]}}, {"type": "Feature", "id": "c24-3", "properties": {"id": "c24-3", "name": "cell 24,3", "value": 3.1466}, "geometry": {"type": "Polygon", "coordinates": [[[24, 3], [25, 3], [25, 4], [24, 4], [24, 3]]]}}, {"type": "Feature", "id": "c25-3", "properties": {"id": "c25-3", "name": "cell 25,3", "value": 2.9423}, "geometry": {"type": "Polygon", "coordinates": [[[25, 3], [26, 3], [26, 4], [25, 4], [25, 3]]]}}, {"type": "Feature", "id": "c26-3", "properties": {"id": "c26-3", "name": "cell 26,3", "value": 2.7227}, "geometry": {"type": "Polygon", "coordinates": [[[26, 3], [27, 3], [27, 4], [26, 4], [26, 3]]]}}, {"type": "Feature", "id": "c27-3", "properties": {"id": "c27-3", "name": "cell 27,3", "value": 2.4976}, "geometry": {"type": "Polygon", "coordinates": [[[27, 3], [28, 3], [28, 4], [27, 4], [27, 3]]]}}, {"type": "Feature", "id": "c28-3", "properties": {"id": "c28-3", "name": "cell 28,3", "value": 2.2762}, "geometry": {"type": "Polygon", "coordinates": [[[28, 3], [29, 3], [29, 4], [28, 4], [28, 3]]]}}, {"type": "Feature", "id": "c29-3", "properties": {"id": "c29-3", "name": "cell 29,3", "value": 2.066}, "geometry": {"type": "Polygon", "coordinates": [[[29, 3], [30, 3], [30, 4], [29, 4], [29, 3]]]}}, {"type": "Feature", "id": "c30-3", "properties": {"id": "c30-3", "name": "cell 30,3", "value": 1.8727}, "geometry": {"type": "Polygon", "coordinates": [[[30, 3], [31, 3], [31, 4], [30, 4], [30, 3]]]}}, {"type": "Feature", "id": "c31-3", "properties": {"id": "c31-3", "name": "cell 31,3", "value": 1.7004}, "geometry": {"type": "Polygon", "coordinates": [[[31, 3], [32, 3], [32, 4], [31, 4], [31, 3]]]}}, {"type": "Feature", "id": "c32-3", "properties": {"id": "c32-3", "name": "cell 32,3", "value": 1.5509}, "geometry": {"type": "Polygon", "coordinates": [[[32, 3], [33, 3], [33, 4], [32, 4], [32, 3]]]}}, {"type": "Feature", "id": "c33-3", "properties": {"id": "c33-3", "name": "cell 33,3", "value": 1.4248}, "geometry": {"type": "Polygon", "coordinates": [[[33, 3], [34, 3], [34, 4], [33, 4], [33, 3]]]}}, {"type": "Feature", "id": "c34-3", "properties": {"id": "c34-3", "name": "cell 34,3", "value": 1.3211}, "geometry": {"type": "Polygon", "coordinates": [[[34, 3], [35, 3], [35, 4], [34, 4], [34, 3]]]}}, {"type": "Feature", "id": "c35-3", "properties": {"id": "c35-3", "name": "cell 35,3", "value": 1.2378}, "geometry": {"type": "Polygon", "coordinates": [[[35, 3], [36, 3], [36, 4], [35, 4], [35, 3]]]}}, {"type": "Feature", "id": "c36-3", "properties": {"id": "c36-3", "name": "cell 36,3", "value": 1.1727}, "geometry": {"type": "Polygon", "coordinates": [[[36, 3], [37, 3], [37, 4], [36, 4], [36, 3]]]}}, {"type": "Feature", "id": "c37-3", "properties": {"id": "c37-3", "name": "cell 37,3", "value": 1.1229}, "geometry": {"type": "Polygon", "coordinates": [[[37, 3], [38, 3], [38, 4], [37, 4], [37, 3]]]}}, {"type": "Feature", "id": "c38-3", "properties": {"id": "c38-3", "name": "cell 38,3", "value": 1.0858}, "geometry": {"type": "Polygon", "coordinates": [[[38, 3], [39, 3], [39, 4], [38, 4], [38, 3]]]}}, {"type": "Feature", "id": "c39-3", "properties": {"id": "c39-3", "name": "cell 39,3", "value": 1.0587}, "geometry": {"type": "Polygon", "coordinates": [[[39, 3], [40, 3], [40, 4], [39, 4], [39, 3]]]}}, {"type": "Feature", "id": "c0-4", "properties": {"id": "c0-4", "name": "cell 0,4", "value": 1.0808}, "geometry": {"type": "Polygon", "coordinates": [[[0, 4], [1, 4], [1, 5], [0, 5], [0, 4]]]}}, {"type": "Feature", "id": "c1-4", "properties": {"id": "c1-4", "name": "cell 1,4", "value": 1.1181}, "geometry": {"type": "Polygon", "coordinates": [[[1, 4], [2, 4], [2, 5], [1, 5], [1, 4]]]}}, {"type": "Feature", "id": "c2-4", "properties": {"id": "c2-4", "name": "cell 2,4", "value": 1.1693}, "geometry": {"type": "Polygon", "coordinates": [[[2, 4], [3, 4], [3, 5], [2, 5], [2, 4]]]}}, {"type": "Feature", "id": "c3-4", "properties": {"id": "c3-4", "name": "cell 3,4", "value": 1.2378}, "geometry": {"type": "Polygon", "coordinates": [[[3, 4], [4, 4], [4, 5], [3, 5], [3, 4]]]}}, {"type": "Feature", "id": "c4-4", "properties": {"id": "c4-4", "name": "cell 4,4", "value": 1.3275}, "geometry": {"type": "Polygon", "coordinates": [[[4, 4], [5, 4], [5, 5], [4, 5], [4, 4]]]}}, {"type": "Feature", "id": "c5-4", "properties": {"id": "c5-4", "name": "cell 5,4", "value": 1.4421}, "geometry": {"type": "Polygon", "coordinates": [[[5, 4], [6, 4], [6, 5], [5, 5], [5, 4]]]}}, {"type": "Feature", "id": "c6-4", "properties": {"id": "c6-4", "name": "cell 6,4", "value": 1.585}, "geometry": {"type": "Polygon", "coordinates": [[[6, 4], [7, 4], [7, 5], [6, 5], [6, 4]]]}}, {"type": "Feature", "id": "c7-4", "properties": {"id": "c7-4", "name": "cell 7,4", "value": 1.7587}, "geometry": {"type": "Polygon", "coordinates": [[[7, 4], [8, 4], [8, 5], [7, 5], [7, 4]]]}}, {"type": "Feature", "id": "c8-4", "properties": {"id": "c8-4", "name": "cell 8,4", "value": 1.9645}, "geometry": {"type": "Polygon", "coordinates": [[[8, 4], [9, 4], [9, 5], [8, 5], [8, 4]]]}}, {"type": "Feature", "id": "c9-4", "properties": {"id": "c9-4", "name": "cell 9,4", "value": 2.2019}, "geometry": {"type": "Polygon", "coordinates": [[[9, 4], [10, 4], [10, 5], [9, 5], [9, 4]]]}}, {"type": "Feature", "id": "c10-4", "properties": {"id": "c10-4", "name": "cell 10,4", "value": 2.468}, "geometry": {"type": "Polygon", "coordinates": [[[10, 4], [11, 4], [11, 5], [10, 5], [10, 4]]]}}, {"type": "Feature", "id": "c11-4", "properties": {"id": "c11-4", "name": "cell 11,4", "value": 2.7575}, "geometry": {"type": "Polygon", "coordinates": [[[11, 4], [12, 4], [12, 5], [11, 5], [11, 4]]]}}, {"type": "Feature", "id": "c12-4", "properties": {"id": "c12-4", "name": "cell 12,4", "value": 3.0624}, "geometry": {"type": "Polygon", "coordinates": [[[12, 4], [13, 4], [13, 5], [12, 5], [12, 4]]]}}, {"type": "Feature", "id": "c13-4", "properties": {"id": "c13-4", "name": "cell 13,4", "value": 3.3723}, "geometry": {"type": "Polygon", "coordinates": [[[13, 4], [14, 4], [14, 5], [13, 5], [13, 4]]]}}, {"type": "Feature", "id": "c14-4", "properties": {"id": "c14-4", "name": "cell 14,4", "value": 3.6748}, "geometry": {"type": "Polygon", "coordinates": [[[14, 4], [15, 4], [15, 5], [14, 5], [14, 4]]]}}, {"type": "Feature", "id": "c15-4", "properties": {"id": "c15-4", "name": "cell 15,4", "value": 3.9561}, "geometry": {"type": "Polygon", "coordinates": [[[15, 4], [16, 4], [16, 5], [15, 5], [15, 4]]]}}, {"type": "Feature", "id": "c16-4", "properties": {"id": "c16-4", "name": "cell 16,4", "value": 4.2023}, "geometry": {"type": "Polygon", "coordinates": [[[16, 4], [17, 4], [17, 5], [16, 5], [16, 4]]]}}, {"type": "Feature", "id": "c17-4", "properties": {"id": "c17-4", "name": "cell 17,4", "value": 4.4004}, "geometry": {"type": "Polygon", "coordinates": [[[17, 4], [18, 4], [18, 5], [17, 5], [17, 4]]]}}, {"type": "Feature", "id": "c18-4", "properties": {"id": "c18-4", "name": "cell 18,4", "value": 4.5391}, "geometry": {"type": "Polygon", "coordinates": [[[18, 4], [19, 4], [19, 5], [18, 5], [18, 4]]]}}, {"type": "Feature", "id": "c19-4", "properties": {"id": "c19-4", "name": "cell 19,4", "value": 4.6106}, "geometry": {"type": "Polygon", "coordinates": [[[19, 4], [20, 4], [20, 5], [19, 5], [19, 4]]]}}, {"type": "Feature", "id": "c20-4", "properties": {"id": "c20-4", "name": "cell 20,4", "value": 4.6106}, "geometry": {"type": "Polygon", "coordinates": [[[20, 4], [21, 4], [21, 5], [20, 5], [20, 4]]]}}, {"type": "Feature", "id": "c21-4", "properties": {"id": "c21-4", "name": "cell 21,4", "value": 4.5391}, "geometry": {"type": "Polygon", "coordinates": [[[21, 4], [22, 4], [22, 5], [21, 5], [21, 4]]]}}, {"type": "Feature", "id": "c22-4", "properties": {"id": "c22-4", "name": "cell 22,4", "value": 4.4004}, "geometry": {"type": "Polygon", "coordinates": [[[22, 4], [23, 4], [23, 5], [22, 5], [22, 4]]]}}, {"type": "Feature", "id": "c23-4", "properties": {"id": "c23-4", "name": "cell 23,4", "value": 4.2023}, "geometry": {"type": "Polygon", "coordinates": [[[23, 4], [24, 4], [24, 5], [23, 5], [23, 4]]]}}, {"type": "Feature", "id": "c24-4", "properties": {"id": "c24-4", "name": "cell 24,4", "value": 3.9561}, "geometry": {"type": "Polygon", "coordinates": [[[24, 4], [25, 4], [25, 5], [24, 5], [24, 4]]]}}, {"type": "Feature", "id": "c25-4", "properties": {"id": "c25-4", "name": "cell 25,4", "value": 3.6748}, "geometry": {"type": "Polygon", "coordinates": [[[25, 4], [26, 4], [26, 5], [25, 5], [25, 4]]]}}, {"type": "Feature", "id": "c26-4", "properties": {"id": "c26-4", "name": "cell 26,4", "value": 3.3723}, "geometry": {"type": "Polygon", "coordinates": [[[26, 4], [27, 4], [27, 5], [26, 5], [26, 4]]]}}, {"type": "Feature", "id": "c27-4", "properties": {"id": "c27-4", "name": "cell 27,4", "value": 3.0624}, "geometry": {"type": "Polygon", "coordinates": [[[27, 4], [28, 4], [28, 5], [27, 5], [27, 4]]]}}, {"type": "Feature", "id": "c28-4", "properties": {"id": "c28-4", "name": "cell 28,4", "value": 2.7575}, "geometry": {"type": "Polygon", "coordinates": [[[28, 4], [29, 4], [29, 5], [28, 5], [28, 4]]]}}, {"type": "Feature", "id": "c29-4", "properties": {"id": "c29-4", "name": "cell 29,4", "value": 2.468}, "geometry": {"type": "Polygon", "coordinates": [[[29, 4], [30, 4], [30, 5], [29, 5], [29, 4]]]}}, {"type": "Feature", "id": "c30-4", "properties": {"id": "c30-4", "name": "cell 30,4", "value": 2.2019}, "geometry": {"type": "Polygon", "coordinates": [[[30, 4], [31, 4], [31, 5], [30, 5], [30, 4]]]}}, {"type": "Feature", "id": "c31-4", "properties": {"id": "c31-4", "name": "cell 31,4", "value": 1.9645}, "geometry": {"type": "Polygon", "coordinates": [[[31, 4], [32, 4], [32, 5], [31, 5], [31, 4]]]}}, {"type": "Feature", "id": "c32-4", "properties": {"id": "c32-4", "name": "cell 32,4", "value": 1.7587}, "geometry": {"type": "Polygon", "coordinates": [[[32, 4], [33, 4], [33, 5], [32, 5], [32, 4]]]}}, {"type": "Feature", "id": "c33-4", "properties": {"id": "c33-4", "name": "cell 33,4", "value": 1.585}, "geometry": {"type": "Polygon", "coordinates": [[[33, 4], [34, 4], [34, 5], [33, 5], [33, 4]]]}}, {"type": "Feature", "id": "c34-4", "properties": {"id": "c34-4", "name": "cell 34,4", "value": 1.4421}, "geometry": {"type": "Polygon", "coordinates": [[[34, 4], [35, 4], [35, 5], [34, 5], [34, 4]]]}}, {"type": "Feature", "id": "c35-4", "properties": {"id": "c35-4", "name": "cell 35,4", "value": 1.3275}, "geometry": {"type": "Polygon", "coordinates": [[[35, 4], [36, 4], [36, 5], [35, 5], [35, 4]]]}}, {"type": "Feature", "id": "c36-4", "properties": {"id": "c36-4", "name": "cell 36,4", "value": 1.2378}, "geometry": {"type": "Polygon", "coordinates": [[[36, 4], [37, 4], [37, 5], [36, 5], [36, 4]]]}}, {"type": "Feature", "id": "c37-4", "properties": {"id": "c37-4", "name": "cell 37,4", "value": 1.1693}, "geometry": {"type": "Polygon", "coordinates": [[[37, 4], [38, 4], [38, 5], [37, 5], [37, 4]]]}}, {"type": "Feature", "id": "c38-4", "properties": {"id": "c38-4", "name": "cell 38,4", "value": 1.1181}, "geometry": {"type": "Polygon", "coordinates": [[[38, 4], [39, 4], [39, 5], [38, 5], [38, 4]]]}}, {"type": "Feature", "id": "c39-4", "properties": {"id": "c39-4", "name": "cell 39,4", "value": 1.0808}, "geometry": {"type": "Polygon", "coordinates": [[[39, 4], [40, 4], [40, 5], [39, 5], [39, 4]]]}}, {"type": "Feature", "id": "c0-5", "properties": {"id": "c0-5", "name": "cell 0,5", "value": 1.109}, "geometry": {"type": "Polygon", "coordinates": [[[0, 5], [1, 5], [1, 6], [0, 6], [0, 5]]]}}, {"type": "Feature", "id": "c1-5", "properties": {"id": "c1-5", "name": "cell 1,5", "value": 1.1594}, "geometry": {"type": "Polygon", "coordinates": [[[1, 5], [2, 5], [2, 6], [1, 6], [1, 5]]]}}, {"type": "Feature", "id": "c2-5", "properties": {"id": "c2-5", "name": "cell 2,5", "value": 1.2285}, "geometry": {"type": "Polygon", "coordinates": [[[2, 5], [3, 5], [3, 6], [2, 6], [2, 5]]]}}, {"type": "Feature", "id": "c3-5", "properties": {"id": "c3-5", "name": "cell 3,5", "value": 1.3211}, "geometry": {"type": "Polygon", "coordinates": [[[3, 5], [4, 5], [4, 6], [3, 6], [3, 5]]]}}, {"type": "Feature", "id": "c4-5", "properties": {"id": "c4-5", "name": "cell 4,5", "value": 1.4421}, "geometry": {"type": "Polygon", "coordinates": [[[4, 5], [5, 5], [5, 6], [4, 6], [4, 5]]]}}, {"type": "Feature", "id": "c5-5", "properties": {"id": "c5-5", "name": "cell 5,5", "value": 1.5968}, "geometry": {"type": "Polygon", "coordinates": [[[5, 5], [6, 5], [6, 6], [5, 6], [5, 5]]]}}, {"type": "Feature", "id": "c6-5", "properties": {"id": "c6-5", "name": "cell 6,5", "value": 1.7897}, "geometry": {"type": "Polygon", "coordinates": [[[6, 5], [7, 5], [7, 6], [6, 6], [6, 5]]]}}, {"type": "Feature", "id": "c7-5", "properties": {"id": "c7-5", "name": "cell 7,5", "value": 2.0242}, "geometry": {"type": "Polygon", "coordinates": [[[7, 5], [8, 5], [8, 6], [7, 6], [7, 5]]]}}, {"type": "Feature", "id": "c8-5", "properties": {"id": "c8-5", "name": "cell 8,5", "value": 2.302}, "geometry": {"type": "Polygon", "coordinates": [[[8, 5], [9, 5], [9, 6], [8, 6], [8, 5]]]}}, {"type": "Feature", "id": "c9-5", "properties": {"id": "c9-5", "name": "cell 9,5", "value": 2.6224}, "geometry": {"type": "Polygon", "coordinates": [[[9, 5], [10, 5], [10, 6], [9, 6], [9, 5]]]}}, {"type": "Feature", "id": "c10-5", "properties": {"id": "c10-5", "name": "cell 10,5", "value": 2.9816}, "geometry": {"type": "Polygon", "coordinates": [[[10, 5], [11, 5], [11, 6], [10, 6], [10, 5]]]}}, {"type": "Feature", "id": "c11-5", "properties": {"id": "c11-5", "name": "cell 11,5", "value": 3.3723}, "geometry": {"type": "Polygon", "coordinates": [[[11, 5], [12, 5], [12, 6], [11, 6], [11, 5]]]}}, {"type": "Feature", "id": "c12-5", "properties": {"id": "c12-5", "name": "cell 12,5", "value": 3.784}, "geometry": {"type": "Polygon", "coordinates": [[[12, 5], [13, 5], [13, 6], [12, 6], [12, 5]]]}}, {"type": "Feature", "id": "c13-5", "properties": {"id": "c13-5", "name": "cell 13,5", "value": 4.2023}, "geometry": {"type": "Polygon", "coordinates": [[[13, 5], [14, 5], [14, 6], [13, 6], [13, 5]]]}}, {"type": "Feature", "id": "c14-5", "properties": {"id": "c14-5", "name": "cell 14,5", "value": 4.6106}, "geometry": {"type": "Polygon", "coordinates": [[[14, 5], [15, 5], [15, 6], [14, 6], [14, 5]]]}}, {"type": "Feature", "id": "c15-5", "properties": {"id": "c15-5", "name": "cell 15,5", "value": 4.9904}, "geometry": {"type": "Polygon", "coordinates": [[[15, 5], [16, 5], [16, 6], [15, 6], [15, 5]]]}}, {"type": "Feature", "id": "c16-5", "properties": {"id": "c16-5", "name": "cell 16,5", "value": 5.3227}, "geometry": {"type": "Polygon", "coordinates": [[[16, 5], [17, 5], [17, 6], [16, 6], [16, 5]]]}}, {"type": "Feature", "id": "c17-5", "properties": {"id": "c17-5", "name": "cell 17,5", "value": 5.59}, "geometry": {"type": "Polygon", "coordinates": [[[17, 5], [18, 5], [18, 6], [17, 6], [17, 5]]]}}, {"type": "Feature", "id": "c18-5", "properties": {"id": "c18-5", "name": "cell 18,5", "value": 5.7773}, "geometry": {"type": "Polygon", "coordinates": [[[18, 5], [19, 5], [19, 6], [18, 6], [18, 5]]]}}, {"type": "Feature", "id": "c19-5", "properties": {"id": "c19-5", "name": "cell 19,5", "value": 5.8738}, "geometry": {"type": "Polygon", "coordinates": [[[19, 5], [20, 5], [20, 6], [19, 6], [19, 5]]]}}, {"type": "Feature", "id": "c20-5", "properties": {"id": "c20-5", "name": "cell 20,5", "value": 5.8738}, "geometry": {"type": "Polygon", "coordinates": [[[20, 5], [21, 5], [21, 6], [20, 6], [20, 5]]]}}, {"type": "Feature", "id": "c21-5", "properties": {"id": "c21-5", "name": "cell 21,5", "value": 5.7773}, "geometry": {"type": "Polygon", "coordinates": [[[21, 5], [22, 5], [22, 6], [21, 6], [21, 5]]]}}, {"type": "Feature", "id": "c22-5", "properties": {"id": "c22-5", "name": "cell 22,5", "value": 5.59}, "geometry": {"type": "Polygon", "coordinates": [[[22, 5], [23, 5], [23, 6], [22, 6], [22, 5]]]}}, {"type": "Feature", "id": "c23-5", "properties": {"id": "c23-5", "name": "cell 23,5", "value": 5.3227}, "geometry": {"type": "Polygon", "coordinates": [[[23, 5], [24, 5], [24, 6], [23, 6], [23, 5]]]}}, {"type": "Feature", "id": "c24-5", "properties": {"id": "c24-5", "name": "cell 24,5", "value": 4.9904}, "geometry": {"type": "Polygon", "coordinates": [[[24, 5], [25, 5], [25, 6], [24, 6], [24, 5]]]}}, {"type": "Feature", "id": "c25-5", "properties": {"id": "c25-5", "name": "cell 25,5", "value": 4.6106}, "geometry": {"type": "Polygon", "coordinates": [[[25, 5], [26, 5], [26, 6], [25, 6], [25, 5]]]}}, {"type": "Feature", "id": "c26-5", "properties": {"id": "c26-5", "name": "cell 26,5", "value": 4.2023}, "geometry": {"type": "Polygon", "coordinates": [[[26, 5], [27, 5], [27, 6], [26, 6], [26, 5]]]}}, {"type": "Feature", "id": "c27-5", "properties": {"id": "c27-5", "name": "cell 27,5", "value": 3.784}, "geometry": {"type": "Polygon", "coordinates": [[[27, 5], [28, 5], [28, 6], [27, 6], [27, 5]]]}}, {"type": "Feature", "id": "c28-5", "properties": {"id": "c28-5", "name": "cell 28,5", "value": 3.3723}, "geometry": {"type": "Polygon", "coordinates": [[[28, 5], [29, 5], [29, 6], [28, 6], [28, 5]]]}}, {"type": "Feature", "id": "c29-5", "properties": {"id": "c29-5", "name": "cell 29,5", "value": 2.9816}, "geometry": {"type": "Polygon", "coordinates": [[[29, 5], [30, 5], [30, 6], [29, 6], [29, 5]]]}}, {"type": "Feature", "id": "c30-5", "properties": {"id": "c30-5", "name": "cell 30,5", "value": 2.6224}, "geometry": {"type": "Polygon", "coordinates": [[[30, 5], [31, 5], [31, 6], [30, 6], [30, 5]]]}}, {"type": "Feature", "id": "c31-5", "properties": {"id": "c31-5", "name": "cell 31,5", "value": 2.302}, "geometry": {"type": "Polygon", "coordinates": [[[31, 5], [32, 5], [32, 6], [31, 6], [31, 5]]]}}, {"type": "Feature", "id": "c32-5", "properties": {"id": "c32-5", "name": "cell 32,5", "value": 2.0242}, "geometry": {"type": "Polygon", "coordinates": [[[32, 5], [33, 5], [33, 6], [32, 6], [32, 5]]]}}, {"type": "Feature", "id": "c33-5", "properties": {"id": "c33-5", "name": "cell 33,5", "value": 1.7897}, "geometry": {"type": "Polygon", "coordinates": [[[33, 5], [34, 5], [34, 6], [33, 6], [33, 5]]]}}, {"type": "Feature", "id": "c34-5", "properties": {"id": "c34-5", "name": "cell 34,5", "value": 1.5968}, "geometry": {"type": "Polygon", "coordinates": [[[34, 5], [35, 5], [35, 6], [34, 6], [34, 5]]]}}, {"type": "Feature", "id": "c35-5", "properties": {"id": "c35-5", "name": "cell 35,5", "value": 1.4421}, "geometry": {"type": "Polygon", "coordinates": [[[35, 5], [36, 5], [36, 6], [35, 6], [35, 5]]]}}, {"type": "Feature", "id": "c36-5", "properties": {"id": "c36-5", "name": "cell 36,5", "value": 1.3211}, "geometry": {"type": "Polygon", "coordinates": [[[36, 5], [37, 5], [37, 6], [36, 6], [36, 5]]]}}, {"type": "Feature", "id": "c37-5", "properties": {"id": "c37-5", "name": "cell 37,5", "value": 1.2285}, "geometry": {"type": "Polygon", "coordinates": [[[37, 5], [38, 5], [38, 6], [37, 6], [37, 5]]]}}, {"type": "Feature", "id": "c38-5", "properties": {"id": "c38-5", "name": "cell 38,5", "value": 1.1594}, "geometry": {"type": "Polygon", "coordinates": [[[38, 5], [39, 5], [39, 6], [38, 6], [38, 5]]]}}, {"type": "Feature", "id": "c39-5", "properties": {"id": "c39-5", "name": "cell 39,5", "value": 1.109}, "geometry": {"type": "Polygon", "coordinates": [[[39, 5], [40, 5], [40, 6], [39, 6], [39, 5]]]}}, {"type": "Feature", "id": "c0-6", "properties": {"id": "c0-6", "name": "cell 0,6", "value": 1.1443}, "geometry": {"type": "Polygon", "coordinates": [[[0, 6], [1, 6], [1, 7], [0, 7], [0, 6]]]}}, {"type": "Feature", "id": "c1-6", "properties": {"id": "c1-6", "name": "cell 1,6", "value": 1.211}, "geometry": {"type": "Polygon", "coordinates": [[[1, 6], [2, 6], [2, 7], [1, 7], [1, 6]]]}}, {"type": "Feature", "id": "c2-6", "properties": {"id": "c2-6", "name": "cell 2,6", "value": 1.3024}, "geometry": {"type": "Polygon", "coordinates": [[[2, 6], [3, 6], [3, 7], [2, 7], [2, 6]]]}}, {"type": "Feature", "id": "c3-6", "properties": {"id": "c3-6", "name": "cell 3,6", "value": 1.4248}, "geometry": {"type": "Polygon", "coordinates": [[[3, 6], [4, 6], [4, 7], [3, 7], [3, 6]]]}}, {"type": "Feature", "id": "c4-6", "properties": {"id": "c4-6", "name": "cell 4,6", "value": 1.585}, "geometry": {"type": "Polygon", "coordinates": [[[4, 6], [5, 6], [5, 7], [4, 7], [4, 6]]]}}, {"type": "Feature", "id": "c5-6", "properties": {"id": "c5-6", "name": "cell 5,6", "value": 1.7897}, "geometry": {"type": "Polygon", "coordinates": [[[5, 6], [6, 6], [6, 7], [5, 7], [5, 6]]]}}, {"type": "Feature", "id": "c6-6", "properties": {"id": "c6-6", "name": "cell 6,6", "value": 2.0449}, "geometry": {"type": "Polygon", "coordinates": [[[6, 6], [7, 6], [7, 7], [6, 7], [6, 6]]]}}, {"type": "Feature", "id": "c7-6", "properties": {"id": "c7-6", "name": "cell 7,6", "value": 2.3551}, "geometry": {"type": "Polygon", "coordinates": [[[7, 6], [8, 6], [8, 7], [7, 7], [7, 6]]]}}, {"type": "Feature", "id": "c8-6", "properties": {"id": "c8-6", "name": "cell 8,6", "value": 2.7227}, "geometry": {"type": "Polygon", "coordinates": [[[8, 6], [9, 6], [9, 7], [8, 7], [8, 6]]]}}, {"type": "Feature", "id": "c9-6", "properties": {"id": "c9-6", "name": "cell 9,6", "value": 3.1466}, "geometry": {"type": "Polygon", "coordinates": [[[9, 6], [10, 6], [10, 7], [9, 7], [9, 6]]]}}, {"type": "Feature", "id": "c10-6", "properties": {"id": "c10-6", "name": "cell 10,6", "value": 3.6218}, "geometry": {"type": "Polygon", "coordinates": [[[10, 6], [11, 6], [11, 7], [10, 7], [10, 6]]]}}, {"type": "Feature", "id": "c11-6", "properties": {"id": "c11-6", "name": "cell 11,6", "value": 4.1389}, "geometry": {"type": "Polygon", "coordinates": [[[11, 6], [12, 6], [12, 7], [11, 7], [11, 6]]]}}, {"type": "Feature", "id": "c12-6", "properties": {"id": "c12-6", "name": "cell 12,6", "value": 4.6836}, "geometry": {"type": "Polygon", "coordinates": [[[12, 6], [13, 6], [13, 7], [12, 7], [12, 6]]]}}, {"type": "Feature", "id": "c13-6", "properties": {"id": "c13-6", "name": "cell 13,6", "value": 5.2371}, "geometry": {"type": "Polygon", "coordinates": [[[13, 6], [14, 6], [14, 7], [13, 7], [13, 6]]]}}, {"type": "Feature", "id": "c14-6", "properties": {"id": "c14-6", "name": "cell 14,6", "value": 5.7773}, "geometry": {"type": "Polygon", "coordinates": [[[14, 6], [15, 6], [15, 7], [14, 7], [14, 6]]]}}, {"type": "Feature", "id": "c15-6", "properties": {"id": "c15-6", "name": "cell 15,6", "value": 6.2798}, "geometry": {"type": "Polygon", "coordinates": [[[15, 6], [16, 6], [16, 7], [15, 7], [15, 6]]]}}, {"type": "Feature", "id": "c16-6", "properties": {"id": "c16-6", "name": "cell 16,6", "value": 6.7195}, "geometry": {"type": "Polygon", "coordinates": [[[16, 6], [17, 6], [17, 7], [16, 7], [16, 6]]]}}, {"type": "Feature", "id": "c17-6", "properties": {"id": "c17-6", "name": "cell 17,6", "value": 7.0732}, "geometry": {"type": "Polygon", "coordinates": [[[17, 6], [18, 6], [18, 7], [17, 7], [17, 6]]]}}, {"type": "Feature", "id": "c18-6", "properties": {"id": "c18-6", "name": "cell 18,6", "value": 7.321}, "geometry": {"type": "Polygon", "coordinates": [[[18, 6], [19, 6], [19, 7], [18, 7], [18, 6]]]}}, {"type": "Feature", "id": "c19-6", "properties": {"id": "c19-6", "name": "cell 19,6", "value": 7.4487}, "geometry": {"type": "Polygon", "coordinates": [[[19, 6], [20, 6], [20, 7], [19, 7], [19, 6]]]}}, {"type": "Feature", "id": "c20-6", "properties": {"id": "c20-6", "name": "cell 20,6", "value": 7.4487}, "geometry": {"type": "Polygon", "coordinates": [[[20, 6], [21, 6], [21, 7], [20, 7], [20, 6]]]}}, {"type": "Feature", "id": "c21-6", "properties": {"id": "c21-6", "name": "cell 21,6", "value": 7.321}, "geometry": {"type": "Polygon", "coordinates": [[[21, 6], [22, 6], [22, 7], [21, 7], [21, 6]]]}}, {"type": "Feature", "id": "c22-6", "properties": {"id": "c22-6", "name": "cell 22,6", "value": 7.0732}, "geometry": {"type": "Polygon", "coordinates": [[[22, 6], [23, 6], [23, 7], [22, 7], [22, 6]]]}}, {"type": "Feature", "id": "c23-6", "properties": {"id": "c23-6", "name": "cell 23,6", "value": 6.7195}, "geometry": {"type": "Polygon", "coordinates": [[[23, 6], [24, 6], [24, 7], [23, 7], [23, 6]]]}}, {"type": "Feature", "id": "c24-6", "properties": {"id": "c24-6", "name": "cell 24,6", "value": 6.2798}, "geometry": {"type": "Polygon", "coordinates": [[[24, 6], [25, 6], [25, 7], [24, 7], [24, 6]]]}}, {"type": "Feature", "id": "c25-6", "properties": {"id": "c25-6", "name": "cell 25,6", "value": 5.7773}, "geometry": {"type": "Polygon", "coordinates": [[[25, 6], [26, 6], [26, 7], [25, 7], [25, 6]]]}}, {"type": "Feature", "id": "c26-6", "properties": {"id": "c26-6", "name": "cell 26,6", "value": 5.2371}, "geometry": {"type": "Polygon", "coordinates": [[[26, 6], [27, 6], [27, 7], [26, 7], [26, 6]]]}}, {"type": "Feature", "id": "c27-6", "properties": {"id": "c27-6", "name": "cell 27,6", "value": 4.6836}, "geometry": {"type": "Polygon", "coordinates": [[[27, 6], [28, 6], [28, 7], [27, 7], [27, 6]]]}}, {"type": "Feature", "id": "c28-6", "properties": {"id": "c28-6", "name": "cell 28,6", "value": 4.1389}, "geometry": {"type": "Polygon", "coordinates": [[[28, 6], [29, 6], [29, 7], [28, 7], [28, 6]]]}}, {"type": "Feature", "id": "c29-6", "properties": {"id": "c29-6", "name": "cell 29,6", "value": 3.6218}, "geometry": {"type": "Polygon", "coordinates": [[[29, 6], [30, 6], [30, 7], [29, 7], [29, 6]]]}}, {"type": "Feature", "id": "c30-6", "properties": {"id": "c30-6", "name": "cell 30,6", "value": 3.1466}, "geometry": {"type": "Polygon", "coordinates": [[[30, 6], [31, 6], [31, 7], [30, 7], [30, 6]]]}}, {"type": "Feature", "id": "c31-6", "properties": {"id": "c31-6", "name": "cell 31,6", "value": 2.7227}, "geometry": {"type": "Polygon", "coordinates": [[[31, 6], [32, 6], [32, 7], [31, 7], [31, 6]]]}}, {"type": "Feature", "id": "c32-6", "properties": {"id": "c32-6", "name": "cell 32,6", "value": 2.3551}, "geometry": {"type": "Polygon", "coordinates": [[[32, 6], [33, 6], [33, 7], [32, 7], [32, 6]]]}}, {"type": "Feature", "id": "c33-6", "properties": {"id": "c33-6", "name": "cell 33,6", "value": 2.0449}, "geometry": {"type": "Polygon", "coordinates": [[[33, 6], [34, 6], [34, 7], [33, 7], [33, 6]]]}}, {"type": "Feature", "id": "c34-6", "properties": {"id": "c34-6", "name": "cell 34,6", "value": 1.7897}, "geometry": {"type": "Polygon", "coordinates": [[[34, 6], [35, 6], [35, 7], [34, 7], [34, 6]]]}}, {"type": "Feature", "id": "c35-6", "properties": {"id": "c35-6", "name": "cell 35,6", "value": 1.585}, "geometry": {"type": "Polygon", "coordinates": [[[35, 6], [36, 6], [36, 7], [35, 7], [35, 6]]]}}, {"type": "Feature", "id": "c36-6", "properties": {"id": "c36-6", "name": "cell 36,6", "value": 1.4248}, "geometry": {"type": "Polygon", "coordinates": [[[36, 6], [37, 6], [37, 7], [36, 7], [36, 6]]]}}, {"type": "Feature", "id": "c37-6", "properties": {"id": "c37-6", "name": "cell 37,6", "value": 1.3024}, "geometry": {"type": "Polygon", "coordinates": [[[37, 6], [38, 6], [38, 7], [37, 7], [37, 6]]]}}, {"type": "Feature", "id": "c38-6", "properties": {"id": "c38-6", "name": "cell 38,6", "value": 1.211}, "geometry": {"type": "Polygon", "coordinates": [[[38, 6], [39, 6], [39, 7], [38, 7], [38, 6]]]}}, {"type": "Feature", "id": "c39-6", "properties": {"id": "c39-6", "name": "cell 39,6", "value": 1.1443}, "geometry": {"type": "Polygon", "coordinates": [[[39, 6], [40, 6], [40, 7], [39, 7], [39, 6]]]}}, {"type": "Feature", "id": "c0-7", "properties": {"id": "c0-7", "name": "cell 0,7", "value": 1.1871}, "geometry": {"type": "Polygon", "coordinates": [[[0, 7], [1, 7], [1, 8], [0, 8], [0, 7]]]}}, {"type": "Feature", "id": "c1-7", "properties": {"id": "c1-7", "name": "cell 1,7", "value": 1.2736}, "geometry": {"type": "Polygon", "coordinates": [[[1, 7], [2, 7], [2, 8], [1, 8], [1, 7]]]}}, {"type": "Feature", "id": "c2-7", "properties": {"id": "c2-7", "name": "cell 2,7", "value": 1.3921}, "geometry": {"type": "Polygon", "coordinates": [[[2, 7], [3, 7], [3, 8], [2, 8], [2, 7]]]}}, {"type": "Feature", "id": "c3-7", "properties": {"id": "c3-7", "name": "cell 3,7", "value": 1.5509}, "geometry": {"type": "Polygon", "coordinates": [[[3, 7], [4, 7], [4, 8], [3, 8], [3, 7]]]}}, {"type": "Feature", "id": "c4-7", "properties": {"id": "c4-7", "name": "cell 4,7", "value": 1.7587}, "geometry": {"type": "Polygon", "coordinates": [[[4, 7], [5, 7], [5, 8], [4, 8], [4, 7]]]}}, {"type": "Feature", "id": "c5-7", "properties": {"id": "c5-7", "name": "cell 5,7", "value": 2.0242}, "geometry": {"type": "Polygon", "coordinates": [[[5, 7], [6, 7], [6, 8], [5, 8], [5, 7]]]}}, {"type": "Feature", "id": "c6-7", "properties": {"id": "c6-7", "name": "cell 6,7", "value": 2.3551}, "geometry": {"type": "Polygon", "coordinates": [[[6, 7], [7, 7], [7, 8], [6, 8], [6, 7]]]}}, {"type": "Feature", "id": "c7-7", "properties": {"id": "c7-7", "name": "cell 7,7", "value": 2.7575}, "geometry": {"type": "Polygon", "coordinates": [[[7, 7], [8, 7], [8, 8], [7, 8], [7, 7]]]}}, {"type": "Feature", "id": "c8-7", "properties": {"id": "c8-7", "name": "cell 8,7", "value": 3.2342}, "geometry": {"type": "Polygon", "coordinates": [[[8, 7], [9, 7], [9, 8], [8, 8], [8, 7]]]}}, {"type": "Feature", "id": "c9-7", "properties": {"id": "c9-7", "name": "cell 9,7", "value": 3.784}, "geometry": {"type": "Polygon", "coordinates": [[[9, 7], [10, 7], [10, 8], [9, 8], [9, 7]]]}}, {"type": "Feature", "id": "c10-7", "properties": {"id": "c10-7", "name": "cell 10,7", "value": 4.4004}, "geometry": {"type": "Polygon", "coordinates": [[[10, 7], [11, 7], [11, 8], [10, 8], [10, 7]]]}}, {"type": "Feature", "id": "c11-7", "properties": {"id": "c11-7", "name": "cell 11,7", "value": 5.071}, "geometry": {"type": "Polygon", "coordinates": [[[11, 7], [12, 7], [12, 8], [11, 8], [11, 7]]]}}, {"type": "Feature", "id": "c12-7", "properties": {"id": "c12-7", "name": "cell 12,7", "value": 5.7773}, "geometry": {"type": "Polygon", "coordinates": [[[12, 7], [13, 7], [13, 8], [12, 8], [12, 7]]]}}, {"type": "Feature", "id": "c13-7", "properties": {"id": "c13-7", "name": "cell 13,7", "value": 6.4952}, "geometry": {"type": "Polygon", "coordinates": [[[13, 7], [14, 7], [14, 8], [13, 8], [13, 7]]]}}, {"type": "Feature", "id": "c14-7", "properties": {"id": "c14-7", "name": "cell 14,7", "value": 7.1958}, "geometry": {"type": "Polygon", "coordinates": [[[14, 7], [15, 7], [15, 8], [14, 8], [14, 7]]]}}, {"type": "Feature", "id": "c15-7", "properties": {"id": "c15-7", "name": "cell 15,7", "value": 7.8475}, "geometry": {"type": "Polygon", "coordinates": [[[15, 7], [16, 7], [16, 8], [15, 8], [15, 7]]]}}, {"type": "Feature", "id": "c16-7", "properties": {"id": "c16-7", "name": "cell 16,7", "value": 8.4178}, "geometry": {"type": "Polygon", "coordinates": [[[16, 7], [17, 7], [17, 8], [16, 8], [16, 7]]]}}, {"type": "Feature", "id": "c17-7", "properties": {"id": "c17-7", "name": "cell 17,7", "value": 8.8765}, "geometry": {"type": "Polygon", "coordinates": [[[17, 7], [18, 7], [18, 8], [17, 8], [17, 7]]]}}, {"type": "Feature", "id": "c18-7", "properties": {"id": "c18-7", "name": "cell 18,7", "value": 9.1979}, "geometry": {"type": "Polygon", "coordinates": [[[18, 7], [19, 7], [19, 8], [18, 8], [18, 7]]]}}, {"type": "Feature", "id": "c19-7", "properties": {"id": "c19-7", "name": "cell 19,7", "value": 9.3635}, "geometry": {"type": "Polygon", "coordinates": [[[19, 7], [20, 7], [20, 8], [19, 8], [19, 7]]]}}, {"type": "Feature", "id": "c20-7", "properties": {"id": "c20-7", "name": "cell 20,7", "value": 9.3635}, "geometry": {"type": "Polygon", "coordinates": [[[20, 7], [21, 7], [21, 8], [20, 8], [20, 7]]]}}, {"type": "Feature", "id": "c21-7", "properties": {"id": "c21-7", "name": "cell 21,7", "value": 9.1979}, "geometry": {"type": "Polygon", "coordinates": [[[21, 7], [22, 7], [22, 8], [21, 8], [21, 7]]]}}, {"type": "Feature", "id": "c22-7", "properties": {"id": "c22-7", "name": "cell 22,7", "value": 8.8765}, "geometry": {"type": "Polygon", "coordinates": [[[22, 7], [23, 7], [23, 8], [22, 8], [22, 7]]]}}, {"type": "Feature", "id": "c23-7", "properties": {"id": "c23-7", "name": "cell 23,7", "value": 8.4178}, "geometry": {"type": "Polygon", "coordinates": [[[23, 7], [24, 7], [24, 8], [23, 8], [23, 7]]]}}, {"type": "Feature", "id": "c24-7", "properties": {"id": "c24-7", "name": "cell 24,7", "value": 7.8475}, "geometry": {"type": "Polygon", "coordinates": [[[24, 7], [25, 7], [25, 8], [24, 8], [24, 7]]]}}, {"type": "Feature", "id": "c25-7", "properties": {"id": "c25-7", "name": "cell 25,7", "value": 7.1958}, "geometry": {"type": "Polygon", "coordinates": [[[25, 7], [26, 7], [26, 8], [25, 8], [25, 7]]]}}, {"type": "Feature", "id": "c26-7", "properties": {"id": "c26-7", "name": "cell 26,7", "value": 6.4952}, "geometry": {"type": "Polygon", "coordinates": [[[26, 7], [27, 7], [27, 8], [26, 8], [26, 7]]]}}, {"type": "Feature", "id": "c27-7", "properties": {"id": "c27-7", "name": "cell 27,7", "value": 5.7773}, "geometry": {"type": "Polygon", "coordinates": [[[27, 7], [28, 7], [28, 8], [27, 8], [27, 7]]]}}, {"type": "Feature", "id": "c28-7", "properties": {"id": "c28-7", "name": "cell 28,7", "value": 5.071}, "geometry": {"type": "Polygon", "coordinates": [[[28, 7], [29, 7], [29, 8], [28, 8], [28, 7]]]}}, {"type": "Feature", "id": "c29-7", "properties": {"id": "c29-7", "name": "cell 29,7", "value": 4.4004}, "geometry": {"type": "Polygon", "coordinates": [[[29, 7], [30, 7], [30, 8], [29, 8], [29, 7]]]}}, {"type": "Feature", "id": "c30-7", "properties": {"id": "c30-7", "name": "cell 30,7", "value": 3.784}, "geometry": {"type": "Polygon", "coordinates": [[[30, 7], [31, 7], [31, 8], [30, 8], [30, 7]]]}}, {"type": "Feature", "id": "c31-7", "properties": {"id": "c31-7", "name": "cell 31,7", "value": 3.2342}, "geometry": {"type": "Polygon", "coordinates": [[[31, 7], [32, 7], [32, 8], [31, 8], [31, 7]]]}}, {"type": "Feature", "id": "c32-7", "properties": {"id": "c32-7", "name": "cell 32,7", "value": 2.7575}, "geometry": {"type": "Polygon", "coordinates": [[[32, 7], [33, 7], [33, 8], [32, 8], [32, 7]]]}}, {"type": "Feature", "id": "c33-7", "properties": {"id": "c33-7", "name": "cell 33,7", "value": 2.3551}, "geometry": {"type": "Polygon", "coordinates": [[[33, 7], [34, 7], [34, 8], [33, 8], [33, 7]]]}}, {"type": "Feature", "id": "c34-7", "properties": {"id": "c34-7", "name": "cell 34,7", "value": 2.0242}, "geometry": {"type": "Polygon", "coordinates": [[[34, 7], [35, 7], [35, 8], [34, 8], [34, 7]]]}}, {"type": "Feature", "id": "c35-7", "properties": {"id": "c35-7", "name": "cell 35,7", "value": 1.7587}, "geometry": {"type": "Polygon", "coordinates": [[[35, 7], [36, 7], [36, 8], [35, 8], [35, 7]]]}}, {"type": "Feature", "id": "c36-7", "properties": {"id": "c36-7", "name": "cell 36,7", "value": 1.5509}, "geometry": {"type": "Polygon", "coordinates": [[[36, 7], [37, 7], [37, 8], [36, 8], [36, 7]]]}}, {"type": "Feature", "id": "c37-7", "properties": {"id": "c37-7", "name": "cell 37,7", "value": 1.3921}, "geometry": {"type": "Polygon", "coordinates": [[[37, 7], [38, 7], [38, 8], [37, 8], [37, 7]]]}}, {"type": "Feature", "id": "c38-7", "properties": {"id": "c38-7", "name": "cell 38,7", "value": 1.2736}, "geometry": {"type": "Polygon", "coordinates": [[[38, 7], [39, 7], [39, 8], [38, 8], [38, 7]]]}}, {"type": "Feature", "id": "c39-7", "properties": {"id": "c39-7", "name": "cell 39,7", "value": 1.1871}, "geometry": {"type": "Polygon", "coordinates": [[[39, 7], [40, 7], [40, 8], [39, 8], [39, 7]]]}}, {"type": "Feature", "id": "c0-8", "properties": {"id": "c0-8", "name": "cell 0,8", "value": 1.2378}, "geometry": {"type": "Polygon", "coordinates": [[[0, 8], [1, 8], [1, 9], [0, 9], [0, 8]]]}}, {"type": "Feature", "id": "c1-8", "properties": {"id": "c1-8", "name": "cell 1,8", "value": 1.3478}, "geometry": {"type": "Polygon", "coordinates": [[[1, 8], [2, 8], [2, 9], [1, 9], [1, 8]]]}}, {"type": "Feature", "id": "c2-8", "properties": {"id": "c2-8", "name": "cell 2,8", "value": 1.4985}, "geometry": {"type": "Polygon", "coordinates": [[[2, 8], [3, 8], [3, 9], [2, 9], [2, 8]]]}}, {"type": "Feature", "id": "c3-8", "properties": {"id": "c3-8", "name": "cell 3,8", "value": 1.7004}, "geometry": {"type": "Polygon", "coordinates": [[[3, 8], [4, 8], [4, 9], [3, 9], [3, 8]]]}}, {"type": "Feature", "id": "c4-8", "properties": {"id": "c4-8", "name": "cell 4,8", "value": 1.9645}, "geometry": {"type": "Polygon", "coordinates": [[[4, 8], [5, 8], [5, 9], [4, 9], [4, 8]]]}}, {"type": "Feature", "id": "c5-8", "properties": {"id": "c5-8", "name": "cell 5,8", "value": 2.302}, "geometry": {"type": "Polygon", "coordinates": [[[5, 8], [6, 8], [6, 9], [5, 9], [5, 8]]]}}, {"type": "Feature", "id": "c6-8", "properties": {"id": "c6-8", "name": "cell 6,8", "value": 2.7227}, "geometry": {"type": "Polygon", "coordinates": [[[6, 8], [7, 8], [7, 9], [6, 9], [6, 8]]]}}, {"type": "Feature", "id": "c7-8", "properties": {"id": "c7-8", "name": "cell 7,8", "value": 3.2342}, "geometry": {"type": "Polygon", "coordinates": [[[7, 8], [8, 8], [8, 9], [7, 9], [7, 8]]]}}, {"type": "Feature", "id": "c8-8", "properties": {"id": "c8-8", "name": "cell 8,8", "value": 3.8402}, "geometry": {"type": "Polygon", "coordinates": [[[8, 8], [9, 8], [9, 9], [8, 9], [8, 8]]]}}, {"type": "Feature", "id": "c9-8", "properties": {"id": "c9-8", "name": "cell 9,8", "value": 4.5391}, "geometry": {"type": "Polygon", "coordinates": [[[9, 8], [10, 8], [10, 9], [9, 9], [9, 8]]]}}, {"type": "Feature", "id": "c10-8", "properties": {"id": "c10-8", "name": "cell 10,8", "value": 5.3227}, "geometry": {"type": "Polygon", "coordinates": [[[10, 8], [11, 8], [11, 9], [10, 9], [10, 8]]]}}, {"type": "Feature", "id": "c11-8", "properties": {"id": "c11-8", "name": "cell 11,8", "value": 6.1752}, "geometry": {"type": "Polygon", "coordinates": [[[11, 8], [12, 8], [12, 9], [11, 9], [11, 8]]]}}, {"type": "Feature", "id": "c12-8", "properties": {"id": "c12-8", "name": "cell 12,8", "value": 7.0732}, "geometry": {"type": "Polygon", "coordinates": [[[12, 8], [13, 8], [13, 9], [12, 9], [12, 8]]]}}, {"type": "Feature", "id": "c13-8", "properties": {"id": "c13-8", "name": "cell 13,8", "value": 7.9858}, "geometry": {"type": "Polygon", "coordinates": [[[13, 8], [14, 8], [14, 9], [13, 9], [13, 8]]]}}, {"type": "Feature", "id": "c14-8", "properties": {"id": "c14-8", "name": "cell 14,8", "value": 8.8765}, "geometry": {"type": "Polygon", "coordinates": [[[14, 8], [15, 8], [15, 9], [14, 9], [14, 8]]]}}, {"type": "Feature", "id": "c15-8", "properties": {"id": "c15-8", "name": "cell 15,8", "value": 9.7048}, "geometry": {"type": "Polygon", "coordinates": [[[15, 8], [16, 8], [16, 9], [15, 9], [15, 8]]]}}, {"type": "Feature", "id": "c16-8", "properties": {"id": "c16-8", "name": "cell 16,8", "value": 10.4298}, "geometry": {"type": "Polygon", "coordinates": [[[16, 8], [17, 8], [17, 9], [16, 9], [16, 8]]]}}, {"type": "Feature", "id": "c17-8", "properties": {"id": "c17-8", "name": "cell 17,8", "value": 11.013}, "geometry": {"type": "Polygon", "coordinates": [[[17, 8], [18, 8], [18, 9], [17, 9], [17, 8]]]}}, {"type": "Feature", "id": "c18-8", "properties": {"id": "c18-8", "name": "cell 18,8", "value": 11.4216}, "geometry": {"type": "Polygon", "coordinates": [[[18, 8], [19, 8], [19, 9], [18, 9], [18, 8]]]}}, {"type": "Feature", "id": "c19-8", "properties": {"id": "c19-8", "name": "cell 19,8", "value": 11.6321}, "geometry": {"type": "Polygon", "coordinates": [[[19, 8], [20, 8], [20, 9], [19, 9], [19, 8]]]}}, {"type": "Feature", "id": "c20-8", "properties": {"id": "c20-8", "name": "cell 20,8", "value": 11.6321}, "geometry": {"type": "Polygon", "coordinates": [[[20, 8], [21, 8], [21, 9], [20, 9], [20, 8]]]}}, {"type": "Feature", "id": "c21-8", "properties": {"id": "c21-8", "name": "cell 21,8", "value": 11.4216}, "geometry": {"type": "Polygon", "coordinates": [[[21, 8], [22, 8], [22, 9], [21, 9], [21, 8]]]}}, {"type": "Feature", "id": "c22-8", "properties": {"id": "c22-8", "name": "cell 22,8", "value": 11.013}, "geometry": {"type": "Polygon", "coordinates": [[[22, 8], [23, 8], [23, 9], [22, 9], [22, 8]]]}}, {"type": "Feature", "id": "c23-8", "properties": {"id": "c23-8", "name": "cell 23,8", "value": 10.4298}, "geometry": {"type": "Polygon", "coordinates": [[[23, 8], [24, 8], [24, 9], [23, 9], [23, 8]]]}}, {"type": "Feature", "id": "c24-8", "properties": {"id": "c24-8", "name": "cell 24,8", "value": 9.7048}, "geometry": {"type": "Polygon", "coordinates": [[[24, 8], [25, 8], [25, 9], [24, 9], [24, 8]]]}}, {"type": "Feature", "id": "c25-8", "properties": {"id": "c25-8", "name": "cell 25,8", "value": 8.8765}, "geometry": {"type": "Polygon", "coordinates": [[[25, 8], [26, 8], [26, 9], [25, 9], [25, 8]]]}}, {"type": "Feature", "id": "c26-8", "properties": {"id": "c26-8", "name": "cell 26,8", "value": 7.9858}, "geometry": {"type": "Polygon", "coordinates": [[[26, 8], [27, 8], [27, 9], [26, 9], [26, 8]]]}}, {"type": "Feature", "id": "c27-8", "properties": {"id": "c27-8", "name": "cell 27,8", "value": 7.0732}, "geometry": {"type": "Polygon", "coordinates": [[[27, 8], [28, 8], [28, 9], [27, 9], [27, 8]]]}}, {"type": "Feature", "id": "c28-8", "properties": {"id": "c28-8", "name": "cell 28,8", "value": 6.1752}, "geometry": {"type": "Polygon", "coordinates": [[[28, 8], [29, 8], [29, 9], [28, 9], [28, 8]]]}}, {"type": "Feature", "id": "c29-8", "properties": {"id": "c29-8", "name": "cell 29,8", "value": 5.3227}, "geometry": {"type": "Polygon", "coordinates": [[[29, 8], [30, 8], [30, 9], [29, 9], [29, 8]]]}}, {"type": "Feature", "id": "c30-8", "properties": {"id": "c30-8", "name": "cell 30,8", "value": 4.5391}, "geometry": {"type": "Polygon", "coordinates": [[[30, 8], [31, 8], [31, 9], [30, 9], [30, 8]]]}}, {"type": "Feature", "id": "c31-8", "properties": {"id": "c31-8", "name": "cell 31,8", "value": 3.8402}, "geometry": {"type": "Polygon", "coordinates": [[[31, 8], [32, 8], [32, 9], [31, 9], [31, 8]]]}}, {"type": "Feature", "id": "c32-8", "properties": {"id": "c32-8", "name": "cell 32,8", "value": 3.2342}, "geometry": {"type": "Polygon", "coordinates": [[[32, 8], [33, 8], [33, 9], [32, 9], [32, 8]]]}}, {"type": "Feature", "id": "c33-8", "properties": {"id": "c33-8", "name": "cell 33,8", "value": 2.7227}, "geometry": {"type": "Polygon", "coordinates": [[[33, 8], [34, 8], [34, 9], [33, 9], [33, 8]]]}}, {"type": "Feature", "id": "c34-8", "properties": {"id": "c34-8", "name": "cell 34,8", "value": 2.302}, "geometry": {"type": "Polygon", "coordinates": [[[34, 8], [35, 8], [35, 9], [34, 9], [34, 8]]]}}, {"type": "Feature", "id": "c35-8", "properties": {"id": "c35-8", "name": "cell 35,8", "value": 1.9645}, "geometry": {"type": "Polygon", "coordinates": [[[35, 8], [36, 8], [36, 9], [35, 9], [35, 8]]]}}, {"type": "Feature", "id": "c36-8", "properties": {"id": "c36-8", "name": "cell 36,8", "value": 1.7004}, "geometry": {"type": "Polygon", "coordinates": [[[36, 8], [37, 8], [37, 9], [36, 9], [36, 8]]]}}, {"type": "Feature", "id": "c37-8", "properties": {"id": "c37-8", "name": "cell 37,8", "value": 1.4985}, "geometry": {"type": "Polygon", "coordinates": [[[37, 8], [38, 8], [38, 9], [37, 9], [37, 8]]]}}, {"type": "Feature", "id": "c38-8", "properties": {"id": "c38-8", "name": "cell 38,8", "value": 1.3478}, "geometry": {"type": "Polygon", "coordinates": [[[38, 8], [39, 8], [39, 9], [38, 9], [38, 8]]]}}, {"type": "Feature", "id": "c39-8", "properties": {"id": "c39-8", "name": "cell 39,8", "value": 1.2378}, "geometry": {"type": "Polygon", "coordinates": [[[39, 8], [40, 8], [40, 9], [39, 9], [39, 8]]]}}, {"type": "Feature", "id": "c0-9", "properties": {"id": "c0-9", "name": "cell 0,9", "value": 1.2964}, "geometry": {"type": "Polygon", "coordinates": [[[0, 9], [1, 9], [1, 10], [0, 10], [0, 9]]]}}, {"type": "Feature", "id": "c1-9", "properties": {"id": "c1-9", "name": "cell 1,9", "value": 1.4334}, "geometry": {"type": "Polygon", "coordinates": [[[1, 9], [2, 9], [2, 10], [1, 10], [1, 9]]]}}, {"type": "Feature", "id": "c2-9", "properties": {"id": "c2-9", "name": "cell 2,9", "value": 1.6212}, "geometry": {"type": "Polygon", "coordinates": [[[2, 9], [3, 9], [3, 10], [2, 10], [2, 9]]]}}, {"type": "Feature", "id": "c3-9", "properties": {"id": "c3-9", "name": "cell 3,9", "value": 1.8727}, "geometry": {"type": "Polygon", "coordinates": [[[3, 9], [4, 9], [4, 10], [3, 10], [3, 9]]]}}, {"type": "Feature", "id": "c4-9", "properties": {"id": "c4-9", "name": "cell 4,9", "value": 2.2019}, "geometry": {"type": "Polygon", "coordinates": [[[4, 9], [5, 9], [5, 10], [4, 10], [4, 9]]]}}, {"type": "Feature", "id": "c5-9", "properties": {"id": "c5-9", "name": "cell 5,9", "value": 2.6224}, "geometry": {"type": "Polygon", "coordinates": [[[5, 9], [6, 9], [6, 10], [5, 10], [5, 9]]]}}, {"type": "Feature", "id": "c6-9", "properties": {"id": "c6-9", "name": "cell 6,9", "value": 3.1466}, "geometry": {"type": "Polygon", "coordinates": [[[6, 9], [7, 9], [7, 10], [6, 10], [6, 9]]]}}, {"type": "Feature", "id": "c7-9", "properties": {"id": "c7-9", "name": "cell 7,9", "value": 3.784}, "geometry": {"type": "Polygon", "coordinates": [[[7, 9], [8, 9], [8, 10], [7, 10], [7, 9]]]}}, {"type": "Feature", "id": "c8-9", "properties": {"id": "c8-9", "name": "cell 8,9", "value": 4.5391}, "geometry": {"type": "Polygon", "coordinates": [[[8, 9], [9, 9], [9, 10], [8, 10], [8, 9]]]}}, {"type": "Feature", "id": "c9-9", "properties": {"id": "c9-9", "name": "cell 9,9", "value": 5.41}, "geometry": {"type": "Polygon", "coordinates": [[[9, 9], [10, 9], [10, 10], [9, 10], [9, 9]]]}}, {"type": "Feature", "id": "c10-9", "properties": {"id": "c10-9", "name": "cell 10,9", "value": 6.3864}, "geometry": {"type": "Polygon", "coordinates": [[[10, 9], [11, 9], [11, 10], [10, 10], [10, 9]]]}}, {"type": "Feature", "id": "c11-9", "properties": {"id": "c11-9", "name": "cell 11,9", "value": 7.4487}, "geometry": {"type": "Polygon", "coordinates": [[[11, 9], [12, 9], [12, 10], [11, 10], [11, 9]]]}}, {"type": "Feature", "id": "c12-9", "properties": {"id": "c12-9", "name": "cell 12,9", "value": 8.5676}, "geometry": {"type": "Polygon", "coordinates": [[[12, 9], [13, 9], [13, 10], [12, 10], [12, 9]]]}}, {"type": "Feature", "id": "c13-9", "properties": {"id": "c13-9", "name": "cell 13,9", "value": 9.7048}, "geometry": {"type": "Polygon", "coordinates": [[[13, 9], [14, 9], [14, 10], [13, 10], [13, 9]]]}}, {"type": "Feature", "id": "c14-9", "properties": {"id": "c14-9", "name": "cell 14,9", "value": 10.8147}, "geometry": {"type": "Polygon", "coordinates": [[[14, 9], [15, 9], [15, 10], [14, 10], [14, 9]]]}}, {"type": "Feature", "id": "c15-9", "properties": {"id": "c15-9", "name": "cell 15,9", "value": 11.8469}, "geometry": {"type": "Polygon", "coordinates": [[[15, 9], [16, 9], [16, 10], [15, 10], [15, 9]]]}}, {"type": "Feature", "id": "c16-9", "properties": {"id": "c16-9", "name": "cell 16,9", "value": 12.7503}, "geometry": {"type": "Polygon", "coordinates": [[[16, 9], [17, 9], [17, 10], [16, 10], [16, 9]]]}}, {"type": "Feature", "id": "c17-9", "properties": {"id": "c17-9", "name": "cell 17,9", "value": 13.4769}, "geometry": {"type": "Polygon", "coordinates": [[[17, 9], [18, 9], [18, 10], [17, 10], [17, 9]]]}}, {"type": "Feature", "id": "c18-9", "properties": {"id": "c18-9", "name": "cell 18,9", "value": 13.9861}, "geometry": {"type": "Polygon", "coordinates": [[[18, 9], [19, 9], [19, 10], [18, 10], [18, 9]]]}}, {"type": "Feature", "id": "c19-9", "properties": {"id": "c19-9", "name": "cell 19,9", "value": 14.2484}, "geometry": {"type": "Polygon", "coordinates": [[[19, 9], [20, 9], [20, 10], [19, 10], [19, 9]]]}}, {"type": "Feature", "id": "c20-9", "properties": {"id": "c20-9", "name": "cell 20,9", "value": 14.2484}, "geometry": {"type": "Polygon", "coordinates": [[[20, 9], [21, 9], [21, 10], [20, 10], [20, 9]]]}}, {"type": "Feature", "id": "c21-9", "properties": {"id": "c21-9", "name": "cell 21,9", "value": 13.9861}, "geometry": {"type": "Polygon", "coordinates": [[[21, 9], [22, 9], [22, 10], [21, 10], [21, 9]]]}}, {"type": "Feature", "id": "c22-9", "properties": {"id": "c22-9", "name": "cell 22,9", "value": 13.4769}, "geometry": {"type": "Polygon", "coordinates": [[[22, 9], [23, 9], [23, 10], [22, 10], [22, 9]]]}}, {"type": "Feature", "id": "c23-9", "properties": {"id": "c23-9", "name": "cell 23,9", "value": 12.7503}, "geometry": {"type": "Polygon", "coordinates": [[[23, 9], [24, 9], [24, 10], [23, 10], [23, 9]]]}}, {"type": "Feature", "id": "c24-9", "properties": {"id": "c24-9", "name": "cell 24,9", "value": 11.8469}, "geometry": {"type": "Polygon", "coordinates": [[[24, 9], [25, 9], [25, 10], [24, 10], [24, 9]]]}}, {"type": "Feature", "id": "c25-9", "properties": {"id": "c25-9", "name": "cell 25,9", "value": 10.8147}, "geometry": {"type": "Polygon", "coordinates": [[[25, 9], [26, 9], [26, 10], [25, 10], [25, 9]]]}}, {"type": "Feature", "id": "c26-9", "properties": {"id": "c26-9", "name": "cell 26,9", "value": 9.7048}, "geometry": {"type": "Polygon", "coordinates": [[[26, 9], [27, 9], [27, 10], [26, 10], [26, 9]]]}}, {"type": "Feature", "id": "c27-9", "properties": {"id": "c27-9", "name": "cell 27,9", "value": 8.5676}, "geometry": {"type": "Polygon", "coordinates": [[[27, 9], [28, 9], [28, 10], [27, 10], [27, 9]]]}}, {"type": "Feature", "id": "c28-9", "properties": {"id": "c28-9", "name": "cell 28,9", "value": 7.4487}, "geometry": {"type": "Polygon", "coordinates": [[[28, 9], [29, 9], [29, 10], [28, 10], [28, 9]]]}}, {"type": "Feature", "id": "c29-9", "properties": {"id": "c29-9", "name": "cell 29,9", "value": 6.3864}, "geometry": {"type": "Polygon", "coordinates": [[[29, 9], [30, 9], [30, 10], [29, 10], [29, 9]]]}}, {"type": "Feature", "id": "c30-9", "properties": {"id": "c30-9", "name": "cell 30,9", "value": 5.41}, "geometry": {"type": "Polygon", "coordinates": [[[30, 9], [31, 9], [31, 10], [30, 10], [30, 9]]]}}, {"type": "Feature", "id": "c31-9", "properties": {"id": "c31-9", "name": "cell 31,9", "value": 4.5391}, "geometry": {"type": "Polygon", "coordinates": [[[31, 9], [32, 9], [32, 10], [31, 10], [31, 9]]]}}, {"type": "Feature", "id": "c32-9", "properties": {"id": "c32-9", "name": "cell 32,9", "value": 3.784}, "geometry": {"type": "Polygon", "coordinates": [[[32, 9], [33, 9], [33, 10], [32, 10], [32, 9]]]}}, {"type": "Feature", "id": "c33-9", "properties": {"id": "c33-9", "name": "cell 33,9", "value": 3.1466}, "geometry": {"type": "Polygon", "coordinates": [[[33, 9], [34, 9], [34, 10], [33, 10], [33, 9]]]}}, {"type": "Feature", "id": "c34-9", "properties": {"id": "c34-9", "name": "cell 34,9", "value": 2.6224}, "geometry": {"type": "Polygon", "coordinates": [[[34, 9], [35, 9], [35, 10], [34, 10], [34, 9]]]}}, {"type": "Feature", "id": "c35-9", "properties": {"id": "c35-9", "name": "cell 35,9", "value": 2.2019}, "geometry": {"type": "Polygon", "coordinates": [[[35, 9], [36, 9], [36, 10], [35, 10], [35, 9]]]}}, {"type": "Feature", "id": "c36-9", "properties": {"id": "c36-9", "name": "cell 36,9", "value": 1.8727}, "geometry": {"type": "Polygon", "coordinates": [[[36, 9], [37, 9], [37, 10], [36, 10], [36, 9]]]}}, {"type": "Feature", "id": "c37-9", "properties": {"id": "c37-9", "name": "cell 37,9", "value": 1.6212}, "geometry": {"type": "Polygon", "coordinates": [[[37, 9], [38, 9], [38, 10], [37, 10], [37, 9]]]}}, {"type": "Feature", "id": "c38-9", "properties": {"id": "c38-9", "name": "cell 38,9", "value": 1.4334}, "geometry": {"type": "Polygon", "coordinates": [[[38, 9], [39, 9], [39, 10], [38, 10], [38, 9]]]}}, {"type": "Feature", "id": "c39-9", "properties": {"id": "c39-9", "name": "cell 39,9", "value": 1.2964}, "geometry": {"type": "Polygon", "coordinates": [[[39, 9], [40, 9], [40, 10], [39, 10], [39, 9]]]}}, {"type": "Feature", "id": "c0-10", "properties": {"id": "c0-10", "name": "cell 0,10", "value": 1.362}, "geometry": {"type": "Polygon", "coordinates": [[[0, 10], [1, 10], [1, 11], [0, 11], [0, 10]]]}}, {"type": "Feature", "id": "c1-10", "properties": {"id": "c1-10", "name": "cell 1,10", "value": 1.5293}, "geometry": {"type": "Polygon", "coordinates": [[[1, 10], [2, 10], [2, 11], [1, 11], [1, 10]]]}}, {"type": "Feature", "id": "c2-10", "properties": {"id": "c2-10", "name": "cell 2,10", "value": 1.7587}, "geometry": {"type": "Polygon", "coordinates": [[[2, 10], [3, 10], [3, 11], [2, 11], [2, 10]]]}}, {"type": "Feature", "id": "c3-10", "properties": {"id": "c3-10", "name": "cell 3,10", "value": 2.066}, "geometry": {"type": "Polygon", "coordinates": [[[3, 10], [4, 10], [4, 11], [3, 11], [3, 10]]]}}, {"type": "Feature", "id": "c4-10", "properties": {"id": "c4-10", "name": "cell 4,10", "value": 2.468}, "geometry": {"type": "Polygon", "coordinates": [[[4, 10], [5, 10], [5, 11], [4, 11], [4, 10]]]}}, {"type": "Feature", "id": "c5-10", "properties": {"id": "c5-10", "name": "cell 5,10", "value": 2.9816}, "geometry": {"type": "Polygon", "coordinates": [[[5, 10], [6, 10], [6, 11], [5, 11], [5, 10]]]}}, {"type": "Feature", "id": "c6-10", "properties": {"id": "c6-10", "name": "cell 6,10", "value": 3.6218}, "geometry": {"type": "Polygon", "coordinates": [[[6, 10], [7, 10], [7, 11], [6, 11], [6, 10]]]}}, {"type": "Feature", "id": "c7-10", "properties": {"id": "c7-10", "name": "cell 7,10", "value": 4.4004}, "geometry": {"type": "Polygon", "coordinates": [[[7, 10], [8, 10], [8, 11], [7, 11], [7, 10]]]}}, {"type": "Feature", "id": "c8-10", "properties": {"id": "c8-10", "name": "cell 8,10", "value": 5.3227}, "geometry": {"type": "Polygon", "coordinates": [[[8, 10], [9, 10], [9, 11], [8, 11], [8, 10]]]}}, {"type": "Feature", "id": "c9-10", "properties": {"id": "c9-10", "name": "cell 9,10", "value": 6.3864}, "geometry": {"type": "Polygon", "coordinates": [[[9, 10], [10, 10], [10, 11], [9, 11], [9, 10]]]}}, {"type": "Feature", "id": "c10-10", "properties": {"id": "c10-10", "name": "cell 10,10", "value": 7.579}, "geometry": {"type": "Polygon", "coordinates": [[[10, 10], [11, 10], [11, 11], [10, 11], [10, 10]]]}}, {"type": "Feature", "id": "c11-10", "properties": {"id": "c11-10", "name": "cell 11,10", "value": 8.8765}, "geometry": {"type": "Polygon", "coordinates": [[[11, 10], [12, 10], [12, 11], [11, 11], [11, 10]]]}}, {"type": "Feature", "id": "c12-10", "properties": {"id": "c12-10", "name": "cell 12,10", "value": 10.2431}, "geometry": {"type": "Polygon", "coordinates": [[[12, 10], [13, 10], [13, 11], [12, 11], [12, 10]]]}}, {"type": "Feature", "id": "c13-10", "properties": {"id": "c13-10", "name": "cell 13,10", "value": 11.6321}, "geometry": {"type": "Polygon", "coordinates": [[[13, 10], [14, 10], [14, 11], [13, 11], [13, 10]]]}}, {"type": "Feature", "id": "c14-10", "properties": {"id": "c14-10", "name": "cell 14,10", "value": 12.9877}, "geometry": {"type": "Polygon", "coordinates": [[[14, 10], [15, 10], [15, 11], [14, 11], [14, 10]]]}}, {"type": "Feature", "id": "c15-10", "properties": {"id": "c15-10", "name": "cell 15,10", "value": 14.2484}, "geometry": {"type": "Polygon", "coordinates": [[[15, 10], [16, 10], [16, 11], [15, 11], [15, 10]]]}}, {"type": "Feature", "id": "c16-10", "properties": {"id": "c16-10", "name": "cell 16,10", "value": 15.3519}, "geometry": {"type": "Polygon", "coordinates": [[[16, 10], [17, 10], [17, 11], [16, 11], [16, 10]]]}}, {"type": "Feature", "id": "c17-10", "properties": {"id": "c17-10", "name": "cell 17,10", "value": 16.2393}, "geometry": {"type": "Polygon", "coordinates": [[[17, 10], [18, 10], [18, 11], [17, 11], [17, 10]]]}}, {"type": "Feature", "id": "c18-10", "properties": {"id": "c18-10", "name": "cell 18,10", "value": 16.8613}, "geometry": {"type": "Polygon", "coordinates": [[[18, 10], [19, 10], [19, 11], [18, 11], [18, 10]]]}}, {"type": "Feature", "id": "c19-10", "properties": {"id": "c19-10", "name": "cell 19,10", "value": 17.1817}, "geometry": {"type": "Polygon", "coordinates": [[[19, 10], [20, 10], [20, 11], [19, 11], [19, 10]]]}}, {"type": "Feature", "id": "c20-10", "properties": {"id": "c20-10", "name": "cell 20,10", "value": 17.1817}, "geometry": {"type": "Polygon", "coordinates": [[[20, 10], [21, 10], [21, 11], [20, 11], [20, 10]]]}}, {"type": "Feature", "id": "c21-10", "properties": {"id": "c21-10", "name": "cell 21,10", "value": 16.8613}, "geometry": {"type": "Polygon", "coordinates": [[[21, 10], [22, 10], [22, 11], [21, 11], [21, 10]]]}}, {"type": "Feature", "id": "c22-10", "properties": {"id": "c22-10", "name": "cell 22,10", "value": 16.2393}, "geometry": {"type": "Polygon", "coordinates": [[[22, 10], [23, 10], [23, 11], [22, 11], [22, 10]]]}}, {"type": "Feature", "id": "c23-10", "properties": {"id": "c23-10", "name": "cell 23,10", "value": 15.3519}, "geometry": {"type": "Polygon", "coordinates": [[[23, 10], [24, 10], [24, 11], [23, 11], [23, 10]]]}}, {"type": "Feature", "id": "c24-10", "properties": {"id": "c24-10", "name": "cell 24,10", "value": 14.2484}, "geometry": {"type": "Polygon", "coordinates": [[[24, 10], [25, 10], [25, 11], [24, 11], [24, 10]]]}}, {"type": "Feature", "id": "c25-10", "properties": {"id": "c25-10", "name": "cell 25,10", "value": 12.9877}, "geometry": {"type": "Polygon", "coordinates": [[[25, 10], [26, 10], [26, 11], [25, 11], [25, 10]]]}}, {"type": "Feature", "id": "c26-10", "properties": {"id": "c26-10", "name": "cell 26,10", "value": 11.6321}, "geometry": {"type": "Polygon", "coordinates": [[[26, 10], [27, 10], [27, 11], [26, 11], [26, 10]]]}}, {"type": "Feature", "id": "c27-10", "properties": {"id": "c27-10", "name": "cell 27,10", "value": 10.2431}, "geometry": {"type": "Polygon", "coordinates": [[[27, 10], [28, 10], [28, 11], [27, 11], [27, 10]]]}}, {"type": "Feature", "id": "c28-10", "properties": {"id": "c28-10", "name": "cell 28,10", "value": 8.8765}, "geometry": {"type": "Polygon", "coordinates": [[[28, 10], [29, 10], [29, 11], [28, 11], [28, 10]]]}}, {"type": "Feature", "id": "c29-10", "properties": {"id": "c29-10", "name": "cell 29,10", "value": 7.579}, "geometry": {"type": "Polygon", "coordinates": [[[29, 10], [30, 10], [30, 11], [29, 11], [29, 10]]]}}, {"type": "Feature", "id": "c30-10", "properties": {"id": "c30-10", "name": "cell 30,10", "value": 6.3864}, "geometry": {"type": "Polygon", "coordinates": [[[30, 10], [31, 10], [31, 11], [30, 11], [30, 10]]]}}, {"type": "Feature", "id": "c31-10", "properties": {"id": "c31-10", "name": "cell 31,10", "value": 5.3227}, "geometry": {"type": "Polygon", "coordinates": [[[31, 10], [32, 10], [32, 11], [31, 11], [31, 10]]]}}, {"type": "Feature", "id": "c32-10", "properties": {"id": "c32-10", "name": "cell 32,10", "value": 4.4004}, "geometry": {"type": "Polygon", "coordinates": [[[32, 10], [33, 10], [33, 11], [32, 11], [32, 10]]]}}, {"type": "Feature", "id": "c33-10", "properties": {"id": "c33-10", "name": "cell 33,10", "value": 3.6218}, "geometry": {"type": "Polygon", "coordinates": [[[33, 10], [34, 10], [34, 11], [33, 11], [33, 10]]]}}, {"type": "Feature", "id": "c34-10", "properties": {"id": "c34-10", "name": "cell 34,10", "value": 2.9816}, "geometry": {"type": "Polygon", "coordinates": [[[34, 10], [35, 10], [35, 11], [34, 11], [34, 10]]]}}, {"type": "Feature", "id": "c35-10", "properties": {"id": "c35-10", "name": "cell 35,10", "value": 2.468}, "geometry": {"type": "Polygon", "coordinates": [[[35, 10], [36, 10], [36, 11], [35, 11], [35, 10]]]}}, {"type": "Feature", "id": "c36-10", "properties": {"id": "c36-10", "name": "cell 36,10", "value": 2.066}, "geometry": {"type": "Polygon", "coordinates": [[[36, 10], [37, 10], [37, 11], [36, 11], [36, 10]]]}}, {"type": "Feature", "id": "c37-10", "properties": {"id": "c37-10", "name": "cell 37,10", "value": 1.7587}, "geometry": {"type": "Polygon", "coordinates": [[[37, 10], [38, 10], [38, 11], [37, 11], [37, 10]]]}}, {"type": "Feature", "id": "c38-10", "properties": {"id": "c38-10", "name": "cell 38,10", "value": 1.5293}, "geometry": {"type": "Polygon", "coordinates": [[[38, 10], [39, 10], [39, 11], [38, 11], [38, 10]]]}}, {"type": "Feature", "id": "c39-10", "properties": {"id": "c39-10", "name": "cell 39,10", "value": 1.362}, "geometry": {"type": "Polygon", "coordinates": [[[39, 10], [40, 10], [40, 11], [39, 11], [39, 10]]]}}, {"type": "Feature", "id": "c0-11", "properties": {"id": "c0-11", "name": "cell 0,11", "value": 1.4334}, "geometry": {"type": "Polygon", "coordinates": [[[0, 11], [1, 11], [1, 12], [0, 12], [0, 11]]]}}, {"type": "Feature", "id": "c1-11", "properties": {"id": "c1-11", "name": "cell 1,11", "value": 1.6337}, "geometry": {"type": "Polygon", "coordinates": [[[1, 11], [2, 11], [2, 12], [1, 12], [1, 11]]]}}, {"type": "Feature", "id": "c2-11", "properties": {"id": "c2-11", "name": "cell 2,11", "value": 1.9084}, "geometry": {"type": "Polygon", "coordinates": [[[2, 11], [3, 11], [3, 12], [2, 12], [2, 11]]]}}, {"type": "Feature", "id": "c3-11", "properties": {"id": "c3-11", "name": "cell 3,11", "value": 2.2762}, "geometry": {"type": "Polygon", "coordinates": [[[3, 11], [4, 11], [4, 12], [3, 12], [3, 11]]]}}, {"type": "Feature", "id": "c4-11", "properties": {"id": "c4-11", "name": "cell 4,11", "value": 2.7575}, "geometry": {"type": "Polygon", "coordinates": [[[4, 11], [5, 11], [5, 12], [4, 12], [4, 11]]]}}, {"type": "Feature", "id": "c5-11", "properties": {"id": "c5-11", "name": "cell 5,11", "value": 3.3723}, "geometry": {"type": "Polygon", "coordinates": [[[5, 11], [6, 11], [6, 12], [5, 12], [5, 11]]]}}, {"type": "Feature", "id": "c6-11", "properties": {"id": "c6-11", "name": "cell 6,11", "value": 4.1389}, "geometry": {"type": "Polygon", "coordinates": [[[6, 11], [7, 11], [7, 12], [6, 12], [6, 11]]]}}, {"type": "Feature", "id": "c7-11", "properties": {"id": "c7-11", "name": "cell 7,11", "value": 5.071}, "geometry": {"type": "Polygon", "coordinates": [[[7, 11], [8, 11], [8, 12], [7, 12], [7, 11]]]}}, {"type": "Feature", "id": "c8-11", "properties": {"id": "c8-11", "name": "cell 8,11", "value": 6.1752}, "geometry": {"type": "Polygon", "coordinates": [[[8, 11], [9, 11], [9, 12], [8, 12], [8, 11]]]}}, {"type": "Feature", "id": "c9-11", "properties": {"id": "c9-11", "name": "cell 9,11", "value": 7.4487}, "geometry": {"type": "Polygon", "coordinates": [[[9, 11], [10, 11], [10, 12], [9, 12], [9, 11]]]}}, {"type": "Feature", "id": "c10-11", "properties": {"id": "c10-11", "name": "cell 10,11", "value": 8.8765}, "geometry": {"type": "Polygon", "coordinates": [[[10, 11], [11, 11], [11, 12], [10, 12], [10, 11]]]}}, {"type": "Feature", "id": "c11-11", "properties": {"id": "c11-11", "name": "cell 11,11", "value": 10.4298}, "geometry": {"type": "Polygon", "coordinates": [[[11, 11], [12, 11], [12, 12], [11, 12], [11, 11]]]}}, {"type": "Feature", "id": "c12-11", "properties": {"id": "c12-11", "name": "cell 12,11", "value": 12.066}, "geometry": {"type": "Polygon", "coordinates": [[[12, 11], [13, 11], [13, 12], [12, 12], [12, 11]]]}}, {"type": "Feature", "id": "c13-11", "properties": {"id": "c13-11", "name": "cell 13,11", "value": 13.729}, "geometry": {"type": "Polygon", "coordinates": [[[13, 11], [14, 11], [14, 12], [13, 12], [13, 11]]]}}, {"type": "Feature", "id": "c14-11", "properties": {"id": "c14-11", "name": "cell 14,11", "value": 15.3519}, "geometry": {"type": "Polygon", "coordinates": [[[14, 11], [15, 11], [15, 12], [14, 12], [14, 11]]]}}, {"type": "Feature", "id": "c15-11", "properties": {"id": "c15-11", "name": "cell 15,11", "value": 16.8613}, "geometry": {"type": "Polygon", "coordinates": [[[15, 11], [16, 11], [16, 12], [15, 12], [15, 11]]]}}, {"type": "Feature", "id": "c16-11", "properties": {"id": "c16-11", "name": "cell 16,11", "value": 18.1823}, "geometry": {"type": "Polygon", "coordinates": [[[16, 11], [17, 11], [17, 12], [16, 12], [16, 11]]]}}, {"type": "Feature", "id": "c17-11", "properties": {"id": "c17-11", "name": "cell 17,11", "value": 19.2448}, "geometry": {"type": "Polygon", "coordinates": [[[17, 11], [18, 11], [18, 12], [17, 12], [17, 11]]]}}, {"type": "Feature", "id": "c18-11", "properties": {"id": "c18-11", "name": "cell 18,11", "value": 19.9894}, "geometry": {"type": "Polygon", "coordinates": [[[18, 11], [19, 11], [19, 12], [18, 12], [18, 11]]]}}, {"type": "Feature", "id": "c19-11", "properties": {"id": "c19-11", "name": "cell 19,11", "value": 20.373}, "geometry": {"type": "Polygon", "coordinates": [[[19, 11], [20, 11], [20, 12], [19, 12], [19, 11]]]}}, {"type": "Feature", "id": "c20-11", "properties": {"id": "c20-11", "name": "cell 20,11", "value": 20.373}, "geometry": {"type": "Polygon", "coordinates": [[[20, 11], [21, 11], [21, 12], [20, 12], [20, 11]]]}}, {"type": "Feature", "id": "c21-11", "properties": {"id": "c21-11", "name": "cell 21,11", "value": 19.9894}, "geometry": {"type": "Polygon", "coordinates": [[[21, 11], [22, 11], [22, 12], [21, 12], [21, 11]]]}}, {"type": "Feature", "id": "c22-11", "properties": {"id": "c22-11", "name": "cell 22,11", "value": 19.2448}, "geometry": {"type": "Polygon", "coordinates": [[[22, 11], [23, 11], [23, 12], [22, 12], [22, 11]]]}}, {"type": "Feature", "id": "c23-11", "properties": {"id": "c23-11", "name": "cell 23,11", "value": 18.1823}, "geometry": {"type": "Polygon", "coordinates": [[[23, 11], [24, 11], [24, 12], [23, 12], [23, 11]]]}}, {"type": "Feature", "id": "c24-11", "properties": {"id": "c24-11", "name": "cell 24,11", "value": 16.8613}, "geometry": {"type": "Polygon", "coordinates": [[[24, 11], [25, 11], [25, 12], [24, 12], [24, 11]]]}}, {"type": "Feature", "id": "c25-11", "properties": {"id": "c25-11", "name": "cell 25,11", "value": 15.3519}, "geometry": {"type": "Polygon", "coordinates": [[[25, 11], [26, 11], [26, 12], [25, 12], [25, 11]]]}}, {"type": "Feature", "id": "c26-11", "properties": {"id": "c26-11", "name": "cell 26,11", "value": 13.729}, "geometry": {"type": "Polygon", "coordinates": [[[26, 11], [27, 11], [27, 12], [26, 12], [26, 11]]]}}, {"type": "Feature", "id": "c27-11", "properties": {"id": "c27-11", "name": "cell 27,11", "value": 12.066}, "geometry": {"type": "Polygon", "coordinates": [[[27, 11], [28, 11], [28, 12], [27, 12], [27, 11]]]}}, {"type": "Feature", "id": "c28-11", "properties": {"id": "c28-11", "name": "cell 28,11", "value": 10.4298}, "geometry": {"type": "Polygon", "coordinates": [[[28, 11], [29, 11], [29, 12], [28, 12], [28, 11]]]}}, {"type": "Feature", "id": "c29-11", "properties": {"id": "c29-11", "name": "cell 29,11", "value": 8.8765}, "geometry": {"type": "Polygon", "coordinates": [[[29, 11], [30, 11], [30, 12], [29, 12], [29, 11]]]}}, {"type": "Feature", "id": "c30-11", "properties": {"id": "c30-11", "name": "cell 30,11", "value": 7.4487}, "geometry": {"type": "Polygon", "coordinates": [[[30, 11], [31, 11], [31, 12], [30, 12], [30, 11]]]}}, {"type": "Feature", "id": "c31-11", "properties": {"id": "c31-11", "name": "cell 31,11", "value": 6.1752}, "geometry": {"type": "Polygon", "coordinates": [[[31, 11], [32, 11], [32, 12], [31, 12], [31, 11]]]}}, {"type": "Feature", "id": "c32-11", "properties": {"id": "c32-11", "name": "cell 32,11", "value": 5.071}, "geometry": {"type": "Polygon", "coordinates": [[[32, 11], [33, 11], [33, 12], [32, 12], [32, 11]]]}}, {"type": "Feature", "id": "c33-11", "properties": {"id": "c33-11", "name": "cell 33,11", "value": 4.1389}, "geometry": {"type": "Polygon", "coordinates": [[[33, 11], [34, 11], [34, 12], [33, 12], [33, 11]]]}}, {"type": "Feature", "id": "c34-11", "properties": {"id": "c34-11", "name": "cell 34,11", "value": 3.3723}, "geometry": {"type": "Polygon", "coordinates": [[[34, 11], [35, 11], [35, 12], [34, 12], [34, 11]]]}}, {"type": "Feature", "id": "c35-11", "properties": {"id": "c35-11", "name": "cell 35,11", "value": 2.7575}, "geometry": {"type": "Polygon", "coordinates": [[[35, 11], [36, 11], [36, 12], [35, 12], [35, 11]]]}}, {"type": "Feature", "id": "c36-11", "properties": {"id": "c36-11", "name": "cell 36,11", "value": 2.2762}, "geometry": {"type": "Polygon", "coordinates": [[[36, 11], [37, 11], [37, 12], [36, 12], [36, 11]]]}}, {"type": "Feature", "id": "c37-11", "properties": {"id": "c37-11", "name": "cell 37,11", "value": 1.9084}, "geometry": {"type": "Polygon", "coordinates": [[[37, 11], [38, 11], [38, 12], [37, 12], [37, 11]]]}}, {"type": "Feature", "id": "c38-11", "properties": {"id": "c38-11", "name": "cell 38,11", "value": 1.6337}, "geometry": {"type": "Polygon", "coordinates": [[[38, 11], [39, 11], [39, 12], [38, 12], [38, 11]]]}}, {"type": "Feature", "id": "c39-11", "properties": {"id": "c39-11", "name": "cell 39,11", "value": 1.4334}, "geometry": {"type": "Polygon", "coordinates": [[[39, 11], [40, 11], [40, 12], [39, 12], [39, 11]]]}}, {"type": "Feature", "id": "c0-12", "properties": {"id": "c0-12", "name": "cell 0,12", "value": 1.5086}, "geometry": {"type": "Polygon", "coordinates": [[[0, 12], [1, 12], [1, 13], [0, 13], [0, 12]]]}}, {"type": "Feature", "id": "c1-12", "properties": {"id": "c1-12", "name": "cell 1,12", "value": 1.7437}, "geometry": {"type": "Polygon", "coordinates": [[[1, 12], [2, 12], [2, 13], [1, 13], [1, 12]]]}}, {"type": "Feature", "id": "c2-12", "properties": {"id": "c2-12", "name": "cell 2,12", "value": 2.066}, "geometry": {"type": "Polygon", "coordinates": [[[2, 12], [3, 12], [3, 13], [2, 13], [2, 12]]]}}, {"type": "Feature", "id": "c3-12", "properties": {"id": "c3-12", "name": "cell 3,12", "value": 2.4976}, "geometry": {"type": "Polygon", "coordinates": [[[3, 12], [4, 12], [4, 13], [3, 13], [3, 12]]]}}, {"type": "Feature", "id": "c4-12", "properties": {"id": "c4-12", "name": "cell 4,12", "value": 3.0624}, "geometry": {"type": "Polygon", "coordinates": [[[4, 12], [5, 12], [5, 13], [4, 13], [4, 12]]]}}, {"type": "Feature", "id": "c5-12", "properties": {"id": "c5-12", "name": "cell 5,12", "value": 3.784}, "geometry": {"type": "Polygon", "coordinates": [[[5, 12], [6, 12], [6, 13], [5, 13], [5, 12]]]}}, {"type": "Feature", "id": "c6-12", "properties": {"id": "c6-12", "name": "cell 6,12", "value": 4.6836}, "geometry": {"type": "Polygon", "coordinates": [[[6, 12], [7, 12], [7, 13], [6, 13], [6, 12]]]}}, {"type": "Feature", "id": "c7-12", "properties": {"id": "c7-12", "name": "cell 7,12", "value": 5.7773}, "geometry": {"type": "Polygon", "coordinates": [[[7, 12], [8, 12], [8, 13], [7, 13], [7, 12]]]}}, {"type": "Feature", "id": "c8-12", "properties": {"id": "c8-12", "name": "cell 8,12", "value": 7.0732}, "geometry": {"type": "Polygon", "coordinates": [[[8, 12], [9, 12], [9, 13], [8, 13], [8, 12]]]}}, {"type": "Feature", "id": "c9-12", "properties": {"id": "c9-12", "name": "cell 9,12", "value": 8.5676}, "geometry": {"type": "Polygon", "coordinates": [[[9, 12], [10, 12], [10, 13], [9, 13], [9, 12]]]}}, {"type": "Feature", "id": "c10-12", "properties": {"id": "c10-12", "name": "cell 10,12", "value": 10.2431}, "geometry": {"type": "Polygon", "coordinates": [[[10, 12], [11, 12], [11, 13], [10, 13], [10, 12]]]}}, {"type": "Feature", "id": "c11-12", "properties": {"id": "c11-12", "name": "cell 11,12", "value": 12.066}, "geometry": {"type": "Polygon", "coordinates": [[[11, 12], [12, 12], [12, 13], [11, 13], [11, 12]]]}}, {"type": "Feature", "id": "c12-12", "properties": {"id": "c12-12", "name": "cell 12,12", "value": 13.9861}, "geometry": {"type": "Polygon", "coordinates": [[[12, 12], [13, 12], [13, 13], [12, 13], [12, 12]]]}}, {"type": "Feature", "id": "c13-12", "properties": {"id": "c13-12", "name": "cell 13,12", "value": 15.9376}, "geometry": {"type": "Polygon", "coordinates": [[[13, 12], [14, 12], [14, 13], [13, 13], [13, 12]]]}}, {"type": "Feature", "id": "c14-12", "properties": {"id": "c14-12", "name": "cell 14,12", "value": 17.8421}, "geometry": {"type": "Polygon", "coordinates": [[[14, 12], [15, 12], [15, 13], [14, 13], [14, 12]]]}}, {"type": "Feature", "id": "c15-12", "properties": {"id": "c15-12", "name": "cell 15,12", "value": 19.6134}, "geometry": {"type": "Polygon", "coordinates": [[[15, 12], [16, 12], [16, 13], [15, 13], [15, 12]]]}}, {"type": "Feature", "id": "c16-12", "properties": {"id": "c16-12", "name": "cell 16,12", "value": 21.1636}, "geometry": {"type": "Polygon", "coordinates": [[[16, 12], [17, 12], [17, 13], [16, 13], [16, 12]]]}}, {"type": "Feature", "id": "c17-12", "properties": {"id": "c17-12", "name": "cell 17,12", "value": 22.4105}, "geometry": {"type": "Polygon", "coordinates": [[[17, 12], [18, 12], [18, 13], [17, 13], [17, 12]]]}}, {"type": "Feature", "id": "c18-12", "properties": {"id": "c18-12", "name": "cell 18,12", "value": 23.2842}, "geometry": {"type": "Polygon", "coordinates": [[[18, 12], [19, 12], [19, 13], [18, 13], [18, 12]]]}}, {"type": "Feature", "id": "c19-12", "properties": {"id": "c19-12", "name": "cell 19,12", "value": 23.7344}, "geometry": {"type": "Polygon", "coordinates": [[[19, 12], [20, 12], [20, 13], [19, 13], [19, 12]]]}}, {"type": "Feature", "id": "c20-12", "properties": {"id": "c20-12", "name": "cell 20,12", "value": 23.7344}, "geometry": {"type": "Polygon", "coordinates": [[[20, 12], [21, 12], [21, 13], [20, 13], [20, 12]]]}}, {"type": "Feature", "id": "c21-12", "properties": {"id": "c21-12", "name": "cell 21,12", "value": 23.2842}, "geometry": {"type": "Polygon", "coordinates": [[[21, 12], [22, 12], [22, 13], [21, 13], [21, 12]]]}}, {"type": "Feature", "id": "c22-12", "properties": {"id": "c22-12", "name": "cell 22,12", "value": 22.4105}, "geometry": {"type": "Polygon", "coordinates": [[[22, 12], [23, 12], [23, 13], [22, 13], [22, 12]]]}}, {"type": "Feature", "id": "c23-12", "properties": {"id": "c23-12", "name": "cell 23,12", "value": 21.1636}, "geometry": {"type": "Polygon", "coordinates": [[[23, 12], [24, 12], [24, 13], [23, 13], [23, 12]]]}}, {"type": "Feature", "id": "c24-12", "properties": {"id": "c24-12", "name": "cell 24,12", "value": 19.6134}, "geometry": {"type": "Polygon", "coordinates": [[[24, 12], [25, 12], [25, 13], [24, 13], [24, 12]]]}}, {"type": "Feature", "id": "c25-12", "properties": {"id": "c25-12", "name": "cell 25,12", "value": 17.8421}, "geometry": {"type": "Polygon", "coordinates": [[[25, 12], [26, 12], [26, 13], [25, 13], [25, 12]]]}}, {"type": "Feature", "id": "c26-12", "properties": {"id": "c26-12", "name": "cell 26,12", "value": 15.9376}, "geometry": {"type": "Polygon", "coordinates": [[[26, 12], [27, 12], [27, 13], [26, 13], [26, 12]]]}}, {"type": "Feature", "id": "c27-12", "properties": {"id": "c27-12", "name": "cell 27,12", "value": 13.9861}, "geometry": {"type": "Polygon", "coordinates": [[[27, 12], [28, 12], [28, 13], [27, 13], [27, 12]]]}}, {"type": "Feature", "id": "c28-12", "properties": {"id": "c28-12", "name": "cell 28,12", "value": 12.066}, "geometry": {"type": "Polygon", "coordinates": [[[28, 12], [29, 12], [29, 13], [28, 13], [28, 12]]]}}, {"type": "Feature", "id": "c29-12", "properties": {"id": "c29-12", "name": "cell 29,12", "value": 10.2431}, "geometry": {"type": "Polygon", "coordinates": [[[29, 12], [30, 12], [30, 13], [29, 13], [29, 12]]]}}, {"type": "Feature", "id": "c30-12", "properties": {"id": "c30-12", "name": "cell 30,12", "value": 8.5676}, "geometry": {"type": "Polygon", "coordinates": [[[30, 12], [31, 12], [31, 13], [30, 13], [30, 12]]]}}, {"type": "Feature", "id": "c31-12", "properties": {"id": "c31-12", "name": "cell 31,12", "value": 7.0732}, "geometry": {"type": "Polygon", "coordinates": [[[31, 12], [32, 12], [32, 13], [31, 13], [31, 12]]]}}, {"type": "Feature", "id": "c32-12", "properties": {"id": "c32-12", "name": "cell 32,12", "value": 5.7773}, "geometry": {"type": "Polygon", "coordinates": [[[32, 12], [33, 12], [33, 13], [32, 13], [32, 12]]]}}, {"type": "Feature", "id": "c33-12", "properties": {"id": "c33-12", "name": "cell 33,12", "value": 4.6836}, "geometry": {"type": "Polygon", "coordinates": [[[33, 12], [34, 12], [34, 13], [33, 13], [33, 12]]]}}, {"type": "Feature", "id": "c34-12", "properties": {"id": "c34-12", "name": "cell 34,12", "value": 3.784}, "geometry": {"type": "Polygon", "coordinates": [[[34, 12], [35, 12], [35, 13], [34, 13], [34, 12]]]}}, {"type": "Feature", "id": "c35-12", "properties": {"id": "c35-12", "name": "cell 35,12", "value": 3.0624}, "geometry": {"type": "Polygon", "coordinates": [[[35, 12], [36, 12], [36, 13], [35, 13], [35, 12]]]}}, {"type": "Feature", "id": "c36-12", "properties": {"id": "c36-12", "name": "cell 36,12", "value": 2.4976}, "geometry": {"type": "Polygon", "coordinates": [[[36, 12], [37, 12], [37, 13], [36, 13], [36, 12]]]}}, {"type": "Feature", "id": "c37-12", "properties": {"id": "c37-12", "name": "cell 37,12", "value": 2.066}, "geometry": {"type": "Polygon", "coordinates": [[[37, 12], [38, 12], [38, 13], [37, 13], [37, 12]]]}}, {"type": "Feature", "id": "c38-12", "properties": {"id": "c38-12", "name": "cell 38,12", "value": 1.7437}, "geometry": {"type": "Polygon", "coordinates": [[[38, 12], [39, 12], [39, 13], [38, 13], [38, 12]]]}}, {"type": "Feature", "id": "c39-12", "properties": {"id": "c39-12", "name": "cell 39,12", "value": 1.5086}, "geometry": {"type": "Polygon", "coordinates": [[[39, 12], [40, 12], [40, 13], [39, 13], [39, 12]]]}}, {"type": "Feature", "id": "c0-13", "properties": {"id": "c0-13", "name": "cell 0,13", "value": 1.585}, "geometry": {"type": "Polygon", "coordinates": [[[0, 13], [1, 13], [1, 14], [0, 14], [0, 13]]]}}, {"type": "Feature", "id": "c1-13", "properties": {"id": "c1-13", "name": "cell 1,13", "value": 1.8555}, "geometry": {"type": "Polygon", "coordinates": [[[1, 13], [2, 13], [2, 14], [1, 14], [1, 13]]]}}, {"type": "Feature", "id": "c2-13", "properties": {"id": "c2-13", "name": "cell 2,13", "value": 2.2262}, "geometry": {"type": "Polygon", "coordinates": [[[2, 13], [3, 13], [3, 14], [2, 14], [2, 13]]]}}, {"type": "Feature", "id": "c3-13", "properties": {"id": "c3-13", "name": "cell 3,13", "value": 2.7227}, "geometry": {"type": "Polygon", "coordinates": [[[3, 13], [4, 13], [4, 14], [3, 14], [3, 13]]]}}, {"type": "Feature", "id": "c4-13", "properties": {"id": "c4-13", "name": "cell 4,13", "value": 3.3723}, "geometry": {"type": "Polygon", "coordinates": [[[4, 13], [5, 13], [5, 14], [4, 14], [4, 13]]]}}, {"type": "Feature", "id": "c5-13", "properties": {"id": "c5-13", "name": "cell 5,13", "value": 4.2023}, "geometry": {"type": "Polygon", "coordinates": [[[5, 13], [6, 13], [6, 14], [5, 14], [5, 13]]]}}, {"type": "Feature", "id": "c6-13", "properties": {"id": "c6-13", "name": "cell 6,13", "value": 5.2371}, "geometry": {"type": "Polygon", "coordinates": [[[6, 13], [7, 13], [7, 14], [6, 14], [6, 13]]]}}, {"type": "Feature", "id": "c7-13", "properties": {"id": "c7-13", "name": "cell 7,13", "value": 6.4952}, "geometry": {"type": "Polygon", "coordinates": [[[7, 13], [8, 13], [8, 14], [7, 14], [7, 13]]]}}, {"type": "Feature", "id": "c8-13", "properties": {"id": "c8-13", "name": "cell 8,13", "value": 7.9858}, "geometry": {"type": "Polygon", "coordinates": [[[8, 13], [9, 13], [9, 14], [8, 14], [8, 13]]]}}, {"type": "Feature", "id": "c9-13", "properties": {"id": "c9-13", "name": "cell 9,13", "value": 9.7048}, "geometry": {"type": "Polygon", "coordinates": [[[9, 13], [10, 13], [10, 14], [9, 14], [9, 13]]]}}, {"type": "Feature", "id": "c10-13", "properties": {"id": "c10-13", "name": "cell 10,13", "value": 11.6321}, "geometry": {"type": "Polygon", "coordinates": [[[10, 13], [11, 13], [11, 14], [10, 14], [10, 13]]]}}, {"type": "Feature", "id": "c11-13", "properties": {"id": "c11-13", "name": "cell 11,13", "value": 13.729}, "geometry": {"type": "Polygon", "coordinates": [[[11, 13], [12, 13], [12, 14], [11, 14], [11, 13]]]}}, {"type": "Feature", "id": "c12-13", "properties": {"id": "c12-13", "name": "cell 12,13", "value": 15.9376}, "geometry": {"type": "Polygon", "coordinates": [[[12, 13], [13, 13], [13, 14], [12, 14], [12, 13]]]}}, {"type": "Feature", "id": "c13-13", "properties": {"id": "c13-13", "name": "cell 13,13", "value": 18.1823}, "geometry": {"type": "Polygon", "coordinates": [[[13, 13], [14, 13], [14, 14], [13, 14], [13, 13]]]}}, {"type": "Feature", "id": "c14-13", "properties": {"id": "c14-13", "name": "cell 14,13", "value": 20.373}, "geometry": {"type": "Polygon", "coordinates": [[[14, 13], [15, 13], [15, 14], [14, 14], [14, 13]]]}}, {"type": "Feature", "id": "c15-13", "properties": {"id": "c15-13", "name": "cell 15,13", "value": 22.4105}, "geometry": {"type": "Polygon", "coordinates": [[[15, 13], [16, 13], [16, 14], [15, 14], [15, 13]]]}}, {"type": "Feature", "id": "c16-13", "properties": {"id": "c16-13", "name": "cell 16,13", "value": 24.1937}, "geometry": {"type": "Polygon", "coordinates": [[[16, 13], [17, 13], [17, 14], [16, 14], [16, 13]]]}}, {"type": "Feature", "id": "c17-13", "properties": {"id": "c17-13", "name": "cell 17,13", "value": 25.6279}, "geometry": {"type": "Polygon", "coordinates": [[[17, 13], [18, 13], [18, 14], [17, 14], [17, 13]]]}}, {"type": "Feature", "id": "c18-13", "properties": {"id": "c18-13", "name": "cell 18,13", "value": 26.633}, "geometry": {"type": "Polygon", "coordinates": [[[18, 13], [19, 13], [19, 14], [18, 14], [18, 13]]]}}, {"type": "Feature", "id": "c19-13", "properties": {"id": "c19-13", "name": "cell 19,13", "value": 27.1508}, "geometry": {"type": "Polygon", "coordinates": [[[19, 13], [20, 13], [20, 14], [19, 14], [19, 13]]]}}, {"type": "Feature", "id": "c20-13", "properties": {"id": "c20-13", "name": "cell 20,13", "value": 27.1508}, "geometry": {"type": "Polygon", "coordinates": [[[20, 13], [21, 13], [21, 14], [20, 14], [20, 13]]]}}, {"type": "Feature", "id": "c21-13", "properties": {"id": "c21-13", "name": "cell 21,13", "value": 26.633}, "geometry": {"type": "Polygon", "coordinates": [[[21, 13], [22, 13], [22, 14], [21, 14], [21, 13]]]}}, {"type": "Feature", "id": "c22-13", "properties": {"id": "c22-13", "name": "cell 22,13", "value": 25.6279}, "geometry": {"type": "Polygon", "coordinates": [[[22, 13], [23, 13], [23, 14], [22, 14], [22, 13]]]}}, {"type": "Feature", "id": "c23-13", "properties": {"id": "c23-13", "name": "cell 23,13", "value": 24.1937}, "geometry": {"type": "Polygon", "coordinates": [[[23, 13], [24, 13], [24, 14], [23, 14], [23, 13]]]}}, {"type": "Feature", "id": "c24-13", "properties": {"id": "c24-13", "name": "cell 24,13", "value": 22.4105}, "geometry": {"type": "Polygon", "coordinates": [[[24, 13], [25, 13], [25, 14], [24, 14], [24, 13]]]}}, {"type": "Feature", "id": "c25-13", "properties": {"id": "c25-13", "name": "cell 25,13", "value": 20.373}, "geometry": {"type": "Polygon", "coordinates": [[[25, 13], [26, 13], [26, 14], [25, 14], [25, 13]]]}}, {"type": "Feature", "id": "c26-13", "properties": {"id": "c26-13", "name": "cell 26,13", "value": 18.1823}, "geometry": {"type": "Polygon", "coordinates": [[[26, 13], [27, 13], [27, 14], [26, 14], [26, 13]]]}}, {"type": "Feature", "id": "c27-13", "properties": {"id": "c27-13", "name": "cell 27,13", "value": 15.9376}, "geometry": {"type": "Polygon", "coordinates": [[[27, 13], [28, 13], [28, 14], [27, 14], [27, 13]]]}}, {"type": "Feature", "id": "c28-13", "properties": {"id": "c28-13", "name": "cell 28,13", "value": 13.729}, "geometry": {"type": "Polygon", "coordinates": [[[28, 13], [29, 13], [29, 14], [28, 14], [28, 13]]]}}, {"type": "Feature", "id": "c29-13", "properties": {"id": "c29-13", "name": "cell 29,13", "value": 11.6321}, "geometry": {"type": "Polygon", "coordinates": [[[29, 13], [30, 13], [30, 14], [29, 14], [29, 13]]]}}, {"type": "Feature", "id": "c30-13", "properties": {"id": "c30-13", "name": "cell 30,13", "value": 9.7048}, "geometry": {"type": "Polygon", "coordinates": [[[30, 13], [31, 13], [31, 14], [30, 14], [30, 13]]]}}, {"type": "Feature", "id": "c31-13", "properties": {"id": "c31-13", "name": "cell 31,13", "value": 7.9858}, "geometry": {"type": "Polygon", "coordinates": [[[31, 13], [32, 13], [32, 14], [31, 14], [31, 13]]]}}, {"type": "Feature", "id": "c32-13", "properties": {"id": "c32-13", "name": "cell 32,13", "value": 6.4952}, "geometry": {"type": "Polygon", "coordinates": [[[32, 13], [33, 13], [33, 14], [32, 14], [32, 13]]]}}, {"type": "Feature", "id": "c33-13", "properties": {"id": "c33-13", "name": "cell 33,13", "value": 5.2371}, "geometry": {"type": "Polygon", "coordinates": [[[33, 13], [34, 13], [34, 14], [33, 14], [33, 13]]]}}, {"type": "Feature", "id": "c34-13", "properties": {"id": "c34-13", "name": "cell 34,13", "value": 4.2023}, "geometry": {"type": "Polygon", "coordinates": [[[34, 13], [35, 13], [35, 14], [34, 14], [34, 13]]]}}, {"type": "Feature", "id": "c35-13", "properties": {"id": "c35-13", "name": "cell 35,13", "value": 3.3723}, "geometry": {"type": "Polygon", "coordinates": [[[35, 13], [36, 13], [36, 14], [35, 14], [35, 13]]]}}, {"type": "Feature", "id": "c36-13", "properties": {"id": "c36-13", "name": "cell 36,13", "value": 2.7227}, "geometry": {"type": "Polygon", "coordinates": [[[36, 13], [37, 13], [37, 14], [36, 14], [36, 13]]]}}, {"type": "Feature", "id": "c37-13", "properties": {"id": "c37-13", "name": "cell 37,13", "value": 2.2262}, "geometry": {"type": "Polygon", "coordinates": [[[37, 13], [38, 13], [38, 14], [37, 14], [37, 13]]]}}, {"type": "Feature", "id": "c38-13", "properties": {"id": "c38-13", "name": "cell 38,13", "value": 1.8555}, "geometry": {"type": "Polygon", "coordinates": [[[38, 13], [39, 13], [39, 14], [38, 14], [38, 13]]]}}, {"type": "Feature", "id": "c39-13", "properties": {"id": "c39-13", "name": "cell 39,13", "value": 1.585}, "geometry": {"type": "Polygon", "coordinates": [[[39, 13], [40, 13], [40, 14], [39, 14], [39, 13]]]}}, {"type": "Feature", "id": "c0-14", "properties": {"id": "c0-14", "name": "cell 0,14", "value": 1.6596}, "geometry": {"type": "Polygon", "coordinates": [[[0, 14], [1, 14], [1, 15], [0, 15], [0, 14]]]}}, {"type": "Feature", "id": "c1-14", "properties": {"id": "c1-14", "name": "cell 1,14", "value": 1.9645}, "geometry": {"type": "Polygon", "coordinates": [[[1, 14], [2, 14], [2, 15], [1, 15], [1, 14]]]}}, {"type": "Feature", "id": "c2-14", "properties": {"id": "c2-14", "name": "cell 2,14", "value": 2.3825}, "geometry": {"type": "Polygon", "coordinates": [[[2, 14], [3, 14], [3, 15], [2, 15], [2, 14]]]}}, {"type": "Feature", "id": "c3-14", "properties": {"id": "c3-14", "name": "cell 3,14", "value": 2.9423}, "geometry": {"type": "Polygon", "coordinates": [[[3, 14], [4, 14], [4, 15], [3, 15], [3, 14]]]}}, {"type": "Feature", "id": "c4-14", "properties": {"id": "c4-14", "name": "cell 4,14", "value": 3.6748}, "geometry": {"type": "Polygon", "coordinates": [[[4, 14], [5, 14], [5, 15], [4, 15], [4, 14]]]}}, {"type": "Feature", "id": "c5-14", "properties": {"id": "c5-14", "name": "cell 5,14", "value": 4.6106}, "geometry": {"type": "Polygon", "coordinates": [[[5, 14], [6, 14], [6, 15], [5, 15], [5, 14]]]}}, {"type": "Feature", "id": "c6-14", "properties": {"id": "c6-14", "name": "cell 6,14", "value": 5.7773}, "geometry": {"type": "Polygon", "coordinates": [[[6, 14], [7, 14], [7, 15], [6, 15], [6, 14]]]}}, {"type": "Feature", "id": "c7-14", "properties": {"id": "c7-14", "name": "cell 7,14", "value": 7.1958}, "geometry": {"type": "Polygon", "coordinates": [[[7, 14], [8, 14], [8, 15], [7, 15], [7, 14]]]}}, {"type": "Feature", "id": "c8-14", "properties": {"id": "c8-14", "name": "cell 8,14", "value": 8.8765}, "geometry": {"type": "Polygon", "coordinates": [[[8, 14], [9, 14], [9, 15], [8, 15], [8, 14]]]}}, {"type": "Feature", "id": "c9-14", "properties": {"id": "c9-14", "name": "cell 9,14", "value": 10.8147}, "geometry": {"type": "Polygon", "coordinates": [[[9, 14], [10, 14], [10, 15], [9, 15], [9, 14]]]}}, {"type": "Feature", "id": "c10-14", "properties": {"id": "c10-14", "name": "cell 10,14", "value": 12.9877}, "geometry": {"type": "Polygon", "coordinates": [[[10, 14], [11, 14], [11, 15], [10, 15], [10, 14]]]}}, {"type": "Feature", "id": "c11-14", "properties": {"id": "c11-14", "name": "cell 11,14", "value": 15.3519}, "geometry": {"type": "Polygon", "coordinates": [[[11, 14], [12, 14], [12, 15], [11, 15], [11, 14]]]}}, {"type": "Feature", "id": "c12-14", "properties": {"id": "c12-14", "name": "cell 12,14", "value": 17.8421}, "geometry": {"type": "Polygon", "coordinates": [[[12, 14], [13, 14], [13, 15], [12, 15], [12, 14]]]}}, {"type": "Feature", "id": "c13-14", "properties": {"id": "c13-14", "name": "cell 13,14", "value": 20.373}, "geometry": {"type": "Polygon", "coordinates": [[[13, 14], [14, 14], [14, 15], [13, 15], [13, 14]]]}}, {"type": "Feature", "id": "c14-14", "properties": {"id": "c14-14", "name": "cell 14,14", "value": 22.843}, "geometry": {"type": "Polygon", "coordinates": [[[14, 14], [15, 14], [15, 15], [14, 15], [14, 14]]]}}, {"type": "Feature", "id": "c15-14", "properties": {"id": "c15-14", "name": "cell 15,14", "value": 25.1402}, "geometry": {"type": "Polygon", "coordinates": [[[15, 14], [16, 14], [16, 15], [15, 15], [15, 14]]]}}, {"type": "Feature", "id": "c16-14", "properties": {"id": "c16-14", "name": "cell 16,14", "value": 27.1508}, "geometry": {"type": "Polygon", "coordinates": [[[16, 14], [17, 14], [17, 15], [16, 15], [16, 14]]]}}, {"type": "Feature", "id": "c17-14", "properties": {"id": "c17-14", "name": "cell 17,14", "value": 28.7679}, "geometry": {"type": "Polygon", "coordinates": [[[17, 14], [18, 14], [18, 15], [17, 15], [17, 14]]]}}, {"type": "Feature", "id": "c18-14", "properties": {"id": "c18-14", "name": "cell 18,14", "value": 29.9011}, "geometry": {"type": "Polygon", "coordinates": [[[18, 14], [19, 14], [19, 15], [18, 15], [18, 14]]]}}, {"type": "Feature", "id": "c19-14", "properties": {"id": "c19-14", "name": "cell 19,14", "value": 30.4849}, "geometry": {"type": "Polygon", "coordinates": [[[19, 14], [20, 14], [20, 15], [19, 15], [19, 14]]]}}, {"type": "Feature", "id": "c20-14", "properties": {"id": "c20-14", "name": "cell 20,14", "value": 30.4849}, "geometry": {"type": "Polygon", "coordinates": [[[20, 14], [21, 14], [21, 15], [20, 15], [20, 14]]]}}, {"type": "Feature", "id": "c21-14", "properties": {"id": "c21-14", "name": "cell 21,14", "value": 29.9011}, "geometry": {"type": "Polygon", "coordinates": [[[21, 14], [22, 14], [22, 15], [21, 15], [21, 14]]]}}, {"type": "Feature", "id": "c22-14", "properties": {"id": "c22-14", "name": "cell 22,14", "value": 28.7679}, "geometry": {"type": "Polygon", "coordinates": [[[22, 14], [23, 14], [23, 15], [22, 15], [22, 14]]]}}, {"type": "Feature", "id": "c23-14", "properties": {"id": "c23-14", "name": "cell 23,14", "value": 27.1508}, "geometry": {"type": "Polygon", "coordinates": [[[23, 14], [24, 14], [24, 15], [23, 15], [23, 14]]]}}, {"type": "Feature", "id": "c24-14", "properties": {"id": "c24-14", "name": "cell 24,14", "value": 25.1402}, "geometry": {"type": "Polygon", "coordinates": [[[24, 14], [25, 14], [25, 15], [24, 15], [24, 14]]]}}, {"type": "Feature", "id": "c25-14", "properties": {"id": "c25-14", "name": "cell 25,14", "value": 22.843}, "geometry": {"type": "Polygon", "coordinates": [[[25, 14], [26, 14], [26, 15], [25, 15], [25, 14]]]}}, {"type": "Feature", "id": "c26-14", "properties": {"id": "c26-14", "name": "cell 26,14", "value": 20.373}, "geometry": {"type": "Polygon", "coordinates": [[[26, 14], [27, 14], [27, 15], [26, 15], [26, 14]]]}}, {"type": "Feature", "id": "c27-14", "properties": {"id": "c27-14", "name": "cell 27,14", "value": 17.8421}, "geometry": {"type": "Polygon", "coordinates": [[[27, 14], [28, 14], [28, 15], [27, 15], [27, 14]]]}}, {"type": "Feature", "id": "c28-14", "properties": {"id": "c28-14", "name": "cell 28,14", "value": 15.3519}, "geometry": {"type": "Polygon", "coordinates": [[[28, 14], [29, 14], [29, 15], [28, 15], [28, 14]]]}}, {"type": "Feature", "id": "c29-14", "properties": {"id": "c29-14", "name": "cell 29,14", "value": 12.9877}, "geometry": {"type": "Polygon", "coordinates": [[[29, 14], [30, 14], [30, 15], [29, 15], [29, 14]]]}}, {"type": "Feature", "id": "c30-14", "properties": {"id": "c30-14", "name": "cell 30,14", "value": 10.8147}, "geometry": {"type": "Polygon", "coordinates": [[[30, 14], [31, 14], [31, 15], [30, 15], [30, 14]]]}}, {"type": "Feature", "id": "c31-14", "properties": {"id": "c31-14", "name": "cell 31,14", "value": 8.8765}, "geometry": {"type": "Polygon", "coordinates": [[[31, 14], [32, 14], [32, 15], [31, 15], [31, 14]]]}}, {"type": "Feature", "id": "c32-14", "properties": {"id": "c32-14", "name": "cell 32,14", "value": 7.1958}, "geometry": {"type": "Polygon", "coordinates": [[[32, 14], [33, 14], [33, 15], [32, 15], [32, 14]]]}}, {"type": "Feature", "id": "c33-14", "properties": {"id": "c33-14", "name": "cell 33,14", "value": 5.7773}, "geometry": {"type": "Polygon", "coordinates": [[[33, 14], [34, 14], [34, 15], [33, 15], [33, 14]]]}}, {"type": "Feature", "id": "c34-14", "properties": {"id": "c34-14", "name": "cell 34,14", "value": 4.6106}, "geometry": {"type": "Polygon", "coordinates": [[[34, 14], [35, 14], [35, 15], [34, 15], [34, 14]]]}}, {"type": "Feature", "id": "c35-14", "properties": {"id": "c35-14", "name": "cell 35,14", "value": 3.6748}, "geometry": {"type": "Polygon", "coordinates": [[[35, 14], [36, 14], [36, 15], [35, 15], [35, 14]]]}}, {"type": "Feature", "id": "c36-14", "properties": {"id": "c36-14", "name": "cell 36,14", "value": 2.9423}, "geometry": {"type": "Polygon", "coordinates": [[[36, 14], [37, 14], [37, 15], [36, 15], [36, 14]]]}}, {"type": "Feature", "id": "c37-14", "properties": {"id": "c37-14", "name": "cell 37,14", "value": 2.3825}, "geometry": {"type": "Polygon", "coordinates": [[[37, 14], [38, 14], [38, 15], [37, 15], [37, 14]]]}}, {"type": "Feature", "id": "c38-14", "properties": {"id": "c38-14", "name": "cell 38,14", "value": 1.9645}, "geometry": {"type": "Polygon", "coordinates": [[[38, 14], [39, 14], [39, 15], [38, 15], [38, 14]]]}}, {"type": "Feature", "id": "c39-14", "properties": {"id": "c39-14", "name": "cell 39,14", "value": 1.6596}, "geometry": {"type": "Polygon", "coordinates": [[[39, 14], [40, 14], [40, 15], [39, 15], [39, 14]]]}}, {"type": "Feature", "id": "c0-15", "properties": {"id": "c0-15", "name": "cell 0,15", "value": 1.729}, "geometry": {"type": "Polygon", "coordinates": [[[0, 15], [1, 15], [1, 16], [0, 16], [0, 15]]]}}, {"type": "Feature", "id": "c1-15", "properties": {"id": "c1-15", "name": "cell 1,15", "value": 2.066}, "geometry": {"type": "Polygon", "coordinates": [[[1, 15], [2, 15], [2, 16], [1, 16], [1, 15]]]}}, {"type": "Feature", "id": "c2-15", "properties": {"id": "c2-15", "name": "cell 2,15", "value": 2.5279}, "geometry": {"type": "Polygon", "coordinates": [[[2, 15], [3, 15], [3, 16], [2, 16], [2, 15]]]}}, {"type": "Feature", "id": "c3-15", "properties": {"id": "c3-15", "name": "cell 3,15", "value": 3.1466}, "geometry": {"type": "Polygon", "coordinates": [[[3, 15], [4, 15], [4, 16], [3, 16], [3, 15]]]}}, {"type": "Feature", "id": "c4-15", "properties": {"id": "c4-15", "name": "cell 4,15", "value": 3.9561}, "geometry": {"type": "Polygon", "coordinates": [[[4, 15], [5, 15], [5, 16], [4, 16], [4, 15]]]}}, {"type": "Feature", "id": "c5-15", "properties": {"id": "c5-15", "name": "cell 5,15", "value": 4.9904}, "geometry": {"type": "Polygon", "coordinates": [[[5, 15], [6, 15], [6, 16], [5, 16], [5, 15]]]}}, {"type": "Feature", "id": "c6-15", "properties": {"id": "c6-15", "name": "cell 6,15", "value": 6.2798}, "geometry": {"type": "Polygon", "coordinates": [[[6, 15], [7, 15], [7, 16], [6, 16], [6, 15]]]}}, {"type": "Feature", "id": "c7-15", "properties": {"id": "c7-15", "name": "cell 7,15", "value": 7.8475}, "geometry": {"type": "Polygon", "coordinates": [[[7, 15], [8, 15], [8, 16], [7, 16], [7, 15]]]}}, {"type": "Feature", "id": "c8-15", "properties": {"id": "c8-15", "name": "cell 8,15", "value": 9.7048}, "geometry": {"type": "Polygon", "coordinates": [[[8, 15], [9, 15], [9, 16], [8, 16], [8, 15]]]}}, {"type": "Feature", "id": "c9-15", "properties": {"id": "c9-15", "name": "cell 9,15", "value": 11.8469}, "geometry": {"type": "Polygon", "coordinates": [[[9, 15], [10, 15], [10, 16], [9, 16], [9, 15]]]}}, {"type": "Feature", "id": "c10-15", "properties": {"id": "c10-15", "name": "cell 10,15", "value": 14.2484}, "geometry": {"type": "Polygon", "coordinates": [[[10, 15], [11, 15], [11, 16], [10, 16], [10, 15]]]}}, {"type": "Feature", "id": "c11-15", "properties": {"id": "c11-15", "name": "cell 11,15", "value": 16.8613}, "geometry": {"type": "Polygon", "coordinates": [[[11, 15], [12, 15], [12, 16], [11, 16], [11, 15]]]}}, {"type": "Feature", "id": "c12-15", "properties": {"id": "c12-15", "name": "cell 12,15", "value": 19.6134}, "geometry": {"type": "Polygon", "coordinates": [[[12, 15], [13, 15], [13, 16], [12, 16], [12, 15]]]}}, {"type": "Feature", "id": "c13-15", "properties": {"id": "c13-15", "name": "cell 13,15", "value": 22.4105}, "geometry": {"type": "Polygon", "coordinates": [[[13, 15], [14, 15], [14, 16], [13, 16], [13, 15]]]}}, {"type": "Feature", "id": "c14-15", "properties": {"id": "c14-15", "name": "cell 14,15", "value": 25.1402}, "geometry": {"type": "Polygon", "coordinates": [[[14, 15], [15, 15], [15, 16], [14, 16], [14, 15]]]}}, {"type": "Feature", "id": "c15-15", "properties": {"id": "c15-15", "name": "cell 15,15", "value": 27.6791}, "geometry": {"type": "Polygon", "coordinates": [[[15, 15], [16, 15], [16, 16], [15, 16], [15, 15]]]}}, {"type": "Feature", "id": "c16-15", "properties": {"id": "c16-15", "name": "cell 16,15", "value": 29.9011}, "geometry": {"type": "Polygon", "coordinates": [[[16, 15], [17, 15], [17, 16], [16, 16], [16, 15]]]}}, {"type": "Feature", "id": "c17-15", "properties": {"id": "c17-15", "name": "cell 17,15", "value": 31.6882}, "geometry": {"type": "Polygon", "coordinates": [[[17, 15], [18, 15], [18, 16], [17, 16], [17, 15]]]}}, {"type": "Feature", "id": "c18-15", "properties": {"id": "c18-15", "name": "cell 18,15", "value": 32.9406}, "geometry": {"type": "Polygon", "coordinates": [[[18, 15], [19, 15], [19, 16], [18, 16], [18, 15]]]}}, {"type": "Feature", "id": "c19-15", "properties": {"id": "c19-15", "name": "cell 19,15", "value": 33.5859}, "geometry": {"type": "Polygon", "coordinates": [[[19, 15], [20, 15], [20, 16], [19, 16], [19, 15]]]}}, {"type": "Feature", "id": "c20-15", "properties": {"id": "c20-15", "name": "cell 20,15", "value": 33.5859}, "geometry": {"type": "Polygon", "coordinates": [[[20, 15], [21, 15], [21, 16], [20, 16], [20, 15]]]}}, {"type": "Feature", "id": "c21-15", "properties": {"id": "c21-15", "name": "cell 21,15", "value": 32.9406}, "geometry": {"type": "Polygon", "coordinates": [[[21, 15], [22, 15], [22, 16], [21, 16], [21, 15]]]}}, {"type": "Feature", "id": "c22-15", "properties": {"id": "c22-15", "name": "cell 22,15", "value": 31.6882}, "geometry": {"type": "Polygon", "coordinates": [[[22, 15], [23, 15], [23, 16], [22, 16], [22, 15]]]}}, {"type": "Feature", "id": "c23-15", "properties": {"id": "c23-15", "name": "cell 23,15", "value": 29.9011}, "geometry": {"type": "Polygon", "coordinates": [[[23, 15], [24, 15], [24, 16], [23, 16], [23, 15]]]}}, {"type": "Feature", "id": "c24-15", "properties": {"id": "c24-15", "name": "cell 24,15", "value": 27.6791}, "geometry": {"type": "Polygon", "coordinates": [[[24, 15], [25, 15], [25, 16], [24, 16], [24, 15]]]}}, {"type": "Feature", "id": "c25-15", "properties": {"id": "c25-15", "name": "cell 25,15", "value": 25.1402}, "geometry": {"type": "Polygon", "coordinates": [[[25, 15], [26, 15], [26, 16], [25, 16], [25, 15]]]}}, {"type": "Feature", "id": "c26-15", "properties": {"id": "c26-15", "name": "cell 26,15", "value": 22.4105}, "geometry": {"type": "Polygon", "coordinates": [[[26, 15], [27, 15], [27, 16], [26, 16], [26, 15]]]}}, {"type": "Feature", "id": "c27-15", "properties": {"id": "c27-15", "name": "cell 27,15", "value": 19.6134}, "geometry": {"type": "Polygon", "coordinates": [[[27, 15], [28, 15], [28, 16], [27, 16], [27, 15]]]}}, {"type": "Feature", "id": "c28-15", "properties": {"id": "c28-15", "name": "cell 28,15", "value": 16.8613}, "geometry": {"type": "Polygon", "coordinates": [[[28, 15], [29, 15], [29, 16], [28, 16], [28, 15]]]}}, {"type": "Feature", "id": "c29-15", "properties": {"id": "c29-15", "name": "cell 29,15", "value": 14.2484}, "geometry": {"type": "Polygon", "coordinates": [[[29, 15], [30, 15], [30, 16], [29, 16], [29, 15]]]}}, {"type": "Feature", "id": "c30-15", "properties": {"id": "c30-15", "name": "cell 30,15", "value": 11.8469}, "geometry": {"type": "Polygon", "coordinates": [[[30, 15], [31, 15], [31, 16], [30, 16], [30, 15]]]}}, {"type": "Feature", "id": "c31-15", "properties": {"id": "c31-15", "name": "cell 31,15", "value": 9.7048}, "geometry": {"type": "Polygon", "coordinates": [[[31, 15], [32, 15], [32, 16], [31, 16], [31, 15]]]}}, {"type": "Feature", "id": "c32-15", "properties": {"id": "c32-15", "name": "cell 32,15", "value": 7.8475}, "geometry": {"type": "Polygon", "coordinates": [[[32, 15], [33, 15], [33, 16], [32, 16], [32, 15]]]}}, {"type": "Feature", "id": "c33-15", "properties": {"id": "c33-15", "name": "cell 33,15", "value": 6.2798}, "geometry": {"type": "Polygon", "coordinates": [[[33, 15], [34, 15], [34, 16], [33, 16], [33, 15]]]}}, {"type": "Feature", "id": "c34-15", "properties": {"id": "c34-15", "name": "cell 34,15", "value": 4.9904}, "geometry": {"type": "Polygon", "coordinates": [[[34, 15], [35, 15], [35, 16], [34, 16], [34, 15]]]}}, {"type": "Feature", "id": "c35-15", "properties": {"id": "c35-15", "name": "cell 35,15", "value": 3.9561}, "geometry": {"type": "Polygon", "coordinates": [[[35, 15], [36, 15], [36, 16], [35, 16], [35, 15]]]}}, {"type": "Feature", "id": "c36-15", "properties": {"id": "c36-15", "name": "cell 36,15", "value": 3.1466}, "geometry": {"type": "Polygon", "coordinates": [[[36, 15], [37, 15], [37, 16], [36, 16], [36, 15]]]}}, {"type": "Feature", "id": "c37-15", "properties": {"id": "c37-15", "name": "cell 37,15", "value": 2.5279}, "geometry": {"type": "Polygon", "coordinates": [[[37, 15], [38, 15], [38, 16], [37, 16], [37, 15]]]}}, {"type": "Feature", "id": "c38-15", "properties": {"id": "c38-15", "name": "cell 38,15", "value": 2.066}, "geometry": {"type": "Polygon", "coordinates": [[[38, 15], [39, 15], [39, 16], [38, 16], [38, 15]]]}}, {"type": "Feature", "id": "c39-15", "properties": {"id": "c39-15", "name": "cell 39,15", "value": 1.729}, "geometry": {"type": "Polygon", "coordinates": [[[39, 15], [40, 15], [40, 16], [39, 16], [39, 15]]]}}, {"type": "Feature", "id": "c0-16", "properties": {"id": "c0-16", "name": "cell 0,16", "value": 1.7897}, "geometry": {"type": "Polygon", "coordinates": [[[0, 16], [1, 16], [1, 17], [0, 17], [0, 16]]]}}, {"type": "Feature", "id": "c1-16", "properties": {"id": "c1-16", "name": "cell 1,16", "value": 2.1547}, "geometry": {"type": "Polygon", "coordinates": [[[1, 16], [2, 16], [2, 17], [1, 17], [1, 16]]]}}, {"type": "Feature", "id": "c2-16", "properties": {"id": "c2-16", "name": "cell 2,16", "value": 2.6551}, "geometry": {"type": "Polygon", "coordinates": [[[2, 16], [3, 16], [3, 17], [2, 17], [2, 16]]]}}, {"type": "Feature", "id": "c3-16", "properties": {"id": "c3-16", "name": "cell 3,16", "value": 3.3254}, "geometry": {"type": "Polygon", "coordinates": [[[3, 16], [4, 16], [4, 17], [3, 17], [3, 16]]]}}, {"type": "Feature", "id": "c4-16", "properties": {"id": "c4-16", "name": "cell 4,16", "value": 4.2023}, "geometry": {"type": "Polygon", "coordinates": [[[4, 16], [5, 16], [5, 17], [4, 17], [4, 16]]]}}, {"type": "Feature", "id": "c5-16", "properties": {"id": "c5-16", "name": "cell 5,16", "value": 5.3227}, "geometry": {"type": "Polygon", "coordinates": [[[5, 16], [6, 16], [6, 17], [5, 17], [5, 16]]]}}, {"type": "Feature", "id": "c6-16", "properties": {"id": "c6-16", "name": "cell 6,16", "value": 6.7195}, "geometry": {"type": "Polygon", "coordinates": [[[6, 16], [7, 16], [7, 17], [6, 17], [6, 16]]]}}, {"type": "Feature", "id": "c7-16", "properties": {"id": "c7-16", "name": "cell 7,16", "value": 8.4178}, "geometry": {"type": "Polygon", "coordinates": [[[7, 16], [8, 16], [8, 17], [7, 17], [7, 16]]]}}, {"type": "Feature", "id": "c8-16", "properties": {"id": "c8-16", "name": "cell 8,16", "value": 10.4298}, "geometry": {"type": "Polygon", "coordinates": [[[8, 16], [9, 16], [9, 17], [8, 17], [8, 16]]]}}, {"type": "Feature", "id": "c9-16", "properties": {"id": "c9-16", "name": "cell 9,16", "value": 12.7503}, "geometry": {"type": "Polygon", "coordinates": [[[9, 16], [10, 16], [10, 17], [9, 17], [9, 16]]]}}, {"type": "Feature", "id": "c10-16", "properties": {"id": "c10-16", "name": "cell 10,16", "value": 15.3519}, "geometry": {"type": "Polygon", "coordinates": [[[10, 16], [11, 16], [11, 17], [10, 17], [10, 16]]]}}, {"type": "Feature", "id": "c11-16", "properties": {"id": "c11-16", "name": "cell 11,16", "value": 18.1823}, "geometry": {"type": "Polygon", "coordinates": [[[11, 16], [12, 16], [12, 17], [11, 17], [11, 16]]]}}, {"type": "Feature", "id": "c12-16", "properties": {"id": "c12-16", "name": "cell 12,16", "value": 21.1636}, "geometry": {"type": "Polygon", "coordinates": [[[12, 16], [13, 16], [13, 17], [12, 17], [12, 16]]]}}, {"type": "Feature", "id": "c13-16", "properties": {"id": "c13-16", "name": "cell 13,16", "value": 24.1937}, "geometry": {"type": "Polygon", "coordinates": [[[13, 16], [14, 16], [14, 17], [13, 17], [13, 16]]]}}, {"type": "Feature", "id": "c14-16", "properties": {"id": "c14-16", "name": "cell 14,16", "value": 27.1508}, "geometry": {"type": "Polygon", "coordinates": [[[14, 16], [15, 16], [15, 17], [14, 17], [14, 16]]]}}, {"type": "Feature", "id": "c15-16", "properties": {"id": "c15-16", "name": "cell 15,16", "value": 29.9011}, "geometry": {"type": "Polygon", "coordinates": [[[15, 16], [16, 16], [16, 17], [15, 17], [15, 16]]]}}, {"type": "Feature", "id": "c16-16", "properties": {"id": "c16-16", "name": "cell 16,16", "value": 32.3082}, "geometry": {"type": "Polygon", "coordinates": [[[16, 16], [17, 16], [17, 17], [16, 17], [16, 16]]]}}, {"type": "Feature", "id": "c17-16", "properties": {"id": "c17-16", "name": "cell 17,16", "value": 34.2442}, "geometry": {"type": "Polygon", "coordinates": [[[17, 16], [18, 16], [18, 17], [17, 17], [17, 16]]]}}, {"type": "Feature", "id": "c18-16", "properties": {"id": "c18-16", "name": "cell 18,16", "value": 35.6009}, "geometry": {"type": "Polygon", "coordinates": [[[18, 16], [19, 16], [19, 17], [18, 17], [18, 16]]]}}, {"type": "Feature", "id": "c19-16", "properties": {"id": "c19-16", "name": "cell 19,16", "value": 36.2999}, "geometry": {"type": "Polygon", "coordinates": [[[19, 16], [20, 16], [20, 17], [19, 17], [19, 16]]]}}, {"type": "Feature", "id": "c20-16", "properties": {"id": "c20-16", "name": "cell 20,16", "value": 36.2999}, "geometry": {"type": "Polygon", "coordinates": [[[20, 16], [21, 16], [21, 17], [20, 17], [20, 16]]]}}, {"type": "Feature", "id": "c21-16", "properties": {"id": "c21-16", "name": "cell 21,16", "value": 35.6009}, "geometry": {"type": "Polygon", "coordinates": [[[21, 16], [22, 16], [22, 17], [21, 17], [21, 16]]]}}, {"type": "Feature", "id": "c22-16", "properties": {"id": "c22-16", "name": "cell 22,16", "value": 34.2442}, "geometry": {"type": "Polygon", "coordinates": [[[22, 16], [23, 16], [23, 17], [22, 17], [22, 16]]]}}, {"type": "Feature", "id": "c23-16", "properties": {"id": "c23-16", "name": "cell 23,16", "value": 32.3082}, "geometry": {"type": "Polygon", "coordinates": [[[23, 16], [24, 16], [24, 17], [23, 17], [23, 16]]]}}, {"type": "Feature", "id": "c24-16", "properties": {"id": "c24-16", "name": "cell 24,16", "value": 29.9011}, "geometry": {"type": "Polygon", "coordinates": [[[24, 16], [25, 16], [25, 17], [24, 17], [24, 16]]]}}, {"type": "Feature", "id": "c25-16", "properties": {"id": "c25-16", "name": "cell 25,16", "value": 27.1508}, "geometry": {"type": "Polygon", "coordinates": [[[25, 16], [26, 16], [26, 17], [25, 17], [25, 16]]]}}, {"type": "Feature", "id": "c26-16", "properties": {"id": "c26-16", "name": "cell 26,16", "value": 24.1937}, "geometry": {"type": "Polygon", "coordinates": [[[26, 16], [27, 16], [27, 17], [26, 17], [26, 16]]]}}, {"type": "Feature", "id": "c27-16", "properties": {"id": "c27-16", "name": "cell 27,16", "value": 21.1636}, "geometry": {"type": "Polygon", "coordinates": [[[27, 16], [28, 16], [28, 17], [27, 17], [27, 16]]]}}, {"type": "Feature", "id": "c28-16", "properties": {"id": "c28-16", "name": "cell 28,16", "value": 18.1823}, "geometry": {"type": "Polygon", "coordinates": [[[28, 16], [29, 16], [29, 17], [28, 17], [28, 16]]]}}, {"type": "Feature", "id": "c29-16", "properties": {"id": "c29-16", "name": "cell 29,16", "value": 15.3519}, "geometry": {"type": "Polygon", "coordinates": [[[29, 16], [30, 16], [30, 17], [29, 17], [29, 16]]]}}, {"type": "Feature", "id": "c30-16", "properties": {"id": "c30-16", "name": "cell 30,16", "value": 12.7503}, "geometry": {"type": "Polygon", "coordinates": [[[30, 16], [31, 16], [31, 17], [30, 17], [30, 16]]]}}, {"type": "Feature", "id": "c31-16", "properties": {"id": "c31-16", "name": "cell 31,16", "value": 10.4298}, "geometry": {"type": "Polygon", "coordinates": [[[31, 16], [32, 16], [32, 17], [31, 17], [31, 16]]]}}, {"type": "Feature", "id": "c32-16", "properties": {"id": "c32-16", "name": "cell 32,16", "value": 8.4178}, "geometry": {"type": "Polygon", "coordinates": [[[32, 16], [33, 16], [33, 17], [32, 17], [32, 16]]]}}, {"type": "Feature", "id": "c33-16", "properties": {"id": "c33-16", "name": "cell 33,16", "value": 6.7195}, "geometry": {"type": "Polygon", "coordinates": [[[33, 16], [34, 16], [34, 17], [33, 17], [33, 16]]]}}, {"type": "Feature", "id": "c34-16", "properties": {"id": "c34-16", "name": "cell 34,16", "value": 5.3227}, "geometry": {"type": "Polygon", "coordinates": [[[34, 16], [35, 16], [35, 17], [34, 17], [34, 16]]]}}, {"type": "Feature", "id": "c35-16", "properties": {"id": "c35-16", "name": "cell 35,16", "value": 4.2023}, "geometry": {"type": "Polygon", "coordinates": [[[35, 16], [36, 16], [36, 17], [35, 17], [35, 16]]]}}, {"type": "Feature", "id": "c36-16", "properties": {"id": "c36-16", "name": "cell 36,16", "value": 3.3254}, "geometry": {"type": "Polygon", "coordinates": [[[36, 16], [37, 16], [37, 17], [36, 17], [36, 16]]]}}, {"type": "Feature", "id": "c37-16", "properties": {"id": "c37-16", "name": "cell 37,16", "value": 2.6551}, "geometry": {"type": "Polygon", "coordinates": [[[37, 16], [38, 16], [38, 17], [37, 17], [37, 16]]]}}, {"type": "Feature", "id": "c38-16", "properties": {"id": "c38-16", "name": "cell 38,16", "value": 2.1547}, "geometry": {"type": "Polygon", "coordinates": [[[38, 16], [39, 16], [39, 17], [38, 17], [38, 16]]]}}, {"type": "Feature", "id": "c39-16", "properties": {"id": "c39-16", "name": "cell 39,16", "value": 1.7897}, "geometry": {"type": "Polygon", "coordinates": [[[39, 16], [40, 16], [40, 17], [39, 17], [39, 16]]]}}, {"type": "Feature", "id": "c0-17", "properties": {"id": "c0-17", "name": "cell 0,17", "value": 1.8385}, "geometry": {"type": "Polygon", "coordinates": [[[0, 17], [1, 17], [1, 18], [0, 18], [0, 17]]]}}, {"type": "Feature", "id": "c1-17", "properties": {"id": "c1-17", "name": "cell 1,17", "value": 2.2262}, "geometry": {"type": "Polygon", "coordinates": [[[1, 17], [2, 17], [2, 18], [1, 18], [1, 17]]]}}, {"type": "Feature", "id": "c2-17", "properties": {"id": "c2-17", "name": "cell 2,17", "value": 2.7575}, "geometry": {"type": "Polygon", "coordinates": [[[2, 17], [3, 17], [3, 18], [2, 18], [2, 17]]]}}, {"type": "Feature", "id": "c3-17", "properties": {"id": "c3-17", "name": "cell 3,17", "value": 3.4692}, "geometry": {"type": "Polygon", "coordinates": [[[3, 17], [4, 17], [4, 18], [3, 18], [3, 17]]]}}, {"type": "Feature", "id": "c4-17", "properties": {"id": "c4-17", "name": "cell 4,17", "value": 4.4004}, "geometry": {"type": "Polygon", "coordinates": [[[4, 17], [5, 17], [5, 18], [4, 18], [4, 17]]]}}, {"type": "Feature", "id": "c5-17", "properties": {"id": "c5-17", "name": "cell 5,17", "value": 5.59}, "geometry": {"type": "Polygon", "coordinates": [[[5, 17], [6, 17], [6, 18], [5, 18], [5, 17]]]}}, {"type": "Feature", "id": "c6-17", "properties": {"id": "c6-17", "name": "cell 6,17", "value": 7.0732}, "geometry": {"type": "Polygon", "coordinates": [[[6, 17], [7, 17], [7, 18], [6, 18], [6, 17]]]}}, {"type": "Feature", "id": "c7-17", "properties": {"id": "c7-17", "name": "cell 7,17", "value": 8.8765}, "geometry": {"type": "Polygon", "coordinates": [[[7, 17], [8, 17], [8, 18], [7, 18], [7, 17]]]}}, {"type": "Feature", "id": "c8-17", "properties": {"id": "c8-17", "name": "cell 8,17", "value": 11.013}, "geometry": {"type": "Polygon", "coordinates": [[[8, 17], [9, 17], [9, 18], [8, 18], [8, 17]]]}}, {"type": "Feature", "id": "c9-17", "properties": {"id": "c9-17", "name": "cell 9,17", "value": 13.4769}, "geometry": {"type": "Polygon", "coordinates": [[[9, 17], [10, 17], [10, 18], [9, 18], [9, 17]]]}}, {"type": "Feature", "id": "c10-17", "properties": {"id": "c10-17", "name": "cell 10,17", "value": 16.2393}, "geometry": {"type": "Polygon", "coordinates": [[[10, 17], [11, 17], [11, 18], [10, 18], [10, 17]]]}}, {"type": "Feature", "id": "c11-17", "properties": {"id": "c11-17", "name": "cell 11,17", "value": 19.2448}, "geometry": {"type": "Polygon", "coordinates": [[[11, 17], [12, 17], [12, 18], [11, 18], [11, 17]]]}}, {"type": "Feature", "id": "c12-17", "properties": {"id": "c12-17", "name": "cell 12,17", "value": 22.4105}, "geometry": {"type": "Polygon", "coordinates": [[[12, 17], [13, 17], [13, 18], [12, 18], [12, 17]]]}}, {"type": "Feature", "id": "c13-17", "properties": {"id": "c13-17", "name": "cell 13,17", "value": 25.6279}, "geometry": {"type": "Polygon", "coordinates": [[[13, 17], [14, 17], [14, 18], [13, 18], [13, 17]]]}}, {"type": "Feature", "id": "c14-17", "properties": {"id": "c14-17", "name": "cell 14,17", "value": 28.7679}, "geometry": {"type": "Polygon", "coordinates": [[[14, 17], [15, 17], [15, 18], [14, 18], [14, 17]]]}}, {"type": "Feature", "id": "c15-17", "properties": {"id": "c15-17", "name": "cell 15,17", "value": 31.6882}, "geometry": {"type": "Polygon", "coordinates": [[[15, 17], [16, 17], [16, 18], [15, 18], [15, 17]]]}}, {"type": "Feature", "id": "c16-17", "properties": {"id": "c16-17", "name": "cell 16,17", "value": 34.2442}, "geometry": {"type": "Polygon", "coordinates": [[[16, 17], [17, 17], [17, 18], [16, 18], [16, 17]]]}}, {"type": "Feature", "id": "c17-17", "properties": {"id": "c17-17", "name": "cell 17,17", "value": 36.2999}, "geometry": {"type": "Polygon", "coordinates": [[[17, 17], [18, 17], [18, 18], [17, 18], [17, 17]]]}}, {"type": "Feature", "id": "c18-17", "properties": {"id": "c18-17", "name": "cell 18,17", "value": 37.7405}, "geometry": {"type": "Polygon", "coordinates": [[[18, 17], [19, 17], [19, 18], [18, 18], [18, 17]]]}}, {"type": "Feature", "id": "c19-17", "properties": {"id": "c19-17", "name": "cell 19,17", "value": 38.4827}, "geometry": {"type": "Polygon", "coordinates": [[[19, 17], [20, 17], [20, 18], [19, 18], [19, 17]]]}}, {"type": "Feature", "id": "c20-17", "properties": {"id": "c20-17", "name": "cell 20,17", "value": 38.4827}, "geometry": {"type": "Polygon", "coordinates": [[[20, 17], [21, 17], [21, 18], [20, 18], [20, 17]]]}}, {"type": "Feature", "id": "c21-17", "properties": {"id": "c21-17", "name": "cell 21,17", "value": 37.7405}, "geometry": {"type": "Polygon", "coordinates": [[[21, 17], [22, 17], [22, 18], [21, 18], [21, 17]]]}}, {"type": "Feature", "id": "c22-17", "properties": {"id": "c22-17", "name": "cell 22,17", "value": 36.2999}, "geometry": {"type": "Polygon", "coordinates": [[[22, 17], [23, 17], [23, 18], [22, 18], [22, 17]]]}}, {"type": "Feature", "id": "c23-17", "properties": {"id": "c23-17", "name": "cell 23,17", "value": 34.2442}, "geometry": {"type": "Polygon", "coordinates": [[[23, 17], [24, 17], [24, 18], [23, 18], [23, 17]]]}}, {"type": "Feature", "id": "c24-17", "properties": {"id": "c24-17", "name": "cell 24,17", "value": 31.6882}, "geometry": {"type": "Polygon", "coordinates": [[[24, 17], [25, 17], [25, 18], [24, 18], [24, 17]]]}}, {"type": "Feature", "id": "c25-17", "properties": {"id": "c25-17", "name": "cell 25,17", "value": 28.7679}, "geometry": {"type": "Polygon", "coordinates": [[[25, 17], [26, 17], [26, 18], [25, 18], [25, 17]]]}}, {"type": "Feature", "id": "c26-17", "properties": {"id": "c26-17", "name": "cell 26,17", "value": 25.6279}, "geometry": {"type": "Polygon", "coordinates": [[[26, 17], [27, 17], [27, 18], [26, 18], [26, 17]]]}}, {"type": "Feature", "id": "c27-17", "properties": {"id": "c27-17", "name": "cell 27,17", "value": 22.4105}, "geometry": {"type": "Polygon", "coordinates": [[[27, 17], [28, 17], [28, 18], [27, 18], [27, 17]]]}}, {"type": "Feature", "id": "c28-17", "properties": {"id": "c28-17", "name": "cell 28,17", "value": 19.2448}, "geometry": {"type": "Polygon", "coordinates": [[[28, 17], [29, 17], [29, 18], [28, 18], [28, 17]]]}}, {"type": "Feature", "id": "c29-17", "properties": {"id": "c29-17", "name": "cell 29,17", "value": 16.2393}, "geometry": {"type": "Polygon", "coordinates": [[[29, 17], [30, 17], [30, 18], [29, 18], [29, 17]]]}}, {"type": "Feature", "id": "c30-17", "properties": {"id": "c30-17", "name": "cell 30,17", "value": 13.4769}, "geometry": {"type": "Polygon", "coordinates": [[[30, 17], [31, 17], [31, 18], [30, 18], [30, 17]]]}}, {"type": "Feature", "id": "c31-17", "properties": {"id": "c31-17", "name": "cell 31,17", "value": 11.013}, "geometry": {"type": "Polygon", "coordinates": [[[31, 17], [32, 17], [32, 18], [31, 18], [31, 17]]]}}, {"type": "Feature", "id": "c32-17", "properties": {"id": "c32-17", "name": "cell 32,17", "value": 8.8765}, "geometry": {"type": "Polygon", "coordinates": [[[32, 17], [33, 17], [33, 18], [32, 18], [32, 17]]]}}, {"type": "Feature", "id": "c33-17", "properties": {"id": "c33-17", "name": "cell 33,17", "value": 7.0732}, "geometry": {"type": "Polygon", "coordinates": [[[33, 17], [34, 17], [34, 18], [33, 18], [33, 17]]]}}, {"type": "Feature", "id": "c34-17", "properties": {"id": "c34-17", "name": "cell 34,17", "value": 5.59}, "geometry": {"type": "Polygon", "coordinates": [[[34, 17], [35, 17], [35, 18], [34, 18], [34, 17]]]}}, {"type": "Feature", "id": "c35-17", "properties": {"id": "c35-17", "name": "cell 35,17", "value": 4.4004}, "geometry": {"type": "Polygon", "coordinates": [[[35, 17], [36, 17], [36, 18], [35, 18], [35, 17]]]}}, {"type": "Feature", "id": "c36-17", "properties": {"id": "c36-17", "name": "cell 36,17", "value": 3.4692}, "geometry": {"type": "Polygon", "coordinates": [[[36, 17], [37, 17], [37, 18], [36, 18], [36, 17]]]}}, {"type": "Feature", "id": "c37-17", "properties": {"id": "c37-17", "name": "cell 37,17", "value": 2.7575}, "geometry": {"type": "Polygon", "coordinates": [[[37, 17], [38, 17], [38, 18], [37, 18], [37, 17]]]}}, {"type": "Feature", "id": "c38-17", "properties": {"id": "c38-17", "name": "cell 38,17", "value": 2.2262}, "geometry": {"type": "Polygon", "coordinates": [[[38, 17], [39, 17], [39, 18], [38, 18], [38, 17]]]}}, {"type": "Feature", "id": "c39-17", "properties": {"id": "c39-17", "name": "cell 39,17", "value": 1.8385}, "geometry": {"type": "Polygon", "coordinates": [[[39, 17], [40, 17], [40, 18], [39, 18], [39, 17]]]}}, {"type": "Feature", "id": "c0-18", "properties": {"id": "c0-18", "name": "cell 0,18", "value": 1.8727}, "geometry": {"type": "Polygon", "coordinates": [[[0, 18], [1, 18], [1, 19], [0, 19], [0, 18]]]}}, {"type": "Feature", "id": "c1-18", "properties": {"id": "c1-18", "name": "cell 1,18", "value": 2.2762}, "geometry": {"type": "Polygon", "coordinates": [[[1, 18], [2, 18], [2, 19], [1, 19], [1, 18]]]}}, {"type": "Feature", "id": "c2-18", "properties": {"id": "c2-18", "name": "cell 2,18", "value": 2.8292}, "geometry": {"type": "Polygon", "coordinates": [[[2, 18], [3, 18], [3, 19], [2, 19], [2, 18]]]}}, {"type": "Feature", "id": "c3-18", "properties": {"id": "c3-18", "name": "cell 3,18", "value": 3.5699}, "geometry": {"type": "Polygon", "coordinates": [[[3, 18], [4, 18], [4, 19], [3, 19], [3, 18]]]}}, {"type": "Feature", "id": "c4-18", "properties": {"id": "c4-18", "name": "cell 4,18", "value": 4.5391}, "geometry": {"type": "Polygon", "coordinates": [[[4, 18], [5, 18], [5, 19], [4, 19], [4, 18]]]}}, {"type": "Feature", "id": "c5-18", "properties": {"id": "c5-18", "name": "cell 5,18", "value": 5.7773}, "geometry": {"type": "Polygon", "coordinates": [[[5, 18], [6, 18], [6, 19], [5, 19], [5, 18]]]}}, {"type": "Feature", "id": "c6-18", "properties": {"id": "c6-18", "name": "cell 6,18", "value": 7.321}, "geometry": {"type": "Polygon", "coordinates": [[[6, 18], [7, 18], [7, 19], [6, 19], [6, 18]]]}}, {"type": "Feature", "id": "c7-18", "properties": {"id": "c7-18", "name": "cell 7,18", "value": 9.1979}, "geometry": {"type": "Polygon", "coordinates": [[[7, 18], [8, 18], [8, 19], [7, 19], [7, 18]]]}}, {"type": "Feature", "id": "c8-18", "properties": {"id": "c8-18", "name": "cell 8,18", "value": 11.4216}, "geometry": {"type": "Polygon", "coordinates": [[[8, 18], [9, 18], [9, 19], [8, 19], [8, 18]]]}}, {"type": "Feature", "id": "c9-18", "properties": {"id": "c9-18", "name": "cell 9,18", "value": 13.9861}, "geometry": {"type": "Polygon", "coordinates": [[[9, 18], [10, 18], [10, 19], [9, 19], [9, 18]]]}}, {"type": "Feature", "id": "c10-18", "properties": {"id": "c10-18", "name": "cell 10,18", "value": 16.8613}, "geometry": {"type": "Polygon", "coordinates": [[[10, 18], [11, 18], [11, 19], [10, 19], [10, 18]]]}}, {"type": "Feature", "id": "c11-18", "properties": {"id": "c11-18", "name": "cell 11,18", "value": 19.9894}, "geometry": {"type": "Polygon", "coordinates": [[[11, 18], [12, 18], [12, 19], [11, 19], [11, 18]]]}}, {"type": "Feature", "id": "c12-18", "properties": {"id": "c12-18", "name": "cell 12,18", "value": 23.2842}, "geometry": {"type": "Polygon", "coordinates": [[[12, 18], [13, 18], [13, 19], [12, 19], [12, 18]]]}}, {"type": "Feature", "id": "c13-18", "properties": {"id": "c13-18", "name": "cell 13,18", "value": 26.633}, "geometry": {"type": "Polygon", "coordinates": [[[13, 18], [14, 18], [14, 19], [13, 19], [13, 18]]]}}, {"type": "Feature", "id": "c14-18", "properties": {"id": "c14-18", "name": "cell 14,18", "value": 29.9011}, "geometry": {"type": "Polygon", "coordinates": [[[14, 18], [15, 18], [15, 19], [14, 19], [14, 18]]]}}, {"type": "Feature", "id": "c15-18", "properties": {"id": "c15-18", "name": "cell 15,18", "value": 32.9406}, "geometry": {"type": "Polygon", "coordinates": [[[15, 18], [16, 18], [16, 19], [15, 19], [15, 18]]]}}, {"type": "Feature", "id": "c16-18", "properties": {"id": "c16-18", "name": "cell 16,18", "value": 35.6009}, "geometry": {"type": "Polygon", "coordinates": [[[16, 18], [17, 18], [17, 19], [16, 19], [16, 18]]]}}, {"type": "Feature", "id": "c17-18", "properties": {"id": "c17-18", "name": "cell 17,18", "value": 37.7405}, "geometry": {"type": "Polygon", "coordinates": [[[17, 18], [18, 18], [18, 19], [17, 19], [17, 18]]]}}, {"type": "Feature", "id": "c18-18", "properties": {"id": "c18-18", "name": "cell 18,18", "value": 39.2399}, "geometry": {"type": "Polygon", "coordinates": [[[18, 18], [19, 18], [19, 19], [18, 19], [18, 18]]]}}, {"type": "Feature", "id": "c19-18", "properties": {"id": "c19-18", "name": "cell 19,18", "value": 40.0124}, "geometry": {"type": "Polygon", "coordinates": [[[19, 18], [20, 18], [20, 19], [19, 19], [19, 18]]]}}, {"type": "Feature", "id": "c20-18", "properties": {"id": "c20-18", "name": "cell 20,18", "value": 40.0124}, "geometry": {"type": "Polygon", "coordinates": [[[20, 18], [21, 18], [21, 19], [20, 19], [20, 18]]]}}, {"type": "Feature", "id": "c21-18", "properties": {"id": "c21-18", "name": "cell 21,18", "value": 39.2399}, "geometry": {"type": "Polygon", "coordinates": [[[21, 18], [22, 18], [22, 19], [21, 19], [21, 18]]]}}, {"type": "Feature", "id": "c22-18", "properties": {"id": "c22-18", "name": "cell 22,18", "value": 37.7405}, "geometry": {"type": "Polygon", "coordinates": [[[22, 18], [23, 18], [23, 19], [22, 19], [22, 18]]]}}, {"type": "Feature", "id": "c23-18", "properties": {"id": "c23-18", "name": "cell 23,18", "value": 35.6009}, "geometry": {"type": "Polygon", "coordinates": [[[23, 18], [24, 18], [24, 19], [23, 19], [23, 18]]]}}, {"type": "Feature", "id": "c24-18", "properties": {"id": "c24-18", "name": "cell 24,18", "value": 32.9406}, "geometry": {"type": "Polygon", "coordinates": [[[24, 18], [25, 18], [25, 19], [24, 19], [24, 18]]]}}, {"type": "Feature", "id": "c25-18", "properties": {"id": "c25-18", "name": "cell 25,18", "value": 29.9011}, "geometry": {"type": "Polygon", "coordinates": [[[25, 18], [26, 18], [26, 19], [25, 19], [25, 18]]]}}, {"type": "Feature", "id": "c26-18", "properties": {"id": "c26-18", "name": "cell 26,18", "value": 26.633}, "geometry": {"type": "Polygon", "coordinates": [[[26, 18], [27, 18], [27, 19], [26, 19], [26, 18]]]}}, {"type": "Feature", "id": "c27-18", "properties": {"id": "c27-18", "name": "cell 27,18", "value": 23.2842}, "geometry": {"type": "Polygon", "coordinates": [[[27, 18], [28, 18], [28, 19], [27, 19], [27, 18]]]}}, {"type": "Feature", "id": "c28-18", "properties": {"id": "c28-18", "name": "cell 28,18", "value": 19.9894}, "geometry": {"type": "Polygon", "coordinates": [[[28, 18], [29, 18], [29, 19], [28, 19], [28, 18]]]}}, {"type": "Feature", "id": "c29-18", "properties": {"id": "c29-18", "name": "cell 29,18", "value": 16.8613}, "geometry": {"type": "Polygon", "coordinates": [[[29, 18], [30, 18], [30, 19], [29, 19], [29, 18]]]}}, {"type": "Feature", "id": "c30-18", "properties": {"id": "c30-18", "name": "cell 30,18", "value": 13.9861}, "geometry": {"type": "Polygon", "coordinates": [[[30, 18], [31, 18], [31, 19], [30, 19], [30, 18]]]}}, {"type": "Feature", "id": "c31-18", "properties": {"id": "c31-18", "name": "cell 31,18", "value": 11.4216}, "geometry": {"type": "Polygon", "coordinates": [[[31, 18], [32, 18], [32, 19], [31, 19], [31, 18]]]}}, {"type": "Feature", "id": "c32-18", "properties": {"id": "c32-18", "name": "cell 32,18", "value": 9.1979}, "geometry": {"type": "Polygon", "coordinates": [[[32, 18], [33, 18], [33, 19], [32, 19], [32, 18]]]}}, {"type": "Feature", "id": "c33-18", "properties": {"id": "c33-18", "name": "cell 33,18", "value": 7.321}, "geometry": {"type": "Polygon", "coordinates": [[[33, 18], [34, 18], [34, 19], [33, 19], [33, 18]]]}}, {"type": "Feature", "id": "c34-18", "properties": {"id": "c34-18", "name": "cell 34,18", "value": 5.7773}, "geometry": {"type": "Polygon", "coordinates": [[[34, 18], [35, 18], [35, 19], [34, 19], [34, 18]]]}}, {"type": "Feature", "id": "c35-18", "properties": {"id": "c35-18", "name": "cell 35,18", "value": 4.5391}, "geometry": {"type": "Polygon", "coordinates": [[[35, 18], [36, 18], [36, 19], [35, 19], [35, 18]]]}}, {"type": "Feature", "id": "c36-18", "properties": {"id": "c36-18", "name": "cell 36,18", "value": 3.5699}, "geometry": {"type": "Polygon", "coordinates": [[[36, 18], [37, 18], [37, 19], [36, 19], [36, 18]]]}}, {"type": "Feature", "id": "c37-18", "properties": {"id": "c37-18", "name": "cell 37,18", "value": 2.8292}, "geometry": {"type": "Polygon", "coordinates": [[[37, 18], [38, 18], [38, 19], [37, 19], [37, 18]]]}}, {"type": "Feature", "id": "c38-18", "properties": {"id": "c38-18", "name": "cell 38,18", "value": 2.2762}, "geometry": {"type": "Polygon", "coordinates": [[[38, 18], [39, 18], [39, 19], [38, 19], [38, 18]]]}}, {"type": "Feature", "id": "c39-18", "properties": {"id": "c39-18", "name": "cell 39,18", "value": 1.8727}, "geometry": {"type": "Polygon", "coordinates": [[[39, 18], [40, 18], [40, 19], [39, 19], [39, 18]]]}}, {"type": "Feature", "id": "c0-19", "properties": {"id": "c0-19", "name": "cell 0,19", "value": 1.8904}, "geometry": {"type": "Polygon", "coordinates": [[[0, 19], [1, 19], [1, 20], [0, 20], [0, 19]]]}}, {"type": "Feature", "id": "c1-19", "properties": {"id": "c1-19", "name": "cell 1,19", "value": 2.302}, "geometry": {"type": "Polygon", "coordinates": [[[1, 19], [2, 19], [2, 20], [1, 20], [1, 19]]]}}, {"type": "Feature", "id": "c2-19", "properties": {"id": "c2-19", "name": "cell 2,19", "value": 2.8662}, "geometry": {"type": "Polygon", "coordinates": [[[2, 19], [3, 19], [3, 20], [2, 20], [2, 19]]]}}, {"type": "Feature", "id": "c3-19", "properties": {"id": "c3-19", "name": "cell 3,19", "value": 3.6218}, "geometry": {"type": "Polygon", "coordinates": [[[3, 19], [4, 19], [4, 20], [3, 20], [3, 19]]]}}, {"type": "Feature", "id": "c4-19", "properties": {"id": "c4-19", "name": "cell 4,19", "value": 4.6106}, "geometry": {"type": "Polygon", "coordinates": [[[4, 19], [5, 19], [5, 20], [4, 20], [4, 19]]]}}, {"type": "Feature", "id": "c5-19", "properties": {"id": "c5-19", "name": "cell 5,19", "value": 5.8738}, "geometry": {"type": "Polygon", "coordinates": [[[5, 19], [6, 19], [6, 20], [5, 20], [5, 19]]]}}, {"type": "Feature", "id": "c6-19", "properties": {"id": "c6-19", "name": "cell 6,19", "value": 7.4487}, "geometry": {"type": "Polygon", "coordinates": [[[6, 19], [7, 19], [7, 20], [6, 20], [6, 19]]]}}, {"type": "Feature", "id": "c7-19", "properties": {"id": "c7-19", "name": "cell 7,19", "value": 9.3635}, "geometry": {"type": "Polygon", "coordinates": [[[7, 19], [8, 19], [8, 20], [7, 20], [7, 19]]]}}, {"type": "Feature", "id": "c8-19", "properties": {"id": "c8-19", "name": "cell 8,19", "value": 11.6321}, "geometry": {"type": "Polygon", "coordinates": [[[8, 19], [9, 19], [9, 20], [8, 20], [8, 19]]]}}, {"type": "Feature", "id": "c9-19", "properties": {"id": "c9-19", "name": "cell 9,19", "value": 14.2484}, "geometry": {"type": "Polygon", "coordinates": [[[9, 19], [10, 19], [10, 20], [9, 20], [9, 19]]]}}, {"type": "Feature", "id": "c10-19", "properties": {"id": "c10-19", "name": "cell 10,19", "value": 17.1817}, "geometry": {"type": "Polygon", "coordinates": [[[10, 19], [11, 19], [11, 20], [10, 20], [10, 19]]]}}, {"type": "Feature", "id": "c11-19", "properties": {"id": "c11-19", "name": "cell 11,19", "value": 20.373}, "geometry": {"type": "Polygon", "coordinates": [[[11, 19], [12, 19], [12, 20], [11, 20], [11, 19]]]}}, {"type": "Feature", "id": "c12-19", "properties": {"id": "c12-19", "name": "cell 12,19", "value": 23.7344}, "geometry": {"type": "Polygon", "coordinates": [[[12, 19], [13, 19], [13, 20], [12, 20], [12, 19]]]}}, {"type": "Feature", "id": "c13-19", "properties": {"id": "c13-19", "name": "cell 13,19", "value": 27.1508}, "geometry": {"type": "Polygon", "coordinates": [[[13, 19], [14, 19], [14, 20], [13, 20], [13, 19]]]}}, {"type": "Feature", "id": "c14-19", "properties": {"id": "c14-19", "name": "cell 14,19", "value": 30.4849}, "geometry": {"type": "Polygon", "coordinates": [[[14, 19], [15, 19], [15, 20], [14, 20], [14, 19]]]}}, {"type": "Feature", "id": "c15-19", "properties": {"id": "c15-19", "name": "cell 15,19", "value": 33.5859}, "geometry": {"type": "Polygon", "coordinates": [[[15, 19], [16, 19], [16, 20], [15, 20], [15, 19]]]}}, {"type": "Feature", "id": "c16-19", "properties": {"id": "c16-19", "name": "cell 16,19", "value": 36.2999}, "geometry": {"type": "Polygon", "coordinates": [[[16, 19], [17, 19], [17, 20], [16, 20], [16, 19]]]}}, {"type": "Feature", "id": "c17-19", "properties": {"id": "c17-19", "name": "cell 17,19", "value": 38.4827}, "geometry": {"type": "Polygon", "coordinates": [[[17, 19], [18, 19], [18, 20], [17, 20], [17, 19]]]}}, {"type": "Feature", "id": "c18-19", "properties": {"id": "c18-19", "name": "cell 18,19", "value": 40.0124}, "geometry": {"type": "Polygon", "coordinates": [[[18, 19], [19, 19], [19, 20], [18, 20], [18, 19]]]}}, {"type": "Feature", "id": "c19-19", "properties": {"id": "c19-19", "name": "cell 19,19", "value": 40.8005}, "geometry": {"type": "Polygon", "coordinates": [[[19, 19], [20, 19], [20, 20], [19, 20], [19, 19]]]}}, {"type": "Feature", "id": "c20-19", "properties": {"id": "c20-19", "name": "cell 20,19", "value": 40.8005}, "geometry": {"type": "Polygon", "coordinates": [[[20, 19], [21, 19], [21, 20], [20, 20], [20, 19]]]}}, {"type": "Feature", "id": "c21-19", "properties": {"id": "c21-19", "name": "cell 21,19", "value": 40.0124}, "geometry": {"type": "Polygon", "coordinates": [[[21, 19], [22, 19], [22, 20], [21, 20], [21, 19]]]}}, {"type": "Feature", "id": "c22-19", "properties": {"id": "c22-19", "name": "cell 22,19", "value": 38.4827}, "geometry": {"type": "Polygon", "coordinates": [[[22, 19], [23, 19], [23, 20], [22, 20], [22, 19]]]}}, {"type": "Feature", "id": "c23-19", "properties": {"id": "c23-19", "name": "cell 23,19", "value": 36.2999}, "geometry": {"type": "Polygon", "coordinates": [[[23, 19], [24, 19], [24, 20], [23, 20], [23, 19]]]}}, {"type": "Feature", "id": "c24-19", "properties": {"id": "c24-19", "name": "cell 24,19", "value": 33.5859}, "geometry": {"type": "Polygon", "coordinates": [[[24, 19], [25, 19], [25, 20], [24, 20], [24, 19]]]}}, {"type": "Feature", "id": "c25-19", "properties": {"id": "c25-19", "name": "cell 25,19", "value": 30.4849}, "geometry": {"type": "Polygon", "coordinates": [[[25, 19], [26, 19], [26, 20], [25, 20], [25, 19]]]}}, {"type": "Feature", "id": "c26-19", "properties": {"id": "c26-19", "name": "cell 26,19", "value": 27.1508}, "geometry": {"type": "Polygon", "coordinates": [[[26, 19], [27, 19], [27, 20], [26, 20], [26, 19]]]}}, {"type": "Feature", "id": "c27-19", "properties": {"id": "c27-19", "name": "cell 27,19", "value": 23.7344}, "geometry": {"type": "Polygon", "coordinates": [[[27, 19], [28, 19], [28, 20], [27, 20], [27, 19]]]}}, {"type": "Feature", "id": "c28-19", "properties": {"id": "c28-19", "name": "cell 28,19", "value": 20.373}, "geometry": {"type": "Polygon", "coordinates": [[[28, 19], [29, 19], [29, 20], [28, 20], [28, 19]]]}}, {"type": "Feature", "id": "c29-19", "properties": {"id": "c29-19", "name": "cell 29,19", "value": 17.1817}, "geometry": {"type": "Polygon", "coordinates": [[[29, 19], [30, 19], [30, 20], [29, 20], [29, 19]]]}}, {"type": "Feature", "id": "c30-19", "properties": {"id": "c30-19", "name": "cell 30,19", "value": 14.2484}, "geometry": {"type": "Polygon", "coordinates": [[[30, 19], [31, 19], [31, 20], [30, 20], [30, 19]]]}}, {"type": "Feature", "id": "c31-19", "properties": {"id": "c31-19", "name": "cell 31,19", "value": 11.6321}, "geometry": {"type": "Polygon", "coordinates": [[[31, 19], [32, 19], [32, 20], [31, 20], [31, 19]]]}}, {"type": "Feature", "id": "c32-19", "properties": {"id": "c32-19", "name": "cell 32,19", "value": 9.3635}, "geometry": {"type": "Polygon", "coordinates": [[[32, 19], [33, 19], [33, 20], [32, 20], [32, 19]]]}}, {"type": "Feature", "id": "c33-19", "properties": {"id": "c33-19", "name": "cell 33,19", "value": 7.4487}, "geometry": {"type": "Polygon", "coordinates": [[[33, 19], [34, 19], [34, 20], [33, 20], [33, 19]]]}}, {"type": "Feature", "id": "c34-19", "properties": {"id": "c34-19", "name": "cell 34,19", "value": 5.8738}, "geometry": {"type": "Polygon", "coordinates": [[[34, 19], [35, 19], [35, 20], [34, 20], [34, 19]]]}}, {"type": "Feature", "id": "c35-19", "properties": {"id": "c35-19", "name": "cell 35,19", "value": 4.6106}, "geometry": {"type": "Polygon", "coordinates": [[[35, 19], [36, 19], [36, 20], [35, 20], [35, 19]]]}}, {"type": "Feature", "id": "c36-19", "properties": {"id": "c36-19", "name": "cell 36,19", "value": 3.6218}, "geometry": {"type": "Polygon", "coordinates": [[[36, 19], [37, 19], [37, 20], [36, 20], [36, 19]]]}}, {"type": "Feature", "id": "c37-19", "properties": {"id": "c37-19", "name": "cell 37,19", "value": 2.8662}, "geometry": {"type": "Polygon", "coordinates": [[[37, 19], [38, 19], [38, 20], [37, 20], [37, 19]]]}}, {"type": "Feature", "id": "c38-19", "properties": {"id": "c38-19", "name": "cell 38,19", "value": 2.302}, "geometry": {"type": "Polygon", "coordinates": [[[38, 19], [39, 19], [39, 20], [38, 20], [38, 19]]]}}, {"type": "Feature", "id": "c39-19", "properties": {"id": "c39-19", "name": "cell 39,19", "value": 1.8904}, "geometry": {"type": "Polygon", "coordinates": [[[39, 19], [40, 19], [40, 20], [39, 20], [39, 19]]]}}, {"type": "Feature", "id": "c0-20", "properties": {"id": "c0-20", "name": "cell 0,20", "value": 1.8904}, "geometry": {"type": "Polygon", "coordinates": [[[0, 20], [1, 20], [1, 21], [0, 21], [0, 20]]]}}, {"type": "Feature", "id": "c1-20", "properties": {"id": "c1-20", "name": "cell 1,20", "value": 2.302}, "geometry": {"type": "Polygon", "coordinates": [[[1, 20], [2, 20], [2, 21], [1, 21], [1, 20]]]}}, {"type": "Feature", "id": "c2-20", "properties": {"id": "c2-20", "name": "cell 2,20", "value": 2.8662}, "geometry": {"type": "Polygon", "coordinates": [[[2, 20], [3, 20], [3, 21], [2, 21], [2, 20]]]}}, {"type": "Feature", "id": "c3-20", "properties": {"id": "c3-20", "name": "cell 3,20", "value": 3.6218}, "geometry": {"type": "Polygon", "coordinates": [[[3, 20], [4, 20], [4, 21], [3, 21], [3, 20]]]}}, {"type": "Feature", "id": "c4-20", "properties": {"id": "c4-20", "name": "cell 4,20", "value": 4.6106}, "geometry": {"type": "Polygon", "coordinates": [[[4, 20], [5, 20], [5, 21], [4, 21], [4, 20]]]}}, {"type": "Feature", "id": "c5-20", "properties": {"id": "c5-20", "name": "cell 5,20", "value": 5.8738}, "geometry": {"type": "Polygon", "coordinates": [[[5, 20], [6, 20], [6, 21], [5, 21], [5, 20]]]}}, {"type": "Feature", "id": "c6-20", "properties": {"id": "c6-20", "name": "cell 6,20", "value": 7.4487}, "geometry": {"type": "Polygon", "coordinates": [[[6, 20], [7, 20], [7, 21], [6, 21], [6, 20]]]}}, {"type": "Feature", "id": "c7-20", "properties": {"id": "c7-20", "name": "cell 7,20", "value": 9.3635}, "geometry": {"type": "Polygon", "coordinates": [[[7, 20], [8, 20], [8, 21], [7, 21], [7, 20]]]}}, {"type": "Feature", "id": "c8-20", "properties": {"id": "c8-20", "name": "cell 8,20", "value": 11.6321}, "geometry": {"type": "Polygon", "coordinates": [[[8, 20], [9, 20], [9, 21], [8, 21], [8, 20]]]}}, {"type": "Feature", "id": "c9-20", "properties": {"id": "c9-20", "name": "cell 9,20", "value": 14.2484}, "geometry": {"type": "Polygon", "coordinates": [[[9, 20], [10, 20], [10, 21], [9, 21], [9, 20]]]}}, {"type": "Feature", "id": "c10-20", "properties": {"id": "c10-20", "name": "cell 10,20", "value": 17.1817}, "geometry": {"type": "Polygon", "coordinates": [[[10, 20], [11, 20], [11, 21], [10, 21], [10, 20]]]}}, {"type": "Feature", "id": "c11-20", "properties": {"id": "c11-20", "name": "cell 11,20", "value": 20.373}, "geometry": {"type": "Polygon", "coordinates": [[[11, 20], [12, 20], [12, 21], [11, 21], [11, 20]]]}}, {"type": "Feature", "id": "c12-20", "properties": {"id": "c12-20", "name": "cell 12,20", "value": 23.7344}, "geometry": {"type": "Polygon", "coordinates": [[[12, 20], [13, 20], [13, 21], [12, 21], [12, 20]]]}}, {"type": "Feature", "id": "c13-20", "properties": {"id": "c13-20", "name": "cell 13,20", "value": 27.1508}, "geometry": {"type": "Polygon", "coordinates": [[[13, 20], [14, 20], [14, 21], [13, 21], [13, 20]]]}}, {"type": "Feature", "id": "c14-20", "properties": {"id": "c14-20", "name": "cell 14,20", "value": 30.4849}, "geometry": {"type": "Polygon", "coordinates": [[[14, 20], [15, 20], [15, 21], [14, 21], [14, 20]]]}}, {"type": "Feature", "id": "c15-20", "properties": {"id": "c15-20", "name": "cell 15,20", "value": 33.5859}, "geometry": {"type": "Polygon", "coordinates": [[[15, 20], [16, 20], [16, 21], [15, 21], [15, 20]]]}}, {"type": "Feature", "id": "c16-20", "properties": {"id": "c16-20", "name": "cell 16,20", "value": 36.2999}, "geometry": {"type": "Polygon", "coordinates": [[[16, 20], [17, 20], [17, 21], [16, 21], [16, 20]]]}}, {"type": "Feature", "id": "c17-20", "properties": {"id": "c17-20", "name": "cell 17,20", "value": 38.4827}, "geometry": {"type": "Polygon", "coordinates": [[[17, 20], [18, 20], [18, 21], [17, 21], [17, 20]]]}}, {"type": "Feature", "id": "c18-20", "properties": {"id": "c18-20", "name": "cell 18,20", "value": 40.0124}, "geometry": {"type": "Polygon", "coordinates": [[[18, 20], [19, 20], [19, 21], [18, 21], [18, 20]]]}}, {"type": "Feature", "id": "c19-20", "properties": {"id": "c19-20", "name": "cell 19,20", "value": 40.8005}, "geometry": {"type": "Polygon", "coordinates": [[[19, 20], [20, 20], [20, 21], [19, 21], [19, 20]]]}}, {"type": "Feature", "id": "c20-20", "properties": {"id": "c20-20", "name": "cell 20,20", "value": 40.8005}, "geometry": {"type": "Polygon", "coordinates": [[[20, 20], [21, 20], [21, 21], [20, 21], [20, 20]]]}}, {"type": "Feature", "id": "c21-20", "properties": {"id": "c21-20", "name": "cell 21,20", "value": 40.0124}, "geometry": {"type": "Polygon", "coordinates": [[[21, 20], [22, 20], [22, 21], [21, 21], [21, 20]]]}}, {"type": "Feature", "id": "c22-20", "properties": {"id": "c22-20", "name": "cell 22,20", "value": 38.4827}, "geometry": {"type": "Polygon", "coordinates": [[[22, 20], [23, 20], [23, 21], [22, 21], [22, 20]]]}}, {"type": "Feature", "id": "c23-20", "properties": {"id": "c23-20", "name": "cell 23,20", "value": 36.2999}, "geometry": {"type": "Polygon", "coordinates": [[[23, 20], [24, 20], [24, 21], [23, 21], [23, 20]]]}}, {"type": "Feature", "id": "c24-20", "properties": {"id": "c24-20", "name": "cell 24,20", "value": 33.5859}, "geometry": {"type": "Polygon", "coordinates": [[[24, 20], [25, 20], [25, 21], [24, 21], [24, 20]]]}}, {"type": "Feature", "id": "c25-20", "properties": {"id": "c25-20", "name": "cell 25,20", "value": 30.4849}, "geometry": {"type": "Polygon", "coordinates": [[[25, 20], [26, 20], [26, 21], [25, 21], [25, 20]]]}}, {"type": "Feature", "id": "c26-20", "properties": {"id": "c26-20", "name": "cell 26,20", "value": 27.1508}, "geometry": {"type": "Polygon", "coordinates": [[[26, 20], [27, 20], [27, 21], [26, 21], [26, 20]]]}}, {"type": "Feature", "id": "c27-20", "properties": {"id": "c27-20", "name": "cell 27,20", "value": 23.7344}, "geometry": {"type": "Polygon", "coordinates": [[[27, 20], [28, 20], [28, 21], [27, 21], [27, 20]]]}}, {"type": "Feature", "id": "c28-20", "properties": {"id": "c28-20", "name": "cell 28,20", "value": 20.373}, "geometry": {"type": "Polygon", "coordinates": [[[28, 20], [29, 20], [29, 21], [28, 21], [28, 20]]]}}, {"type": "Feature", "id": "c29-20", "properties": {"id": "c29-20", "name": "cell 29,20", "value": 17.1817}, "geometry": {"type": "Polygon", "coordinates": [[[29, 20], [30, 20], [30, 21], [29, 21], [29, 20]]]}}, {"type": "Feature", "id": "c30-20", "properties": {"id": "c30-20", "name": "cell 30,20", "value": 14.2484}, "geometry": {"type": "Polygon", "coordinates": [[[30, 20], [31, 20], [31, 21], [30, 21], [30, 20]]]}}, {"type": "Feature", "id": "c31-20", "properties": {"id": "c31-20", "name": "cell 31,20", "value": 11.6321}, "geometry": {"type": "Polygon", "coordinates": [[[31, 20], [32, 20], [32, 21], [31, 21], [31, 20]]]}}, {"type": "Feature", "id": "c32-20", "properties": {"id": "c32-20", "name": "cell 32,20", "value": 9.3635}, "geometry": {"type": "Polygon", "coordinates": [[[32, 20], [33, 20], [33, 21], [32, 21], [32, 20]]]}}, {"type": "Feature", "id": "c33-20", "properties": {"id": "c33-20", "name": "cell 33,20", "value": 7.4487}, "geometry": {"type": "Polygon", "coordinates": [[[33, 20], [34, 20], [34, 21], [33, 21], [33, 20]]]}}, {"type": "Feature", "id": "c34-20", "properties": {"id": "c34-20", "name": "cell 34,20", "value": 5.8738}, "geometry": {"type": "Polygon", "coordinates": [[[34, 20], [35, 20], [35, 21], [34, 21], [34, 20]]]}}, {"type": "Feature", "id": "c35-20", "properties": {"id": "c35-20", "name": "cell 35,20", "value": 4.6106}, "geometry": {"type": "Polygon", "coordinates": [[[35, 20], [36, 20], [36, 21], [35, 21], [35, 20]]]}}, {"type": "Feature", "id": "c36-20", "properties": {"id": "c36-20", "name": "cell 36,20", "value": 3.6218}, "geometry": {"type": "Polygon", "coordinates": [[[36, 20], [37, 20], [37, 21], [36, 21], [36, 20]]]}}, {"type": "Feature", "id": "c37-20", "properties": {"id": "c37-20", "name": "cell 37,20", "value": 2.8662}, "geometry": {"type": "Polygon", "coordinates": [[[37, 20], [38, 20], [38, 21], [37, 21], [37, 20]]]}}, {"type": "Feature", "id": "c38-20", "properties": {"id": "c38-20", "name": "cell 38,20", "value": 2.302}, "geometry": {"type": "Polygon", "coordinates": [[[38, 20], [39, 20], [39, 21], [38, 21], [38, 20]]]}}, {"type": "Feature", "id": "c39-20", "properties": {"id": "c39-20", "name": "cell 39,20", "value": 1.8904}, "geometry": {"type": "Polygon", "coordinates": [[[39, 20], [40, 20], [40, 21], [39, 21], [39, 20]]]}}, {"type": "Feature", "id": "c0-21", "properties": {"id": "c0-21", "name": "cell 0,21", "value": 1.8727}, "geometry": {"type": "Polygon", "coordinates": [[[0, 21], [1, 21], [1, 22], [0, 22], [0, 21]]]}}, {"type": "Feature", "id": "c1-21", "properties": {"id": "c1-21", "name": "cell 1,21", "value": 2.2762}, "geometry": {"type": "Polygon", "coordinates": [[[1, 21], [2, 21], [2, 22], [1, 22], [1, 21]]]}}, {"type": "Feature", "id": "c2-21", "properties": {"id": "c2-21", "name": "cell 2,21", "value": 2.8292}, "geometry": {"type": "Polygon", "coordinates": [[[2, 21], [3, 21], [3, 22], [2, 22], [2, 21]]]}}, {"type": "Feature", "id": "c3-21", "properties": {"id": "c3-21", "name": "cell 3,21", "value": 3.5699}, "geometry": {"type": "Polygon", "coordinates": [[[3, 21], [4, 21], [4, 22], [3, 22], [3, 21]]]}}, {"type": "Feature", "id": "c4-21", "properties": {"id": "c4-21", "name": "cell 4,21", "value": 4.5391}, "geometry": {"type": "Polygon", "coordinates": [[[4, 21], [5, 21], [5, 22], [4, 22], [4, 21]]]}}, {"type": "Feature", "id": "c5-21", "properties": {"id": "c5-21", "name": "cell 5,21", "value": 5.7773}, "geometry": {"type": "Polygon", "coordinates": [[[5, 21], [6, 21], [6, 22], [5, 22], [5, 21]]]}}, {"type": "Feature", "id": "c6-21", "properties": {"id": "c6-21", "name": "cell 6,21", "value": 7.321}, "geometry": {"type": "Polygon", "coordinates": [[[6, 21], [7, 21], [7, 22], [6, 22], [6, 21]]]}}, {"type": "Feature", "id": "c7-21", "properties": {"id": "c7-21", "name": "cell 7,21", "value": 9.1979}, "geometry": {"type": "Polygon", "coordinates": [[[7, 21], [8, 21], [8, 22], [7, 22], [7, 21]]]}}, {"type": "Feature", "id": "c8-21", "properties": {"id": "c8-21", "name": "cell 8,21", "value": 11.4216}, "geometry": {"type": "Polygon", "coordinates": [[[8, 21], [9, 21], [9, 22], [8, 22], [8, 21]]]}}, {"type": "Feature", "id": "c9-21", "properties": {"id": "c9-21", "name": "cell 9,21", "value": 13.9861}, "geometry": {"type": "Polygon", "coordinates": [[[9, 21], [10, 21], [10, 22], [9, 22], [9, 21]]]}}, {"type": "Feature", "id": "c10-21", "properties": {"id": "c10-21", "name": "cell 10,21", "value": 16.8613}, "geometry": {"type": "Polygon", "coordinates": [[[10, 21], [11, 21], [11, 22], [10, 22], [10, 21]]]}}, {"type": "Feature", "id": "c11-21", "properties": {"id": "c11-21", "name": "cell 11,21", "value": 19.9894}, "geometry": {"type": "Polygon", "coordinates": [[[11, 21], [12, 21], [12, 22], [11, 22], [11, 21]]]}}, {"type": "Feature", "id": "c12-21", "properties": {"id": "c12-21", "name": "cell 12,21", "value": 23.2842}, "geometry": {"type": "Polygon", "coordinates": [[[12, 21], [13, 21], [13, 22], [12, 22], [12, 21]]]}}, {"type": "Feature", "id": "c13-21", "properties": {"id": "c13-21", "name": "cell 13,21", "value": 26.633}, "geometry": {"type": "Polygon", "coordinates": [[[13, 21], [14, 21], [14, 22], [13, 22], [13, 21]]]}}, {"type": "Feature", "id": "c14-21", "properties": {"id": "c14-21", "name": "cell 14,21", "value": 29.9011}, "geometry": {"type": "Polygon", "coordinates": [[[14, 21], [15, 21], [15, 22], [14, 22], [14, 21]]]}}, {"type": "Feature", "id": "c15-21", "properties": {"id": "c15-21", "name": "cell 15,21", "value": 32.9406}, "geometry": {"type": "Polygon", "coordinates": [[[15, 21], [16, 21], [16, 22], [15, 22], [15, 21]]]}}, {"type": "Feature", "id": "c16-21", "properties": {"id": "c16-21", "name": "cell 16,21", "value": 35.6009}, "geometry": {"type": "Polygon", "coordinates": [[[16, 21], [17, 21], [17, 22], [16, 22], [16, 21]]]}}, {"type": "Feature", "id": "c17-21", "properties": {"id": "c17-21", "name": "cell 17,21", "value": 37.7405}, "geometry": {"type": "Polygon", "coordinates": [[[17, 21], [18, 21], [18, 22], [17, 22], [17, 21]]]}}, {"type": "Feature", "id": "c18-21", "properties": {"id": "c18-21", "name": "cell 18,21", "value": 39.2399}, "geometry": {"type": "Polygon", "coordinates": [[[18, 21], [19, 21], [19, 22], [18, 22], [18, 21]]]}}, {"type": "Feature", "id": "c19-21", "properties": {"id": "c19-21", "name": "cell 19,21", "value": 40.0124}, "geometry": {"type": "Polygon", "coordinates": [[[19, 21], [20, 21], [20, 22], [19, 22], [19, 21]]]}}, {"type": "Feature", "id": "c20-21", "properties": {"id": "c20-21", "name": "cell 20,21", "value": 40.0124}, "geometry": {"type": "Polygon", "coordinates": [[[20, 21], [21, 21], [21, 22], [20, 22], [20, 21]]]}}, {"type": "Feature", "id": "c21-21", "properties": {"id": "c21-21", "name": "cell 21,21", "value": 39.2399}, "geometry": {"type": "Polygon", "coordinates": [[[21, 21], [22, 21], [22, 22], [21, 22], [21, 21]]]}}, {"type": "Feature", "id": "c22-21", "properties": {"id": "c22-21", "name": "cell 22,21", "value": 37.7405}, "geometry": {"type": "Polygon", "coordinates": [[[22, 21], [23, 21], [23, 22], [22, 22], [22, 21]]]}}, {"type": "Feature", "id": "c23-21", "properties": {"id": "c23-21", "name": "cell 23,21", "value": 35.6009}, "geometry": {"type": "Polygon", "coordinates": [[[23, 21], [24, 21], [24, 22], [23, 22], [23, 21]]]}}, {"type": "Feature", "id": "c24-21", "properties": {"id": "c24-21", "name": "cell 24,21", "value": 32.9406}, "geometry": {"type": "Polygon", "coordinates": [[[24, 21], [25, 21], [25, 22], [24, 22], [24, 21]]]}}, {"type": "Feature", "id": "c25-21", "properties": {"id": "c25-21", "name": "cell 25,21", "value": 29.9011}, "geometry": {"type": "Polygon", "coordinates": [[[25, 21], [26, 21], [26, 22], [25, 22], [25, 21]]]}}, {"type": "Feature", "id": "c26-21", "properties": {"id": "c26-21", "name": "cell 26,21", "value": 26.633}, "geometry": {"type": "Polygon", "coordinates": [[[26, 21], [27, 21], [27, 22], [26, 22], [26, 21]]]}}, {"type": "Feature", "id": "c27-21", "properties": {"id": "c27-21", "name": "cell 27,21", "value": 23.2842}, "geometry": {"type": "Polygon", "coordinates": [[[27, 21], [28, 21], [28, 22], [27, 22], [27, 21]]]}}, {"type": "Feature", "id": "c28-21", "properties": {"id": "c28-21", "name": "cell 28,21", "value": 19.9894}, "geometry": {"type": "Polygon", "coordinates": [[[28, 21], [29, 21], [29, 22], [28, 22], [28, 21]]]}}, {"type": "Feature", "id": "c29-21", "properties": {"id": "c29-21", "name": "cell 29,21", "value": 16.8613}, "geometry": {"type": "Polygon", "coordinates": [[[29, 21], [30, 21], [30, 22], [29, 22], [29, 21]]]}}, {"type": "Feature", "id": "c30-21", "properties": {"id": "c30-21", "name": "cell 30,21", "value": 13.9861}, "geometry": {"type": "Polygon", "coordinates": [[[30, 21], [31, 21], [31, 22], [30, 22], [30, 21]]]}}, {"type": "Feature", "id": "c31-21", "properties": {"id": "c31-21", "name": "cell 31,21", "value": 11.4216}, "geometry": {"type": "Polygon", "coordinates": [[[31, 21], [32, 21], [32, 22], [31, 22], [31, 21]]]}}, {"type": "Feature", "id": "c32-21", "properties": {"id": "c32-21", "name": "cell 32,21", "value": 9.1979}, "geometry": {"type": "Polygon", "coordinates": [[[32, 21], [33, 21], [33, 22], [32, 22], [32, 21]]]}}, {"type": "Feature", "id": "c33-21", "properties": {"id": "c33-21", "name": "cell 33,21", "value": 7.321}, "geometry": {"type": "Polygon", "coordinates": [[[33, 21], [34, 21], [34, 22], [33, 22], [33, 21]]]}}, {"type": "Feature", "id": "c34-21", "properties": {"id": "c34-21", "name": "cell 34,21", "value": 5.7773}, "geometry": {"type": "Polygon", "coordinates": [[[34, 21], [35, 21], [35, 22], [34, 22], [34, 21]]]}}, {"type": "Feature", "id": "c35-21", "properties": {"id": "c35-21", "name": "cell 35,21", "value": 4.5391}, "geometry": {"type": "Polygon", "coordinates": [[[35, 21], [36, 21], [36, 22], [35, 22], [35, 21]]]}}, {"type": "Feature", "id": "c36-21", "properties": {"id": "c36-21", "name": "cell 36,21", "value": 3.5699}, "geometry": {"type": "Polygon", "coordinates": [[[36, 21], [37, 21], [37, 22], [36, 22], [36, 21]]]}}, {"type": "Feature", "id": "c37-21", "properties": {"id": "c37-21", "name": "cell 37,21", "value": 2.8292}, "geometry": {"type": "Polygon", "coordinates": [[[37, 21], [38, 21], [38, 22], [37, 22], [37, 21]]]}}, {"type": "Feature", "id": "c38-21", "properties": {"id": "c38-21", "name": "cell 38,21", "value": 2.2762}, "geometry": {"type": "Polygon", "coordinates": [[[38, 21], [39, 21], [39, 22], [38, 22], [38, 21]]]}}, {"type": "Feature", "id": "c39-21", "properties": {"id": "c39-21", "name": "cell 39,21", "value": 1.8727}, "geometry": {"type": "Polygon", "coordinates": [[[39, 21], [40, 21], [40, 22], [39, 22], [39, 21]]]}}, {"type": "Feature", "id": "c0-22", "properties": {"id": "c0-22", "name": "cell 0,22", "value": 1.8385}, "geometry": {"type": "Polygon", "coordinates": [[[0, 22], [1, 22], [1, 23], [0, 23], [0, 22]]]}}, {"type": "Feature", "id": "c1-22", "properties": {"id": "c1-22", "name": "cell 1,22", "value": 2.2262}, "geometry": {"type": "Polygon", "coordinates": [[[1, 22], [2, 22], [2, 23], [1, 23], [1, 22]]]}}, {"type": "Feature", "id": "c2-22", "properties": {"id": "c2-22", "name": "cell 2,22", "value": 2.7575}, "geometry": {"type": "Polygon", "coordinates": [[[2, 22], [3, 22], [3, 23], [2, 23], [2, 22]]]}}, {"type": "Feature", "id": "c3-22", "properties": {"id": "c3-22", "name": "cell 3,22", "value": 3.4692}, "geometry": {"type": "Polygon", "coordinates": [[[3, 22], [4, 22], [4, 23], [3, 23], [3, 22]]]}}, {"type": "Feature", "id": "c4-22", "properties": {"id": "c4-22", "name": "cell 4,22", "value": 4.4004}, "geometry": {"type": "Polygon", "coordinates": [[[4, 22], [5, 22], [5, 23], [4, 23], [4, 22]]]}}, {"type": "Feature", "id": "c5-22", "properties": {"id": "c5-22", "name": "cell 5,22", "value": 5.59}, "geometry": {"type": "Polygon", "coordinates": [[[5, 22], [6, 22], [6, 23], [5, 23], [5, 22]]]}}, {"type": "Feature", "id": "c6-22", "properties": {"id": "c6-22", "name": "cell 6,22", "value": 7.0732}, "geometry": {"type": "Polygon", "coordinates": [[[6, 22], [7, 22], [7, 23], [6, 23], [6, 22]]]}}, {"type": "Feature", "id": "c7-22", "properties": {"id": "c7-22", "name": "cell 7,22", "value": 8.8765}, "geometry": {"type": "Polygon", "coordinates": [[[7, 22], [8, 22], [8, 23], [7, 23], [7, 22]]]}}, {"type": "Feature", "id": "c8-22", "properties": {"id": "c8-22", "name": "cell 8,22", "value": 11.013}, "geometry": {"type": "Polygon", "coordinates": [[[8, 22], [9, 22], [9, 23], [8, 23], [8, 22]]]}}, {"type": "Feature", "id": "c9-22", "properties": {"id": "c9-22", "name": "cell 9,22", "value": 13.4769}, "geometry": {"type": "Polygon", "coordinates": [[[9, 22], [10, 22], [10, 23], [9, 23], [9, 22]]]}}, {"type": "Feature", "id": "c10-22", "properties": {"id": "c10-22", "name": "cell 10,22", "value": 16.2393}, "geometry": {"type": "Polygon", "coordinates": [[[10, 22], [11, 22], [11, 23], [10, 23], [10, 22]]]}}, {"type": "Feature", "id": "c11-22", "properties": {"id": "c11-22", "name": "cell 11,22", "value": 19.2448}, "geometry": {"type": "Polygon", "coordinates": [[[11, 22], [12, 22], [12, 23], [11, 23], [11, 22]]]}}, {"type": "Feature", "id": "c12-22", "properties": {"id": "c12-22", "name": "cell 12,22", "value": 22.4105}, "geometry": {"type": "Polygon", "coordinates": [[[12, 22], [13, 22], [13, 23], [12, 23], [12, 22]]]}}, {"type": "Feature", "id": "c13-22", "properties": {"id": "c13-22", "name": "cell 13,22", "value": 25.6279}, "geometry": {"type": "Polygon", "coordinates": [[[13, 22], [14, 22], [14, 23], [13, 23], [13, 22]]]}}, {"type": "Feature", "id": "c14-22", "properties": {"id": "c14-22", "name": "cell 14,22", "value": 28.7679}, "geometry": {"type": "Polygon", "coordinates": [[[14, 22], [15, 22], [15, 23], [14, 23], [14, 22]]]}}, {"type": "Feature", "id": "c15-22", "properties": {"id": "c15-22", "name": "cell 15,22", "value": 31.6882}, "geometry": {"type": "Polygon", "coordinates": [[[15, 22], [16, 22], [16, 23], [15, 23], [15, 22]]]}}, {"type": "Feature", "id": "c16-22", "properties": {"id": "c16-22", "name": "cell 16,22", "value": 34.2442}, "geometry": {"type": "Polygon", "coordinates": [[[16, 22], [17, 22], [17, 23], [16, 23], [16, 22]]]}}, {"type": "Feature", "id": "c17-22", "properties": {"id": "c17-22", "name": "cell 17,22", "value": 36.2999}, "geometry": {"type": "Polygon", "coordinates": [[[17, 22], [18, 22], [18, 23], [17, 23], [17, 22]]]}}, {"type": "Feature", "id": "c18-22", "properties": {"id": "c18-22", "name": "cell 18,22", "value": 37.7405}, "geometry": {"type": "Polygon", "coordinates": [[[18, 22], [19, 22], [19, 23], [18, 23], [18, 22]]]}}, {"type": "Feature", "id": "c19-22", "properties": {"id": "c19-22", "name": "cell 19,22", "value": 38.4827}, "geometry": {"type": "Polygon", "coordinates": [[[19, 22], [20, 22], [20, 23], [19, 23], [19, 22]]]}}, {"type": "Feature", "id": "c20-22", "properties": {"id": "c20-22", "name": "cell 20,22", "value": 38.4827}, "geometry": {"type": "Polygon", "coordinates": [[[20, 22], [21, 22], [21, 23], [20, 23], [20, 22]]]}}, {"type": "Feature", "id": "c21-22", "properties": {"id": "c21-22", "name": "cell 21,22", "value": 37.7405}, "geometry": {"type": "Polygon", "coordinates": [[[21, 22], [22, 22], [22, 23], [21, 23], [21, 22]]]}}, {"type": "Feature", "id": "c22-22", "properties": {"id": "c22-22", "name": "cell 22,22", "value": 36.2999}, "geometry": {"type": "Polygon", "coordinates": [[[22, 22], [23, 22], [23, 23], [22, 23], [22, 22]]]}}, {"type": "Feature", "id": "c23-22", "properties": {"id": "c23-22", "name": "cell 23,22", "value": 34.2442}, "geometry": {"type": "Polygon", "coordinates": [[[23, 22], [24, 22], [24, 23], [23, 23], [23, 22]]]}}, {"type": "Feature", "id": "c24-22", "properties": {"id": "c24-22", "name": "cell 24,22", "value": 31.6882}, "geometry": {"type": "Polygon", "coordinates": [[[24, 22], [25, 22], [25, 23], [24, 23], [24, 22]]]}}, {"type": "Feature", "id": "c25-22", "properties": {"id": "c25-22", "name": "cell 25,22", "value": 28.7679}, "geometry": {"type": "Polygon", "coordinates": [[[25, 22], [26, 22], [26, 23], [25, 23], [25, 22]]]}}, {"type": "Feature", "id": "c26-22", "properties": {"id": "c26-22", "name": "cell 26,22", "value": 25.6279}, "geometry": {"type": "Polygon", "coordinates": [[[26, 22], [27, 22], [27, 23], [26, 23], [26, 22]]]}}, {"type": "Feature", "id": "c27-22", "properties": {"id": "c27-22", "name": "cell 27,22", "value": 22.4105}, "geometry": {"type": "Polygon", "coordinates": [[[27, 22], [28, 22], [28, 23], [27, 23], [27, 22]]]}}, {"type": "Feature", "id": "c28-22", "properties": {"id": "c28-22", "name": "cell 28,22", "value": 19.2448}, "geometry": {"type": "Polygon", "coordinates": [[[28, 22], [29, 22], [29, 23], [28, 23], [28, 22]]]}}, {"type": "Feature", "id": "c29-22", "properties": {"id": "c29-22", "name": "cell 29,22", "value": 16.2393}, "geometry": {"type": "Polygon", "coordinates": [[[29, 22], [30, 22], [30, 23], [29, 23], [29, 22]]]}}, {"type": "Feature", "id": "c30-22", "properties": {"id": "c30-22", "name": "cell 30,22", "value": 13.4769}, "geometry": {"type": "Polygon", "coordinates": [[[30, 22], [31, 22], [31, 23], [30, 23], [30, 22]]]}}, {"type": "Feature", "id": "c31-22", "properties": {"id": "c31-22", "name": "cell 31,22", "value": 11.013}, "geometry": {"type": "Polygon", "coordinates": [[[31, 22], [32, 22], [32, 23], [31, 23], [31, 22]]]}}, {"type": "Feature", "id": "c32-22", "properties": {"id": "c32-22", "name": "cell 32,22", "value": 8.8765}, "geometry": {"type": "Polygon", "coordinates": [[[32, 22], [33, 22], [33, 23], [32, 23], [32, 22]]]}}, {"type": "Feature", "id": "c33-22", "properties": {"id": "c33-22", "name": "cell 33,22", "value": 7.0732}, "geometry": {"type": "Polygon", "coordinates": [[[33, 22], [34, 22], [34, 23], [33, 23], [33, 22]]]}}, {"type": "Feature", "id": "c34-22", "properties": {"id": "c34-22", "name": "cell 34,22", "value": 5.59}, "geometry": {"type": "Polygon", "coordinates": [[[34, 22], [35, 22], [35, 23], [34, 23], [34, 22]]]}}, {"type": "Feature", "id": "c35-22", "properties": {"id": "c35-22", "name": "cell 35,22", "value": 4.4004}, "geometry": {"type": "Polygon", "coordinates": [[[35, 22], [36, 22], [36, 23], [35, 23], [35, 22]]]}}, {"type": "Feature", "id": "c36-22", "properties": {"id": "c36-22", "name": "cell 36,22", "value": 3.4692}, "geometry": {"type": "Polygon", "coordinates": [[[36, 22], [37, 22], [37, 23], [36, 23], [36, 22]]]}}, {"type": "Feature", "id": "c37-22", "properties": {"id": "c37-22", "name": "cell 37,22", "value": 2.7575}, "geometry": {"type": "Polygon", "coordinates": [[[37, 22], [38, 22], [38, 23], [37, 23], [37, 22]]]}}, {"type": "Feature", "id": "c38-22", "properties": {"id": "c38-22", "name": "cell 38,22", "value": 2.2262}, "geometry": {"type": "Polygon", "coordinates": [[[38, 22], [39, 22], [39, 23], [38, 23], [38, 22]]]}}, {"type": "Feature", "id": "c39-22", "properties": {"id": "c39-22", "name": "cell 39,22", "value": 1.8385}, "geometry": {"type": "Polygon", "coordinates": [[[39, 22], [40, 22], [40, 23], [39, 23], [39, 22]]]}}, {"type": "Feature", "id": "c0-23", "properties": {"id": "c0-23", "name": "cell 0,23", "value": 1.7897}, "geometry": {"type": "Polygon", "coordinates": [[[0, 23], [1, 23], [1, 24], [0, 24], [0, 23]]]}}, {"type": "Feature", "id": "c1-23", "properties": {"id": "c1-23", "name": "cell 1,23", "value": 2.1547}, "geometry": {"type": "Polygon", "coordinates": [[[1, 23], [2, 23], [2, 24], [1, 24], [1, 23]]]}}, {"type": "Feature", "id": "c2-23", "properties": {"id": "c2-23", "name": "cell 2,23", "value": 2.6551}, "geometry": {"type": "Polygon", "coordinates": [[[2, 23], [3, 23], [3, 24], [2, 24], [2, 23]]]}}, {"type": "Feature", "id": "c3-23", "properties": {"id": "c3-23", "name": "cell 3,23", "value": 3.3254}, "geometry": {"type": "Polygon", "coordinates": [[[3, 23], [4, 23], [4, 24], [3, 24], [3, 23]]]}}, {"type": "Feature", "id": "c4-23", "properties": {"id": "c4-23", "name": "cell 4,23", "value": 4.2023}, "geometry": {"type": "Polygon", "coordinates": [[[4, 23], [5, 23], [5, 24], [4, 24], [4, 23]]]}}, {"type": "Feature", "id": "c5-23", "properties": {"id": "c5-23", "name": "cell 5,23", "value": 5.3227}, "geometry": {"type": "Polygon", "coordinates": [[[5, 23], [6, 23], [6, 24], [5, 24], [5, 23]]]}}, {"type": "Feature", "id": "c6-23", "properties": {"id": "c6-23", "name": "cell 6,23", "value": 6.7195}, "geometry": {"type": "Polygon", "coordinates": [[[6, 23], [7, 23], [7, 24], [6, 24], [6, 23]]]}}, {"type": "Feature", "id": "c7-23", "properties": {"id": "c7-23", "name": "cell 7,23", "value": 8.4178}, "geometry": {"type": "Polygon", "coordinates": [[[7, 23], [8, 23], [8, 24], [7, 24], [7, 23]]]}}, {"type": "Feature", "id": "c8-23", "properties": {"id": "c8-23", "name": "cell 8,23", "value": 10.4298}, "geometry": {"type": "Polygon", "coordinates": [[[8, 23], [9, 23], [9, 24], [8, 24], [8, 23]]]}}, {"type": "Feature", "id": "c9-23", "properties": {"id": "c9-23", "name": "cell 9,23", "value": 12.7503}, "geometry": {"type": "Polygon", "coordinates": [[[9, 23], [10, 23], [10, 24], [9, 24], [9, 23]]]}}, {"type": "Feature", "id": "c10-23", "properties": {"id": "c10-23", "name": "cell 10,23", "value": 15.3519}, "geometry": {"type": "Polygon", "coordinates": [[[10, 23], [11, 23], [11, 24], [10, 24], [10, 23]]]}}, {"type": "Feature", "id": "c11-23", "properties": {"id": "c11-23", "name": "cell 11,23", "value": 18.1823}, "geometry": {"type": "Polygon", "coordinates": [[[11, 23], [12, 23], [12, 24], [11, 24], [11, 23]]]}}, {"type": "Feature", "id": "c12-23", "properties": {"id": "c12-23", "name": "cell 12,23", "value": 21.1636}, "geometry": {"type": "Polygon", "coordinates": [[[12, 23], [13, 23], [13, 24], [12, 24], [12, 23]]]}}, {"type": "Feature", "id": "c13-23", "properties": {"id": "c13-23", "name": "cell 13,23", "value": 24.1937}, "geometry": {"type": "Polygon", "coordinates": [[[13, 23], [14, 23], [14, 24], [13, 24], [13, 23]]]}}, {"type": "Feature", "id": "c14-23", "properties": {"id": "c14-23", "name": "cell 14,23", "value": 27.1508}, "geometry": {"type": "Polygon", "coordinates": [[[14, 23], [15, 23], [15, 24], [14, 24], [14, 23]]]}}, {"type": "Feature", "id": "c15-23", "properties": {"id": "c15-23", "name": "cell 15,23", "value": 29.9011}, "geometry": {"type": "Polygon", "coordinates": [[[15, 23], [16, 23], [16, 24], [15, 24], [15, 23]]]}}, {"type": "Feature", "id": "c16-23", "properties": {"id": "c16-23", "name": "cell 16,23", "value": 32.3082}, "geometry": {"type": "Polygon", "coordinates": [[[16, 23], [17, 23], [17, 24], [16, 24], [16, 23]]]}}, {"type": "Feature", "id": "c17-23", "properties": {"id": "c17-23", "name": "cell 17,23", "value": 34.2442}, "geometry": {"type": "Polygon", "coordinates": [[[17, 23], [18, 23], [18, 24], [17, 24], [17, 23]]]}}, {"type": "Feature", "id": "c18-23", "properties": {"id": "c18-23", "name": "cell 18,23", "value": 35.6009}, "geometry": {"type": "Polygon", "coordinates": [[[18, 23], [19, 23], [19, 24], [18, 24], [18, 23]]]}}, {"type": "Feature", "id": "c19-23", "properties": {"id": "c19-23", "name": "cell 19,23", "value": 36.2999}, "geometry": {"type": "Polygon", "coordinates": [[[19, 23], [20, 23], [20, 24], [19, 24], [19, 23]]]}}, {"type": "Feature", "id": "c20-23", "properties": {"id": "c20-23", "name": "cell 20,23", "value": 36.2999}, "geometry": {"type": "Polygon", "coordinates": [[[20, 23], [21, 23], [21, 24], [20, 24], [20, 23]]]}}, {"type": "Feature", "id": "c21-23", "properties": {"id": "c21-23", "name": "cell 21,23", "value": 35.6009}, "geometry": {"type": "Polygon", "coordinates": [[[21, 23], [22, 23], [22, 24], [21, 24], [21, 23]]]}}, {"type": "Feature", "id": "c22-23", "properties": {"id": "c22-23", "name": "cell 22,23", "value": 34.2442}, "geometry": {"type": "Polygon", "coordinates": [[[22, 23], [23, 23], [23, 24], [22, 24], [22, 23]]]}}, {"type": "Feature", "id": "c23-23", "properties": {"id": "c23-23", "name": "cell 23,23", "value": 32.3082}, "geometry": {"type": "Polygon", "coordinates": [[[23, 23], [24, 23], [24, 24], [23, 24], [23, 23]]]}}, {"type": "Feature", "id": "c24-23", "properties": {"id": "c24-23", "name": "cell 24,23", "value": 29.9011}, "geometry": {"type": "Polygon", "coordinates": [[[24, 23], [25, 23], [25, 24], [24, 24], [24, 23]]]}}, {"type": "Feature", "id": "c25-23", "properties": {"id": "c25-23", "name": "cell 25,23", "value": 27.1508}, "geometry": {"type": "Polygon", "coordinates": [[[25, 23], [26, 23], [26, 24], [25, 24], [25, 23]]]}}, {"type": "Feature", "id": "c26-23", "properties": {"id": "c26-23", "name": "cell 26,23", "value": 24.1937}, "geometry": {"type": "Polygon", "coordinates": [[[26, 23], [27, 23], [27, 24], [26, 24], [26, 23]]]}}, {"type": "Feature", "id": "c27-23", "properties": {"id": "c27-23", "name": "cell 27,23", "value": 21.1636}, "geometry": {"type": "Polygon", "coordinates": [[[27, 23], [28, 23], [28, 24], [27, 24], [27, 23]]]}}, {"type": "Feature", "id": "c28-23", "properties": {"id": "c28-23", "name": "cell 28,23", "value": 18.1823}, "geometry": {"type": "Polygon", "coordinates": [[[28, 23], [29, 23], [29, 24], [28, 24], [28, 23]]]}}, {"type": "Feature", "id": "c29-23", "properties": {"id": "c29-23", "name": "cell 29,23", "value": 15.3519}, "geometry": {"type": "Polygon", "coordinates": [[[29, 23], [30, 23], [30, 24], [29, 24], [29, 23]]]}}, {"type": "Feature", "id": "c30-23", "properties": {"id": "c30-23", "name": "cell 30,23", "value": 12.7503}, "geometry": {"type": "Polygon", "coordinates": [[[30, 23], [31, 23], [31, 24], [30, 24], [30, 23]]]}}, {"type": "Feature", "id": "c31-23", "properties": {"id": "c31-23", "name": "cell 31,23", "value": 10.4298}, "geometry": {"type": "Polygon", "coordinates": [[[31, 23], [32, 23], [32, 24], [31, 24], [31, 23]]]}}, {"type": "Feature", "id": "c32-23", "properties": {"id": "c32-23", "name": "cell 32,23", "value": 8.4178}, "geometry": {"type": "Polygon", "coordinates": [[[32, 23], [33, 23], [33, 24], [32, 24], [32, 23]]]}}, {"type": "Feature", "id": "c33-23", "properties": {"id": "c33-23", "name": "cell 33,23", "value": 6.7195}, "geometry": {"type": "Polygon", "coordinates": [[[33, 23], [34, 23], [34, 24], [33, 24], [33, 23]]]}}, {"type": "Feature", "id": "c34-23", "properties": {"id": "c34-23", "name": "cell 34,23", "value": 5.3227}, "geometry": {"type": "Polygon", "coordinates": [[[34, 23], [35, 23], [35, 24], [34, 24], [34, 23]]]}}, {"type": "Feature", "id": "c35-23", "properties": {"id": "c35-23", "name": "cell 35,23", "value": 4.2023}, "geometry": {"type": "Polygon", "coordinates": [[[35, 23], [36, 23], [36, 24], [35, 24], [35, 23]]]}}, {"type": "Feature", "id": "c36-23", "properties": {"id": "c36-23", "name": "cell 36,23", "value": 3.3254}, "geometry": {"type": "Polygon", "coordinates": [[[36, 23], [37, 23], [37, 24], [36, 24], [36, 23]]]}}, {"type": "Feature", "id": "c37-23", "properties": {"id": "c37-23", "name": "cell 37,23", "value": 2.6551}, "geometry": {"type": "Polygon", "coordinates": [[[37, 23], [38, 23], [38, 24], [37, 24], [37, 23]]]}}, {"type": "Feature", "id": "c38-23", "properties": {"id": "c38-23", "name": "cell 38,23", "value": 2.1547}, "geometry": {"type": "Polygon", "coordinates": [[[38, 23], [39, 23], [39, 24], [38, 24], [38, 23]]]}}, {"type": "Feature", "id": "c39-23", "properties": {"id": "c39-23", "name": "cell 39,23", "value": 1.7897}, "geometry": {"type": "Polygon", "coordinates": [[[39, 23], [40, 23], [40, 24], [39, 24], [39, 23]]]}}, {"type": "Feature", "id": "c0-24", "properties": {"id": "c0-24", "name": "cell 0,24", "value": 1.729}, "geometry": {"type": "Polygon", "coordinates": [[[0, 24], [1, 24], [1, 25], [0, 25], [0, 24]]]}}, {"type": "Feature", "id": "c1-24", "properties": {"id": "c1-24", "name": "cell 1,24", "value": 2.066}, "geometry": {"type": "Polygon", "coordinates": [[[1, 24], [2, 24], [2, 25], [1, 25], [1, 24]]]}}, {"type": "Feature", "id": "c2-24", "properties": {"id": "c2-24", "name": "cell 2,24", "value": 2.5279}, "geometry": {"type": "Polygon", "coordinates": [[[2, 24], [3, 24], [3, 25], [2, 25], [2, 24]]]}}, {"type": "Feature", "id": "c3-24", "properties": {"id": "c3-24", "name": "cell 3,24", "value": 3.1466}, "geometry": {"type": "Polygon", "coordinates": [[[3, 24], [4, 24], [4, 25], [3, 25], [3, 24]]]}}, {"type": "Feature", "id": "c4-24", "properties": {"id": "c4-24", "name": "cell 4,24", "value": 3.9561}, "geometry": {"type": "Polygon", "coordinates": [[[4, 24], [5, 24], [5, 25], [4, 25], [4, 24]]]}}, {"type": "Feature", "id": "c5-24", "properties": {"id": "c5-24", "name": "cell 5,24", "value": 4.9904}, "geometry": {"type": "Polygon", "coordinates": [[[5, 24], [6, 24], [6, 25], [5, 25], [5, 24]]]}}, {"type": "Feature", "id": "c6-24", "properties": {"id": "c6-24", "name": "cell 6,24", "value": 6.2798}, "geometry": {"type": "Polygon", "coordinates": [[[6, 24], [7, 24], [7, 25], [6, 25], [6, 24]]]}}, {"type": "Feature", "id": "c7-24", "properties": {"id": "c7-24", "name": "cell 7,24", "value": 7.8475}, "geometry": {"type": "Polygon", "coordinates": [[[7, 24], [8, 24], [8, 25], [7, 25], [7, 24]]]}}, {"type": "Feature", "id": "c8-24", "properties": {"id": "c8-24", "name": "cell 8,24", "value": 9.7048}, "geometry": {"type": "Polygon", "coordinates": [[[8, 24], [9, 24], [9, 25], [8, 25], [8, 24]]]}}, {"type": "Feature", "id": "c9-24", "properties": {"id": "c9-24", "name": "cell 9,24", "value": 11.8469}, "geometry": {"type": "Polygon", "coordinates": [[[9, 24], [10, 24], [10, 25], [9, 25], [9, 24]]]}}, {"type": "Feature", "id": "c10-24", "properties": {"id": "c10-24", "name": "cell 10,24", "value": 14.2484}, "geometry": {"type": "Polygon", "coordinates": [[[10, 24], [11, 24], [11, 25], [10, 25], [10, 24]]]}}, {"type": "Feature", "id": "c11-24", "properties": {"id": "c11-24", "name": "cell 11,24", "value": 16.8613}, "geometry": {"type": "Polygon", "coordinates": [[[11, 24], [12, 24], [12, 25], [11, 25], [11, 24]]]}}, {"type": "Feature", "id": "c12-24", "properties": {"id": "c12-24", "name": "cell 12,24", "value": 19.6134}, "geometry": {"type": "Polygon", "coordinates": [[[12, 24], [13, 24], [13, 25], [12, 25], [12, 24]]]}}, {"type": "Feature", "id": "c13-24", "properties": {"id": "c13-24", "name": "cell 13,24", "value": 22.4105}, "geometry": {"type": "Polygon", "coordinates": [[[13, 24], [14, 24], [14, 25], [13, 25], [13, 24]]]}}, {"type": "Feature", "id": "c14-24", "properties": {"id": "c14-24", "name": "cell 14,24", "value": 25.1402}, "geometry": {"type": "Polygon", "coordinates": [[[14, 24], [15, 24], [15, 25], [14, 25], [14, 24]]]}}, {"type": "Feature", "id": "c15-24", "properties": {"id": "c15-24", "name": "cell 15,24", "value": 27.6791}, "geometry": {"type": "Polygon", "coordinates": [[[15, 24], [16, 24], [16, 25], [15, 25], [15, 24]]]}}, {"type": "Feature", "id": "c16-24", "properties": {"id": "c16-24", "name": "cell 16,24", "value": 29.9011}, "geometry": {"type": "Polygon", "coordinates": [[[16, 24], [17, 24], [17, 25], [16, 25], [16, 24]]]}}, {"type": "Feature", "id": "c17-24", "properties": {"id": "c17-24", "name": "cell 17,24", "value": 31.6882}, "geometry": {"type": "Polygon", "coordinates": [[[17, 24], [18, 24], [18, 25], [17, 25], [17, 24]]]}}, {"type": "Feature", "id": "c18-24", "properties": {"id": "c18-24", "name": "cell 18,24", "value": 32.9406}, "geometry": {"type": "Polygon", "coordinates": [[[18, 24], [19, 24], [19, 25], [18, 25], [18, 24]]]}}, {"type": "Feature", "id": "c19-24", "properties": {"id": "c19-24", "name": "cell 19,24", "value": 33.5859}, "geometry": {"type": "Polygon", "coordinates": [[[19, 24], [20, 24], [20, 25], [19, 25], [19, 24]]]}}, {"type": "Feature", "id": "c20-24", "properties": {"id": "c20-24", "name": "cell 20,24", "value": 33.5859}, "geometry": {"type": "Polygon", "coordinates": [[[20, 24], [21, 24], [21, 25], [20, 25], [20, 24]]]}}, {"type": "Feature", "id": "c21-24", "properties": {"id": "c21-24", "name": "cell 21,24", "value": 32.9406}, "geometry": {"type": "Polygon", "coordinates": [[[21, 24], [22, 24], [22, 25], [21, 25], [21, 24]]]}}, {"type": "Feature", "id": "c22-24", "properties": {"id": "c22-24", "name": "cell 22,24", "value": 31.6882}, "geometry": {"type": "Polygon", "coordinates": [[[22, 24], [23, 24], [23, 25], [22, 25], [22, 24]]]}}, {"type": "Feature", "id": "c23-24", "properties": {"id": "c23-24", "name": "cell 23,24", "value": 29.9011}, "geometry": {"type": "Polygon", "coordinates": [[[23, 24], [24, 24], [24, 25], [23, 25], [23, 24]]]}}, {"type": "Feature", "id": "c24-24", "properties": {"id": "c24-24", "name": "cell 24,24", "value": 27.6791}, "geometry": {"type": "Polygon", "coordinates": [[[24, 24], [25, 24], [25, 25], [24, 25], [24, 24]]]}}, {"type": "Feature", "id": "c25-24", "properties": {"id": "c25-24", "name": "cell 25,24", "value": 25.1402}, "geometry": {"type": "Polygon", "coordinates": [[[25, 24], [26, 24], [26, 25], [25, 25], [25, 24]]]}}, {"type": "Feature", "id": "c26-24", "properties": {"id": "c26-24", "name": "cell 26,24", "value": 22.4105}, "geometry": {"type": "Polygon", "coordinates": [[[26, 24], [27, 24], [27, 25], [26, 25], [26, 24]]]}}, {"type": "Feature", "id": "c27-24", "properties": {"id": "c27-24", "name": "cell 27,24", "value": 19.6134}, "geometry": {"type": "Polygon", "coordinates": [[[27, 24], [28, 24], [28, 25], [27, 25], [27, 24]]]}}, {"type": "Feature", "id": "c28-24", "properties": {"id": "c28-24", "name": "cell 28,24", "value": 16.8613}, "geometry": {"type": "Polygon", "coordinates": [[[28, 24], [29, 24], [29, 25], [28, 25], [28, 24]]]}}, {"type": "Feature", "id": "c29-24", "properties": {"id": "c29-24", "name": "cell 29,24", "value": 14.2484}, "geometry": {"type": "Polygon", "coordinates": [[[29, 24], [30, 24], [30, 25], [29, 25], [29, 24]]]}}, {"type": "Feature", "id": "c30-24", "properties": {"id": "c30-24", "name": "cell 30,24", "value": 11.8469}, "geometry": {"type": "Polygon", "coordinates": [[[30, 24], [31, 24], [31, 25], [30, 25], [30, 24]]]}}, {"type": "Feature", "id": "c31-24", "properties": {"id": "c31-24", "name": "cell 31,24", "value": 9.7048}, "geometry": {"type": "Polygon", "coordinates": [[[31, 24], [32, 24], [32, 25], [31, 25], [31, 24]]]}}, {"type": "Feature", "id": "c32-24", "properties": {"id": "c32-24", "name": "cell 32,24", "value": 7.8475}, "geometry": {"type": "Polygon", "coordinates": [[[32, 24], [33, 24], [33, 25], [32, 25], [32, 24]]]}}, {"type": "Feature", "id": "c33-24", "properties": {"id": "c33-24", "name": "cell 33,24", "value": 6.2798}, "geometry": {"type": "Polygon", "coordinates": [[[33, 24], [34, 24], [34, 25], [33, 25], [33, 24]]]}}, {"type": "Feature", "id": "c34-24", "properties": {"id": "c34-24", "name": "cell 34,24", "value": 4.9904}, "geometry": {"type": "Polygon", "coordinates": [[[34, 24], [35, 24], [35, 25], [34, 25], [34, 24]]]}}, {"type": "Feature", "id": "c35-24", "properties": {"id": "c35-24", "name": "cell 35,24", "value": 3.9561}, "geometry": {"type": "Polygon", "coordinates": [[[35, 24], [36, 24], [36, 25], [35, 25], [35, 24]]]}}, {"type": "Feature", "id": "c36-24", "properties": {"id": "c36-24", "name": "cell 36,24", "value": 3.1466}, "geometry": {"type": "Polygon", "coordinates": [[[36, 24], [37, 24], [37, 25], [36, 25], [36, 24]]]}}, {"type": "Feature", "id": "c37-24", "properties": {"id": "c37-24", "name": "cell 37,24", "value": 2.5279}, "geometry": {"type": "Polygon", "coordinates": [[[37, 24], [38, 24], [38, 25], [37, 25], [37, 24]]]}}, {"type": "Feature", "id": "c38-24", "properties": {"id": "c38-24", "name": "cell 38,24", "value": 2.066}, "geometry": {"type": "Polygon", "coordinates": [[[38, 24], [39, 24], [39, 25], [38, 25], [38, 24]]]}}, {"type": "Feature", "id": "c39-24", "properties": {"id": "c39-24", "name": "cell 39,24", "value": 1.729}, "geometry": {"type": "Polygon", "coordinates": [[[39, 24], [40, 24], [40, 25], [39, 25], [39, 24]]]}}, {"type": "Feature", "id": "c0-25", "properties": {"id": "c0-25", "name": "cell 0,25", "value": 1.6596}, "geometry": {"type": "Polygon", "coordinates": [[[0, 25], [1, 25], [1, 26], [0, 26], [0, 25]]]}}, {"type": "Feature", "id": "c1-25", "properties": {"id": "c1-25", "name": "cell 1,25", "value": 1.9645}, "geometry": {"type": "Polygon", "coordinates": [[[1, 25], [2, 25], [2, 26], [1, 26], [1, 25]]]}}, {"type": "Feature", "id": "c2-25", "properties": {"id": "c2-25", "name": "cell 2,25", "value": 2.3825}, "geometry": {"type": "Polygon", "coordinates": [[[2, 25], [3, 25], [3, 26], [2, 26], [2, 25]]]}}, {"type": "Feature", "id": "c3-25", "properties": {"id": "c3-25", "name": "cell 3,25", "value": 2.9423}, "geometry": {"type": "Polygon", "coordinates": [[[3, 25], [4, 25], [4, 26], [3, 26], [3, 25]]]}}, {"type": "Feature", "id": "c4-25", "properties": {"id": "c4-25", "name": "cell 4,25", "value": 3.6748}, "geometry": {"type": "Polygon", "coordinates": [[[4, 25], [5, 25], [5, 26], [4, 26], [4, 25]]]}}, {"type": "Feature", "id": "c5-25", "properties": {"id": "c5-25", "name": "cell 5,25", "value": 4.6106}, "geometry": {"type": "Polygon", "coordinates": [[[5, 25], [6, 25], [6, 26], [5, 26], [5, 25]]]}}, {"type": "Feature", "id": "c6-25", "properties": {"id": "c6-25", "name": "cell 6,25", "value": 5.7773}, "geometry": {"type": "Polygon", "coordinates": [[[6, 25], [7, 25], [7, 26], [6, 26], [6, 25]]]}}, {"type": "Feature", "id": "c7-25", "properties": {"id": "c7-25", "name": "cell 7,25", "value": 7.1958}, "geometry": {"type": "Polygon", "coordinates": [[[7, 25], [8, 25], [8, 26], [7, 26], [7, 25]]]}}, {"type": "Feature", "id": "c8-25", "properties": {"id": "c8-25", "name": "cell 8,25", "value": 8.8765}, "geometry": {"type": "Polygon", "coordinates": [[[8, 25], [9, 25], [9, 26], [8, 26], [8, 25]]]}}, {"type": "Feature", "id": "c9-25", "properties": {"id": "c9-25", "name": "cell 9,25", "value": 10.8147}, "geometry": {"type": "Polygon", "coordinates": [[[9, 25], [10, 25], [10, 26], [9, 26], [9, 25]]]}}, {"type": "Feature", "id": "c10-25", "properties": {"id": "c10-25", "name": "cell 10,25", "value": 12.9877}, "geometry": {"type": "Polygon", "coordinates": [[[10, 25], [11, 25], [11, 26], [10, 26], [10, 25]]]}}, {"type": "Feature", "id": "c11-25", "properties": {"id": "c11-25", "name": "cell 11,25", "value": 15.3519}, "geometry": {"type": "Polygon", "coordinates": [[[11, 25], [12, 25], [12, 26], [11, 26], [11, 25]]]}}, {"type": "Feature", "id": "c12-25", "properties": {"id": "c12-25", "name": "cell 12,25", "value": 17.8421}, "geometry": {"type": "Polygon", "coordinates": [[[12, 25], [13, 25], [13, 26], [12, 26], [12, 25]]]}}, {"type": "Feature", "id": "c13-25", "properties": {"id": "c13-25", "name": "cell 13,25", "value": 20.373}, "geometry": {"type": "Polygon", "coordinates": [[[13, 25], [14, 25], [14, 26], [13, 26], [13, 25]]]}}, {"type": "Feature", "id": "c14-25", "properties": {"id": "c14-25", "name": "cell 14,25", "value": 22.843}, "geometry": {"type": "Polygon", "coordinates": [[[14, 25], [15, 25], [15, 26], [14, 26], [14, 25]]]}}, {"type": "Feature", "id": "c15-25", "properties": {"id": "c15-25", "name": "cell 15,25", "value": 25.1402}, "geometry": {"type": "Polygon", "coordinates": [[[15, 25], [16, 25], [16, 26], [15, 26], [15, 25]]]}}, {"type": "Feature", "id": "c16-25", "properties": {"id": "c16-25", "name": "cell 16,25", "value": 27.1508}, "geometry": {"type": "Polygon", "coordinates": [[[16, 25], [17, 25], [17, 26], [16, 26], [16, 25]]]}}, {"type": "Feature", "id": "c17-25", "properties": {"id": "c17-25", "name": "cell 17,25", "value": 28.7679}, "geometry": {"type": "Polygon", "coordinates": [[[17, 25], [18, 25], [18, 26], [17, 26], [17, 25]]]}}, {"type": "Feature", "id": "c18-25", "properties": {"id": "c18-25", "name": "cell 18,25", "value": 29.9011}, "geometry": {"type": "Polygon", "coordinates": [[[18, 25], [19, 25], [19, 26], [18, 26], [18, 25]]]}}, {"type": "Feature", "id": "c19-25", "properties": {"id": "c19-25", "name": "cell 19,25", "value": 30.4849}, "geometry": {"type": "Polygon", "coordinates": [[[19, 25], [20, 25], [20, 26], [19, 26], [19, 25]]]}}, {"type": "Feature", "id": "c20-25", "properties": {"id": "c20-25", "name": "cell 20,25", "value": 30.4849}, "geometry": {"type": "Polygon", "coordinates": [[[20, 25], [21, 25], [21, 26], [20, 26], [20, 25]]]}}, {"type": "Feature", "id": "c21-25", "properties": {"id": "c21-25", "name": "cell 21,25", "value": 29.9011}, "geometry": {"type": "Polygon", "coordinates": [[[21, 25], [22, 25], [22, 26], [21, 26], [21, 25]]]}}, {"type": "Feature", "id": "c22-25", "properties": {"id": "c22-25", "name": "cell 22,25", "value": 28.7679}, "geometry": {"type": "Polygon", "coordinates": [[[22, 25], [23, 25], [23, 26], [22, 26], [22, 25]]]}}, {"type": "Feature", "id": "c23-25", "properties": {"id": "c23-25", "name": "cell 23,25", "value": 27.1508}, "geometry": {"type": "Polygon", "coordinates": [[[23, 25], [24, 25], [24, 26], [23, 26], [23, 25]]]}}, {"type": "Feature", "id": "c24-25", "properties": {"id": "c24-25", "name": "cell 24,25", "value": 25.1402}, "geometry": {"type": "Polygon", "coordinates": [[[24, 25], [25, 25], [25, 26], [24, 26], [24, 25]]]}}, {"type": "Feature", "id": "c25-25", "properties": {"id": "c25-25", "name": "cell 25,25", "value": 22.843}, "geometry": {"type": "Polygon", "coordinates": [[[25, 25], [26, 25], [26, 26], [25, 26], [25, 25]]]}}, {"type": "Feature", "id": "c26-25", "properties": {"id": "c26-25", "name": "cell 26,25", "value": 20.373}, "geometry": {"type": "Polygon", "coordinates": [[[26, 25], [27, 25], [27, 26], [26, 26], [26, 25]]]}}, {"type": "Feature", "id": "c27-25", "properties": {"id": "c27-25", "name": "cell 27,25", "value": 17.8421}, "geometry": {"type": "Polygon", "coordinates": [[[27, 25], [28, 25], [28, 26], [27, 26], [27, 25]]]}}, {"type": "Feature", "id": "c28-25", "properties": {"id": "c28-25", "name": "cell 28,25", "value": 15.3519}, "geometry": {"type": "Polygon", "coordinates": [[[28, 25], [29, 25], [29, 26], [28, 26], [28, 25]]]}}, {"type": "Feature", "id": "c29-25", "properties": {"id": "c29-25", "name": "cell 29,25", "value": 12.9877}, "geometry": {"type": "Polygon", "coordinates": [[[29, 25], [30, 25], [30, 26], [29, 26], [29, 25]]]}}, {"type": "Feature", "id": "c30-25", "properties": {"id": "c30-25", "name": "cell 30,25", "value": 10.8147}, "geometry": {"type": "Polygon", "coordinates": [[[30, 25], [31, 25], [31, 26], [30, 26], [30, 25]]]}}, {"type": "Feature", "id": "c31-25", "properties": {"id": "c31-25", "name": "cell 31,25", "value": 8.8765}, "geometry": {"type": "Polygon", "coordinates": [[[31, 25], [32, 25], [32, 26], [31, 26], [31, 25]]]}}, {"type": "Feature", "id": "c32-25", "properties": {"id": "c32-25", "name": "cell 32,25", "value": 7.1958}, "geometry": {"type": "Polygon", "coordinates": [[[32, 25], [33, 25], [33, 26], [32, 26], [32, 25]]]}}, {"type": "Feature", "id": "c33-25", "properties": {"id": "c33-25", "name": "cell 33,25", "value": 5.7773}, "geometry": {"type": "Polygon", "coordinates": [[[33, 25], [34, 25], [34, 26], [33, 26], [33, 25]]]}}, {"type": "Feature", "id": "c34-25", "properties": {"id": "c34-25", "name": "cell 34,25", "value": 4.6106}, "geometry": {"type": "Polygon", "coordinates": [[[34, 25], [35, 25], [35, 26], [34, 26], [34, 25]]]}}, {"type": "Feature", "id": "c35-25", "properties": {"id": "c35-25", "name": "cell 35,25", "value": 3.6748}, "geometry": {"type": "Polygon", "coordinates": [[[35, 25], [36, 25], [36, 26], [35, 26], [35, 25]]]}}, {"type": "Feature", "id": "c36-25", "properties": {"id": "c36-25", "name": "cell 36,25", "value": 2.9423}, "geometry": {"type": "Polygon", "coordinates": [[[36, 25], [37, 25], [37, 26], [36, 26], [36, 25]]]}}, {"type": "Feature", "id": "c37-25", "properties": {"id": "c37-25", "name": "cell 37,25", "value": 2.3825}, "geometry": {"type": "Polygon", "coordinates": [[[37, 25], [38, 25], [38, 26], [37, 26], [37, 25]]]}}, {"type": "Feature", "id": "c38-25", "properties": {"id": "c38-25", "name": "cell 38,25", "value": 1.9645}, "geometry": {"type": "Polygon", "coordinates": [[[38, 25], [39, 25], [39, 26], [38, 26], [38, 25]]]}}, {"type": "Feature", "id": "c39-25", "properties": {"id": "c39-25", "name": "cell 39,25", "value": 1.6596}, "geometry": {"type": "Polygon", "coordinates": [[[39, 25], [40, 25], [40, 26], [39, 26], [39, 25]]]}}, {"type": "Feature", "id": "c0-26", "properties": {"id": "c0-26", "name": "cell 0,26", "value": 1.585}, "geometry": {"type": "Polygon", "coordinates": [[[0, 26], [1, 26], [1, 27], [0, 27], [0, 26]]]}}, {"type": "Feature", "id": "c1-26", "properties": {"id": "c1-26", "name": "cell 1,26", "value": 1.8555}, "geometry": {"type": "Polygon", "coordinates": [[[1, 26], [2, 26], [2, 27], [1, 27], [1, 26]]]}}, {"type": "Feature", "id": "c2-26", "properties": {"id": "c2-26", "name": "cell 2,26", "value": 2.2262}, "geometry": {"type": "Polygon", "coordinates": [[[2, 26], [3, 26], [3, 27], [2, 27], [2, 26]]]}}, {"type": "Feature", "id": "c3-26", "properties": {"id": "c3-26", "name": "cell 3,26", "value": 2.7227}, "geometry": {"type": "Polygon", "coordinates": [[[3, 26], [4, 26], [4, 27], [3, 27], [3, 26]]]}}, {"type": "Feature", "id": "c4-26", "properties": {"id": "c4-26", "name": "cell 4,26", "value": 3.3723}, "geometry": {"type": "Polygon", "coordinates": [[[4, 26], [5, 26], [5, 27], [4, 27], [4, 26]]]}}, {"type": "Feature", "id": "c5-26", "properties": {"id": "c5-26", "name": "cell 5,26", "value": 4.2023}, "geometry": {"type": "Polygon", "coordinates": [[[5, 26], [6, 26], [6, 27], [5, 27], [5, 26]]]}}, {"type": "Feature", "id": "c6-26", "properties": {"id": "c6-26", "name": "cell 6,26", "value": 5.2371}, "geometry": {"type": "Polygon", "coordinates": [[[6, 26], [7, 26], [7, 27], [6, 27], [6, 26]]]}}, {"type": "Feature", "id": "c7-26", "properties": {"id": "c7-26", "name": "cell 7,26", "value": 6.4952}, "geometry": {"type": "Polygon", "coordinates": [[[7, 26], [8, 26], [8, 27], [7, 27], [7, 26]]]}}, {"type": "Feature", "id": "c8-26", "properties": {"id": "c8-26", "name": "cell 8,26", "value": 7.9858}, "geometry": {"type": "Polygon", "coordinates": [[[8, 26], [9, 26], [9, 27], [8, 27], [8, 26]]]}}, {"type": "Feature", "id": "c9-26", "properties": {"id": "c9-26", "name": "cell 9,26", "value": 9.7048}, "geometry": {"type": "Polygon", "coordinates": [[[9, 26], [10, 26], [10, 27], [9, 27], [9, 26]]]}}, {"type": "Feature", "id": "c10-26", "properties": {"id": "c10-26", "name": "cell 10,26", "value": 11.6321}, "geometry": {"type": "Polygon", "coordinates": [[[10, 26], [11, 26], [11, 27], [10, 27], [10, 26]]]}}, {"type": "Feature", "id": "c11-26", "properties": {"id": "c11-26", "name": "cell 11,26", "value": 13.729}, "geometry": {"type": "Polygon", "coordinates": [[[11, 26], [12, 26], [12, 27], [11, 27], [11, 26]]]}}, {"type": "Feature", "id": "c12-26", "properties": {"id": "c12-26", "name": "cell 12,26", "value": 15.9376}, "geometry": {"type": "Polygon", "coordinates": [[[12, 26], [13, 26], [13, 27], [12, 27], [12, 26]]]}}, {"type": "Feature", "id": "c13-26", "properties": {"id": "c13-26", "name": "cell 13,26", "value": 18.1823}, "geometry": {"type": "Polygon", "coordinates": [[[13, 26], [14, 26], [14, 27], [13, 27], [13, 26]]]}}, {"type": "Feature", "id": "c14-26", "properties": {"id": "c14-26", "name": "cell 14,26", "value": 20.373}, "geometry": {"type": "Polygon", "coordinates": [[[14, 26], [15, 26], [15, 27], [14, 27], [14, 26]]]}}, {"type": "Feature", "id": "c15-26", "properties": {"id": "c15-26", "name": "cell 15,26", "value": 22.4105}, "geometry": {"type": "Polygon", "coordinates": [[[15, 26], [16, 26], [16, 27], [15, 27], [15, 26]]]}}, {"type": "Feature", "id": "c16-26", "properties": {"id": "c16-26", "name": "cell 16,26", "value": 24.1937}, "geometry": {"type": "Polygon", "coordinates": [[[16, 26], [17, 26], [17, 27], [16, 27], [16, 26]]]}}, {"type": "Feature", "id": "c17-26", "properties": {"id": "c17-26", "name": "cell 17,26", "value": 25.6279}, "geometry": {"type": "Polygon", "coordinates": [[[17, 26], [18, 26], [18, 27], [17, 27], [17, 26]]]}}, {"type": "Feature", "id": "c18-26", "properties": {"id": "c18-26", "name": "cell 18,26", "value": 26.633}, "geometry": {"type": "Polygon", "coordinates": [[[18, 26], [19, 26], [19, 27], [18, 27], [18, 26]]]}}, {"type": "Feature", "id": "c19-26", "properties": {"id": "c19-26", "name": "cell 19,26", "value": 27.1508}, "geometry": {"type": "Polygon", "coordinates": [[[19, 26], [20, 26], [20, 27], [19, 27], [19, 26]]]}}, {"type": "Feature", "id": "c20-26", "properties": {"id": "c20-26", "name": "cell 20,26", "value": 27.1508}, "geometry": {"type": "Polygon", "coordinates": [[[20, 26], [21, 26], [21, 27], [20, 27], [20, 26]]]}}, {"type": "Feature", "id": "c21-26", "properties": {"id": "c21-26", "name": "cell 21,26", "value": 26.633}, "geometry": {"type": "Polygon", "coordinates": [[[21, 26], [22, 26], [22, 27], [21, 27], [21, 26]]]}}, {"type": "Feature", "id": "c22-26", "properties": {"id": "c22-26", "name": "cell 22,26", "value": 25.6279}, "geometry": {"type": "Polygon", "coordinates": [[[22, 26], [23, 26], [23, 27], [22, 27], [22, 26]]]}}, {"type": "Feature", "id": "c23-26", "properties": {"id": "c23-26", "name": "cell 23,26", "value": 24.1937}, "geometry": {"type": "Polygon", "coordinates": [[[23, 26], [24, 26], [24, 27], [23, 27], [23, 26]]]}}, {"type": "Feature", "id": "c24-26", "properties": {"id": "c24-26", "name": "cell 24,26", "value": 22.4105}, "geometry": {"type": "Polygon", "coordinates": [[[24, 26], [25, 26], [25, 27], [24, 27], [24, 26]]]}}, {"type": "Feature", "id": "c25-26", "properties": {"id": "c25-26", "name": "cell 25,26", "value": 20.373}, "geometry": {"type": "Polygon", "coordinates": [[[25, 26], [26, 26], [26, 27], [25, 27], [25, 26]]]}}, {"type": "Feature", "id": "c26-26", "properties": {"id": "c26-26", "name": "cell 26,26", "value": 18.1823}, "geometry": {"type": "Polygon", "coordinates": [[[26, 26], [27, 26], [27, 27], [26, 27], [26, 26]]]}}, {"type": "Feature", "id": "c27-26", "properties": {"id": "c27-26", "name": "cell 27,26", "value": 15.9376}, "geometry": {"type": "Polygon", "coordinates": [[[27, 26], [28, 26], [28, 27], [27, 27], [27, 26]]]}}, {"type": "Feature", "id": "c28-26", "properties": {"id": "c28-26", "name": "cell 28,26", "value": 13.729}, "geometry": {"type": "Polygon", "coordinates": [[[28, 26], [29, 26], [29, 27], [28, 27], [28, 26]]]}}, {"type": "Feature", "id": "c29-26", "properties": {"id": "c29-26", "name": "cell 29,26", "value": 11.6321}, "geometry": {"type": "Polygon", "coordinates": [[[29, 26], [30, 26], [30, 27], [29, 27], [29, 26]]]}}, {"type": "Feature", "id": "c30-26", "properties": {"id": "c30-26", "name": "cell 30,26", "value": 9.7048}, "geometry": {"type": "Polygon", "coordinates": [[[30, 26], [31, 26], [31, 27], [30, 27], [30, 26]]]}}, {"type": "Feature", "id": "c31-26", "properties": {"id": "c31-26", "name": "cell 31,26", "value": 7.9858}, "geometry": {"type": "Polygon", "coordinates": [[[31, 26], [32, 26], [32, 27], [31, 27], [31, 26]]]}}, {"type": "Feature", "id": "c32-26", "properties": {"id": "c32-26", "name": "cell 32,26", "value": 6.4952}, "geometry": {"type": "Polygon", "coordinates": [[[32, 26], [33, 26], [33, 27], [32, 27], [32, 26]]]}}, {"type": "Feature", "id": "c33-26", "properties": {"id": "c33-26", "name": "cell 33,26", "value": 5.2371}, "geometry": {"type": "Polygon", "coordinates": [[[33, 26], [34, 26], [34, 27], [33, 27], [33, 26]]]}}, {"type": "Feature", "id": "c34-26", "properties": {"id": "c34-26", "name": "cell 34,26", "value": 4.2023}, "geometry": {"type": "Polygon", "coordinates": [[[34, 26], [35, 26], [35, 27], [34, 27], [34, 26]]]}}, {"type": "Feature", "id": "c35-26", "properties": {"id": "c35-26", "name": "cell 35,26", "value": 3.3723}, "geometry": {"type": "Polygon", "coordinates": [[[35, 26], [36, 26], [36, 27], [35, 27], [35, 26]]]}}, {"type": "Feature", "id": "c36-26", "properties": {"id": "c36-26", "name": "cell 36,26", "value": 2.7227}, "geometry": {"type": "Polygon", "coordinates": [[[36, 26], [37, 26], [37, 27], [36, 27], [36, 26]]]}}, {"type": "Feature", "id": "c37-26", "properties": {"id": "c37-26", "name": "cell 37,26", "value": 2.2262}, "geometry": {"type": "Polygon", "coordinates": [[[37, 26], [38, 26], [38, 27], [37, 27], [37, 26]]]}}, {"type": "Feature", "id": "c38-26", "properties": {"id": "c38-26", "name": "cell 38,26", "value": 1.8555}, "geometry": {"type": "Polygon", "coordinates": [[[38, 26], [39, 26], [39, 27], [38, 27], [38, 26]]]}}, {"type": "Feature", "id": "c39-26", "properties": {"id": "c39-26", "name": "cell 39,26", "value": 1.585}, "geometry": {"type": "Polygon", "coordinates": [[[39, 26], [40, 26], [40, 27], [39, 27], [39, 26]]]}}, {"type": "Feature", "id": "c0-27", "properties": {"id": "c0-27", "name": "cell 0,27", "value": 1.5086}, "geometry": {"type": "Polygon", "coordinates": [[[0, 27], [1, 27], [1, 28], [0, 28], [0, 27]]]}}, {"type": "Feature", "id": "c1-27", "properties": {"id": "c1-27", "name": "cell 1,27", "value": 1.7437}, "geometry": {"type": "Polygon", "coordinates": [[[1, 27], [2, 27], [2, 28], [1, 28], [1, 27]]]}}, {"type": "Feature", "id": "c2-27", "properties": {"id": "c2-27", "name": "cell 2,27", "value": 2.066}, "geometry": {"type": "Polygon", "coordinates": [[[2, 27], [3, 27], [3, 28], [2, 28], [2, 27]]]}}, {"type": "Feature", "id": "c3-27", "properties": {"id": "c3-27", "name": "cell 3,27", "value": 2.4976}, "geometry": {"type": "Polygon", "coordinates": [[[3, 27], [4, 27], [4, 28], [3, 28], [3, 27]]]}}, {"type": "Feature", "id": "c4-27", "properties": {"id": "c4-27", "name": "cell 4,27", "value": 3.0624}, "geometry": {"type": "Polygon", "coordinates": [[[4, 27], [5, 27], [5, 28], [4, 28], [4, 27]]]}}, {"type": "Feature", "id": "c5-27", "properties": {"id": "c5-27", "name": "cell 5,27", "value": 3.784}, "geometry": {"type": "Polygon", "coordinates": [[[5, 27], [6, 27], [6, 28], [5, 28], [5, 27]]]}}, {"type": "Feature", "id": "c6-27", "properties": {"id": "c6-27", "name": "cell 6,27", "value": 4.6836}, "geometry": {"type": "Polygon", "coordinates": [[[6, 27], [7, 27], [7, 28], [6, 28], [6, 27]]]}}, {"type": "Feature", "id": "c7-27", "properties": {"id": "c7-27", "name": "cell 7,27", "value": 5.7773}, "geometry": {"type": "Polygon", "coordinates": [[[7, 27], [8, 27], [8, 28], [7, 28], [7, 27]]]}}, {"type": "Feature", "id": "c8-27", "properties": {"id": "c8-27", "name": "cell 8,27", "value": 7.0732}, "geometry": {"type": "Polygon", "coordinates": [[[8, 27], [9, 27], [9, 28], [8, 28], [8, 27]]]}}, {"type": "Feature", "id": "c9-27", "properties": {"id": "c9-27", "name": "cell 9,27", "value": 8.5676}, "geometry": {"type": "Polygon", "coordinates": [[[9, 27], [10, 27], [10, 28], [9, 28], [9, 27]]]}}, {"type": "Feature", "id": "c10-27", "properties": {"id": "c10-27", "name": "cell 10,27", "value": 10.2431}, "geometry": {"type": "Polygon", "coordinates": [[[10, 27], [11, 27], [11, 28], [10, 28], [10, 27]]]}}, {"type": "Feature", "id": "c11-27", "properties": {"id": "c11-27", "name": "cell 11,27", "value": 12.066}, "geometry": {"type": "Polygon", "coordinates": [[[11, 27], [12, 27], [12, 28], [11, 28], [11, 27]]]}}, {"type": "Feature", "id": "c12-27", "properties": {"id": "c12-27", "name": "cell 12,27", "value": 13.9861}, "geometry": {"type": "Polygon", "coordinates": [[[12, 27], [13, 27], [13, 28], [12, 28], [12, 27]]]}}, {"type": "Feature", "id": "c13-27", "properties": {"id": "c13-27", "name": "cell 13,27", "value": 15.9376}, "geometry": {"type": "Polygon", "coordinates": [[[13, 27], [14, 27], [14, 28], [13, 28], [13, 27]]]}}, {"type": "Feature", "id": "c14-27", "properties": {"id": "c14-27", "name": "cell 14,27", "value": 17.8421}, "geometry": {"type": "Polygon", "coordinates": [[[14, 27], [15, 27], [15, 28], [14, 28], [14, 27]]]}}, {"type": "Feature", "id": "c15-27", "properties": {"id": "c15-27", "name": "cell 15,27", "value": 19.6134}, "geometry": {"type": "Polygon", "coordinates": [[[15, 27], [16, 27], [16, 28], [15, 28], [15, 27]]]}}, {"type": "Feature", "id": "c16-27", "properties": {"id": "c16-27", "name": "cell 16,27", "value": 21.1636}, "geometry": {"type": "Polygon", "coordinates": [[[16, 27], [17, 27], [17, 28], [16, 28], [16, 27]]]}}, {"type": "Feature", "id": "c17-27", "properties": {"id": "c17-27", "name": "cell 17,27", "value": 22.4105}, "geometry": {"type": "Polygon", "coordinates": [[[17, 27], [18, 27], [18, 28], [17, 28], [17, 27]]]}}, {"type": "Feature", "id": "c18-27", "properties": {"id": "c18-27", "name": "cell 18,27", "value": 23.2842}, "geometry": {"type": "Polygon", "coordinates": [[[18, 27], [19, 27], [19, 28], [18, 28], [18, 27]]]}}, {"type": "Feature", "id": "c19-27", "properties": {"id": "c19-27", "name": "cell 19,27", "value": 23.7344}, "geometry": {"type": "Polygon", "coordinates": [[[19, 27], [20, 27], [20, 28], [19, 28], [19, 27]]]}}, {"type": "Feature", "id": "c20-27", "properties": {"id": "c20-27", "name": "cell 20,27", "value": 23.7344}, "geometry": {"type": "Polygon", "coordinates": [[[20, 27], [21, 27], [21, 28], [20, 28], [20, 27]]]}}, {"type": "Feature", "id": "c21-27", "properties": {"id": "c21-27", "name": "cell 21,27", "value": 23.2842}, "geometry": {"type": "Polygon", "coordinates": [[[21, 27], [22, 27], [22, 28], [21, 28], [21, 27]]]}}, {"type": "Feature", "id": "c22-27", "properties": {"id": "c22-27", "name": "cell 22,27", "value": 22.4105}, "geometry": {"type": "Polygon", "coordinates": [[[22, 27], [23, 27], [23, 28], [22, 28], [22, 27]]]}}, {"type": "Feature", "id": "c23-27", "properties": {"id": "c23-27", "name": "cell 23,27", "value": 21.1636}, "geometry": {"type": "Polygon", "coordinates": [[[23, 27], [24, 27], [24, 28], [23, 28], [23, 27]]]}}, {"type": "Feature", "id": "c24-27", "properties": {"id": "c24-27", "name": "cell 24,27", "value": 19.6134}, "geometry": {"type": "Polygon", "coordinates": [[[24, 27], [25, 27], [25, 28], [24, 28], [24, 27]]]}}, {"type": "Feature", "id": "c25-27", "properties": {"id": "c25-27", "name": "cell 25,27", "value": 17.8421}, "geometry": {"type": "Polygon", "coordinates": [[[25, 27], [26, 27], [26, 28], [25, 28], [25, 27]]]}}, {"type": "Feature", "id": "c26-27", "properties": {"id": "c26-27", "name": "cell 26,27", "value": 15.9376}, "geometry": {"type": "Polygon", "coordinates": [[[26, 27], [27, 27], [27, 28], [26, 28], [26, 27]]]}}, {"type": "Feature", "id": "c27-27", "properties": {"id": "c27-27", "name": "cell 27,27", "value": 13.9861}, "geometry": {"type": "Polygon", "coordinates": [[[27, 27], [28, 27], [28, 28], [27, 28], [27, 27]]]}}, {"type": "Feature", "id": "c28-27", "properties": {"id": "c28-27", "name": "cell 28,27", "value": 12.066}, "geometry": {"type": "Polygon", "coordinates": [[[28, 27], [29, 27], [29, 28], [28, 28], [28, 27]]]}}, {"type": "Feature", "id": "c29-27", "properties": {"id": "c29-27", "name": "cell 29,27", "value": 10.2431}, "geometry": {"type": "Polygon", "coordinates": [[[29, 27], [30, 27], [30, 28], [29, 28], [29, 27]]]}}, {"type": "Feature", "id": "c30-27", "properties": {"id": "c30-27", "name": "cell 30,27", "value": 8.5676}, "geometry": {"type": "Polygon", "coordinates": [[[30, 27], [31, 27], [31, 28], [30, 28], [30, 27]]]}}, {"type": "Feature", "id": "c31-27", "properties": {"id": "c31-27", "name": "cell 31,27", "value": 7.0732}, "geometry": {"type": "Polygon", "coordinates": [[[31, 27], [32, 27], [32, 28], [31, 28], [31, 27]]]}}, {"type": "Feature", "id": "c32-27", "properties": {"id": "c32-27", "name": "cell 32,27", "value": 5.7773}, "geometry": {"type": "Polygon", "coordinates": [[[32, 27], [33, 27], [33, 28], [32, 28], [32, 27]]]}}, {"type": "Feature", "id": "c33-27", "properties": {"id": "c33-27", "name": "cell 33,27", "value": 4.6836}, "geometry": {"type": "Polygon", "coordinates": [[[33, 27], [34, 27], [34, 28], [33, 28], [33, 27]]]}}, {"type": "Feature", "id": "c34-27", "properties": {"id": "c34-27", "name": "cell 34,27", "value": 3.784}, "geometry": {"type": "Polygon", "coordinates": [[[34, 27], [35, 27], [35, 28], [34, 28], [34, 27]]]}}, {"type": "Feature", "id": "c35-27", "properties": {"id": "c35-27", "name": "cell 35,27", "value": 3.0624}, "geometry": {"type": "Polygon", "coordinates": [[[35, 27], [36, 27], [36, 28], [35, 28], [35, 27]]]}}, {"type": "Feature", "id": "c36-27", "properties": {"id": "c36-27", "name": "cell 36,27", "value": 2.4976}, "geometry": {"type": "Polygon", "coordinates": [[[36, 27], [37, 27], [37, 28], [36, 28], [36, 27]]]}}, {"type": "Feature", "id": "c37-27", "properties": {"id": "c37-27", "name": "cell 37,27", "value": 2.066}, "geometry": {"type": "Polygon", "coordinates": [[[37, 27], [38, 27], [38, 28], [37, 28], [37, 27]]]}}, {"type": "Feature", "id": "c38-27", "properties": {"id": "c38-27", "name": "cell 38,27", "value": 1.7437}, "geometry": {"type": "Polygon", "coordinates": [[[38, 27], [39, 27], [39, 28], [38, 28], [38, 27]]]}}, {"type": "Feature", "id": "c39-27", "properties": {"id": "c39-27", "name": "cell 39,27", "value": 1.5086}, "geometry": {"type": "Polygon", "coordinates": [[[39, 27], [40, 27], [40, 28], [39, 28], [39, 27]]]}}, {"type": "Feature", "id": "c0-28", "properties": {"id": "c0-28", "name": "cell 0,28", "value": 1.4334}, "geometry": {"type": "Polygon", "coordinates": [[[0, 28], [1, 28], [1, 29], [0, 29], [0, 28]]]}}, {"type": "Feature", "id": "c1-28", "properties": {"id": "c1-28", "name": "cell 1,28", "value": 1.6337}, "geometry": {"type": "Polygon", "coordinates": [[[1, 28], [2, 28], [2, 29], [1, 29], [1, 28]]]}}, {"type": "Feature", "id": "c2-28", "properties": {"id": "c2-28", "name": "cell 2,28", "value": 1.9084}, "geometry": {"type": "Polygon", "coordinates": [[[2, 28], [3, 28], [3, 29], [2, 29], [2, 28]]]}}, {"type": "Feature", "id": "c3-28", "properties": {"id": "c3-28", "name": "cell 3,28", "value": 2.2762}, "geometry": {"type": "Polygon", "coordinates": [[[3, 28], [4, 28], [4, 29], [3, 29], [3, 28]]]}}, {"type": "Feature", "id": "c4-28", "properties": {"id": "c4-28", "name": "cell 4,28", "value": 2.7575}, "geometry": {"type": "Polygon", "coordinates": [[[4, 28], [5, 28], [5, 29], [4, 29], [4, 28]]]}}, {"type": "Feature", "id": "c5-28", "properties": {"id": "c5-28", "name": "cell 5,28", "value": 3.3723}, "geometry": {"type": "Polygon", "coordinates": [[[5, 28], [6, 28], [6, 29], [5, 29], [5, 28]]]}}, {"type": "Feature", "id": "c6-28", "properties": {"id": "c6-28", "name": "cell 6,28", "value": 4.1389}, "geometry": {"type": "Polygon", "coordinates": [[[6, 28], [7, 28], [7, 29], [6, 29], [6, 28]]]}}, {"type": "Feature", "id": "c7-28", "properties": {"id": "c7-28", "name": "cell 7,28", "value": 5.071}, "geometry": {"type": "Polygon", "coordinates": [[[7, 28], [8, 28], [8, 29], [7, 29], [7, 28]]]}}, {"type": "Feature", "id": "c8-28", "properties": {"id": "c8-28", "name": "cell 8,28", "value": 6.1752}, "geometry": {"type": "Polygon", "coordinates": [[[8, 28], [9, 28], [9, 29], [8, 29], [8, 28]]]}}, {"type": "Feature", "id": "c9-28", "properties": {"id": "c9-28", "name": "cell 9,28", "value": 7.4487}, "geometry": {"type": "Polygon", "coordinates": [[[9, 28], [10, 28], [10, 29], [9, 29], [9, 28]]]}}, {"type": "Feature", "id": "c10-28", "properties": {"id": "c10-28", "name": "cell 10,28", "value": 8.8765}, "geometry": {"type": "Polygon", "coordinates": [[[10, 28], [11, 28], [11, 29], [10, 29], [10, 28]]]}}, {"type": "Feature", "id": "c11-28", "properties": {"id": "c11-28", "name": "cell 11,28", "value": 10.4298}, "geometry": {"type": "Polygon", "coordinates": [[[11, 28], [12, 28], [12, 29], [11, 29], [11, 28]]]}}, {"type": "Feature", "id": "c12-28", "properties": {"id": "c12-28", "name": "cell 12,28", "value": 12.066}, "geometry": {"type": "Polygon", "coordinates": [[[12, 28], [13, 28], [13, 29], [12, 29], [12, 28]]]}}, {"type": "Feature", "id": "c13-28", "properties": {"id": "c13-28", "name": "cell 13,28", "value": 13.729}, "geometry": {"type": "Polygon", "coordinates": [[[13, 28], [14, 28], [14, 29], [13, 29], [13, 28]]]}}, {"type": "Feature", "id": "c14-28", "properties": {"id": "c14-28", "name": "cell 14,28", "value": 15.3519}, "geometry": {"type": "Polygon", "coordinates": [[[14, 28], [15, 28], [15, 29], [14, 29], [14, 28]]]}}, {"type": "Feature", "id": "c15-28", "properties": {"id": "c15-28", "name": "cell 15,28", "value": 16.8613}, "geometry": {"type": "Polygon", "coordinates": [[[15, 28], [16, 28], [16, 29], [15, 29], [15, 28]]]}}, {"type": "Feature", "id": "c16-28", "properties": {"id": "c16-28", "name": "cell 16,28", "value": 18.1823}, "geometry": {"type": "Polygon", "coordinates": [[[16, 28], [17, 28], [17, 29], [16, 29], [16, 28]]]}}, {"type": "Feature", "id": "c17-28", "properties": {"id": "c17-28", "name": "cell 17,28", "value": 19.2448}, "geometry": {"type": "Polygon", "coordinates": [[[17, 28], [18, 28], [18, 29], [17, 29], [17, 28]]]}}, {"type": "Feature", "id": "c18-28", "properties": {"id": "c18-28", "name": "cell 18,28", "value": 19.9894}, "geometry": {"type": "Polygon", "coordinates": [[[18, 28], [19, 28], [19, 29], [18, 29], [18, 28]]]}}, {"type": "Feature", "id": "c19-28", "properties": {"id": "c19-28", "name": "cell 19,28", "value": 20.373}, "geometry": {"type": "Polygon", "coordinates": [[[19, 28], [20, 28], [20, 29], [19, 29], [19, 28]]]}}, {"type": "Feature", "id": "c20-28", "properties": {"id": "c20-28", "name": "cell 20,28", "value": 20.373}, "geometry": {"type": "Polygon", "coordinates": [[[20, 28], [21, 28], [21, 29], [20, 29], [20, 28]]]}}, {"type": "Feature", "id": "c21-28", "properties": {"id": "c21-28", "name": "cell 21,28", "value": 19.9894}, "geometry": {"type": "Polygon", "coordinates": [[[21, 28], [22, 28], [22, 29], [21, 29], [21, 28]]]}}, {"type": "Feature", "id": "c22-28", "properties": {"id": "c22-28", "name": "cell 22,28", "value": 19.2448}, "geometry": {"type": "Polygon", "coordinates": [[[22, 28], [23, 28], [23, 29], [22, 29], [22, 28]]]}}, {"type": "Feature", "id": "c23-28", "properties": {"id": "c23-28", "name": "cell 23,28", "value": 18.1823}, "geometry": {"type": "Polygon", "coordinates": [[[23, 28], [24, 28], [24, 29], [23, 29], [23, 28]]]}}, {"type": "Feature", "id": "c24-28", "properties": {"id": "c24-28", "name": "cell 24,28", "value": 16.8613}, "geometry": {"type": "Polygon", "coordinates": [[[24, 28], [25, 28], [25, 29], [24, 29], [24, 28]]]}}, {"type": "Feature", "id": "c25-28", "properties": {"id": "c25-28", "name": "cell 25,28", "value": 15.3519}, "geometry": {"type": "Polygon", "coordinates": [[[25, 28], [26, 28], [26, 29], [25, 29], [25, 28]]]}}, {"type": "Feature", "id": "c26-28", "properties": {"id": "c26-28", "name": "cell 26,28", "value": 13.729}, "geometry": {"type": "Polygon", "coordinates": [[[26, 28], [27, 28], [27, 29], [26, 29], [26, 28]]]}}, {"type": "Feature", "id": "c27-28", "properties": {"id": "c27-28", "name": "cell 27,28", "value": 12.066}, "geometry": {"type": "Polygon", "coordinates": [[[27, 28], [28, 28], [28, 29], [27, 29], [27, 28]]]}}, {"type": "Feature", "id": "c28-28", "properties": {"id": "c28-28", "name": "cell 28,28", "value": 10.4298}, "geometry": {"type": "Polygon", "coordinates": [[[28, 28], [29, 28], [29, 29], [28, 29], [28, 28]]]}}, {"type": "Feature", "id": "c29-28", "properties": {"id": "c29-28", "name": "cell 29,28", "value": 8.8765}, "geometry": {"type": "Polygon", "coordinates": [[[29, 28], [30, 28], [30, 29], [29, 29], [29, 28]]]}}, {"type": "Feature", "id": "c30-28", "properties": {"id": "c30-28", "name": "cell 30,28", "value": 7.4487}, "geometry": {"type": "Polygon", "coordinates": [[[30, 28], [31, 28], [31, 29], [30, 29], [30, 28]]]}}, {"type": "Feature", "id": "c31-28", "properties": {"id": "c31-28", "name": "cell 31,28", "value": 6.1752}, "geometry": {"type": "Polygon", "coordinates": [[[31, 28], [32, 28], [32, 29], [31, 29], [31, 28]]]}}, {"type": "Feature", "id": "c32-28", "properties": {"id": "c32-28", "name": "cell 32,28", "value": 5.071}, "geometry": {"type": "Polygon", "coordinates": [[[32, 28], [33, 28], [33, 29], [32, 29], [32, 28]]]}}, {"type": "Feature", "id": "c33-28", "properties": {"id": "c33-28", "name": "cell 33,28", "value": 4.1389}, "geometry": {"type": "Polygon", "coordinates": [[[33, 28], [34, 28], [34, 29], [33, 29], [33, 28]]]}}, {"type": "Feature", "id": "c34-28", "properties": {"id": "c34-28", "name": "cell 34,28", "value": 3.3723}, "geometry": {"type": "Polygon", "coordinates": [[[34, 28], [35, 28], [35, 29], [34, 29], [34, 28]]]}}, {"type": "Feature", "id": "c35-28", "properties": {"id": "c35-28", "name": "cell 35,28", "value": 2.7575}, "geometry": {"type": "Polygon", "coordinates": [[[35, 28], [36, 28], [36, 29], [35, 29], [35, 28]]]}}, {"type": "Feature", "id": "c36-28", "properties": {"id": "c36-28", "name": "cell 36,28", "value": 2.2762}, "geometry": {"type": "Polygon", "coordinates": [[[36, 28], [37, 28], [37, 29], [36, 29], [36, 28]]]}}, {"type": "Feature", "id": "c37-28", "properties": {"id": "c37-28", "name": "cell 37,28", "value": 1.9084}, "geometry": {"type": "Polygon", "coordinates": [[[37, 28], [38, 28], [38, 29], [37, 29], [37, 28]]]}}, {"type": "Feature", "id": "c38-28", "properties": {"id": "c38-28", "name": "cell 38,28", "value": 1.6337}, "geometry": {"type": "Polygon", "coordinates": [[[38, 28], [39, 28], [39, 29], [38, 29], [38, 28]]]}}, {"type": "Feature", "id": "c39-28", "properties": {"id": "c39-28", "name": "cell 39,28", "value": 1.4334}, "geometry": {"type": "Polygon", "coordinates": [[[39, 28], [40, 28], [40, 29], [39, 29], [39, 28]]]}}, {"type": "Feature", "id": "c0-29", "properties": {"id": "c0-29", "name": "cell 0,29", "value": 1.362}, "geometry": {"type": "Polygon", "coordinates": [[[0, 29], [1, 29], [1, 30], [0, 30], [0, 29]]]}}, {"type": "Feature", "id": "c1-29", "properties": {"id": "c1-29", "name": "cell 1,29", "value": 1.5293}, "geometry": {"type": "Polygon", "coordinates": [[[1, 29], [2, 29], [2, 30], [1, 30], [1, 29]]]}}, {"type": "Feature", "id": "c2-29", "properties": {"id": "c2-29", "name": "cell 2,29", "value": 1.7587}, "geometry": {"type": "Polygon", "coordinates": [[[2, 29], [3, 29], [3, 30], [2, 30], [2, 29]]]}}, {"type": "Feature", "id": "c3-29", "properties": {"id": "c3-29", "name": "cell 3,29", "value": 2.066}, "geometry": {"type": "Polygon", "coordinates": [[[3, 29], [4, 29], [4, 30], [3, 30], [3, 29]]]}}, {"type": "Feature", "id": "c4-29", "properties": {"id": "c4-29", "name": "cell 4,29", "value": 2.468}, "geometry": {"type": "Polygon", "coordinates": [[[4, 29], [5, 29], [5, 30], [4, 30], [4, 29]]]}}, {"type": "Feature", "id": "c5-29", "properties": {"id": "c5-29", "name": "cell 5,29", "value": 2.9816}, "geometry": {"type": "Polygon", "coordinates": [[[5, 29], [6, 29], [6, 30], [5, 30], [5, 29]]]}}, {"type": "Feature", "id": "c6-29", "properties": {"id": "c6-29", "name": "cell 6,29", "value": 3.6218}, "geometry": {"type": "Polygon", "coordinates": [[[6, 29], [7, 29], [7, 30], [6, 30], [6, 29]]]}}, {"type": "Feature", "id": "c7-29", "properties": {"id": "c7-29", "name": "cell 7,29", "value": 4.4004}, "geometry": {"type": "Polygon", "coordinates": [[[7, 29], [8, 29], [8, 30], [7, 30], [7, 29]]]}}, {"type": "Feature", "id": "c8-29", "properties": {"id": "c8-29", "name": "cell 8,29", "value": 5.3227}, "geometry": {"type": "Polygon", "coordinates": [[[8, 29], [9, 29], [9, 30], [8, 30], [8, 29]]]}}, {"type": "Feature", "id": "c9-29", "properties": {"id": "c9-29", "name": "cell 9,29", "value": 6.3864}, "geometry": {"type": "Polygon", "coordinates": [[[9, 29], [10, 29], [10, 30], [9, 30], [9, 29]]]}}, {"type": "Feature", "id": "c10-29", "properties": {"id": "c10-29", "name": "cell 10,29", "value": 7.579}, "geometry": {"type": "Polygon", "coordinates": [[[10, 29], [11, 29], [11, 30], [10, 30], [10, 29]]]}}, {"type": "Feature", "id": "c11-29", "properties": {"id": "c11-29", "name": "cell 11,29", "value": 8.8765}, "geometry": {"type": "Polygon", "coordinates": [[[11, 29], [12, 29], [12, 30], [11, 30], [11, 29]]]}}, {"type": "Feature", "id": "c12-29", "properties": {"id": "c12-29", "name": "cell 12,29", "value": 10.2431}, "geometry": {"type": "Polygon", "coordinates": [[[12, 29], [13, 29], [13, 30], [12, 30], [12, 29]]]}}, {"type": "Feature", "id": "c13-29", "properties": {"id": "c13-29", "name": "cell 13,29", "value": 11.6321}, "geometry": {"type": "Polygon", "coordinates": [[[13, 29], [14, 29], [14, 30], [13, 30], [13, 29]]]}}, {"type": "Feature", "id": "c14-29", "properties": {"id": "c14-29", "name": "cell 14,29", "value": 12.9877}, "geometry": {"type": "Polygon", "coordinates": [[[14, 29], [15, 29], [15, 30], [14, 30], [14, 29]]]}}, {"type": "Feature", "id": "c15-29", "properties": {"id": "c15-29", "name": "cell 15,29", "value": 14.2484}, "geometry": {"type": "Polygon", "coordinates": [[[15, 29], [16, 29], [16, 30], [15, 30], [15, 29]]]}}, {"type": "Feature", "id": "c16-29", "properties": {"id": "c16-29", "name": "cell 16,29", "value": 15.3519}, "geometry": {"type": "Polygon", "coordinates": [[[16, 29], [17, 29], [17, 30], [16, 30], [16, 29]]]}}, {"type": "Feature", "id": "c17-29", "properties": {"id": "c17-29", "name": "cell 17,29", "value": 16.2393}, "geometry": {"type": "Polygon", "coordinates": [[[17, 29], [18, 29], [18, 30], [17, 30], [17, 29]]]}}, {"type": "Feature", "id": "c18-29", "properties": {"id": "c18-29", "name": "cell 18,29", "value": 16.8613}, "geometry": {"type": "Polygon", "coordinates": [[[18, 29], [19, 29], [19, 30], [18, 30], [18, 29]]]}}, {"type": "Feature", "id": "c19-29", "properties": {"id": "c19-29", "name": "cell 19,29", "value": 17.1817}, "geometry": {"type": "Polygon", "coordinates": [[[19, 29], [20, 29], [20, 30], [19, 30], [19, 29]]]}}, {"type": "Feature", "id": "c20-29", "properties": {"id": "c20-29", "name": "cell 20,29", "value": 17.1817}, "geometry": {"type": "Polygon", "coordinates": [[[20, 29], [21, 29], [21, 30], [20, 30], [20, 29]]]}}, {"type": "Feature", "id": "c21-29", "properties": {"id": "c21-29", "name": "cell 21,29", "value": 16.8613}, "geometry": {"type": "Polygon", "coordinates": [[[21, 29], [22, 29], [22, 30], [21, 30], [21, 29]]]}}, {"type": "Feature", "id": "c22-29", "properties": {"id": "c22-29", "name": "cell 22,29", "value": 16.2393}, "geometry": {"type": "Polygon", "coordinates": [[[22, 29], [23, 29], [23, 30], [22, 30], [22, 29]]]}}, {"type": "Feature", "id": "c23-29", "properties": {"id": "c23-29", "name": "cell 23,29", "value": 15.3519}, "geometry": {"type": "Polygon", "coordinates": [[[23, 29], [24, 29], [24, 30], [23, 30], [23, 29]]]}}, {"type": "Feature", "id": "c24-29", "properties": {"id": "c24-29", "name": "cell 24,29", "value": 14.2484}, "geometry": {"type": "Polygon", "coordinates": [[[24, 29], [25, 29], [25, 30], [24, 30], [24, 29]]]}}, {"type": "Feature", "id": "c25-29", "properties": {"id": "c25-29", "name": "cell 25,29", "value": 12.9877}, "geometry": {"type": "Polygon", "coordinates": [[[25, 29], [26, 29], [26, 30], [25, 30], [25, 29]]]}}, {"type": "Feature", "id": "c26-29", "properties": {"id": "c26-29", "name": "cell 26,29", "value": 11.6321}, "geometry": {"type": "Polygon", "coordinates": [[[26, 29], [27, 29], [27, 30], [26, 30], [26, 29]]]}}, {"type": "Feature", "id": "c27-29", "properties": {"id": "c27-29", "name": "cell 27,29", "value": 10.2431}, "geometry": {"type": "Polygon", "coordinates": [[[27, 29], [28, 29], [28, 30], [27, 30], [27, 29]]]}}, {"type": "Feature", "id": "c28-29", "properties": {"id": "c28-29", "name": "cell 28,29", "value": 8.8765}, "geometry": {"type": "Polygon", "coordinates": [[[28, 29], [29, 29], [29, 30], [28, 30], [28, 29]]]}}, {"type": "Feature", "id": "c29-29", "properties": {"id": "c29-29", "name": "cell 29,29", "value": 7.579}, "geometry": {"type": "Polygon", "coordinates": [[[29, 29], [30, 29], [30, 30], [29, 30], [29, 29]]]}}, {"type": "Feature", "id": "c30-29", "properties": {"id": "c30-29", "name": "cell 30,29", "value": 6.3864}, "geometry": {"type": "Polygon", "coordinates": [[[30, 29], [31, 29], [31, 30], [30, 30], [30, 29]]]}}, {"type": "Feature", "id": "c31-29", "properties": {"id": "c31-29", "name": "cell 31,29", "value": 5.3227}, "geometry": {"type": "Polygon", "coordinates": [[[31, 29], [32, 29], [32, 30], [31, 30], [31, 29]]]}}, {"type": "Feature", "id": "c32-29", "properties": {"id": "c32-29", "name": "cell 32,29", "value": 4.4004}, "geometry": {"type": "Polygon", "coordinates": [[[32, 29], [33, 29], [33, 30], [32, 30], [32, 29]]]}}, {"type": "Feature", "id": "c33-29", "properties": {"id": "c33-29", "name": "cell 33,29", "value": 3.6218}, "geometry": {"type": "Polygon", "coordinates": [[[33, 29], [34, 29], [34, 30], [33, 30], [33, 29]]]}}, {"type": "Feature", "id": "c34-29", "properties": {"id": "c34-29", "name": "cell 34,29", "value": 2.9816}, "geometry": {"type": "Polygon", "coordinates": [[[34, 29], [35, 29], [35, 30], [34, 30], [34, 29]]]}}, {"type": "Feature", "id": "c35-29", "properties": {"id": "c35-29", "name": "cell 35,29", "value": 2.468}, "geometry": {"type": "Polygon", "coordinates": [[[35, 29], [36, 29], [36, 30], [35, 30], [35, 29]]]}}, {"type": "Feature", "id": "c36-29", "properties": {"id": "c36-29", "name": "cell 36,29", "value": 2.066}, "geometry": {"type": "Polygon", "coordinates": [[[36, 29], [37, 29], [37, 30], [36, 30], [36, 29]]]}}, {"type": "Feature", "id": "c37-29", "properties": {"id": "c37-29", "name": "cell 37,29", "value": 1.7587}, "geometry": {"type": "Polygon", "coordinates": [[[37, 29], [38, 29], [38, 30], [37, 30], [37, 29]]]}}, {"type": "Feature", "id": "c38-29", "properties": {"id": "c38-29", "name": "cell 38,29", "value": 1.5293}, "geometry": {"type": "Polygon", "coordinates": [[[38, 29], [39, 29], [39, 30], [38, 30], [38, 29]]]}}, {"type": "Feature", "id": "c39-29", "properties": {"id": "c39-29", "name": "cell 39,29", "value": 1.362}, "geometry": {"type": "Polygon", "coordinates": [[[39, 29], [40, 29], [40, 30], [39, 30], [39, 29]]]}}, {"type": "Feature", "id": "c0-30", "properties": {"id": "c0-30", "name": "cell 0,30", "value": 1.2964}, "geometry": {"type": "Polygon", "coordinates": [[[0, 30], [1, 30], [1, 31], [0, 31], [0, 30]]]}}, {"type": "Feature", "id": "c1-30", "properties": {"id": "c1-30", "name": "cell 1,30", "value": 1.4334}, "geometry": {"type": "Polygon", "coordinates": [[[1, 30], [2, 30], [2, 31], [1, 31], [1, 30]]]}}, {"type": "Feature", "id": "c2-30", "properties": {"id": "c2-30", "name": "cell 2,30", "value": 1.6212}, "geometry": {"type": "Polygon", "coordinates": [[[2, 30], [3, 30], [3, 31], [2, 31], [2, 30]]]}}, {"type": "Feature", "id": "c3-30", "properties": {"id": "c3-30", "name": "cell 3,30", "value": 1.8727}, "geometry": {"type": "Polygon", "coordinates": [[[3, 30], [4, 30], [4, 31], [3, 31], [3, 30]]]}}, {"type": "Feature", "id": "c4-30", "properties": {"id": "c4-30", "name": "cell 4,30", "value": 2.2019}, "geometry": {"type": "Polygon", "coordinates": [[[4, 30], [5, 30], [5, 31], [4, 31], [4, 30]]]}}, {"type": "Feature", "id": "c5-30", "properties": {"id": "c5-30", "name": "cell 5,30", "value": 2.6224}, "geometry": {"type": "Polygon", "coordinates": [[[5, 30], [6, 30], [6, 31], [5, 31], [5, 30]]]}}, {"type": "Feature", "id": "c6-30", "properties": {"id": "c6-30", "name": "cell 6,30", "value": 3.1466}, "geometry": {"type": "Polygon", "coordinates": [[[6, 30], [7, 30], [7, 31], [6, 31], [6, 30]]]}}, {"type": "Feature", "id": "c7-30", "properties": {"id": "c7-30", "name": "cell 7,30", "value": 3.784}, "geometry": {"type": "Polygon", "coordinates": [[[7, 30], [8, 30], [8, 31], [7, 31], [7, 30]]]}}, {"type": "Feature", "id": "c8-30", "properties": {"id": "c8-30", "name": "cell 8,30", "value": 4.5391}, "geometry": {"type": "Polygon", "coordinates": [[[8, 30], [9, 30], [9, 31], [8, 31], [8, 30]]]}}, {"type": "Feature", "id": "c9-30", "properties": {"id": "c9-30", "name": "cell 9,30", "value": 5.41}, "geometry": {"type": "Polygon", "coordinates": [[[9, 30], [10, 30], [10, 31], [9, 31], [9, 30]]]}}, {"type": "Feature", "id": "c10-30", "properties": {"id": "c10-30", "name": "cell 10,30", "value": 6.3864}, "geometry": {"type": "Polygon", "coordinates": [[[10, 30], [11, 30], [11, 31], [10, 31], [10, 30]]]}}, {"type": "Feature", "id": "c11-30", "properties": {"id": "c11-30", "name": "cell 11,30", "value": 7.4487}, "geometry": {"type": "Polygon", "coordinates": [[[11, 30], [12, 30], [12, 31], [11, 31], [11, 30]]]}}, {"type": "Feature", "id": "c12-30", "properties": {"id": "c12-30", "name": "cell 12,30", "value": 8.5676}, "geometry": {"type": "Polygon", "coordinates": [[[12, 30], [13, 30], [13, 31], [12, 31], [12, 30]]]}}, {"type": "Feature", "id": "c13-30", "properties": {"id": "c13-30", "name": "cell 13,30", "value": 9.7048}, "geometry": {"type": "Polygon", "coordinates": [[[13, 30], [14, 30], [14, 31], [13, 31], [13, 30]]]}}, {"type": "Feature", "id": "c14-30", "properties": {"id": "c14-30", "name": "cell 14,30", "value": 10.8147}, "geometry": {"type": "Polygon", "coordinates": [[[14, 30], [15, 30], [15, 31], [14, 31], [14, 30]]]}}, {"type": "Feature", "id": "c15-30", "properties": {"id": "c15-30", "name": "cell 15,30", "value": 11.8469}, "geometry": {"type": "Polygon", "coordinates": [[[15, 30], [16, 30], [16, 31], [15, 31], [15, 30]]]}}, {"type": "Feature", "id": "c16-30", "properties": {"id": "c16-30", "name": "cell 16,30", "value": 12.7503}, "geometry": {"type": "Polygon", "coordinates": [[[16, 30], [17, 30], [17, 31], [16, 31], [16, 30]]]}}, {"type": "Feature", "id": "c17-30", "properties": {"id": "c17-30", "name": "cell 17,30", "value": 13.4769}, "geometry": {"type": "Polygon", "coordinates": [[[17, 30], [18, 30], [18, 31], [17, 31], [17, 30]]]}}, {"type": "Feature", "id": "c18-30", "properties": {"id": "c18-30", "name": "cell 18,30", "value": 13.9861}, "geometry": {"type": "Polygon", "coordinates": [[[18, 30], [19, 30], [19, 31], [18, 31], [18, 30]]]}}, {"type": "Feature", "id": "c19-30", "properties": {"id": "c19-30", "name": "cell 19,30", "value": 14.2484}, "geometry": {"type": "Polygon", "coordinates": [[[19, 30], [20, 30], [20, 31], [19, 31], [19, 30]]]}}, {"type": "Feature", "id": "c20-30", "properties": {"id": "c20-30", "name": "cell 20,30", "value": 14.2484}, "geometry": {"type": "Polygon", "coordinates": [[[20, 30], [21, 30], [21, 31], [20, 31], [20, 30]]]}}, {"type": "Feature", "id": "c21-30", "properties": {"id": "c21-30", "name": "cell 21,30", "value": 13.9861}, "geometry": {"type": "Polygon", "coordinates": [[[21, 30], [22, 30], [22, 31], [21, 31], [21, 30]]]}}, {"type": "Feature", "id": "c22-30", "properties": {"id": "c22-30", "name": "cell 22,30", "value": 13.4769}, "geometry": {"type": "Polygon", "coordinates": [[[22, 30], [23, 30], [23, 31], [22, 31], [22, 30]]]}}, {"type": "Feature", "id": "c23-30", "properties": {"id": "c23-30", "name": "cell 23,30", "value": 12.7503}, "geometry": {"type": "Polygon", "coordinates": [[[23, 30], [24, 30], [24, 31], [23, 31], [23, 30]]]}}, {"type": "Feature", "id": "c24-30", "properties": {"id": "c24-30", "name": "cell 24,30", "value": 11.8469}, "geometry": {"type": "Polygon", "coordinates": [[[24, 30], [25, 30], [25, 31], [24, 31], [24, 30]]]}}, {"type": "Feature", "id": "c25-30", "properties": {"id": "c25-30", "name": "cell 25,30", "value": 10.8147}, "geometry": {"type": "Polygon", "coordinates": [[[25, 30], [26, 30], [26, 31], [25, 31], [25, 30]]]}}, {"type": "Feature", "id": "c26-30", "properties": {"id": "c26-30", "name": "cell 26,30", "value": 9.7048}, "geometry": {"type": "Polygon", "coordinates": [[[26, 30], [27, 30], [27, 31], [26, 31], [26, 30]]]}}, {"type": "Feature", "id": "c27-30", "properties": {"id": "c27-30", "name": "cell 27,30", "value": 8.5676}, "geometry": {"type": "Polygon", "coordinates": [[[27, 30], [28, 30], [28, 31], [27, 31], [27, 30]]]}}, {"type": "Feature", "id": "c28-30", "properties": {"id": "c28-30", "name": "cell 28,30", "value": 7.4487}, "geometry": {"type": "Polygon", "coordinates": [[[28, 30], [29, 30], [29, 31], [28, 31], [28, 30]]]}}, {"type": "Feature", "id": "c29-30", "properties": {"id": "c29-30", "name": "cell 29,30", "value": 6.3864}, "geometry": {"type": "Polygon", "coordinates": [[[29, 30], [30, 30], [30, 31], [29, 31], [29, 30]]]}}, {"type": "Feature", "id": "c30-30", "properties": {"id": "c30-30", "name": "cell 30,30", "value": 5.41}, "geometry": {"type": "Polygon", "coordinates": [[[30, 30], [31, 30], [31, 31], [30, 31], [30, 30]]]}}, {"type": "Feature", "id": "c31-30", "properties": {"id": "c31-30", "name": "cell 31,30", "value": 4.5391}, "geometry": {"type": "Polygon", "coordinates": [[[31, 30], [32, 30], [32, 31], [31, 31], [31, 30]]]}}, {"type": "Feature", "id": "c32-30", "properties": {"id": "c32-30", "name": "cell 32,30", "value": 3.784}, "geometry": {"type": "Polygon", "coordinates": [[[32, 30], [33, 30], [33, 31], [32, 31], [32, 30]]]}}, {"type": "Feature", "id": "c33-30", "properties": {"id": "c33-30", "name": "cell 33,30", "value": 3.1466}, "geometry": {"type": "Polygon", "coordinates": [[[33, 30], [34, 30], [34, 31], [33, 31], [33, 30]]]}}, {"type": "Feature", "id": "c34-30", "properties": {"id": "c34-30", "name": "cell 34,30", "value": 2.6224}, "geometry": {"type": "Polygon", "coordinates": [[[34, 30], [35, 30], [35, 31], [34, 31], [34, 30]]]}}, {"type": "Feature", "id": "c35-30", "properties": {"id": "c35-30", "name": "cell 35,30", "value": 2.2019}, "geometry": {"type": "Polygon", "coordinates": [[[35, 30], [36, 30], [36, 31], [35, 31], [35, 30]]]}}, {"type": "Feature", "id": "c36-30", "properties": {"id": "c36-30", "name": "cell 36,30", "value": 1.8727}, "geometry": {"type": "Polygon", "coordinates": [[[36, 30], [37, 30], [37, 31], [36, 31], [36, 30]]]}}, {"type": "Feature", "id": "c37-30", "properties": {"id": "c37-30", "name": "cell 37,30", "value": 1.6212}, "geometry": {"type": "Polygon", "coordinates": [[[37, 30], [38, 30], [38, 31], [37, 31], [37, 30]]]}}, {"type": "Feature", "id": "c38-30", "properties": {"id": "c38-30", "name": "cell 38,30", "value": 1.4334}, "geometry": {"type": "Polygon", "coordinates": [[[38, 30], [39, 30], [39, 31], [38, 31], [38, 30]]]}}, {"type": "Feature", "id": "c39-30", "properties": {"id": "c39-30", "name": "cell 39,30", "value": 1.2964}, "geometry": {"type": "Polygon", "coordinates": [[[39, 30], [40, 30], [40, 31], [39, 31], [39, 30]]]}}, {"type": "Feature", "id": "c0-31", "properties": {"id": "c0-31", "name": "cell 0,31", "value": 1.2378}, "geometry": {"type": "Polygon", "coordinates": [[[0, 31], [1, 31], [1, 32], [0, 32], [0, 31]]]}}, {"type": "Feature", "id": "c1-31", "properties": {"id": "c1-31", "name": "cell 1,31", "value": 1.3478}, "geometry": {"type": "Polygon", "coordinates": [[[1, 31], [2, 31], [2, 32], [1, 32], [1, 31]]]}}, {"type": "Feature", "id": "c2-31", "properties": {"id": "c2-31", "name": "cell 2,31", "value": 1.4985}, "geometry": {"type": "Polygon", "coordinates": [[[2, 31], [3, 31], [3, 32], [2, 32], [2, 31]]]}}, {"type": "Feature", "id": "c3-31", "properties": {"id": "c3-31", "name": "cell 3,31", "value": 1.7004}, "geometry": {"type": "Polygon", "coordinates": [[[3, 31], [4, 31], [4, 32], [3, 32], [3, 31]]]}}, {"type": "Feature", "id": "c4-31", "properties": {"id": "c4-31", "name": "cell 4,31", "value": 1.9645}, "geometry": {"type": "Polygon", "coordinates": [[[4, 31], [5, 31], [5, 32], [4, 32], [4, 31]]]}}, {"type": "Feature", "id": "c5-31", "properties": {"id": "c5-31", "name": "cell 5,31", "value": 2.302}, "geometry": {"type": "Polygon", "coordinates": [[[5, 31], [6, 31], [6, 32], [5, 32], [5, 31]]]}}, {"type": "Feature", "id": "c6-31", "properties": {"id": "c6-31", "name": "cell 6,31", "value": 2.7227}, "geometry": {"type": "Polygon", "coordinates": [[[6, 31], [7, 31], [7, 32], [6, 32], [6, 31]]]}}, {"type": "Feature", "id": "c7-31", "properties": {"id": "c7-31", "name": "cell 7,31", "value": 3.2342}, "geometry": {"type": "Polygon", "coordinates": [[[7, 31], [8, 31], [8, 32], [7, 32], [7, 31]]]}}, {"type": "Feature", "id": "c8-31", "properties": {"id": "c8-31", "name": "cell 8,31", "value": 3.8402}, "geometry": {"type": "Polygon", "coordinates": [[[8, 31], [9, 31], [9, 32], [8, 32], [8, 31]]]}}, {"type": "Feature", "id": "c9-31", "properties": {"id": "c9-31", "name": "cell 9,31", "value": 4.5391}, "geometry": {"type": "Polygon", "coordinates": [[[9, 31], [10, 31], [10, 32], [9, 32], [9, 31]]]}}, {"type": "Feature", "id": "c10-31", "properties": {"id": "c10-31", "name": "cell 10,31", "value": 5.3227}, "geometry": {"type": "Polygon", "coordinates": [[[10, 31], [11, 31], [11, 32], [10, 32], [10, 31]]]}}, {"type": "Feature", "id": "c11-31", "properties": {"id": "c11-31", "name": "cell 11,31", "value": 6.1752}, "geometry": {"type": "Polygon", "coordinates": [[[11, 31], [12, 31], [12, 32], [11, 32], [11, 31]]]}}, {"type": "Feature", "id": "c12-31", "properties": {"id": "c12-31", "name": "cell 12,31", "value": 7.0732}, "geometry": {"type": "Polygon", "coordinates": [[[12, 31], [13, 31], [13, 32], [12, 32], [12, 31]]]}}, {"type": "Feature", "id": "c13-31", "properties": {"id": "c13-31", "name": "cell 13,31", "value": 7.9858}, "geometry": {"type": "Polygon", "coordinates": [[[13, 31], [14, 31], [14, 32], [13, 32], [13, 31]]]}}, {"type": "Feature", "id": "c14-31", "properties": {"id": "c14-31", "name": "cell 14,31", "value": 8.8765}, "geometry": {"type": "Polygon", "coordinates": [[[14, 31], [15, 31], [15, 32], [14, 32], [14, 31]]]}}, {"type": "Feature", "id": "c15-31", "properties": {"id": "c15-31", "name": "cell 15,31", "value": 9.7048}, "geometry": {"type": "Polygon", "coordinates": [[[15, 31], [16, 31], [16, 32], [15, 32], [15, 31]]]}}, {"type": "Feature", "id": "c16-31", "properties": {"id": "c16-31", "name": "cell 16,31", "value": 10.4298}, "geometry": {"type": "Polygon", "coordinates": [[[16, 31], [17, 31], [17, 32], [16, 32], [16, 31]]]}}, {"type": "Feature", "id": "c17-31", "properties": {"id": "c17-31", "name": "cell 17,31", "value": 11.013}, "geometry": {"type": "Polygon", "coordinates": [[[17, 31], [18, 31], [18, 32], [17, 32], [17, 31]]]}}, {"type": "Feature", "id": "c18-31", "properties": {"id": "c18-31", "name": "cell 18,31", "value": 11.4216}, "geometry": {"type": "Polygon", "coordinates": [[[18, 31], [19, 31], [19, 32], [18, 32], [18, 31]]]}}, {"type": "Feature", "id": "c19-31", "properties": {"id": "c19-31", "name": "cell 19,31", "value": 11.6321}, "geometry": {"type": "Polygon", "coordinates": [[[19, 31], [20, 31], [20, 32], [19, 32], [19, 31]]]}}, {"type": "Feature", "id": "c20-31", "properties": {"id": "c20-31", "name": "cell 20,31", "value": 11.6321}, "geometry": {"type": "Polygon", "coordinates": [[[20, 31], [21, 31], [21, 32], [20, 32], [20, 31]]]}}, {"type": "Feature", "id": "c21-31", "properties": {"id": "c21-31", "name": "cell 21,31", "value": 11.4216}, "geometry": {"type": "Polygon", "coordinates": [[[21, 31], [22, 31], [22, 32], [21, 32], [21, 31]]]}}, {"type": "Feature", "id": "c22-31", "properties": {"id": "c22-31", "name": "cell 22,31", "value": 11.013}, "geometry": {"type": "Polygon", "coordinates": [[[22, 31], [23, 31], [23, 32], [22, 32], [22, 31]]]}}, {"type": "Feature", "id": "c23-31", "properties": {"id": "c23-31", "name": "cell 23,31", "value": 10.4298}, "geometry": {"type": "Polygon", "coordinates": [[[23, 31], [24, 31], [24, 32], [23, 32], [23, 31]]]}}, {"type": "Feature", "id": "c24-31", "properties": {"id": "c24-31", "name": "cell 24,31", "value": 9.7048}, "geometry": {"type": "Polygon", "coordinates": [[[24, 31], [25, 31], [25, 32], [24, 32], [24, 31]]]}}, {"type": "Feature", "id": "c25-31", "properties": {"id": "c25-31", "name": "cell 25,31", "value": 8.8765}, "geometry": {"type": "Polygon", "coordinates": [[[25, 31], [26, 31], [26, 32], [25, 32], [25, 31]]]}}, {"type": "Feature", "id": "c26-31", "properties": {"id": "c26-31", "name": "cell 26,31", "value": 7.9858}, "geometry": {"type": "Polygon", "coordinates": [[[26, 31], [27, 31], [27, 32], [26, 32], [26, 31]]]}}, {"type": "Feature", "id": "c27-31", "properties": {"id": "c27-31", "name": "cell 27,31", "value": 7.0732}, "geometry": {"type": "Polygon", "coordinates": [[[27, 31], [28, 31], [28, 32], [27, 32], [27, 31]]]}}, {"type": "Feature", "id": "c28-31", "properties": {"id": "c28-31", "name": "cell 28,31", "value": 6.1752}, "geometry": {"type": "Polygon", "coordinates": [[[28, 31], [29, 31], [29, 32], [28, 32], [28, 31]]]}}, {"type": "Feature", "id": "c29-31", "properties": {"id": "c29-31", "name": "cell 29,31", "value": 5.3227}, "geometry": {"type": "Polygon", "coordinates": [[[29, 31], [30, 31], [30, 32], [29, 32], [29, 31]]]}}, {"type": "Feature", "id": "c30-31", "properties": {"id": "c30-31", "name": "cell 30,31", "value": 4.5391}, "geometry": {"type": "Polygon", "coordinates": [[[30, 31], [31, 31], [31, 32], [30, 32], [30, 31]]]}}, {"type": "Feature", "id": "c31-31", "properties": {"id": "c31-31", "name": "cell 31,31", "value": 3.8402}, "geometry": {"type": "Polygon", "coordinates": [[[31, 31], [32, 31], [32, 32], [31, 32], [31, 31]]]}}, {"type": "Feature", "id": "c32-31", "properties": {"id": "c32-31", "name": "cell 32,31", "value": 3.2342}, "geometry": {"type": "Polygon", "coordinates": [[[32, 31], [33, 31], [33, 32], [32, 32], [32, 31]]]}}, {"type": "Feature", "id": "c33-31", "properties": {"id": "c33-31", "name": "cell 33,31", "value": 2.7227}, "geometry": {"type": "Polygon", "coordinates": [[[33, 31], [34, 31], [34, 32], [33, 32], [33, 31]]]}}, {"type": "Feature", "id": "c34-31", "properties": {"id": "c34-31", "name": "cell 34,31", "value": 2.302}, "geometry": {"type": "Polygon", "coordinates": [[[34, 31], [35, 31], [35, 32], [34, 32], [34, 31]]]}}, {"type": "Feature", "id": "c35-31", "properties": {"id": "c35-31", "name": "cell 35,31", "value": 1.9645}, "geometry": {"type": "Polygon", "coordinates": [[[35, 31], [36, 31], [36, 32], [35, 32], [35, 31]]]}}, {"type": "Feature", "id": "c36-31", "properties": {"id": "c36-31", "name": "cell 36,31", "value": 1.7004}, "geometry": {"type": "Polygon", "coordinates": [[[36, 31], [37, 31], [37, 32], [36, 32], [36, 31]]]}}, {"type": "Feature", "id": "c37-31", "properties": {"id": "c37-31", "name": "cell 37,31", "value": 1.4985}, "geometry": {"type": "Polygon", "coordinates": [[[37, 31], [38, 31], [38, 32], [37, 32], [37, 31]]]}}, {"type": "Feature", "id": "c38-31", "properties": {"id": "c38-31", "name": "cell 38,31", "value": 1.3478}, "geometry": {"type": "Polygon", "coordinates": [[[38, 31], [39, 31], [39, 32], [38, 32], [38, 31]]]}}, {"type": "Feature", "id": "c39-31", "properties": {"id": "c39-31", "name": "cell 39,31", "value": 1.2378}, "geometry": {"type": "Polygon", "coordinates": [[[39, 31], [40, 31], [40, 32], [39, 32], [39, 31]]]}}, {"type": "Feature", "id": "c0-32", "properties": {"id": "c0-32", "name": "cell 0,32", "value": 1.1871}, "geometry": {"type": "Polygon", "coordinates": [[[0, 32], [1, 32], [1, 33], [0, 33], [0, 32]]]}}, {"type": "Feature", "id": "c1-32", "properties": {"id": "c1-32", "name": "cell 1,32", "value": 1.2736}, "geometry": {"type": "Polygon", "coordinates": [[[1, 32], [2, 32], [2, 33], [1, 33], [1, 32]]]}}, {"type": "Feature", "id": "c2-32", "properties": {"id": "c2-32", "name": "cell 2,32", "value": 1.3921}, "geometry": {"type": "Polygon", "coordinates": [[[2, 32], [3, 32], [3, 33], [2, 33], [2, 32]]]}}, {"type": "Feature", "id": "c3-32", "properties": {"id": "c3-32", "name": "cell 3,32", "value": 1.5509}, "geometry": {"type": "Polygon", "coordinates": [[[3, 32], [4, 32], [4, 33], [3, 33], [3, 32]]]}}, {"type": "Feature", "id": "c4-32", "properties": {"id": "c4-32", "name": "cell 4,32", "value": 1.7587}, "geometry": {"type": "Polygon", "coordinates": [[[4, 32], [5, 32], [5, 33], [4, 33], [4, 32]]]}}, {"type": "Feature", "id": "c5-32", "properties": {"id": "c5-32", "name": "cell 5,32", "value": 2.0242}, "geometry": {"type": "Polygon", "coordinates": [[[5, 32], [6, 32], [6, 33], [5, 33], [5, 32]]]}}, {"type": "Feature", "id": "c6-32", "properties": {"id": "c6-32", "name": "cell 6,32", "value": 2.3551}, "geometry": {"type": "Polygon", "coordinates": [[[6, 32], [7, 32], [7, 33], [6, 33], [6, 32]]]}}, {"type": "Feature", "id": "c7-32", "properties": {"id": "c7-32", "name": "cell 7,32", "value": 2.7575}, "geometry": {"type": "Polygon", "coordinates": [[[7, 32], [8, 32], [8, 33], [7, 33], [7, 32]]]}}, {"type": "Feature", "id": "c8-32", "properties": {"id": "c8-32", "name": "cell 8,32", "value": 3.2342}, "geometry": {"type": "Polygon", "coordinates": [[[8, 32], [9, 32], [9, 33], [8, 33], [8, 32]]]}}, {"type": "Feature", "id": "c9-32", "properties": {"id": "c9-32", "name": "cell 9,32", "value": 3.784}, "geometry": {"type": "Polygon", "coordinates": [[[9, 32], [10, 32], [10, 33], [9, 33], [9, 32]]]}}, {"type": "Feature", "id": "c10-32", "properties": {"id": "c10-32", "name": "cell 10,32", "value": 4.4004}, "geometry": {"type": "Polygon", "coordinates": [[[10, 32], [11, 32], [11, 33], [10, 33], [10, 32]]]}}, {"type": "Feature", "id": "c11-32", "properties": {"id": "c11-32", "name": "cell 11,32", "value": 5.071}, "geometry": {"type": "Polygon", "coordinates": [[[11, 32], [12, 32], [12, 33], [11, 33], [11, 32]]]}}, {"type": "Feature", "id": "c12-32", "properties": {"id": "c12-32", "name": "cell 12,32", "value": 5.7773}, "geometry": {"type": "Polygon", "coordinates": [[[12, 32], [13, 32], [13, 33], [12, 33], [12, 32]]]}}, {"type": "Feature", "id": "c13-32", "properties": {"id": "c13-32", "name": "cell 13,32", "value": 6.4952}, "geometry": {"type": "Polygon", "coordinates": [[[13, 32], [14, 32], [14, 33], [13, 33], [13, 32]]]}}, {"type": "Feature", "id": "c14-32", "properties": {"id": "c14-32", "name": "cell 14,32", "value": 7.1958}, "geometry": {"type": "Polygon", "coordinates": [[[14, 32], [15, 32], [15, 33], [14, 33], [14, 32]]]}}, {"type": "Feature", "id": "c15-32", "properties": {"id": "c15-32", "name": "cell 15,32", "value": 7.8475}, "geometry": {"type": "Polygon", "coordinates": [[[15, 32], [16, 32], [16, 33], [15, 33], [15, 32]]]}}, {"type": "Feature", "id": "c16-32", "properties": {"id": "c16-32", "name": "cell 16,32", "value": 8.4178}, "geometry": {"type": "Polygon", "coordinates": [[[16, 32], [17, 32], [17, 33], [16, 33], [16, 32]]]}}, {"type": "Feature", "id": "c17-32", "properties": {"id": "c17-32", "name": "cell 17,32", "value": 8.8765}, "geometry": {"type": "Polygon", "coordinates": [[[17, 32], [18, 32], [18, 33], [17, 33], [17, 32]]]}}, {"type": "Feature", "id": "c18-32", "properties": {"id": "c18-32", "name": "cell 18,32", "value": 9.1979}, "geometry": {"type": "Polygon", "coordinates": [[[18, 32], [19, 32], [19, 33], [18, 33], [18, 32]]]}}, {"type": "Feature", "id": "c19-32", "properties": {"id": "c19-32", "name": "cell 19,32", "value": 9.3635}, "geometry": {"type": "Polygon", "coordinates": [[[19, 32], [20, 32], [20, 33], [19, 33], [19, 32]]]}}, {"type": "Feature", "id": "c20-32", "properties": {"id": "c20-32", "name": "cell 20,32", "value": 9.3635}, "geometry": {"type": "Polygon", "coordinates": [[[20, 32], [21, 32], [21, 33], [20, 33], [20, 32]]]}}, {"type": "Feature", "id": "c21-32", "properties": {"id": "c21-32", "name": "cell 21,32", "value": 9.1979}, "geometry": {"type": "Polygon", "coordinates": [[[21, 32], [22, 32], [22, 33], [21, 33], [21, 32]]]}}, {"type": "Feature", "id": "c22-32", "properties": {"id": "c22-32", "name": "cell 22,32", "value": 8.8765}, "geometry": {"type": "Polygon", "coordinates": [[[22, 32], [23, 32], [23, 33], [22, 33], [22, 32]]]}}, {"type": "Feature", "id": "c23-32", "properties": {"id": "c23-32", "name": "cell 23,32", "value": 8.4178}, "geometry": {"type": "Polygon", "coordinates": [[[23, 32], [24, 32], [24, 33], [23, 33], [23, 32]]]}}, {"type": "Feature", "id": "c24-32", "properties": {"id": "c24-32", "name": "cell 24,32", "value": 7.8475}, "geometry": {"type": "Polygon", "coordinates": [[[24, 32], [25, 32], [25, 33], [24, 33], [24, 32]]]}}, {"type": "Feature", "id": "c25-32", "properties": {"id": "c25-32", "name": "cell 25,32", "value": 7.1958}, "geometry": {"type": "Polygon", "coordinates": [[[25, 32], [26, 32], [26, 33], [25, 33], [25, 32]]]}}, {"type": "Feature", "id": "c26-32", "properties": {"id": "c26-32", "name": "cell 26,32", "value": 6.4952}, "geometry": {"type": "Polygon", "coordinates": [[[26, 32], [27, 32], [27, 33], [26, 33], [26, 32]]]}}, {"type": "Feature", "id": "c27-32", "properties": {"id": "c27-32", "name": "cell 27,32", "value": 5.7773}, "geometry": {"type": "Polygon", "coordinates": [[[27, 32], [28, 32], [28, 33], [27, 33], [27, 32]]]}}, {"type": "Feature", "id": "c28-32", "properties": {"id": "c28-32", "name": "cell 28,32", "value": 5.071}, "geometry": {"type": "Polygon", "coordinates": [[[28, 32], [29, 32], [29, 33], [28, 33], [28, 32]]]}}, {"type": "Feature", "id": "c29-32", "properties": {"id": "c29-32", "name": "cell 29,32", "value": 4.4004}, "geometry": {"type": "Polygon", "coordinates": [[[29, 32], [30, 32], [30, 33], [29, 33], [29, 32]]]}}, {"type": "Feature", "id": "c30-32", "properties": {"id": "c30-32", "name": "cell 30,32", "value": 3.784}, "geometry": {"type": "Polygon", "coordinates": [[[30, 32], [31, 32], [31, 33], [30, 33], [30, 32]]]}}, {"type": "Feature", "id": "c31-32", "properties": {"id": "c31-32", "name": "cell 31,32", "value": 3.2342}, "geometry": {"type": "Polygon", "coordinates": [[[31, 32], [32, 32], [32, 33], [31, 33], [31, 32]]]}}, {"type": "Feature", "id": "c32-32", "properties": {"id": "c32-32", "name": "cell 32,32", "value": 2.7575}, "geometry": {"type": "Polygon", "coordinates": [[[32, 32], [33, 32], [33, 33], [32, 33], [32, 32]]]}}, {"type": "Feature", "id": "c33-32", "properties": {"id": "c33-32", "name": "cell 33,32", "value": 2.3551}, "geometry": {"type": "Polygon", "coordinates": [[[33, 32], [34, 32], [34, 33], [33, 33], [33, 32]]]}}, {"type": "Feature", "id": "c34-32", "properties": {"id": "c34-32", "name": "cell 34,32", "value": 2.0242}, "geometry": {"type": "Polygon", "coordinates": [[[34, 32], [35, 32], [35, 33], [34, 33], [34, 32]]]}}, {"type": "Feature", "id": "c35-32", "properties": {"id": "c35-32", "name": "cell 35,32", "value": 1.7587}, "geometry": {"type": "Polygon", "coordinates": [[[35, 32], [36, 32], [36, 33], [35, 33], [35, 32]]]}}, {"type": "Feature", "id": "c36-32", "properties": {"id": "c36-32", "name": "cell 36,32", "value": 1.5509}, "geometry": {"type": "Polygon", "coordinates": [[[36, 32], [37, 32], [37, 33], [36, 33], [36, 32]]]}}, {"type": "Feature", "id": "c37-32", "properties": {"id": "c37-32", "name": "cell 37,32", "value": 1.3921}, "geometry": {"type": "Polygon", "coordinates": [[[37, 32], [38, 32], [38, 33], [37, 33], [37, 32]]]}}, {"type": "Feature", "id": "c38-32", "properties": {"id": "c38-32", "name": "cell 38,32", "value": 1.2736}, "geometry": {"type": "Polygon", "coordinates": [[[38, 32], [39, 32], [39, 33], [38, 33], [38, 32]]]}}, {"type": "Feature", "id": "c39-32", "properties": {"id": "c39-32", "name": "cell 39,32", "value": 1.1871}, "geometry": {"type": "Polygon", "coordinates": [[[39, 32], [40, 32], [40, 33], [39, 33], [39, 32]]]}}, {"type": "Feature", "id": "c0-33", "properties": {"id": "c0-33", "name": "cell 0,33", "value": 1.1443}, "geometry": {"type": "Polygon", "coordinates": [[[0, 33], [1, 33], [1, 34], [0, 34], [0, 33]]]}}, {"type": "Feature", "id": "c1-33", "properties": {"id": "c1-33", "name": "cell 1,33", "value": 1.211}, "geometry": {"type": "Polygon", "coordinates": [[[1, 33], [2, 33], [2, 34], [1, 34], [1, 33]]]}}, {"type": "Feature", "id": "c2-33", "properties": {"id": "c2-33", "name": "cell 2,33", "value": 1.3024}, "geometry": {"type": "Polygon", "coordinates": [[[2, 33], [3, 33], [3, 34], [2, 34], [2, 33]]]}}, {"type": "Feature", "id": "c3-33", "properties": {"id": "c3-33", "name": "cell 3,33", "value": 1.4248}, "geometry": {"type": "Polygon", "coordinates": [[[3, 33], [4, 33], [4, 34], [3, 34], [3, 33]]]}}, {"type": "Feature", "id": "c4-33", "properties": {"id": "c4-33", "name": "cell 4,33", "value": 1.585}, "geometry": {"type": "Polygon", "coordinates": [[[4, 33], [5, 33], [5, 34], [4, 34], [4, 33]]]}}, {"type": "Feature", "id": "c5-33", "properties": {"id": "c5-33", "name": "cell 5,33", "value": 1.7897}, "geometry": {"type": "Polygon", "coordinates": [[[5, 33], [6, 33], [6, 34], [5, 34], [5, 33]]]}}, {"type": "Feature", "id": "c6-33", "properties": {"id": "c6-33", "name": "cell 6,33", "value": 2.0449}, "geometry": {"type": "Polygon", "coordinates": [[[6, 33], [7, 33], [7, 34], [6, 34], [6, 33]]]}}, {"type": "Feature", "id": "c7-33", "properties": {"id": "c7-33", "name": "cell 7,33", "value": 2.3551}, "geometry": {"type": "Polygon", "coordinates": [[[7, 33], [8, 33], [8, 34], [7, 34], [7, 33]]]}}, {"type": "Feature", "id": "c8-33", "properties": {"id": "c8-33", "name": "cell 8,33", "value": 2.7227}, "geometry": {"type": "Polygon", "coordinates": [[[8, 33], [9, 33], [9, 34], [8, 34], [8, 33]]]}}, {"type": "Feature", "id": "c9-33", "properties": {"id": "c9-33", "name": "cell 9,33", "value": 3.1466}, "geometry": {"type": "Polygon", "coordinates": [[[9, 33], [10, 33], [10, 34], [9, 34], [9, 33]]]}}, {"type": "Feature", "id": "c10-33", "properties": {"id": "c10-33", "name": "cell 10,33", "value": 3.6218}, "geometry": {"type": "Polygon", "coordinates": [[[10, 33], [11, 33], [11, 34], [10, 34], [10, 33]]]}}, {"type": "Feature", "id": "c11-33", "properties": {"id": "c11-33", "name": "cell 11,33", "value": 4.1389}, "geometry": {"type": "Polygon", "coordinates": [[[11, 33], [12, 33], [12, 34], [11, 34], [11, 33]]]}}, {"type": "Feature", "id": "c12-33", "properties": {"id": "c12-33", "name": "cell 12,33", "value": 4.6836}, "geometry": {"type": "Polygon", "coordinates": [[[12, 33], [13, 33], [13, 34], [12, 34], [12, 33]]]}}, {"type": "Feature", "id": "c13-33", "properties": {"id": "c13-33", "name": "cell 13,33", "value": 5.2371}, "geometry": {"type": "Polygon", "coordinates": [[[13, 33], [14, 33], [14, 34], [13, 34], [13, 33]]]}}, {"type": "Feature", "id": "c14-33", "properties": {"id": "c14-33", "name": "cell 14,33", "value": 5.7773}, "geometry": {"type": "Polygon", "coordinates": [[[14, 33], [15, 33], [15, 34], [14, 34], [14, 33]]]}}, {"type": "Feature", "id": "c15-33", "properties": {"id": "c15-33", "name": "cell 15,33", "value": 6.2798}, "geometry": {"type": "Polygon", "coordinates": [[[15, 33], [16, 33], [16, 34], [15, 34], [15, 33]]]}}, {"type": "Feature", "id": "c16-33", "properties": {"id": "c16-33", "name": "cell 16,33", "value": 6.7195}, "geometry": {"type": "Polygon", "coordinates": [[[16, 33], [17, 33], [17, 34], [16, 34], [16, 33]]]}}, {"type": "Feature", "id": "c17-33", "properties": {"id": "c17-33", "name": "cell 17,33", "value": 7.0732}, "geometry": {"type": "Polygon", "coordinates": [[[17, 33], [18, 33], [18, 34], [17, 34], [17, 33]]]}}, {"type": "Feature", "id": "c18-33", "properties": {"id": "c18-33", "name": "cell 18,33", "value": 7.321}, "geometry": {"type": "Polygon", "coordinates": [[[18, 33], [19, 33], [19, 34], [18, 34], [18, 33]]]}}, {"type": "Feature", "id": "c19-33", "properties": {"id": "c19-33", "name": "cell 19,33", "value": 7.4487}, "geometry": {"type": "Polygon", "coordinates": [[[19, 33], [20, 33], [20, 34], [19, 34], [19, 33]]]}}, {"type": "Feature", "id": "c20-33", "properties": {"id": "c20-33", "name": "cell 20,33", "value": 7.4487}, "geometry": {"type": "Polygon", "coordinates": [[[20, 33], [21, 33], [21, 34], [20, 34], [20, 33]]]}}, {"type": "Feature", "id": "c21-33", "properties": {"id": "c21-33", "name": "cell 21,33", "value": 7.321}, "geometry": {"type": "Polygon", "coordinates": [[[21, 33], [22, 33], [22, 34], [21, 34], [21, 33]]]}}, {"type": "Feature", "id": "c22-33", "properties": {"id": "c22-33", "name": "cell 22,33", "value": 7.0732}, "geometry": {"type": "Polygon", "coordinates": [[[22, 33], [23, 33], [23, 34], [22, 34], [22, 33]]]}}, {"type": "Feature", "id": "c23-33", "properties": {"id": "c23-33", "name": "cell 23,33", "value": 6.7195}, "geometry": {"type": "Polygon", "coordinates": [[[23, 33], [24, 33], [24, 34], [23, 34], [23, 33]]]}}, {"type": "Feature", "id": "c24-33", "properties": {"id": "c24-33", "name": "cell 24,33", "value": 6.2798}, "geometry": {"type": "Polygon", "coordinates": [[[24, 33], [25, 33], [25, 34], [24, 34], [24, 33]]]}}, {"type": "Feature", "id": "c25-33", "properties": {"id": "c25-33", "name": "cell 25,33", "value": 5.7773}, "geometry": {"type": "Polygon", "coordinates": [[[25, 33], [26, 33], [26, 34], [25, 34], [25, 33]]]}}, {"type": "Feature", "id": "c26-33", "properties": {"id": "c26-33", "name": "cell 26,33", "value": 5.2371}, "geometry": {"type": "Polygon", "coordinates": [[[26, 33], [27, 33], [27, 34], [26, 34], [26, 33]]]}}, {"type": "Feature", "id": "c27-33", "properties": {"id": "c27-33", "name": "cell 27,33", "value": 4.6836}, "geometry": {"type": "Polygon", "coordinates": [[[27, 33], [28, 33], [28, 34], [27, 34], [27, 33]]]}}, {"type": "Feature", "id": "c28-33", "properties": {"id": "c28-33", "name": "cell 28,33", "value": 4.1389}, "geometry": {"type": "Polygon", "coordinates": [[[28, 33], [29, 33], [29, 34], [28, 34], [28, 33]]]}}, {"type": "Feature", "id": "c29-33", "properties": {"id": "c29-33", "name": "cell 29,33", "value": 3.6218}, "geometry": {"type": "Polygon", "coordinates": [[[29, 33], [30, 33], [30, 34], [29, 34], [29, 33]]]}}, {"type": "Feature", "id": "c30-33", "properties": {"id": "c30-33", "name": "cell 30,33", "value": 3.1466}, "geometry": {"type": "Polygon", "coordinates": [[[30, 33], [31, 33], [31, 34], [30, 34], [30, 33]]]}}, {"type": "Feature", "id": "c31-33", "properties": {"id": "c31-33", "name": "cell 31,33", "value": 2.7227}, "geometry": {"type": "Polygon", "coordinates": [[[31, 33], [32, 33], [32, 34], [31, 34], [31, 33]]]}}, {"type": "Feature", "id": "c32-33", "properties": {"id": "c32-33", "name": "cell 32,33", "value": 2.3551}, "geometry": {"type": "Polygon", "coordinates": [[[32, 33], [33, 33], [33, 34], [32, 34], [32, 33]]]}}, {"type": "Feature", "id": "c33-33", "properties": {"id": "c33-33", "name": "cell 33,33", "value": 2.0449}, "geometry": {"type": "Polygon", "coordinates": [[[33, 33], [34, 33], [34, 34], [33, 34], [33, 33]]]}}, {"type": "Feature", "id": "c34-33", "properties": {"id": "c34-33", "name": "cell 34,33", "value": 1.7897}, "geometry": {"type": "Polygon", "coordinates": [[[34, 33], [35, 33], [35, 34], [34, 34], [34, 33]]]}}, {"type": "Feature", "id": "c35-33", "properties": {"id": "c35-33", "name": "cell 35,33", "value": 1.585}, "geometry": {"type": "Polygon", "coordinates": [[[35, 33], [36, 33], [36, 34], [35, 34], [35, 33]]]}}, {"type": "Feature", "id": "c36-33", "properties": {"id": "c36-33", "name": "cell 36,33", "value": 1.4248}, "geometry": {"type": "Polygon", "coordinates": [[[36, 33], [37, 33], [37, 34], [36, 34], [36, 33]]]}}, {"type": "Feature", "id": "c37-33", "properties": {"id": "c37-33", "name": "cell 37,33", "value": 1.3024}, "geometry": {"type": "Polygon", "coordinates": [[[37, 33], [38, 33], [38, 34], [37, 34], [37, 33]]]}}, {"type": "Feature", "id": "c38-33", "properties": {"id": "c38-33", "name": "cell 38,33", "value": 1.211}, "geometry": {"type": "Polygon", "coordinates": [[[38, 33], [39, 33], [39, 34], [38, 34], [38, 33]]]}}, {"type": "Feature", "id": "c39-33", "properties": {"id": "c39-33", "name": "cell 39,33", "value": 1.1443}, "geometry": {"type": "Polygon", "coordinates": [[[39, 33], [40, 33], [40, 34], [39, 34], [39, 33]]]}}, {"type": "Feature", "id": "c0-34", "properties": {"id": "c0-34", "name": "cell 0,34", "value": 1.109}, "geometry": {"type": "Polygon", "coordinates": [[[0, 34], [1, 34], [1, 35], [0, 35], [0, 34]]]}}, {"type": "Feature", "id": "c1-34", "properties": {"id": "c1-34", "name": "cell 1,34", "value": 1.1594}, "geometry": {"type": "Polygon", "coordinates": [[[1, 34], [2, 34], [2, 35], [1, 35], [1, 34]]]}}, {"type": "Feature", "id": "c2-34", "properties": {"id": "c2-34", "name": "cell 2,34", "value": 1.2285}, "geometry": {"type": "Polygon", "coordinates": [[[2, 34], [3, 34], [3, 35], [2, 35], [2, 34]]]}}, {"type": "Feature", "id": "c3-34", "properties": {"id": "c3-34", "name": "cell 3,34", "value": 1.3211}, "geometry": {"type": "Polygon", "coordinates": [[[3, 34], [4, 34], [4, 35], [3, 35], [3, 34]]]}}, {"type": "Feature", "id": "c4-34", "properties": {"id": "c4-34", "name": "cell 4,34", "value": 1.4421}, "geometry": {"type": "Polygon", "coordinates": [[[4, 34], [5, 34], [5, 35], [4, 35], [4, 34]]]}}, {"type": "Feature", "id": "c5-34", "properties": {"id": "c5-34", "name": "cell 5,34", "value": 1.5968}, "geometry": {"type": "Polygon", "coordinates": [[[5, 34], [6, 34], [6, 35], [5, 35], [5, 34]]]}}, {"type": "Feature", "id": "c6-34", "properties": {"id": "c6-34", "name": "cell 6,34", "value": 1.7897}, "geometry": {"type": "Polygon", "coordinates": [[[6, 34], [7, 34], [7, 35], [6, 35], [6, 34]]]}}, {"type": "Feature", "id": "c7-34", "properties": {"id": "c7-34", "name": "cell 7,34", "value": 2.0242}, "geometry": {"type": "Polygon", "coordinates": [[[7, 34], [8, 34], [8, 35], [7, 35], [7, 34]]]}}, {"type": "Feature", "id": "c8-34", "properties": {"id": "c8-34", "name": "cell 8,34", "value": 2.302}, "geometry": {"type": "Polygon", "coordinates": [[[8, 34], [9, 34], [9, 35], [8, 35], [8, 34]]]}}, {"type": "Feature", "id": "c9-34", "properties": {"id": "c9-34", "name": "cell 9,34", "value": 2.6224}, "geometry": {"type": "Polygon", "coordinates": [[[9, 34], [10, 34], [10, 35], [9, 35], [9, 34]]]}}, {"type": "Feature", "id": "c10-34", "properties": {"id": "c10-34", "name": "cell 10,34", "value": 2.9816}, "geometry": {"type": "Polygon", "coordinates": [[[10, 34], [11, 34], [11, 35], [10, 35], [10, 34]]]}}, {"type": "Feature", "id": "c11-34", "properties": {"id": "c11-34", "name": "cell 11,34", "value": 3.3723}, "geometry": {"type": "Polygon", "coordinates": [[[11, 34], [12, 34], [12, 35], [11, 35], [11, 34]]]}}, {"type": "Feature", "id": "c12-34", "properties": {"id": "c12-34", "name": "cell 12,34", "value": 3.784}, "geometry": {"type": "Polygon", "coordinates": [[[12, 34], [13, 34], [13, 35], [12, 35], [12, 34]]]}}, {"type": "Feature", "id": "c13-34", "properties": {"id": "c13-34", "name": "cell 13,34", "value": 4.2023}, "geometry": {"type": "Polygon", "coordinates": [[[13, 34], [14, 34], [14, 35], [13, 35], [13, 34]]]}}, {"type": "Feature", "id": "c14-34", "properties": {"id": "c14-34", "name": "cell 14,34", "value": 4.6106}, "geometry": {"type": "Polygon", "coordinates": [[[14, 34], [15, 34], [15, 35], [14, 35], [14, 34]]]}}, {"type": "Feature", "id": "c15-34", "properties": {"id": "c15-34", "name": "cell 15,34", "value": 4.9904}, "geometry": {"type": "Polygon", "coordinates": [[[15, 34], [16, 34], [16, 35], [15, 35], [15, 34]]]}}, {"type": "Feature", "id": "c16-34", "properties": {"id": "c16-34", "name": "cell 16,34", "value": 5.3227}, "geometry": {"type": "Polygon", "coordinates": [[[16, 34], [17, 34], [17, 35], [16, 35], [16, 34]]]}}, {"type": "Feature", "id": "c17-34", "properties": {"id": "c17-34", "name": "cell 17,34", "value": 5.59}, "geometry": {"type": "Polygon", "coordinates": [[[17, 34], [18, 34], [18, 35], [17, 35], [17, 34]]]}}, {"type": "Feature", "id": "c18-34", "properties": {"id": "c18-34", "name": "cell 18,34", "value": 5.7773}, "geometry": {"type": "Polygon", "coordinates": [[[18, 34], [19, 34], [19, 35], [18, 35], [18, 34]]]}}, {"type": "Feature", "id": "c19-34", "properties": {"id": "c19-34", "name": "cell 19,34", "value": 5.8738}, "geometry": {"type": "Polygon", "coordinates": [[[19, 34], [20, 34], [20, 35], [19, 35], [19, 34]]]}}, {"type": "Feature", "id": "c20-34", "properties": {"id": "c20-34", "name": "cell 20,34", "value": 5.8738}, "geometry": {"type": "Polygon", "coordinates": [[[20, 34], [21, 34], [21, 35], [20, 35], [20, 34]]]}}, {"type": "Feature", "id": "c21-34", "properties": {"id": "c21-34", "name": "cell 21,34", "value": 5.7773}, "geometry": {"type": "Polygon", "coordinates": [[[21, 34], [22, 34], [22, 35], [21, 35], [21, 34]]]}}, {"type": "Feature", "id": "c22-34", "properties": {"id": "c22-34", "name": "cell 22,34", "value": 5.59}, "geometry": {"type": "Polygon", "coordinates": [[[22, 34], [23, 34], [23, 35], [22, 35], [22, 34]]]}}, {"type": "Feature", "id": "c23-34", "properties": {"id": "c23-34", "name": "cell 23,34", "value": 5.3227}, "geometry": {"type": "Polygon", "coordinates": [[[23, 34], [24, 34], [24, 35], [23, 35], [23, 34]]]}}, {"type": "Feature", "id": "c24-34", "properties": {"id": "c24-34", "name": "cell 24,34", "value": 4.9904}, "geometry": {"type": "Polygon", "coordinates": [[[24, 34], [25, 34], [25, 35], [24, 35], [24, 34]]]}}, {"type": "Feature", "id": "c25-34", "properties": {"id": "c25-34", "name": "cell 25,34", "value": 4.6106}, "geometry": {"type": "Polygon", "coordinates": [[[25, 34], [26, 34], [26, 35], [25, 35], [25, 34]]]}}, {"type": "Feature", "id": "c26-34", "properties": {"id": "c26-34", "name": "cell 26,34", "value": 4.2023}, "geometry": {"type": "Polygon", "coordinates": [[[26, 34], [27, 34], [27, 35], [26, 35], [26, 34]]]}}, {"type": "Feature", "id": "c27-34", "properties": {"id": "c27-34", "name": "cell 27,34", "value": 3.784}, "geometry": {"type": "Polygon", "coordinates": [[[27, 34], [28, 34], [28, 35], [27, 35], [27, 34]]]}}, {"type": "Feature", "id": "c28-34", "properties": {"id": "c28-34", "name": "cell 28,34", "value": 3.3723}, "geometry": {"type": "Polygon", "coordinates": [[[28, 34], [29, 34], [29, 35], [28, 35], [28, 34]]]}}, {"type": "Feature", "id": "c29-34", "properties": {"id": "c29-34", "name": "cell 29,34", "value": 2.9816}, "geometry": {"type": "Polygon", "coordinates": [[[29, 34], [30, 34], [30, 35], [29, 35], [29, 34]]]}}, {"type": "Feature", "id": "c30-34", "properties": {"id": "c30-34", "name": "cell 30,34", "value": 2.6224}, "geometry": {"type": "Polygon", "coordinates": [[[30, 34], [31, 34], [31, 35], [30, 35], [30, 34]]]}}, {"type": "Feature", "id": "c31-34", "properties": {"id": "c31-34", "name": "cell 31,34", "value": 2.302}, "geometry": {"type": "Polygon", "coordinates": [[[31, 34], [32, 34], [32, 35], [31, 35], [31, 34]]]}}, {"type": "Feature", "id": "c32-34", "properties": {"id": "c32-34", "name": "cell 32,34", "value": 2.0242}, "geometry": {"type": "Polygon", "coordinates": [[[32, 34], [33, 34], [33, 35], [32, 35], [32, 34]]]}}, {"type": "Feature", "id": "c33-34", "properties": {"id": "c33-34", "name": "cell 33,34", "value": 1.7897}, "geometry": {"type": "Polygon", "coordinates": [[[33, 34], [34, 34], [34, 35], [33, 35], [33, 34]]]}}, {"type": "Feature", "id": "c34-34", "properties": {"id": "c34-34", "name": "cell 34,34", "value": 1.5968}, "geometry": {"type": "Polygon", "coordinates": [[[34, 34], [35, 34], [35, 35], [34, 35], [34, 34]]]}}, {"type": "Feature", "id": "c35-34", "properties": {"id": "c35-34", "name": "cell 35,34", "value": 1.4421}, "geometry": {"type": "Polygon", "coordinates": [[[35, 34], [36, 34], [36, 35], [35, 35], [35, 34]]]}}, {"type": "Feature", "id": "c36-34", "properties": {"id": "c36-34", "name": "cell 36,34", "value": 1.3211}, "geometry": {"type": "Polygon", "coordinates": [[[36, 34], [37, 34], [37, 35], [36, 35], [36, 34]]]}}, {"type": "Feature", "id": "c37-34", "properties": {"id": "c37-34", "name": "cell 37,34", "value": 1.2285}, "geometry": {"type": "Polygon", "coordinates": [[[37, 34], [38, 34], [38, 35], [37, 35], [37, 34]]]}}, {"type": "Feature", "id": "c38-34", "properties": {"id": "c38-34", "name": "cell 38,34", "value": 1.1594}, "geometry": {"type": "Polygon", "coordinates": [[[38, 34], [39, 34], [39, 35], [38, 35], [38, 34]]]}}, {"type": "Feature", "id": "c39-34", "properties": {"id": "c39-34", "name": "cell 39,34", "value": 1.109}, "geometry": {"type": "Polygon", "coordinates": [[[39, 34], [40, 34], [40, 35], [39, 35], [39, 34]]]}}, {"type": "Feature", "id": "c0-35", "properties": {"id": "c0-35", "name": "cell 0,35", "value": 1.0808}, "geometry": {"type": "Polygon", "coordinates": [[[0, 35], [1, 35], [1, 36], [0, 36], [0, 35]]]}}, {"type": "Feature", "id": "c1-35", "properties": {"id": "c1-35", "name": "cell 1,35", "value": 1.1181}, "geometry": {"type": "Polygon", "coordinates": [[[1, 35], [2, 35], [2, 36], [1, 36], [1, 35]]]}}, {"type": "Feature", "id": "c2-35", "properties": {"id": "c2-35", "name": "cell 2,35", "value": 1.1693}, "geometry": {"type": "Polygon", "coordinates": [[[2, 35], [3, 35], [3, 36], [2, 36], [2, 35]]]}}, {"type": "Feature", "id": "c3-35", "properties": {"id": "c3-35", "name": "cell 3,35", "value": 1.2378}, "geometry": {"type": "Polygon", "coordinates": [[[3, 35], [4, 35], [4, 36], [3, 36], [3, 35]]]}}, {"type": "Feature", "id": "c4-35", "properties": {"id": "c4-35", "name": "cell 4,35", "value": 1.3275}, "geometry": {"type": "Polygon", "coordinates": [[[4, 35], [5, 35], [5, 36], [4, 36], [4, 35]]]}}, {"type": "Feature", "id": "c5-35", "properties": {"id": "c5-35", "name": "cell 5,35", "value": 1.4421}, "geometry": {"type": "Polygon", "coordinates": [[[5, 35], [6, 35], [6, 36], [5, 36], [5, 35]]]}}, {"type": "Feature", "id": "c6-35", "properties": {"id": "c6-35", "name": "cell 6,35", "value": 1.585}, "geometry": {"type": "Polygon", "coordinates": [[[6, 35], [7, 35], [7, 36], [6, 36], [6, 35]]]}}, {"type": "Feature", "id": "c7-35", "properties": {"id": "c7-35", "name": "cell 7,35", "value": 1.7587}, "geometry": {"type": "Polygon", "coordinates": [[[7, 35], [8, 35], [8, 36], [7, 36], [7, 35]]]}}, {"type": "Feature", "id": "c8-35", "properties": {"id": "c8-35", "name": "cell 8,35", "value": 1.9645}, "geometry": {"type": "Polygon", "coordinates": [[[8, 35], [9, 35], [9, 36], [8, 36], [8, 35]]]}}, {"type": "Feature", "id": "c9-35", "properties": {"id": "c9-35", "name": "cell 9,35", "value": 2.2019}, "geometry": {"type": "Polygon", "coordinates": [[[9, 35], [10, 35], [10, 36], [9, 36], [9, 35]]]}}, {"type": "Feature", "id": "c10-35", "properties": {"id": "c10-35", "name": "cell 10,35", "value": 2.468}, "geometry": {"type": "Polygon", "coordinates": [[[10, 35], [11, 35], [11, 36], [10, 36], [10, 35]]]}}, {"type": "Feature", "id": "c11-35", "properties": {"id": "c11-35", "name": "cell 11,35", "value": 2.7575}, "geometry": {"type": "Polygon", "coordinates": [[[11, 35], [12, 35], [12, 36], [11, 36], [11, 35]]]}}, {"type": "Feature", "id": "c12-35", "properties": {"id": "c12-35", "name": "cell 12,35", "value": 3.0624}, "geometry": {"type": "Polygon", "coordinates": [[[12, 35], [13, 35], [13, 36], [12, 36], [12, 35]]]}}, {"type": "Feature", "id": "c13-35", "properties": {"id": "c13-35", "name": "cell 13,35", "value": 3.3723}, "geometry": {"type": "Polygon", "coordinates": [[[13, 35], [14, 35], [14, 36], [13, 36], [13, 35]]]}}, {"type": "Feature", "id": "c14-35", "properties": {"id": "c14-35", "name": "cell 14,35", "value": 3.6748}, "geometry": {"type": "Polygon", "coordinates": [[[14, 35], [15, 35], [15, 36], [14, 36], [14, 35]]]}}, {"type": "Feature", "id": "c15-35", "properties": {"id": "c15-35", "name": "cell 15,35", "value": 3.9561}, "geometry": {"type": "Polygon", "coordinates": [[[15, 35], [16, 35], [16, 36], [15, 36], [15, 35]]]}}, {"type": "Feature", "id": "c16-35", "properties": {"id": "c16-35", "name": "cell 16,35", "value": 4.2023}, "geometry": {"type": "Polygon", "coordinates": [[[16, 35], [17, 35], [17, 36], [16, 36], [16, 35]]]}}, {"type": "Feature", "id": "c17-35", "properties": {"id": "c17-35", "name": "cell 17,35", "value": 4.4004}, "geometry": {"type": "Polygon", "coordinates": [[[17, 35], [18, 35], [18, 36], [17, 36], [17, 35]]]}}, {"type": "Feature", "id": "c18-35", "properties": {"id": "c18-35", "name": "cell 18,35", "value": 4.5391}, "geometry": {"type": "Polygon", "coordinates": [[[18, 35], [19, 35], [19, 36], [18, 36], [18, 35]]]}}, {"type": "Feature", "id": "c19-35", "properties": {"id": "c19-35", "name": "cell 19,35", "value": 4.6106}, "geometry": {"type": "Polygon", "coordinates": [[[19, 35], [20, 35], [20, 36], [19, 36], [19, 35]]]}}, {"type": "Feature", "id": "c20-35", "properties": {"id": "c20-35", "name": "cell 20,35", "value": 4.6106}, "geometry": {"type": "Polygon", "coordinates": [[[20, 35], [21, 35], [21, 36], [20, 36], [20, 35]]]}}, {"type": "Feature", "id": "c21-35", "properties": {"id": "c21-35", "name": "cell 21,35", "value": 4.5391}, "geometry": {"type": "Polygon", "coordinates": [[[21, 35], [22, 35], [22, 36], [21, 36], [21, 35]]]}}, {"type": "Feature", "id": "c22-35", "properties": {"id": "c22-35", "name": "cell 22,35", "value": 4.4004}, "geometry": {"type": "Polygon", "coordinates": [[[22, 35], [23, 35], [23, 36], [22, 36], [22, 35]]]}}, {"type": "Feature", "id": "c23-35", "properties": {"id": "c23-35", "name": "cell 23,35", "value": 4.2023}, "geometry": {"type": "Polygon", "coordinates": [[[23, 35], [24, 35], [24, 36], [23, 36], [23, 35]]]}}, {"type": "Feature", "id": "c24-35", "properties": {"id": "c24-35", "name": "cell 24,35", "value": 3.9561}, "geometry": {"type": "Polygon", "coordinates": [[[24, 35], [25, 35], [25, 36], [24, 36], [24, 35]]]}}, {"type": "Feature", "id": "c25-35", "properties": {"id": "c25-35", "name": "cell 25,35", "value": 3.6748}, "geometry": {"type": "Polygon", "coordinates": [[[25, 35], [26, 35], [26, 36], [25, 36], [25, 35]]]}}, {"type": "Feature", "id": "c26-35", "properties": {"id": "c26-35", "name": "cell 26,35", "value": 3.3723}, "geometry": {"type": "Polygon", "coordinates": [[[26, 35], [27, 35], [27, 36], [26, 36], [26, 35]]]}}, {"type": "Feature", "id": "c27-35", "properties": {"id": "c27-35", "name": "cell 27,35", "value": 3.0624}, "geometry": {"type": "Polygon", "coordinates": [[[27, 35], [28, 35], [28, 36], [27, 36], [27, 35]]]}}, {"type": "Feature", "id": "c28-35", "properties": {"id": "c28-35", "name": "cell 28,35", "value": 2.7575}, "geometry": {"type": "Polygon", "coordinates": [[[28, 35], [29, 35], [29, 36], [28, 36], [28, 35]]]}}, {"type": "Feature", "id": "c29-35", "properties": {"id": "c29-35", "name": "cell 29,35", "value": 2.468}, "geometry": {"type": "Polygon", "coordinates": [[[29, 35], [30, 35], [30, 36], [29, 36], [29, 35]]]}}, {"type": "Feature", "id": "c30-35", "properties": {"id": "c30-35", "name": "cell 30,35", "value": 2.2019}, "geometry": {"type": "Polygon", "coordinates": [[[30, 35], [31, 35], [31, 36], [30, 36], [30, 35]]]}}, {"type": "Feature", "id": "c31-35", "properties": {"id": "c31-35", "name": "cell 31,35", "value": 1.9645}, "geometry": {"type": "Polygon", "coordinates": [[[31, 35], [32, 35], [32, 36], [31, 36], [31, 35]]]}}, {"type": "Feature", "id": "c32-35", "properties": {"id": "c32-35", "name": "cell 32,35", "value": 1.7587}, "geometry": {"type": "Polygon", "coordinates": [[[32, 35], [33, 35], [33, 36], [32, 36], [32, 35]]]}}, {"type": "Feature", "id": "c33-35", "properties": {"id": "c33-35", "name": "cell 33,35", "value": 1.585}, "geometry": {"type": "Polygon", "coordinates": [[[33, 35], [34, 35], [34, 36], [33, 36], [33, 35]]]}}, {"type": "Feature", "id": "c34-35", "properties": {"id": "c34-35", "name": "cell 34,35", "value": 1.4421}, "geometry": {"type": "Polygon", "coordinates": [[[34, 35], [35, 35], [35, 36], [34, 36], [34, 35]]]}}, {"type": "Feature", "id": "c35-35", "properties": {"id": "c35-35", "name": "cell 35,35", "value": 1.3275}, "geometry": {"type": "Polygon", "coordinates": [[[35, 35], [36, 35], [36, 36], [35, 36], [35, 35]]]}}, {"type": "Feature", "id": "c36-35", "properties": {"id": "c36-35", "name": "cell 36,35", "value": 1.2378}, "geometry": {"type": "Polygon", "coordinates": [[[36, 35], [37, 35], [37, 36], [36, 36], [36, 35]]]}}, {"type": "Feature", "id": "c37-35", "properties": {"id": "c37-35", "name": "cell 37,35", "value": 1.1693}, "geometry": {"type": "Polygon", "coordinates": [[[37, 35], [38, 35], [38, 36], [37, 36], [37, 35]]]}}, {"type": "Feature", "id": "c38-35", "properties": {"id": "c38-35", "name": "cell 38,35", "value": 1.1181}, "geometry": {"type": "Polygon", "coordinates": [[[38, 35], [39, 35], [39, 36], [38, 36], [38, 35]]]}}, {"type": "Feature", "id": "c39-35", "properties": {"id": "c39-35", "name": "cell 39,35", "value": 1.0808}, "geometry": {"type": "Polygon", "coordinates": [[[39, 35], [40, 35], [40, 36], [39, 36], [39, 35]]]}}, {"type": "Feature", "id": "c0-36", "properties": {"id": "c0-36", "name": "cell 0,36", "value": 1.0587}, "geometry": {"type": "Polygon", "coordinates": [[[0, 36], [1, 36], [1, 37], [0, 37], [0, 36]]]}}, {"type": "Feature", "id": "c1-36", "properties": {"id": "c1-36", "name": "cell 1,36", "value": 1.0858}, "geometry": {"type": "Polygon", "coordinates": [[[1, 36], [2, 36], [2, 37], [1, 37], [1, 36]]]}}, {"type": "Feature", "id": "c2-36", "properties": {"id": "c2-36", "name": "cell 2,36", "value": 1.1229}, "geometry": {"type": "Polygon", "coordinates": [[[2, 36], [3, 36], [3, 37], [2, 37], [2, 36]]]}}, {"type": "Feature", "id": "c3-36", "properties": {"id": "c3-36", "name": "cell 3,36", "value": 1.1727}, "geometry": {"type": "Polygon", "coordinates": [[[3, 36], [4, 36], [4, 37], [3, 37], [3, 36]]]}}, {"type": "Feature", "id": "c4-36", "properties": {"id": "c4-36", "name": "cell 4,36", "value": 1.2378}, "geometry": {"type": "Polygon", "coordinates": [[[4, 36], [5, 36], [5, 37], [4, 37], [4, 36]]]}}, {"type": "Feature", "id": "c5-36", "properties": {"id": "c5-36", "name": "cell 5,36", "value": 1.3211}, "geometry": {"type": "Polygon", "coordinates": [[[5, 36], [6, 36], [6, 37], [5, 37], [5, 36]]]}}, {"type": "Feature", "id": "c6-36", "properties": {"id": "c6-36", "name": "cell 6,36", "value": 1.4248}, "geometry": {"type": "Polygon", "coordinates": [[[6, 36], [7, 36], [7, 37], [6, 37], [6, 36]]]}}, {"type": "Feature", "id": "c7-36", "properties": {"id": "c7-36", "name": "cell 7,36", "value": 1.5509}, "geometry": {"type": "Polygon", "coordinates": [[[7, 36], [8, 36], [8, 37], [7, 37], [7, 36]]]}}, {"type": "Feature", "id": "c8-36", "properties": {"id": "c8-36", "name": "cell 8,36", "value": 1.7004}, "geometry": {"type": "Polygon", "coordinates": [[[8, 36], [9, 36], [9, 37], [8, 37], [8, 36]]]}}, {"type": "Feature", "id": "c9-36", "properties": {"id": "c9-36", "name": "cell 9,36", "value": 1.8727}, "geometry": {"type": "Polygon", "coordinates": [[[9, 36], [10, 36], [10, 37], [9, 37], [9, 36]]]}}, {"type": "Feature", "id": "c10-36", "properties": {"id": "c10-36", "name": "cell 10,36", "value": 2.066}, "geometry": {"type": "Polygon", "coordinates": [[[10, 36], [11, 36], [11, 37], [10, 37], [10, 36]]]}}, {"type": "Feature", "id": "c11-36", "properties": {"id": "c11-36", "name": "cell 11,36", "value": 2.2762}, "geometry": {"type": "Polygon", "coordinates": [[[11, 36], [12, 36], [12, 37], [11, 37], [11, 36]]]}}, {"type": "Feature", "id": "c12-36", "properties": {"id": "c12-36", "name": "cell 12,36", "value": 2.4976}, "geometry": {"type": "Polygon", "coordinates": [[[12, 36], [13, 36], [13, 37], [12, 37], [12, 36]]]}}, {"type": "Feature", "id": "c13-36", "properties": {"id": "c13-36", "name": "cell 13,36", "value": 2.7227}, "geometry": {"type": "Polygon", "coordinates": [[[13, 36], [14, 36], [14, 37], [13, 37], [13, 36]]]}}, {"type": "Feature", "id": "c14-36", "properties": {"id": "c14-36", "name": "cell 14,36", "value": 2.9423}, "geometry": {"type": "Polygon", "coordinates": [[[14, 36], [15, 36], [15, 37], [14, 37], [14, 36]]]}}, {"type": "Feature", "id": "c15-36", "properties": {"id": "c15-36", "name": "cell 15,36", "value": 3.1466}, "geometry": {"type": "Polygon", "coordinates": [[[15, 36], [16, 36], [16, 37], [15, 37], [15, 36]]]}}, {"type": "Feature", "id": "c16-36", "properties": {"id": "c16-36", "name": "cell 16,36", "value": 3.3254}, "geometry": {"type": "Polygon", "coordinates": [[[16, 36], [17, 36], [17, 37], [16, 37], [16, 36]]]}}, {"type": "Feature", "id": "c17-36", "properties": {"id": "c17-36", "name": "cell 17,36", "value": 3.4692}, "geometry": {"type": "Polygon", "coordinates": [[[17, 36], [18, 36], [18, 37], [17, 37], [17, 36]]]}}, {"type": "Feature", "id": "c18-36", "properties": {"id": "c18-36", "name": "cell 18,36", "value": 3.5699}, "geometry": {"type": "Polygon", "coordinates": [[[18, 36], [19, 36], [19, 37], [18, 37], [18, 36]]]}}, {"type": "Feature", "id": "c19-36", "properties": {"id": "c19-36", "name": "cell 19,36", "value": 3.6218}, "geometry": {"type": "Polygon", "coordinates": [[[19, 36], [20, 36], [20, 37], [19, 37], [19, 36]]]}}, {"type": "Feature", "id": "c20-36", "properties": {"id": "c20-36", "name": "cell 20,36", "value": 3.6218}, "geometry": {"type": "Polygon", "coordinates": [[[20, 36], [21, 36], [21, 37], [20, 37], [20, 36]]]}}, {"type": "Feature", "id": "c21-36", "properties": {"id": "c21-36", "name": "cell 21,36", "value": 3.5699}, "geometry": {"type": "Polygon", "coordinates": [[[21, 36], [22, 36], [22, 37], [21, 37], [21, 36]]]}}, {"type": "Feature", "id": "c22-36", "properties": {"id": "c22-36", "name": "cell 22,36", "value": 3.4692}, "geometry": {"type": "Polygon", "coordinates": [[[22, 36], [23, 36], [23, 37], [22, 37], [22, 36]]]}}, {"type": "Feature", "id": "c23-36", "properties": {"id": "c23-36", "name": "cell 23,36", "value": 3.3254}, "geometry": {"type": "Polygon", "coordinates": [[[23, 36], [24, 36], [24, 37], [23, 37], [23, 36]]]}}, {"type": "Feature", "id": "c24-36", "properties": {"id": "c24-36", "name": "cell 24,36", "value": 3.1466}, "geometry": {"type": "Polygon", "coordinates": [[[24, 36], [25, 36], [25, 37], [24, 37], [24, 36]]]}}, {"type": "Feature", "id": "c25-36", "properties": {"id": "c25-36", "name": "cell 25,36", "value": 2.9423}, "geometry": {"type": "Polygon", "coordinates": [[[25, 36], [26, 36], [26, 37], [25, 37], [25, 36]]]}}, {"type": "Feature", "id": "c26-36", "properties": {"id": "c26-36", "name": "cell 26,36", "value": 2.7227}, "geometry": {"type": "Polygon", "coordinates": [[[26, 36], [27, 36], [27, 37], [26, 37], [26, 36]]]}}, {"type": "Feature", "id": "c27-36", "properties": {"id": "c27-36", "name": "cell 27,36", "value": 2.4976}, "geometry": {"type": "Polygon", "coordinates": [[[27, 36], [28, 36], [28, 37], [27, 37], [27, 36]]]}}, {"type": "Feature", "id": "c28-36", "properties": {"id": "c28-36", "name": "cell 28,36", "value": 2.2762}, "geometry": {"type": "Polygon", "coordinates": [[[28, 36], [29, 36], [29, 37], [28, 37], [28, 36]]]}}, {"type": "Feature", "id": "c29-36", "properties": {"id": "c29-36", "name": "cell 29,36", "value": 2.066}, "geometry": {"type": "Polygon", "coordinates": [[[29, 36], [30, 36], [30, 37], [29, 37], [29, 36]]]}}, {"type": "Feature", "id": "c30-36", "properties": {"id": "c30-36", "name": "cell 30,36", "value": 1.8727}, "geometry": {"type": "Polygon", "coordinates": [[[30, 36], [31, 36], [31, 37], [30, 37], [30, 36]]]}}, {"type": "Feature", "id": "c31-36", "properties": {"id": "c31-36", "name": "cell 31,36", "value": 1.7004}, "geometry": {"type": "Polygon", "coordinates": [[[31, 36], [32, 36], [32, 37], [31, 37], [31, 36]]]}}, {"type": "Feature", "id": "c32-36", "properties": {"id": "c32-36", "name": "cell 32,36", "value": 1.5509}, "geometry": {"type": "Polygon", "coordinates": [[[32, 36], [33, 36], [33, 37], [32, 37], [32, 36]]]}}, {"type": "Feature", "id": "c33-36", "properties": {"id": "c33-36", "name": "cell 33,36", "value": 1.4248}, "geometry": {"type": "Polygon", "coordinates": [[[33, 36], [34, 36], [34, 37], [33, 37], [33, 36]]]}}, {"type": "Feature", "id": "c34-36", "properties": {"id": "c34-36", "name": "cell 34,36", "value": 1.3211}, "geometry": {"type": "Polygon", "coordinates": [[[34, 36], [35, 36], [35, 37], [34, 37], [34, 36]]]}}, {"type": "Feature", "id": "c35-36", "properties": {"id": "c35-36", "name": "cell 35,36", "value": 1.2378}, "geometry": {"type": "Polygon", "coordinates": [[[35, 36], [36, 36], [36, 37], [35, 37], [35, 36]]]}}, {"type": "Feature", "id": "c36-36", "properties": {"id": "c36-36", "name": "cell 36,36", "value": 1.1727}, "geometry": {"type": "Polygon", "coordinates": [[[36, 36], [37, 36], [37, 37], [36, 37], [36, 36]]]}}, {"type": "Feature", "id": "c37-36", "properties": {"id": "c37-36", "name": "cell 37,36", "value": 1.1229}, "geometry": {"type": "Polygon", "coordinates": [[[37, 36], [38, 36], [38, 37], [37, 37], [37, 36]]]}}, {"type": "Feature", "id": "c38-36", "properties": {"id": "c38-36", "name": "cell 38,36", "value": 1.0858}, "geometry": {"type": "Polygon", "coordinates": [[[38, 36], [39, 36], [39, 37], [38, 37], [38, 36]]]}}, {"type": "Feature", "id": "c39-36", "properties": {"id": "c39-36", "name": "cell 39,36", "value": 1.0587}, "geometry": {"type": "Polygon", "coordinates": [[[39, 36], [40, 36], [40, 37], [39, 37], [39, 36]]]}}, {"type": "Feature", "id": "c0-37", "properties": {"id": "c0-37", "name": "cell 0,37", "value": 1.0417}, "geometry": {"type": "Polygon", "coordinates": [[[0, 37], [1, 37], [1, 38], [0, 38], [0, 37]]]}}, {"type": "Feature", "id": "c1-37", "properties": {"id": "c1-37", "name": "cell 1,37", "value": 1.061}, "geometry": {"type": "Polygon", "coordinates": [[[1, 37], [2, 37], [2, 38], [1, 38], [1, 37]]]}}, {"type": "Feature", "id": "c2-37", "properties": {"id": "c2-37", "name": "cell 2,37", "value": 1.0875}, "geometry": {"type": "Polygon", "coordinates": [[[2, 37], [3, 37], [3, 38], [2, 38], [2, 37]]]}}, {"type": "Feature", "id": "c3-37", "properties": {"id": "c3-37", "name": "cell 3,37", "value": 1.1229}, "geometry": {"type": "Polygon", "coordinates": [[[3, 37], [4, 37], [4, 38], [3, 38], [3, 37]]]}}, {"type": "Feature", "id": "c4-37", "properties": {"id": "c4-37", "name": "cell 4,37", "value": 1.1693}, "geometry": {"type": "Polygon", "coordinates": [[[4, 37], [5, 37], [5, 38], [4, 38], [4, 37]]]}}, {"type": "Feature", "id": "c5-37", "properties": {"id": "c5-37", "name": "cell 5,37", "value": 1.2285}, "geometry": {"type": "Polygon", "coordinates": [[[5, 37], [6, 37], [6, 38], [5, 38], [5, 37]]]}}, {"type": "Feature", "id": "c6-37", "properties": {"id": "c6-37", "name": "cell 6,37", "value": 1.3024}, "geometry": {"type": "Polygon", "coordinates": [[[6, 37], [7, 37], [7, 38], [6, 38], [6, 37]]]}}, {"type": "Feature", "id": "c7-37", "properties": {"id": "c7-37", "name": "cell 7,37", "value": 1.3921}, "geometry": {"type": "Polygon", "coordinates": [[[7, 37], [8, 37], [8, 38], [7, 38], [7, 37]]]}}, {"type": "Feature", "id": "c8-37", "properties": {"id": "c8-37", "name": "cell 8,37", "value": 1.4985}, "geometry": {"type": "Polygon", "coordinates": [[[8, 37], [9, 37], [9, 38], [8, 38], [8, 37]]]}}, {"type": "Feature", "id": "c9-37", "properties": {"id": "c9-37", "name": "cell 9,37", "value": 1.6212}, "geometry": {"type": "Polygon", "coordinates": [[[9, 37], [10, 37], [10, 38], [9, 38], [9, 37]]]}}, {"type": "Feature", "id": "c10-37", "properties": {"id": "c10-37", "name": "cell 10,37", "value": 1.7587}, "geometry": {"type": "Polygon", "coordinates": [[[10, 37], [11, 37], [11, 38], [10, 38], [10, 37]]]}}, {"type": "Feature", "id": "c11-37", "properties": {"id": "c11-37", "name": "cell 11,37", "value": 1.9084}, "geometry": {"type": "Polygon", "coordinates": [[[11, 37], [12, 37], [12, 38], [11, 38], [11, 37]]]}}, {"type": "Feature", "id": "c12-37", "properties": {"id": "c12-37", "name": "cell 12,37", "value": 2.066}, "geometry": {"type": "Polygon", "coordinates": [[[12, 37], [13, 37], [13, 38], [12, 38], [12, 37]]]}}, {"type": "Feature", "id": "c13-37", "properties": {"id": "c13-37", "name": "cell 13,37", "value": 2.2262}, "geometry": {"type": "Polygon", "coordinates": [[[13, 37], [14, 37], [14, 38], [13, 38], [13, 37]]]}}, {"type": "Feature", "id": "c14-37", "properties": {"id": "c14-37", "name": "cell 14,37", "value": 2.3825}, "geometry": {"type": "Polygon", "coordinates": [[[14, 37], [15, 37], [15, 38], [14, 38], [14, 37]]]}}, {"type": "Feature", "id": "c15-37", "properties": {"id": "c15-37", "name": "cell 15,37", "value": 2.5279}, "geometry": {"type": "Polygon", "coordinates": [[[15, 37], [16, 37], [16, 38], [15, 38], [15, 37]]]}}, {"type": "Feature", "id": "c16-37", "properties": {"id": "c16-37", "name": "cell 16,37", "value": 2.6551}, "geometry": {"type": "Polygon", "coordinates": [[[16, 37], [17, 37], [17, 38], [16, 38], [16, 37]]]}}, {"type": "Feature", "id": "c17-37", "properties": {"id": "c17-37", "name": "cell 17,37", "value": 2.7575}, "geometry": {"type": "Polygon", "coordinates": [[[17, 37], [18, 37], [18, 38], [17, 38], [17, 37]]]}}, {"type": "Feature", "id": "c18-37", "properties": {"id": "c18-37", "name": "cell 18,37", "value": 2.8292}, "geometry": {"type": "Polygon", "coordinates": [[[18, 37], [19, 37], [19, 38], [18, 38], [18, 37]]]}}, {"type": "Feature", "id": "c19-37", "properties": {"id": "c19-37", "name": "cell 19,37", "value": 2.8662}, "geometry": {"type": "Polygon", "coordinates": [[[19, 37], [20, 37], [20, 38], [19, 38], [19, 37]]]}}, {"type": "Feature", "id": "c20-37", "properties": {"id": "c20-37", "name": "cell 20,37", "value": 2.8662}, "geometry": {"type": "Polygon", "coordinates": [[[20, 37], [21, 37], [21, 38], [20, 38], [20, 37]]]}}, {"type": "Feature", "id": "c21-37", "properties": {"id": "c21-37", "name": "cell 21,37", "value": 2.8292}, "geometry": {"type": "Polygon", "coordinates": [[[21, 37], [22, 37], [22, 38], [21, 38], [21, 37]]]}}, {"type": "Feature", "id": "c22-37", "properties": {"id": "c22-37", "name": "cell 22,37", "value": 2.7575}, "geometry": {"type": "Polygon", "coordinates": [[[22, 37], [23, 37], [23, 38], [22, 38], [22, 37]]]}}, {"type": "Feature", "id": "c23-37", "properties": {"id": "c23-37", "name": "cell 23,37", "value": 2.6551}, "geometry": {"type": "Polygon", "coordinates": [[[23, 37], [24, 37], [24, 38], [23, 38], [23, 37]]]}}, {"type": "Feature", "id": "c24-37", "properties": {"id": "c24-37", "name": "cell 24,37", "value": 2.5279}, "geometry": {"type": "Polygon", "coordinates": [[[24, 37], [25, 37], [25, 38], [24, 38], [24, 37]]]}}, {"type": "Feature", "id": "c25-37", "properties": {"id": "c25-37", "name": "cell 25,37", "value": 2.3825}, "geometry": {"type": "Polygon", "coordinates": [[[25, 37], [26, 37], [26, 38], [25, 38], [25, 37]]]}}, {"type": "Feature", "id": "c26-37", "properties": {"id": "c26-37", "name": "cell 26,37", "value": 2.2262}, "geometry": {"type": "Polygon", "coordinates": [[[26, 37], [27, 37], [27, 38], [26, 38], [26, 37]]]}}, {"type": "Feature", "id": "c27-37", "properties": {"id": "c27-37", "name": "cell 27,37", "value": 2.066}, "geometry": {"type": "Polygon", "coordinates": [[[27, 37], [28, 37], [28, 38], [27, 38], [27, 37]]]}}, {"type": "Feature", "id": "c28-37", "properties": {"id": "c28-37", "name": "cell 28,37", "value": 1.9084}, "geometry": {"type": "Polygon", "coordinates": [[[28, 37], [29, 37], [29, 38], [28, 38], [28, 37]]]}}, {"type": "Feature", "id": "c29-37", "properties": {"id": "c29-37", "name": "cell 29,37", "value": 1.7587}, "geometry": {"type": "Polygon", "coordinates": [[[29, 37], [30, 37], [30, 38], [29, 38], [29, 37]]]}}, {"type": "Feature", "id": "c30-37", "properties": {"id": "c30-37", "name": "cell 30,37", "value": 1.6212}, "geometry": {"type": "Polygon", "coordinates": [[[30, 37], [31, 37], [31, 38], [30, 38], [30, 37]]]}}, {"type": "Feature", "id": "c31-37", "properties": {"id": "c31-37", "name": "cell 31,37", "value": 1.4985}, "geometry": {"type": "Polygon", "coordinates": [[[31, 37], [32, 37], [32, 38], [31, 38], [31, 37]]]}}, {"type": "Feature", "id": "c32-37", "properties": {"id": "c32-37", "name": "cell 32,37", "value": 1.3921}, "geometry": {"type": "Polygon", "coordinates": [[[32, 37], [33, 37], [33, 38], [32, 38], [32, 37]]]}}, {"type": "Feature", "id": "c33-37", "properties": {"id": "c33-37", "name": "cell 33,37", "value": 1.3024}, "geometry": {"type": "Polygon", "coordinates": [[[33, 37], [34, 37], [34, 38], [33, 38], [33, 37]]]}}, {"type": "Feature", "id": "c34-37", "properties": {"id": "c34-37", "name": "cell 34,37", "value": 1.2285}, "geometry": {"type": "Polygon", "coordinates": [[[34, 37], [35, 37], [35, 38], [34, 38], [34, 37]]]}}, {"type": "Feature", "id": "c35-37", "properties": {"id": "c35-37", "name": "cell 35,37", "value": 1.1693}, "geometry": {"type": "Polygon", "coordinates": [[[35, 37], [36, 37], [36, 38], [35, 38], [35, 37]]]}}, {"type": "Feature", "id": "c36-37", "properties": {"id": "c36-37", "name": "cell 36,37", "value": 1.1229}, "geometry": {"type": "Polygon", "coordinates": [[[36, 37], [37, 37], [37, 38], [36, 38], [36, 37]]]}}, {"type": "Feature", "id": "c37-37", "properties": {"id": "c37-37", "name": "cell 37,37", "value": 1.0875}, "geometry": {"type": "Polygon", "coordinates": [[[37, 37], [38, 37], [38, 38], [37, 38], [37, 37]]]}}, {"type": "Feature", "id": "c38-37", "properties": {"id": "c38-37", "name": "cell 38,37", "value": 1.061}, "geometry": {"type": "Polygon", "coordinates": [[[38, 37], [39, 37], [39, 38], [38, 38], [38, 37]]]}}, {"type": "Feature", "id": "c39-37", "properties": {"id": "c39-37", "name": "cell 39,37", "value": 1.0417}, "geometry": {"type": "Polygon", "coordinates": [[[39, 37], [40, 37], [40, 38], [39, 38], [39, 37]]]}}, {"type": "Feature", "id": "c0-38", "properties": {"id": "c0-38", "name": "cell 0,38", "value": 1.0291}, "geometry": {"type": "Polygon", "coordinates": [[[0, 38], [1, 38], [1, 39], [0, 39], [0, 38]]]}}, {"type": "Feature", "id": "c1-38", "properties": {"id": "c1-38", "name": "cell 1,38", "value": 1.0426}, "geometry": {"type": "Polygon", "coordinates": [[[1, 38], [2, 38], [2, 39], [1, 39], [1, 38]]]}}, {"type": "Feature", "id": "c2-38", "properties": {"id": "c2-38", "name": "cell 2,38", "value": 1.061}, "geometry": {"type": "Polygon", "coordinates": [[[2, 38], [3, 38], [3, 39], [2, 39], [2, 38]]]}}, {"type": "Feature", "id": "c3-38", "properties": {"id": "c3-38", "name": "cell 3,38", "value": 1.0858}, "geometry": {"type": "Polygon", "coordinates": [[[3, 38], [4, 38], [4, 39], [3, 39], [3, 38]]]}}, {"type": "Feature", "id": "c4-38", "properties": {"id": "c4-38", "name": "cell 4,38", "value": 1.1181}, "geometry": {"type": "Polygon", "coordinates": [[[4, 38], [5, 38], [5, 39], [4, 39], [4, 38]]]}}, {"type": "Feature", "id": "c5-38", "properties": {"id": "c5-38", "name": "cell 5,38", "value": 1.1594}, "geometry": {"type": "Polygon", "coordinates": [[[5, 38], [6, 38], [6, 39], [5, 39], [5, 38]]]}}, {"type": "Feature", "id": "c6-38", "properties": {"id": "c6-38", "name": "cell 6,38", "value": 1.211}, "geometry": {"type": "Polygon", "coordinates": [[[6, 38], [7, 38], [7, 39], [6, 39], [6, 38]]]}}, {"type": "Feature", "id": "c7-38", "properties": {"id": "c7-38", "name": "cell 7,38", "value": 1.2736}, "geometry": {"type": "Polygon", "coordinates": [[[7, 38], [8, 38], [8, 39], [7, 39], [7, 38]]]}}, {"type": "Feature", "id": "c8-38", "properties": {"id": "c8-38", "name": "cell 8,38", "value": 1.3478}, "geometry": {"type": "Polygon", "coordinates": [[[8, 38], [9, 38], [9, 39], [8, 39], [8, 38]]]}}, {"type": "Feature", "id": "c9-38", "properties": {"id": "c9-38", "name": "cell 9,38", "value": 1.4334}, "geometry": {"type": "Polygon", "coordinates": [[[9, 38], [10, 38], [10, 39], [9, 39], [9, 38]]]}}, {"type": "Feature", "id": "c10-38", "properties": {"id": "c10-38", "name": "cell 10,38", "value": 1.5293}, "geometry": {"type": "Polygon", "coordinates": [[[10, 38], [11, 38], [11, 39], [10, 39], [10, 38]]]}}, {"type": "Feature", "id": "c11-38", "properties": {"id": "c11-38", "name": "cell 11,38", "value": 1.6337}, "geometry": {"type": "Polygon", "coordinates": [[[11, 38], [12, 38], [12, 39], [11, 39], [11, 38]]]}}, {"type": "Feature", "id": "c12-38", "properties": {"id": "c12-38", "name": "cell 12,38", "value": 1.7437}, "geometry": {"type": "Polygon", "coordinates": [[[12, 38], [13, 38], [13, 39], [12, 39], [12, 38]]]}}, {"type": "Feature", "id": "c13-38", "properties": {"id": "c13-38", "name": "cell 13,38", "value": 1.8555}, "geometry": {"type": "Polygon", "coordinates": [[[13, 38], [14, 38], [14, 39], [13, 39], [13, 38]]]}}, {"type": "Feature", "id": "c14-38", "properties": {"id": "c14-38", "name": "cell 14,38", "value": 1.9645}, "geometry": {"type": "Polygon", "coordinates": [[[14, 38], [15, 38], [15, 39], [14, 39], [14, 38]]]}}, {"type": "Feature", "id": "c15-38", "properties": {"id": "c15-38", "name": "cell 15,38", "value": 2.066}, "geometry": {"type": "Polygon", "coordinates": [[[15, 38], [16, 38], [16, 39], [15, 39], [15, 38]]]}}, {"type": "Feature", "id": "c16-38", "properties": {"id": "c16-38", "name": "cell 16,38", "value": 2.1547}, "geometry": {"type": "Polygon", "coordinates": [[[16, 38], [17, 38], [17, 39], [16, 39], [16, 38]]]}}, {"type": "Feature", "id": "c17-38", "properties": {"id": "c17-38", "name": "cell 17,38", "value": 2.2262}, "geometry": {"type": "Polygon", "coordinates": [[[17, 38], [18, 38], [18, 39], [17, 39], [17, 38]]]}}, {"type": "Feature", "id": "c18-38", "properties": {"id": "c18-38", "name": "cell 18,38", "value": 2.2762}, "geometry": {"type": "Polygon", "coordinates": [[[18, 38], [19, 38], [19, 39], [18, 39], [18, 38]]]}}, {"type": "Feature", "id": "c19-38", "properties": {"id": "c19-38", "name": "cell 19,38", "value": 2.302}, "geometry": {"type": "Polygon", "coordinates": [[[19, 38], [20, 38], [20, 39], [19, 39], [19, 38]]]}}, {"type": "Feature", "id": "c20-38", "properties": {"id": "c20-38", "name": "cell 20,38", "value": 2.302}, "geometry": {"type": "Polygon", "coordinates": [[[20, 38], [21, 38], [21, 39], [20, 39], [20, 38]]]}}, {"type": "Feature", "id": "c21-38", "properties": {"id": "c21-38", "name": "cell 21,38", "value": 2.2762}, "geometry": {"type": "Polygon", "coordinates": [[[21, 38], [22, 38], [22, 39], [21, 39], [21, 38]]]}}, {"type": "Feature", "id": "c22-38", "properties": {"id": "c22-38", "name": "cell 22,38", "value": 2.2262}, "geometry": {"type": "Polygon", "coordinates": [[[22, 38], [23, 38], [23, 39], [22, 39], [22, 38]]]}}, {"type": "Feature", "id": "c23-38", "properties": {"id": "c23-38", "name": "cell 23,38", "value": 2.1547}, "geometry": {"type": "Polygon", "coordinates": [[[23, 38], [24, 38], [24, 39], [23, 39], [23, 38]]]}}, {"type": "Feature", "id": "c24-38", "properties": {"id": "c24-38", "name": "cell 24,38", "value": 2.066}, "geometry": {"type": "Polygon", "coordinates": [[[24, 38], [25, 38], [25, 39], [24, 39], [24, 38]]]}}, {"type": "Feature", "id": "c25-38", "properties": {"id": "c25-38", "name": "cell 25,38", "value": 1.9645}, "geometry": {"type": "Polygon", "coordinates": [[[25, 38], [26, 38], [26, 39], [25, 39], [25, 38]]]}}, {"type": "Feature", "id": "c26-38", "properties": {"id": "c26-38", "name": "cell 26,38", "value": 1.8555}, "geometry": {"type": "Polygon", "coordinates": [[[26, 38], [27, 38], [27, 39], [26, 39], [26, 38]]]}}, {"type": "Feature", "id": "c27-38", "properties": {"id": "c27-38", "name": "cell 27,38", "value": 1.7437}, "geometry": {"type": "Polygon", "coordinates": [[[27, 38], [28, 38], [28, 39], [27, 39], [27, 38]]]}}, {"type": "Feature", "id": "c28-38", "properties": {"id": "c28-38", "name": "cell 28,38", "value": 1.6337}, "geometry": {"type": "Polygon", "coordinates": [[[28, 38], [29, 38], [29, 39], [28, 39], [28, 38]]]}}, {"type": "Feature", "id": "c29-38", "properties": {"id": "c29-38", "name": "cell 29,38", "value": 1.5293}, "geometry": {"type": "Polygon", "coordinates": [[[29, 38], [30, 38], [30, 39], [29, 39], [29, 38]]]}}, {"type": "Feature", "id": "c30-38", "properties": {"id": "c30-38", "name": "cell 30,38", "value": 1.4334}, "geometry": {"type": "Polygon", "coordinates": [[[30, 38], [31, 38], [31, 39], [30, 39], [30, 38]]]}}, {"type": "Feature", "id": "c31-38", "properties": {"id": "c31-38", "name": "cell 31,38", "value": 1.3478}, "geometry": {"type": "Polygon", "coordinates": [[[31, 38], [32, 38], [32, 39], [31, 39], [31, 38]]]}}, {"type": "Feature", "id": "c32-38", "properties": {"id": "c32-38", "name": "cell 32,38", "value": 1.2736}, "geometry": {"type": "Polygon", "coordinates": [[[32, 38], [33, 38], [33, 39], [32, 39], [32, 38]]]}}, {"type": "Feature", "id": "c33-38", "properties": {"id": "c33-38", "name": "cell 33,38", "value": 1.211}, "geometry": {"type": "Polygon", "coordinates": [[[33, 38], [34, 38], [34, 39], [33, 39], [33, 38]]]}}, {"type": "Feature", "id": "c34-38", "properties": {"id": "c34-38", "name": "cell 34,38", "value": 1.1594}, "geometry": {"type": "Polygon", "coordinates": [[[34, 38], [35, 38], [35, 39], [34, 39], [34, 38]]]}}, {"type": "Feature", "id": "c35-38", "properties": {"id": "c35-38", "name": "cell 35,38", "value": 1.1181}, "geometry": {"type": "Polygon", "coordinates": [[[35, 38], [36, 38], [36, 39], [35, 39], [35, 38]]]}}, {"type": "Feature", "id": "c36-38", "properties": {"id": "c36-38", "name": "cell 36,38", "value": 1.0858}, "geometry": {"type": "Polygon", "coordinates": [[[36, 38], [37, 38], [37, 39], [36, 39], [36, 38]]]}}, {"type": "Feature", "id": "c37-38", "properties": {"id": "c37-38", "name": "cell 37,38", "value": 1.061}, "geometry": {"type": "Polygon", "coordinates": [[[37, 38], [38, 38], [38, 39], [37, 39], [37, 38]]]}}, {"type": "Feature", "id": "c38-38", "properties": {"id": "c38-38", "name": "cell 38,38", "value": 1.0426}, "geometry": {"type": "Polygon", "coordinates": [[[38, 38], [39, 38], [39, 39], [38, 39], [38, 38]]]}}, {"type": "Feature", "id": "c39-38", "properties": {"id": "c39-38", "name": "cell 39,38", "value": 1.0291}, "geometry": {"type": "Polygon", "coordinates": [[[39, 38], [40, 38], [40, 39], [39, 39], [39, 38]]]}}, {"type": "Feature", "id": "c0-39", "properties": {"id": "c0-39", "name": "cell 0,39", "value": 1.0199}, "geometry": {"type": "Polygon", "coordinates": [[[0, 39], [1, 39], [1, 40], [0, 40], [0, 39]]]}}, {"type": "Feature", "id": "c1-39", "properties": {"id": "c1-39", "name": "cell 1,39", "value": 1.0291}, "geometry": {"type": "Polygon", "coordinates": [[[1, 39], [2, 39], [2, 40], [1, 40], [1, 39]]]}}, {"type": "Feature", "id": "c2-39", "properties": {"id": "c2-39", "name": "cell 2,39", "value": 1.0417}, "geometry": {"type": "Polygon", "coordinates": [[[2, 39], [3, 39], [3, 40], [2, 40], [2, 39]]]}}, {"type": "Feature", "id": "c3-39", "properties": {"id": "c3-39", "name": "cell 3,39", "value": 1.0587}, "geometry": {"type": "Polygon", "coordinates": [[[3, 39], [4, 39], [4, 40], [3, 40], [3, 39]]]}}, {"type": "Feature", "id": "c4-39", "properties": {"id": "c4-39", "name": "cell 4,39", "value": 1.0808}, "geometry": {"type": "Polygon", "coordinates": [[[4, 39], [5, 39], [5, 40], [4, 40], [4, 39]]]}}, {"type": "Feature", "id": "c5-39", "properties": {"id": "c5-39", "name": "cell 5,39", "value": 1.109}, "geometry": {"type": "Polygon", "coordinates": [[[5, 39], [6, 39], [6, 40], [5, 40], [5, 39]]]}}, {"type": "Feature", "id": "c6-39", "properties": {"id": "c6-39", "name": "cell 6,39", "value": 1.1443}, "geometry": {"type": "Polygon", "coordinates": [[[6, 39], [7, 39], [7, 40], [6, 40], [6, 39]]]}}, {"type": "Feature", "id": "c7-39", "properties": {"id": "c7-39", "name": "cell 7,39", "value": 1.1871}, "geometry": {"type": "Polygon", "coordinates": [[[7, 39], [8, 39], [8, 40], [7, 40], [7, 39]]]}}, {"type": "Feature", "id": "c8-39", "properties": {"id": "c8-39", "name": "cell 8,39", "value": 1.2378}, "geometry": {"type": "Polygon", "coordinates": [[[8, 39], [9, 39], [9, 40], [8, 40], [8, 39]]]}}, {"type": "Feature", "id": "c9-39", "properties": {"id": "c9-39", "name": "cell 9,39", "value": 1.2964}, "geometry": {"type": "Polygon", "coordinates": [[[9, 39], [10, 39], [10, 40], [9, 40], [9, 39]]]}}, {"type": "Feature", "id": "c10-39", "properties": {"id": "c10-39", "name": "cell 10,39", "value": 1.362}, "geometry": {"type": "Polygon", "coordinates": [[[10, 39], [11, 39], [11, 40], [10, 40], [10, 39]]]}}, {"type": "Feature", "id": "c11-39", "properties": {"id": "c11-39", "name": "cell 11,39", "value": 1.4334}, "geometry": {"type": "Polygon", "coordinates": [[[11, 39], [12, 39], [12, 40], [11, 40], [11, 39]]]}}, {"type": "Feature", "id": "c12-39", "properties": {"id": "c12-39", "name": "cell 12,39", "value": 1.5086}, "geometry": {"type": "Polygon", "coordinates": [[[12, 39], [13, 39], [13, 40], [12, 40], [12, 39]]]}}, {"type": "Feature", "id": "c13-39", "properties": {"id": "c13-39", "name": "cell 13,39", "value": 1.585}, "geometry": {"type": "Polygon", "coordinates": [[[13, 39], [14, 39], [14, 40], [13, 40], [13, 39]]]}}, {"type": "Feature", "id": "c14-39", "properties": {"id": "c14-39", "name": "cell 14,39", "value": 1.6596}, "geometry": {"type": "Polygon", "coordinates": [[[14, 39], [15, 39], [15, 40], [14, 40], [14, 39]]]}}, {"type": "Feature", "id": "c15-39", "properties": {"id": "c15-39", "name": "cell 15,39", "value": 1.729}, "geometry": {"type": "Polygon", "coordinates": [[[15, 39], [16, 39], [16, 40], [15, 40], [15, 39]]]}}, {"type": "Feature", "id": "c16-39", "properties": {"id": "c16-39", "name": "cell 16,39", "value": 1.7897}, "geometry": {"type": "Polygon", "coordinates": [[[16, 39], [17, 39], [17, 40], [16, 40], [16, 39]]]}}, {"type": "Feature", "id": "c17-39", "properties": {"id": "c17-39", "name": "cell 17,39", "value": 1.8385}, "geometry": {"type": "Polygon", "coordinates": [[[17, 39], [18, 39], [18, 40], [17, 40], [17, 39]]]}}, {"type": "Feature", "id": "c18-39", "properties": {"id": "c18-39", "name": "cell 18,39", "value": 1.8727}, "geometry": {"type": "Polygon", "coordinates": [[[18, 39], [19, 39], [19, 40], [18, 40], [18, 39]]]}}, {"type": "Feature", "id": "c19-39", "properties": {"id": "c19-39", "name": "cell 19,39", "value": 1.8904}, "geometry": {"type": "Polygon", "coordinates": [[[19, 39], [20, 39], [20, 40], [19, 40], [19, 39]]]}}, {"type": "Feature", "id": "c20-39", "properties": {"id": "c20-39", "name": "cell 20,39", "value": 1.8904}, "geometry": {"type": "Polygon", "coordinates": [[[20, 39], [21, 39], [21, 40], [20, 40], [20, 39]]]}}, {"type": "Feature", "id": "c21-39", "properties": {"id": "c21-39", "name": "cell 21,39", "value": 1.8727}, "geometry": {"type": "Polygon", "coordinates": [[[21, 39], [22, 39], [22, 40], [21, 40], [21, 39]]]}}, {"type": "Feature", "id": "c22-39", "properties": {"id": "c22-39", "name": "cell 22,39", "value": 1.8385}, "geometry": {"type": "Polygon", "coordinates": [[[22, 39], [23, 39], [23, 40], [22, 40], [22, 39]]]}}, {"type": "Feature", "id": "c23-39", "properties": {"id": "c23-39", "name": "cell 23,39", "value": 1.7897}, "geometry": {"type": "Polygon", "coordinates": [[[23, 39], [24, 39], [24, 40], [23, 40], [23, 39]]]}}, {"type": "Feature", "id": "c24-39", "properties": {"id": "c24-39", "name": "cell 24,39", "value": 1.729}, "geometry": {"type": "Polygon", "coordinates": [[[24, 39], [25, 39], [25, 40], [24, 40], [24, 39]]]}}, {"type": "Feature", "id": "c25-39", "properties": {"id": "c25-39", "name": "cell 25,39", "value": 1.6596}, "geometry": {"type": "Polygon", "coordinates": [[[25, 39], [26, 39], [26, 40], [25, 40], [25, 39]]]}}, {"type": "Feature", "id": "c26-39", "properties": {"id": "c26-39", "name": "cell 26,39", "value": 1.585}, "geometry": {"type": "Polygon", "coordinates": [[[26, 39], [27, 39], [27, 40], [26, 40], [26, 39]]]}}, {"type": "Feature", "id": "c27-39", "properties": {"id": "c27-39", "name": "cell 27,39", "value": 1.5086}, "geometry": {"type": "Polygon", "coordinates": [[[27, 39], [28, 39], [28, 40], [27, 40], [27, 39]]]}}, {"type": "Feature", "id": "c28-39", "properties": {"id": "c28-39", "name": "cell 28,39", "value": 1.4334}, "geometry": {"type": "Polygon", "coordinates": [[[28, 39], [29, 39], [29, 40], [28, 40], [28, 39]]]}}, {"type": "Feature", "id": "c29-39", "properties": {"id": "c29-39", "name": "cell 29,39", "value": 1.362}, "geometry": {"type": "Polygon", "coordinates": [[[29, 39], [30, 39], [30, 40], [29, 40], [29, 39]]]}}, {"type": "Feature", "id": "c30-39", "properties": {"id": "c30-39", "name": "cell 30,39", "value": 1.2964}, "geometry": {"type": "Polygon", "coordinates": [[[30, 39], [31, 39], [31, 40], [30, 40], [30, 39]]]}}, {"type": "Feature", "id": "c31-39", "properties": {"id": "c31-39", "name": "cell 31,39", "value": 1.2378}, "geometry": {"type": "Polygon", "coordinates": [[[31, 39], [32, 39], [32, 40], [31, 40], [31, 39]]]}}, {"type": "Feature", "id": "c32-39", "properties": {"id": "c32-39", "name": "cell 32,39", "value": 1.1871}, "geometry": {"type": "Polygon", "coordinates": [[[32, 39], [33, 39], [33, 40], [32, 40], [32, 39]]]}}, {"type": "Feature", "id": "c33-39", "properties": {"id": "c33-39", "name": "cell 33,39", "value": 1.1443}, "geometry": {"type": "Polygon", "coordinates": [[[33, 39], [34, 39], [34, 40], [33, 40], [33, 39]]]}}, {"type": "Feature", "id": "c34-39", "properties": {"id": "c34-39", "name": "cell 34,39", "value": 1.109}, "geometry": {"type": "Polygon", "coordinates": [[[34, 39], [35, 39], [35, 40], [34, 40], [34, 39]]]}}, {"type": "Feature", "id": "c35-39", "properties": {"id": "c35-39", "name": "cell 35,39", "value": 1.0808}, "geometry": {"type": "Polygon", "coordinates": [[[35, 39], [36, 39], [36, 40], [35, 40], [35, 39]]]}}, {"type": "Feature", "id": "c36-39", "properties": {"id": "c36-39", "name": "cell 36,39", "value": 1.0587}, "geometry": {"type": "Polygon", "coordinates": [[[36, 39], [37, 39], [37, 40], [36, 40], [36, 39]]]}}, {"type": "Feature", "id": "c37-39", "properties": {"id": "c37-39", "name": "cell 37,39", "value": 1.0417}, "geometry": {"type": "Polygon", "coordinates": [[[37, 39], [38, 39], [38, 40], [37, 40], [37, 39]]]}}, {"type": "Feature", "id": "c38-39", "properties": {"id": "c38-39", "name": "cell 38,39", "value": 1.0291}, "geometry": {"type": "Polygon", "coordinates": [[[38, 39], [39, 39], [39, 40], [38, 40], [38, 39]]]}}, {"type": "Feature", "id": "c39-39", "properties": {"id": "c39-39", "name": "cell 39,39", "value": 1.0199}, "geometry": {"type": "Polygon", "coordinates": [[[39, 39], [40, 39], [40, 40], [39, 40], [39, 39]]]}}]}