{"type": "FeatureCollection", "features": [{"type": "Feature", "id": "h0-0", "properties": {"id": "h0-0", "name": "hex 0,0", "value": 1.0}, "geometry": {"type": "Polygon", "coordinates": [[[0.0, 1.0], [0.8660254037844386, 0.5000000000000001], [0.8660254037844387, -0.4999999999999998], [1.2246467991473532e-16, -1.0], [-0.8660254037844384, -0.5000000000000004], [-0.866025403784439, 0.49999999999999933], [0.0, 1.0]]]}}, {"type": "Feature", "id": "h1-0", "properties": {"id": "h1-0", "name": "hex 1,0", "value": 13.8844}, "geometry": {"type": "Polygon", "coordinates": [[[1.7320508075688772, 1.0], [2.598076211353316, 0.5000000000000001], [2.598076211353316, -0.4999999999999998], [1.7320508075688774, -1.0], [0.8660254037844388, -0.5000000000000004], [0.8660254037844382, 0.49999999999999933], [1.7320508075688772, 1.0]]]}}, {"type": "Feature", "id": "h2-0", "properties": {"id": "h2-0", "name": "hex 2,0", "value": 20.709}, "geometry": {"type": "Polygon", "coordinates": [[[3.4641016151377544, 1.0], [4.330127018922193, 0.5000000000000001], [4.330127018922193, -0.4999999999999998], [3.4641016151377544, -1.0], [2.598076211353316, -0.5000000000000004], [2.598076211353315, 0.49999999999999933], [3.4641016151377544, 1.0]]]}}, {"type": "Feature", "id": "h3-0", "properties": {"id": "h3-0", "name": "hex 3,0", "value": 18.2642}, "geometry": {"type": "Polygon", "coordinates": [[[5.196152422706632, 1.0], [6.06217782649107, 0.5000000000000001], [6.06217782649107, -0.4999999999999998], [5.196152422706632, -1.0], [4.330127018922194, -0.5000000000000004], [4.330127018922193, 0.49999999999999933], [5.196152422706632, 1.0]]]}}, {"type": "Feature", "id": "h4-0", "properties": {"id": "h4-0", "name": "hex 4,0", "value": 7.6998}, "geometry": {"type": "Polygon", "coordinates": [[[6.928203230275509, 1.0], [7.794228634059947, 0.5000000000000001], [7.794228634059947, -0.4999999999999998], [6.928203230275509, -1.0], [6.06217782649107, -0.5000000000000004], [6.0621778264910695, 0.49999999999999933], [6.928203230275509, 1.0]]]}}, {"type": "Feature", "id": "h5-0", "properties": {"id": "h5-0", "name": "hex 5,0", "value": 8.0157}, "geometry": {"type": "Polygon", "coordinates": [[[8.660254037844386, 1.0], [9.526279441628825, 0.5000000000000001], [9.526279441628825, -0.4999999999999998], [8.660254037844386, -1.0], [7.794228634059947, -0.5000000000000004], [7.794228634059946, 0.49999999999999933], [8.660254037844386, 1.0]]]}}, {"type": "Feature", "id": "h6-0", "properties": {"id": "h6-0", "name": "hex 6,0", "value": 18.4315}, "geometry": {"type": "Polygon", "coordinates": [[[10.392304845413264, 1.0], [11.258330249197703, 0.5000000000000001], [11.258330249197703, -0.4999999999999998], [10.392304845413264, -1.0], [9.526279441628827, -0.5000000000000004], [9.526279441628825, 0.49999999999999933], [10.392304845413264, 1.0]]]}}, {"type": "Feature", "id": "h7-0", "properties": {"id": "h7-0", "name": "hex 7,0", "value": 20.6491}, "geometry": {"type": "Polygon", "coordinates": [[[12.12435565298214, 1.0], [12.99038105676658, 0.5000000000000001], [12.99038105676658, -0.4999999999999998], [12.12435565298214, -1.0], [11.258330249197702, -0.5000000000000004], [11.258330249197702, 0.49999999999999933], [12.12435565298214, 1.0]]]}}, {"type": "Feature", "id": "h8-0", "properties": {"id": "h8-0", "name": "hex 8,0", "value": 13.6253}, "geometry": {"type": "Polygon", "coordinates": [[[13.856406460551018, 1.0], [14.722431864335457, 0.5000000000000001], [14.722431864335457, -0.4999999999999998], [13.856406460551018, -1.0], [12.99038105676658, -0.5000000000000004], [12.990381056766578, 0.49999999999999933], [13.856406460551018, 1.0]]]}}, {"type": "Feature", "id": "h9-0", "properties": {"id": "h9-0", "name": "hex 9,0", "value": 1.3363}, "geometry": {"type": "Polygon", "coordinates": [[[15.588457268119894, 1.0], [16.454482671904334, 0.5000000000000001], [16.454482671904334, -0.4999999999999998], [15.588457268119894, -1.0], [14.722431864335455, -0.5000000000000004], [14.722431864335455, 0.49999999999999933], [15.588457268119894, 1.0]]]}}, {"type": "Feature", "id": "h10-0", "properties": {"id": "h10-0", "name": "hex 10,0", "value": 14.1397}, "geometry": {"type": "Polygon", "coordinates": [[[17.32050807568877, 1.0], [18.18653347947321, 0.5000000000000001], [18.18653347947321, -0.4999999999999998], [17.32050807568877, -1.0], [16.454482671904334, -0.5000000000000004], [16.454482671904334, 0.49999999999999933], [17.32050807568877, 1.0]]]}}, {"type": "Feature", "id": "h11-0", "properties": {"id": "h11-0", "name": "hex 11,0", "value": 20.7634}, "geometry": {"type": "Polygon", "coordinates": [[[19.05255888325765, 1.0], [19.918584287042087, 0.5000000000000001], [19.918584287042087, -0.4999999999999998], [19.05255888325765, -1.0], [18.186533479473212, -0.5000000000000004], [18.186533479473212, 0.49999999999999933], [19.05255888325765, 1.0]]]}}, {"type": "Feature", "id": "h12-0", "properties": {"id": "h12-0", "name": "hex 12,0", "value": 18.092}, "geometry": {"type": "Polygon", "coordinates": [[[20.784609690826528, 1.0], [21.650635094610966, 0.5000000000000001], [21.650635094610966, -0.4999999999999998], [20.784609690826528, -1.0], [19.91858428704209, -0.5000000000000004], [19.91858428704209, 0.49999999999999933], [20.784609690826528, 1.0]]]}}, {"type": "Feature", "id": "h13-0", "properties": {"id": "h13-0", "name": "hex 13,0", "value": 7.382}, "geometry": {"type": "Polygon", "coordinates": [[[22.516660498395403, 1.0], [23.38268590217984, 0.5000000000000001], [23.38268590217984, -0.4999999999999998], [22.516660498395403, -1.0], [21.650635094610966, -0.5000000000000004], [21.650635094610966, 0.49999999999999933], [22.516660498395403, 1.0]]]}}, {"type": "Feature", "id": "h14-0", "properties": {"id": "h14-0", "name": "hex 14,0", "value": 8.3296}, "geometry": {"type": "Polygon", "coordinates": [[[24.24871130596428, 1.0], [25.11473670974872, 0.5000000000000001], [25.11473670974872, -0.4999999999999998], [24.24871130596428, -1.0], [23.382685902179844, -0.5000000000000004], [23.382685902179844, 0.49999999999999933], [24.24871130596428, 1.0]]]}}, {"type": "Feature", "id": "h15-0", "properties": {"id": "h15-0", "name": "hex 15,0", "value": 18.5939}, "geometry": {"type": "Polygon", "coordinates": [[[25.980762113533157, 1.0], [26.846787517317594, 0.5000000000000001], [26.846787517317594, -0.4999999999999998], [25.980762113533157, -1.0], [25.11473670974872, -0.5000000000000004], [25.11473670974872, 0.49999999999999933], [25.980762113533157, 1.0]]]}}, {"type": "Feature", "id": "h16-0", "properties": {"id": "h16-0", "name": "hex 16,0", "value": 20.5836}, "geometry": {"type": "Polygon", "coordinates": [[[27.712812921102035, 1.0], [28.578838324886473, 0.5000000000000001], [28.578838324886473, -0.4999999999999998], [27.712812921102035, -1.0], [26.846787517317598, -0.5000000000000004], [26.846787517317598, 0.49999999999999933], [27.712812921102035, 1.0]]]}}, {"type": "Feature", "id": "h17-0", "properties": {"id": "h17-0", "name": "hex 17,0", "value": 13.3627}, "geometry": {"type": "Polygon", "coordinates": [[[29.444863728670914, 1.0], [30.31088913245535, 0.5000000000000001], [30.31088913245535, -0.4999999999999998], [29.444863728670914, -1.0], [28.578838324886476, -0.5000000000000004], [28.578838324886476, 0.49999999999999933], [29.444863728670914, 1.0]]]}}, {"type": "Feature", "id": "h18-0", "properties": {"id": "h18-0", "name": "hex 18,0", "value": 1.6725}, "geometry": {"type": "Polygon", "coordinates": [[[31.17691453623979, 1.0], [32.042939940024226, 0.5000000000000001], [32.042939940024226, -0.4999999999999998], [31.17691453623979, -1.0], [30.31088913245535, -0.5000000000000004], [30.31088913245535, 0.49999999999999933], [31.17691453623979, 1.0]]]}}, {"type": "Feature", "id": "h19-0", "properties": {"id": "h19-0", "name": "hex 19,0", "value": 14.3914}, "geometry": {"type": "Polygon", "coordinates": [[[32.90896534380867, 1.0], [33.77499074759311, 0.5000000000000001], [33.77499074759311, -0.4999999999999998], [32.90896534380867, -1.0], [32.042939940024226, -0.5000000000000004], [32.042939940024226, 0.49999999999999933], [32.90896534380867, 1.0]]]}}, {"type": "Feature", "id": "h0-1", "properties": {"id": "h0-1", "name": "hex 0,1", "value": 1.0}, "geometry": {"type": "Polygon", "coordinates": [[[0.8660254037844386, 2.5], [1.7320508075688772, 2.0], [1.7320508075688772, 1.0000000000000002], [0.8660254037844387, 0.5], [2.220446049250313e-16, 0.9999999999999996], [-4.440892098500626e-16, 1.9999999999999993], [0.8660254037844386, 2.5]]]}}, {"type": "Feature", "id": "h1-1", "properties": {"id": "h1-1", "name": "hex 1,1", "value": 12.3071}, "geometry": {"type": "Polygon", "coordinates": [[[2.598076211353316, 2.5], [3.4641016151377544, 2.0], [3.464101615137755, 1.0000000000000002], [2.598076211353316, 0.5], [1.7320508075688776, 0.9999999999999996], [1.732050807568877, 1.9999999999999993], [2.598076211353316, 2.5]]]}}, {"type": "Feature", "id": "h2-1", "properties": {"id": "h2-1", "name": "hex 2,1", "value": 18.2963}, "geometry": {"type": "Polygon", "coordinates": [[[4.330127018922193, 2.5], [5.196152422706631, 2.0], [5.196152422706631, 1.0000000000000002], [4.330127018922193, 0.5], [3.4641016151377544, 0.9999999999999996], [3.4641016151377535, 1.9999999999999993], [4.330127018922193, 2.5]]]}}, {"type": "Feature", "id": "h3-1", "properties": {"id": "h3-1", "name": "hex 3,1", "value": 16.1507}, "geometry": {"type": "Polygon", "coordinates": [[[6.06217782649107, 2.5], [6.928203230275509, 2.0], [6.928203230275509, 1.0000000000000002], [6.06217782649107, 0.5], [5.196152422706632, 0.9999999999999996], [5.196152422706631, 1.9999999999999993], [6.06217782649107, 2.5]]]}}, {"type": "Feature", "id": "h4-1", "properties": {"id": "h4-1", "name": "hex 4,1", "value": 6.8796}, "geometry": {"type": "Polygon", "coordinates": [[[7.794228634059947, 2.5], [8.660254037844386, 2.0], [8.660254037844386, 1.0000000000000002], [7.794228634059947, 0.5], [6.928203230275509, 0.9999999999999996], [6.928203230275508, 1.9999999999999993], [7.794228634059947, 2.5]]]}}, {"type": "Feature", "id": "h5-1", "properties": {"id": "h5-1", "name": "hex 5,1", "value": 7.1568}, "geometry": {"type": "Polygon", "coordinates": [[[9.526279441628825, 2.5], [10.392304845413264, 2.0], [10.392304845413264, 1.0000000000000002], [9.526279441628825, 0.5], [8.660254037844386, 0.9999999999999996], [8.660254037844386, 1.9999999999999993], [9.526279441628825, 2.5]]]}}, {"type": "Feature", "id": "h6-1", "properties": {"id": "h6-1", "name": "hex 6,1", "value": 16.2976}, "geometry": {"type": "Polygon", "coordinates": [[[11.258330249197703, 2.5], [12.124355652982143, 2.0], [12.124355652982143, 1.0000000000000002], [11.258330249197703, 0.5], [10.392304845413264, 0.9999999999999996], [10.392304845413264, 1.9999999999999993], [11.258330249197703, 2.5]]]}}, {"type": "Feature", "id": "h7-1", "properties": {"id": "h7-1", "name": "hex 7,1", "value": 18.2437}, "geometry": {"type": "Polygon", "coordinates": [[[12.99038105676658, 2.5], [13.85640646055102, 2.0], [13.85640646055102, 1.0000000000000002], [12.99038105676658, 0.5], [12.124355652982143, 0.9999999999999996], [12.12435565298214, 1.9999999999999993], [12.99038105676658, 2.5]]]}}, {"type": "Feature", "id": "h8-1", "properties": {"id": "h8-1", "name": "hex 8,1", "value": 12.0798}, "geometry": {"type": "Polygon", "coordinates": [[[14.722431864335457, 2.5], [15.588457268119896, 2.0], [15.588457268119896, 1.0000000000000002], [14.722431864335457, 0.5], [13.856406460551018, 0.9999999999999996], [13.856406460551018, 1.9999999999999993], [14.722431864335457, 2.5]]]}}, {"type": "Feature", "id": "h9-1", "properties": {"id": "h9-1", "name": "hex 9,1", "value": 1.2951}, "geometry": {"type": "Polygon", "coordinates": [[[16.454482671904334, 2.5], [17.32050807568877, 2.0], [17.32050807568877, 1.0000000000000002], [16.454482671904334, 0.5], [15.588457268119896, 0.9999999999999996], [15.588457268119894, 1.9999999999999993], [16.454482671904334, 2.5]]]}}, {"type": "Feature", "id": "h10-1", "properties": {"id": "h10-1", "name": "hex 10,1", "value": 12.5312}, "geometry": {"type": "Polygon", "coordinates": [[[18.18653347947321, 2.5], [19.052558883257646, 2.0], [19.052558883257646, 1.0000000000000002], [18.18653347947321, 0.5], [17.32050807568877, 0.9999999999999996], [17.32050807568877, 1.9999999999999993], [18.18653347947321, 2.5]]]}}, {"type": "Feature", "id": "h11-1", "properties": {"id": "h11-1", "name": "hex 11,1", "value": 18.344}, "geometry": {"type": "Polygon", "coordinates": [[[19.918584287042087, 2.5], [20.784609690826525, 2.0], [20.784609690826525, 1.0000000000000002], [19.918584287042087, 0.5], [19.05255888325765, 0.9999999999999996], [19.05255888325765, 1.9999999999999993], [19.918584287042087, 2.5]]]}}, {"type": "Feature", "id": "h12-1", "properties": {"id": "h12-1", "name": "hex 12,1", "value": 15.9996}, "geometry": {"type": "Polygon", "coordinates": [[[21.650635094610966, 2.5], [22.516660498395403, 2.0], [22.516660498395403, 1.0000000000000002], [21.650635094610966, 0.5], [20.784609690826528, 0.9999999999999996], [20.784609690826528, 1.9999999999999993], [21.650635094610966, 2.5]]]}}, {"type": "Feature", "id": "h13-1", "properties": {"id": "h13-1", "name": "hex 13,1", "value": 6.6007}, "geometry": {"type": "Polygon", "coordinates": [[[23.38268590217984, 2.5], [24.248711305964278, 2.0], [24.248711305964278, 1.0000000000000002], [23.38268590217984, 0.5], [22.516660498395403, 0.9999999999999996], [22.516660498395403, 1.9999999999999993], [23.38268590217984, 2.5]]]}}, {"type": "Feature", "id": "h14-1", "properties": {"id": "h14-1", "name": "hex 14,1", "value": 7.4323}, "geometry": {"type": "Polygon", "coordinates": [[[25.11473670974872, 2.5], [25.980762113533157, 2.0], [25.980762113533157, 1.0000000000000002], [25.11473670974872, 0.5], [24.24871130596428, 0.9999999999999996], [24.24871130596428, 1.9999999999999993], [25.11473670974872, 2.5]]]}}, {"type": "Feature", "id": "h15-1", "properties": {"id": "h15-1", "name": "hex 15,1", "value": 16.4401}, "geometry": {"type": "Polygon", "coordinates": [[[26.846787517317594, 2.5], [27.71281292110203, 2.0], [27.71281292110203, 1.0000000000000002], [26.846787517317594, 0.5], [25.980762113533157, 0.9999999999999996], [25.980762113533157, 1.9999999999999993], [26.846787517317594, 2.5]]]}}, {"type": "Feature", "id": "h16-1", "properties": {"id": "h16-1", "name": "hex 16,1", "value": 18.1862}, "geometry": {"type": "Polygon", "coordinates": [[[28.578838324886473, 2.5], [29.44486372867091, 2.0], [29.44486372867091, 1.0000000000000002], [28.578838324886473, 0.5], [27.712812921102035, 0.9999999999999996], [27.712812921102035, 1.9999999999999993], [28.578838324886473, 2.5]]]}}, {"type": "Feature", "id": "h17-1", "properties": {"id": "h17-1", "name": "hex 17,1", "value": 11.8493}, "geometry": {"type": "Polygon", "coordinates": [[[30.31088913245535, 2.5], [31.17691453623979, 2.0], [31.17691453623979, 1.0000000000000002], [30.31088913245535, 0.5], [29.444863728670914, 0.9999999999999996], [29.444863728670914, 1.9999999999999993], [30.31088913245535, 2.5]]]}}, {"type": "Feature", "id": "h18-1", "properties": {"id": "h18-1", "name": "hex 18,1", "value": 1.5901}, "geometry": {"type": "Polygon", "coordinates": [[[32.042939940024226, 2.5], [32.90896534380867, 2.0], [32.90896534380867, 1.0000000000000002], [32.042939940024226, 0.5], [31.17691453623979, 0.9999999999999996], [31.17691453623979, 1.9999999999999993], [32.042939940024226, 2.5]]]}}, {"type": "Feature", "id": "h19-1", "properties": {"id": "h19-1", "name": "hex 19,1", "value": 12.7521}, "geometry": {"type": "Polygon", "coordinates": [[[33.77499074759311, 2.5], [34.64101615137755, 2.0], [34.64101615137755, 1.0000000000000002], [33.77499074759311, 0.5], [32.90896534380867, 0.9999999999999996], [32.90896534380867, 1.9999999999999993], [33.77499074759311, 2.5]]]}}, {"type": "Feature", "id": "h0-2", "properties": {"id": "h0-2", "name": "hex 0,2", "value": 1.0}, "geometry": {"type": "Polygon", "coordinates": [[[0.0, 4.0], [0.8660254037844386, 3.5], [0.8660254037844387, 2.5], [1.2246467991473532e-16, 2.0], [-0.8660254037844384, 2.4999999999999996], [-0.866025403784439, 3.499999999999999], [0.0, 4.0]]]}}, {"type": "Feature", "id": "h1-2", "properties": {"id": "h1-2", "name": "hex 1,2", "value": 7.9614}, "geometry": {"type": "Polygon", "coordinates": [[[1.7320508075688772, 4.0], [2.598076211353316, 3.5], [2.598076211353316, 2.5], [1.7320508075688774, 2.0], [0.8660254037844388, 2.4999999999999996], [0.8660254037844382, 3.499999999999999], [1.7320508075688772, 4.0]]]}}, {"type": "Feature", "id": "h2-2", "properties": {"id": "h2-2", "name": "hex 2,2", "value": 11.6488}, "geometry": {"type": "Polygon", "coordinates": [[[3.4641016151377544, 4.0], [4.330127018922193, 3.5], [4.330127018922193, 2.5], [3.4641016151377544, 2.0], [2.598076211353316, 2.4999999999999996], [2.598076211353315, 3.499999999999999], [3.4641016151377544, 4.0]]]}}, {"type": "Feature", "id": "h3-2", "properties": {"id": "h3-2", "name": "hex 3,2", "value": 10.3279}, "geometry": {"type": "Polygon", "coordinates": [[[5.196152422706632, 4.0], [6.06217782649107, 3.5], [6.06217782649107, 2.5], [5.196152422706632, 2.0], [4.330127018922194, 2.4999999999999996], [4.330127018922193, 3.499999999999999], [5.196152422706632, 4.0]]]}}, {"type": "Feature", "id": "h4-2", "properties": {"id": "h4-2", "name": "hex 4,2", "value": 4.6199}, "geometry": {"type": "Polygon", "coordinates": [[[6.928203230275509, 4.0], [7.794228634059947, 3.5], [7.794228634059947, 2.5], [6.928203230275509, 2.0], [6.06217782649107, 2.4999999999999996], [6.0621778264910695, 3.499999999999999], [6.928203230275509, 4.0]]]}}, {"type": "Feature", "id": "h5-2", "properties": {"id": "h5-2", "name": "hex 5,2", "value": 4.7906}, "geometry": {"type": "Polygon", "coordinates": [[[8.660254037844386, 4.0], [9.526279441628825, 3.5], [9.526279441628825, 2.5], [8.660254037844386, 2.0], [7.794228634059947, 2.4999999999999996], [7.794228634059946, 3.499999999999999], [8.660254037844386, 4.0]]]}}, {"type": "Feature", "id": "h6-2", "properties": {"id": "h6-2", "name": "hex 6,2", "value": 10.4183}, "geometry": {"type": "Polygon", "coordinates": [[[10.392304845413264, 4.0], [11.258330249197703, 3.5], [11.258330249197703, 2.5], [10.392304845413264, 2.0], [9.526279441628827, 2.4999999999999996], [9.526279441628825, 3.499999999999999], [10.392304845413264, 4.0]]]}}, {"type": "Feature", "id": "h7-2", "properties": {"id": "h7-2", "name": "hex 7,2", "value": 11.6164}, "geometry": {"type": "Polygon", "coordinates": [[[12.12435565298214, 4.0], [12.99038105676658, 3.5], [12.99038105676658, 2.5], [12.12435565298214, 2.0], [11.258330249197702, 2.4999999999999996], [11.258330249197702, 3.499999999999999], [12.12435565298214, 4.0]]]}}, {"type": "Feature", "id": "h8-2", "properties": {"id": "h8-2", "name": "hex 8,2", "value": 7.8215}, "geometry": {"type": "Polygon", "coordinates": [[[13.856406460551018, 4.0], [14.722431864335457, 3.5], [14.722431864335457, 2.5], [13.856406460551018, 2.0], [12.99038105676658, 2.4999999999999996], [12.990381056766578, 3.499999999999999], [13.856406460551018, 4.0]]]}}, {"type": "Feature", "id": "h9-2", "properties": {"id": "h9-2", "name": "hex 9,2", "value": 1.1817}, "geometry": {"type": "Polygon", "coordinates": [[[15.588457268119894, 4.0], [16.454482671904334, 3.5], [16.454482671904334, 2.5], [15.588457268119894, 2.0], [14.722431864335455, 2.4999999999999996], [14.722431864335455, 3.499999999999999], [15.588457268119894, 4.0]]]}}, {"type": "Feature", "id": "h10-2", "properties": {"id": "h10-2", "name": "hex 10,2", "value": 8.0994}, "geometry": {"type": "Polygon", "coordinates": [[[17.32050807568877, 4.0], [18.18653347947321, 3.5], [18.18653347947321, 2.5], [17.32050807568877, 2.0], [16.454482671904334, 2.4999999999999996], [16.454482671904334, 3.499999999999999], [17.32050807568877, 4.0]]]}}, {"type": "Feature", "id": "h11-2", "properties": {"id": "h11-2", "name": "hex 11,2", "value": 11.6782}, "geometry": {"type": "Polygon", "coordinates": [[[19.05255888325765, 4.0], [19.918584287042087, 3.5], [19.918584287042087, 2.5], [19.05255888325765, 2.0], [18.186533479473212, 2.4999999999999996], [18.186533479473212, 3.499999999999999], [19.05255888325765, 4.0]]]}}, {"type": "Feature", "id": "h12-2", "properties": {"id": "h12-2", "name": "hex 12,2", "value": 10.2348}, "geometry": {"type": "Polygon", "coordinates": [[[20.784609690826528, 4.0], [21.650635094610966, 3.5], [21.650635094610966, 2.5], [20.784609690826528, 2.0], [19.91858428704209, 2.4999999999999996], [19.91858428704209, 3.499999999999999], [20.784609690826528, 4.0]]]}}, {"type": "Feature", "id": "h13-2", "properties": {"id": "h13-2", "name": "hex 13,2", "value": 4.4482}, "geometry": {"type": "Polygon", "coordinates": [[[22.516660498395403, 4.0], [23.38268590217984, 3.5], [23.38268590217984, 2.5], [22.516660498395403, 2.0], [21.650635094610966, 2.4999999999999996], [21.650635094610966, 3.499999999999999], [22.516660498395403, 4.0]]]}}, {"type": "Feature", "id": "h14-2", "properties": {"id": "h14-2", "name": "hex 14,2", "value": 4.9602}, "geometry": {"type": "Polygon", "coordinates": [[[24.24871130596428, 4.0], [25.11473670974872, 3.5], [25.11473670974872, 2.5], [24.24871130596428, 2.0], [23.382685902179844, 2.4999999999999996], [23.382685902179844, 3.499999999999999], [24.24871130596428, 4.0]]]}}, {"type": "Feature", "id": "h15-2", "properties": {"id": "h15-2", "name": "hex 15,2", "value": 10.506}, "geometry": {"type": "Polygon", "coordinates": [[[25.980762113533157, 4.0], [26.846787517317594, 3.5], [26.846787517317594, 2.5], [25.980762113533157, 2.0], [25.11473670974872, 2.4999999999999996], [25.11473670974872, 3.499999999999999], [25.980762113533157, 4.0]]]}}, {"type": "Feature", "id": "h16-2", "properties": {"id": "h16-2", "name": "hex 16,2", "value": 11.581}, "geometry": {"type": "Polygon", "coordinates": [[[27.712812921102035, 4.0], [28.578838324886473, 3.5], [28.578838324886473, 2.5], [27.712812921102035, 2.0], [26.846787517317598, 2.4999999999999996], [26.846787517317598, 3.499999999999999], [27.712812921102035, 4.0]]]}}, {"type": "Feature", "id": "h17-2", "properties": {"id": "h17-2", "name": "hex 17,2", "value": 7.6796}, "geometry": {"type": "Polygon", "coordinates": [[[29.444863728670914, 4.0], [30.31088913245535, 3.5], [30.31088913245535, 2.5], [29.444863728670914, 2.0], [28.578838324886476, 2.4999999999999996], [28.578838324886476, 3.499999999999999], [29.444863728670914, 4.0]]]}}, {"type": "Feature", "id": "h18-2", "properties": {"id": "h18-2", "name": "hex 18,2", "value": 1.3633}, "geometry": {"type": "Polygon", "coordinates": [[[31.17691453623979, 4.0], [32.042939940024226, 3.5], [32.042939940024226, 2.5], [31.17691453623979, 2.0], [30.31088913245535, 2.4999999999999996], [30.31088913245535, 3.499999999999999], [31.17691453623979, 4.0]]]}}, {"type": "Feature", "id": "h19-2", "properties": {"id": "h19-2", "name": "hex 19,2", "value": 8.2354}, "geometry": {"type": "Polygon", "coordinates": [[[32.90896534380867, 4.0], [33.77499074759311, 3.5], [33.77499074759311, 2.5], [32.90896534380867, 2.0], [32.042939940024226, 2.4999999999999996], [32.042939940024226, 3.499999999999999], [32.90896534380867, 4.0]]]}}, {"type": "Feature", "id": "h0-3", "properties": {"id": "h0-3", "name": "hex 0,3", "value": 1.0}, "geometry": {"type": "Polygon", "coordinates": [[[0.8660254037844386, 5.5], [1.7320508075688772, 5.0], [1.7320508075688772, 4.0], [0.8660254037844387, 3.5], [2.220446049250313e-16, 3.9999999999999996], [-4.440892098500626e-16, 4.999999999999999], [0.8660254037844386, 5.5]]]}}, {"type": "Feature", "id": "h1-3", "properties": {"id": "h1-3", "name": "hex 1,3", "value": 1.9114}, "geometry": {"type": "Polygon", "coordinates": [[[2.598076211353316, 5.5], [3.4641016151377544, 5.0], [3.464101615137755, 4.0], [2.598076211353316, 3.5], [1.7320508075688776, 3.9999999999999996], [1.732050807568877, 4.999999999999999], [2.598076211353316, 5.5]]]}}, {"type": "Feature", "id": "h2-3", "properties": {"id": "h2-3", "name": "hex 2,3", "value": 2.3942}, "geometry": {"type": "Polygon", "coordinates": [[[4.330127018922193, 5.5], [5.196152422706631, 5.0], [5.196152422706631, 4.0], [4.330127018922193, 3.5], [3.4641016151377544, 3.9999999999999996], [3.4641016151377535, 4.999999999999999], [4.330127018922193, 5.5]]]}}, {"type": "Feature", "id": "h3-3", "properties": {"id": "h3-3", "name": "hex 3,3", "value": 2.2212}, "geometry": {"type": "Polygon", "coordinates": [[[6.06217782649107, 5.5], [6.928203230275509, 5.0], [6.928203230275509, 4.0], [6.06217782649107, 3.5], [5.196152422706632, 3.9999999999999996], [5.196152422706631, 4.999999999999999], [6.06217782649107, 5.5]]]}}, {"type": "Feature", "id": "h4-3", "properties": {"id": "h4-3", "name": "hex 4,3", "value": 1.4739}, "geometry": {"type": "Polygon", "coordinates": [[[7.794228634059947, 5.5], [8.660254037844386, 5.0], [8.660254037844386, 4.0], [7.794228634059947, 3.5], [6.928203230275509, 3.9999999999999996], [6.928203230275508, 4.999999999999999], [7.794228634059947, 5.5]]]}}, {"type": "Feature", "id": "h5-3", "properties": {"id": "h5-3", "name": "hex 5,3", "value": 1.4963}, "geometry": {"type": "Polygon", "coordinates": [[[9.526279441628825, 5.5], [10.392304845413264, 5.0], [10.392304845413264, 4.0], [9.526279441628825, 3.5], [8.660254037844386, 3.9999999999999996], [8.660254037844386, 4.999999999999999], [9.526279441628825, 5.5]]]}}, {"type": "Feature", "id": "h6-3", "properties": {"id": "h6-3", "name": "hex 6,3", "value": 2.2331}, "geometry": {"type": "Polygon", "coordinates": [[[11.258330249197703, 5.5], [12.124355652982143, 5.0], [12.124355652982143, 4.0], [11.258330249197703, 3.5], [10.392304845413264, 3.9999999999999996], [10.392304845413264, 4.999999999999999], [11.258330249197703, 5.5]]]}}, {"type": "Feature", "id": "h7-3", "properties": {"id": "h7-3", "name": "hex 7,3", "value": 2.3899}, "geometry": {"type": "Polygon", "coordinates": [[[12.99038105676658, 5.5], [13.85640646055102, 5.0], [13.85640646055102, 4.0], [12.99038105676658, 3.5], [12.124355652982143, 3.9999999999999996], [12.12435565298214, 4.999999999999999], [12.99038105676658, 5.5]]]}}, {"type": "Feature", "id": "h8-3", "properties": {"id": "h8-3", "name": "hex 8,3", "value": 1.8931}, "geometry": {"type": "Polygon", "coordinates": [[[14.722431864335457, 5.5], [15.588457268119896, 5.0], [15.588457268119896, 4.0], [14.722431864335457, 3.5], [13.856406460551018, 3.9999999999999996], [13.856406460551018, 4.999999999999999], [14.722431864335457, 5.5]]]}}, {"type": "Feature", "id": "h9-3", "properties": {"id": "h9-3", "name": "hex 9,3", "value": 1.0238}, "geometry": {"type": "Polygon", "coordinates": [[[16.454482671904334, 5.5], [17.32050807568877, 5.0], [17.32050807568877, 4.0], [16.454482671904334, 3.5], [15.588457268119896, 3.9999999999999996], [15.588457268119894, 4.999999999999999], [16.454482671904334, 5.5]]]}}, {"type": "Feature", "id": "h10-3", "properties": {"id": "h10-3", "name": "hex 10,3", "value": 1.9295}, "geometry": {"type": "Polygon", "coordinates": [[[18.18653347947321, 5.5], [19.052558883257646, 5.0], [19.052558883257646, 4.0], [18.18653347947321, 3.5], [17.32050807568877, 3.9999999999999996], [17.32050807568877, 4.999999999999999], [18.18653347947321, 5.5]]]}}, {"type": "Feature", "id": "h11-3", "properties": {"id": "h11-3", "name": "hex 11,3", "value": 2.398}, "geometry": {"type": "Polygon", "coordinates": [[[19.918584287042087, 5.5], [20.784609690826525, 5.0], [20.784609690826525, 4.0], [19.918584287042087, 3.5], [19.05255888325765, 3.9999999999999996], [19.05255888325765, 4.999999999999999], [19.918584287042087, 5.5]]]}}, {"type": "Feature", "id": "h12-3", "properties": {"id": "h12-3", "name": "hex 12,3", "value": 2.209}, "geometry": {"type": "Polygon", "coordinates": [[[21.650635094610966, 5.5], [22.516660498395403, 5.0], [22.516660498395403, 4.0], [21.650635094610966, 3.5], [20.784609690826528, 3.9999999999999996], [20.784609690826528, 4.999999999999999], [21.650635094610966, 5.5]]]}}, {"type": "Feature", "id": "h13-3", "properties": {"id": "h13-3", "name": "hex 13,3", "value": 1.4514}, "geometry": {"type": "Polygon", "coordinates": [[[23.38268590217984, 5.5], [24.248711305964278, 5.0], [24.248711305964278, 4.0], [23.38268590217984, 3.5], [22.516660498395403, 3.9999999999999996], [22.516660498395403, 4.999999999999999], [23.38268590217984, 5.5]]]}}, {"type": "Feature", "id": "h14-3", "properties": {"id": "h14-3", "name": "hex 14,3", "value": 1.5185}, "geometry": {"type": "Polygon", "coordinates": [[[25.11473670974872, 5.5], [25.980762113533157, 5.0], [25.980762113533157, 4.0], [25.11473670974872, 3.5], [24.24871130596428, 3.9999999999999996], [24.24871130596428, 4.999999999999999], [25.11473670974872, 5.5]]]}}, {"type": "Feature", "id": "h15-3", "properties": {"id": "h15-3", "name": "hex 15,3", "value": 2.2445}, "geometry": {"type": "Polygon", "coordinates": [[[26.846787517317594, 5.5], [27.71281292110203, 5.0], [27.71281292110203, 4.0], [26.846787517317594, 3.5], [25.980762113533157, 3.9999999999999996], [25.980762113533157, 4.999999999999999], [26.846787517317594, 5.5]]]}}, {"type": "Feature", "id": "h16-3", "properties": {"id": "h16-3", "name": "hex 16,3", "value": 2.3853}, "geometry": {"type": "Polygon", "coordinates": [[[28.578838324886473, 5.5], [29.44486372867091, 5.0], [29.44486372867091, 4.0], [28.578838324886473, 3.5], [27.712812921102035, 3.9999999999999996], [27.712812921102035, 4.999999999999999], [28.578838324886473, 5.5]]]}}, {"type": "Feature", "id": "h17-3", "properties": {"id": "h17-3", "name": "hex 17,3", "value": 1.8745}, "geometry": {"type": "Polygon", "coordinates": [[[30.31088913245535, 5.5], [31.17691453623979, 5.0], [31.17691453623979, 4.0], [30.31088913245535, 3.5], [29.444863728670914, 3.9999999999999996], [29.444863728670914, 4.999999999999999], [30.31088913245535, 5.5]]]}}, {"type": "Feature", "id": "h18-3", "properties": {"id": "h18-3", "name": "hex 18,3", "value": 1.0476}, "geometry": {"type": "Polygon", "coordinates": [[[32.042939940024226, 5.5], [32.90896534380867, 5.0], [32.90896534380867, 4.0], [32.042939940024226, 3.5], [31.17691453623979, 3.9999999999999996], [31.17691453623979, 4.999999999999999], [32.042939940024226, 5.5]]]}}, {"type": "Feature", "id": "h19-3", "properties": {"id": "h19-3", "name": "hex 19,3", "value": 1.9473}, "geometry": {"type": "Polygon", "coordinates": [[[33.77499074759311, 5.5], [34.64101615137755, 5.0], [34.64101615137755, 4.0], [33.77499074759311, 3.5], [32.90896534380867, 3.9999999999999996], [32.90896534380867, 4.999999999999999], [33.77499074759311, 5.5]]]}}, {"type": "Feature", "id": "h0-4", "properties": {"id": "h0-4", "name": "hex 0,4", "value": 1.0}, "geometry": {"type": "Polygon", "coordinates": [[[0.0, 7.0], [0.8660254037844386, 6.5], [0.8660254037844387, 5.5], [1.2246467991473532e-16, 5.0], [-0.8660254037844384, 5.5], [-0.866025403784439, 6.499999999999999], [0.0, 7.0]]]}}, {"type": "Feature", "id": "h1-4", "properties": {"id": "h1-4", "name": "hex 1,4", "value": 6.3618}, "geometry": {"type": "Polygon", "coordinates": [[[1.7320508075688772, 7.0], [2.598076211353316, 6.5], [2.598076211353316, 5.5], [1.7320508075688774, 5.0], [0.8660254037844388, 5.5], [0.8660254037844382, 6.499999999999999], [1.7320508075688772, 7.0]]]}}, {"type": "Feature", "id": "h2-4", "properties": {"id": "h2-4", "name": "hex 2,4", "value": 9.2018}, "geometry": {"type": "Polygon", "coordinates": [[[3.4641016151377544, 7.0], [4.330127018922193, 6.5], [4.330127018922193, 5.5], [3.4641016151377544, 5.0], [2.598076211353316, 5.5], [2.598076211353315, 6.499999999999999], [3.4641016151377544, 7.0]]]}}, {"type": "Feature", "id": "h3-4", "properties": {"id": "h3-4", "name": "hex 3,4", "value": 8.1844}, "geometry": {"type": "Polygon", "coordinates": [[[5.196152422706632, 7.0], [6.06217782649107, 6.5], [6.06217782649107, 5.5], [5.196152422706632, 5.0], [4.330127018922194, 5.5], [4.330127018922193, 6.499999999999999], [5.196152422706632, 7.0]]]}}, {"type": "Feature", "id": "h4-4", "properties": {"id": "h4-4", "name": "hex 4,4", "value": 3.7881}, "geometry": {"type": "Polygon", "coordinates": [[[6.928203230275509, 7.0], [7.794228634059947, 6.5], [7.794228634059947, 5.5], [6.928203230275509, 5.0], [6.06217782649107, 5.5], [6.0621778264910695, 6.499999999999999], [6.928203230275509, 7.0]]]}}, {"type": "Feature", "id": "h5-4", "properties": {"id": "h5-4", "name": "hex 5,4", "value": 3.9195}, "geometry": {"type": "Polygon", "coordinates": [[[8.660254037844386, 7.0], [9.526279441628825, 6.5], [9.526279441628825, 5.5], [8.660254037844386, 5.0], [7.794228634059947, 5.5], [7.794228634059946, 6.499999999999999], [8.660254037844386, 7.0]]]}}, {"type": "Feature", "id": "h6-4", "properties": {"id": "h6-4", "name": "hex 6,4", "value": 8.2541}, "geometry": {"type": "Polygon", "coordinates": [[[10.392304845413264, 7.0], [11.258330249197703, 6.5], [11.258330249197703, 5.5], [10.392304845413264, 5.0], [9.526279441628827, 5.5], [9.526279441628825, 6.499999999999999], [10.392304845413264, 7.0]]]}}, {"type": "Feature", "id": "h7-4", "properties": {"id": "h7-4", "name": "hex 7,4", "value": 9.1769}, "geometry": {"type": "Polygon", "coordinates": [[[12.12435565298214, 7.0], [12.99038105676658, 6.5], [12.99038105676658, 5.5], [12.12435565298214, 5.0], [11.258330249197702, 5.5], [11.258330249197702, 6.499999999999999], [12.12435565298214, 7.0]]]}}, {"type": "Feature", "id": "h8-4", "properties": {"id": "h8-4", "name": "hex 8,4", "value": 6.254}, "geometry": {"type": "Polygon", "coordinates": [[[13.856406460551018, 7.0], [14.722431864335457, 6.5], [14.722431864335457, 5.5], [13.856406460551018, 5.0], [12.99038105676658, 5.5], [12.990381056766578, 6.499999999999999], [13.856406460551018, 7.0]]]}}, {"type": "Feature", "id": "h9-4", "properties": {"id": "h9-4", "name": "hex 9,4", "value": 1.1399}, "geometry": {"type": "Polygon", "coordinates": [[[15.588457268119894, 7.0], [16.454482671904334, 6.5], [16.454482671904334, 5.5], [15.588457268119894, 5.0], [14.722431864335455, 5.5], [14.722431864335455, 6.499999999999999], [15.588457268119894, 7.0]]]}}, {"type": "Feature", "id": "h10-4", "properties": {"id": "h10-4", "name": "hex 10,4", "value": 6.4681}, "geometry": {"type": "Polygon", "coordinates": [[[17.32050807568877, 7.0], [18.18653347947321, 6.5], [18.18653347947321, 5.5], [17.32050807568877, 5.0], [16.454482671904334, 5.5], [16.454482671904334, 6.499999999999999], [17.32050807568877, 7.0]]]}}, {"type": "Feature", "id": "h11-4", "properties": {"id": "h11-4", "name": "hex 11,4", "value": 9.2245}, "geometry": {"type": "Polygon", "coordinates": [[[19.05255888325765, 7.0], [19.918584287042087, 6.5], [19.918584287042087, 5.5], [19.05255888325765, 5.0], [18.186533479473212, 5.5], [18.186533479473212, 6.499999999999999], [19.05255888325765, 7.0]]]}}, {"type": "Feature", "id": "h12-4", "properties": {"id": "h12-4", "name": "hex 12,4", "value": 8.1128}, "geometry": {"type": "Polygon", "coordinates": [[[20.784609690826528, 7.0], [21.650635094610966, 6.5], [21.650635094610966, 5.5], [20.784609690826528, 5.0], [19.91858428704209, 5.5], [19.91858428704209, 6.499999999999999], [20.784609690826528, 7.0]]]}}, {"type": "Feature", "id": "h13-4", "properties": {"id": "h13-4", "name": "hex 13,4", "value": 3.6558}, "geometry": {"type": "Polygon", "coordinates": [[[22.516660498395403, 7.0], [23.38268590217984, 6.5], [23.38268590217984, 5.5], [22.516660498395403, 5.0], [21.650635094610966, 5.5], [21.650635094610966, 6.499999999999999], [22.516660498395403, 7.0]]]}}, {"type": "Feature", "id": "h14-4", "properties": {"id": "h14-4", "name": "hex 14,4", "value": 4.0502}, "geometry": {"type": "Polygon", "coordinates": [[[24.24871130596428, 7.0], [25.11473670974872, 6.5], [25.11473670974872, 5.5], [24.24871130596428, 5.0], [23.382685902179844, 5.5], [23.382685902179844, 6.499999999999999], [24.24871130596428, 7.0]]]}}, {"type": "Feature", "id": "h15-4", "properties": {"id": "h15-4", "name": "hex 15,4", "value": 8.3217}, "geometry": {"type": "Polygon", "coordinates": [[[25.980762113533157, 7.0], [26.846787517317594, 6.5], [26.846787517317594, 5.5], [25.980762113533157, 5.0], [25.11473670974872, 5.5], [25.11473670974872, 6.499999999999999], [25.980762113533157, 7.0]]]}}, {"type": "Feature", "id": "h16-4", "properties": {"id": "h16-4", "name": "hex 16,4", "value": 9.1496}, "geometry": {"type": "Polygon", "coordinates": [[[27.712812921102035, 7.0], [28.578838324886473, 6.5], [28.578838324886473, 5.5], [27.712812921102035, 5.0], [26.846787517317598, 5.5], [26.846787517317598, 6.499999999999999], [27.712812921102035, 7.0]]]}}, {"type": "Feature", "id": "h17-4", "properties": {"id": "h17-4", "name": "hex 17,4", "value": 6.1447}, "geometry": {"type": "Polygon", "coordinates": [[[29.444863728670914, 7.0], [30.31088913245535, 6.5], [30.31088913245535, 5.5], [29.444863728670914, 5.0], [28.578838324886476, 5.5], [28.578838324886476, 6.499999999999999], [29.444863728670914, 7.0]]]}}, {"type": "Feature", "id": "h18-4", "properties": {"id": "h18-4", "name": "hex 18,4", "value": 1.2798}, "geometry": {"type": "Polygon", "coordinates": [[[31.17691453623979, 7.0], [32.042939940024226, 6.5], [32.042939940024226, 5.5], [31.17691453623979, 5.0], [30.31088913245535, 5.5], [30.31088913245535, 6.499999999999999], [31.17691453623979, 7.0]]]}}, {"type": "Feature", "id": "h19-4", "properties": {"id": "h19-4", "name": "hex 19,4", "value": 6.5728}, "geometry": {"type": "Polygon", "coordinates": [[[32.90896534380867, 7.0], [33.77499074759311, 6.5], [33.77499074759311, 5.5], [32.90896534380867, 5.0], [32.042939940024226, 5.5], [32.042939940024226, 6.499999999999999], [32.90896534380867, 7.0]]]}}, {"type": "Feature", "id": "h0-5", "properties": {"id": "h0-5", "name": "hex 0,5", "value": 1.0}, "geometry": {"type": "Polygon", "coordinates": [[[0.8660254037844386, 8.5], [1.7320508075688772, 8.0], [1.7320508075688772, 7.0], [0.8660254037844387, 6.5], [2.220446049250313e-16, 7.0], [-4.440892098500626e-16, 7.999999999999999], [0.8660254037844386, 8.5]]]}}, {"type": "Feature", "id": "h1-5", "properties": {"id": "h1-5", "name": "hex 1,5", "value": 11.3222}, "geometry": {"type": "Polygon", "coordinates": [[[2.598076211353316, 8.5], [3.4641016151377544, 8.0], [3.464101615137755, 7.0], [2.598076211353316, 6.5], [1.7320508075688776, 7.0], [1.732050807568877, 7.999999999999999], [2.598076211353316, 8.5]]]}}, {"type": "Feature", "id": "h2-5", "properties": {"id": "h2-5", "name": "hex 2,5", "value": 16.7897}, "geometry": {"type": "Polygon", "coordinates": [[[4.330127018922193, 8.5], [5.196152422706631, 8.0], [5.196152422706631, 7.0], [4.330127018922193, 6.5], [3.4641016151377544, 7.0], [3.4641016151377535, 7.999999999999999], [4.330127018922193, 8.5]]]}}, {"type": "Feature", "id": "h3-5", "properties": {"id": "h3-5", "name": "hex 3,5", "value": 14.8311}, "geometry": {"type": "Polygon", "coordinates": [[[6.06217782649107, 8.5], [6.928203230275509, 8.0], [6.928203230275509, 7.0], [6.06217782649107, 6.5], [5.196152422706632, 7.0], [5.196152422706631, 7.999999999999999], [6.06217782649107, 8.5]]]}}, {"type": "Feature", "id": "h4-5", "properties": {"id": "h4-5", "name": "hex 4,5", "value": 6.3675}, "geometry": {"type": "Polygon", "coordinates": [[[7.794228634059947, 8.5], [8.660254037844386, 8.0], [8.660254037844386, 7.0], [7.794228634059947, 6.5], [6.928203230275509, 7.0], [6.928203230275508, 7.999999999999999], [7.794228634059947, 8.5]]]}}, {"type": "Feature", "id": "h5-5", "properties": {"id": "h5-5", "name": "hex 5,5", "value": 6.6206}, "geometry": {"type": "Polygon", "coordinates": [[[9.526279441628825, 8.5], [10.392304845413264, 8.0], [10.392304845413264, 7.0], [9.526279441628825, 6.5], [8.660254037844386, 7.0], [8.660254037844386, 7.999999999999999], [9.526279441628825, 8.5]]]}}, {"type": "Feature", "id": "h6-5", "properties": {"id": "h6-5", "name": "hex 6,5", "value": 14.9651}, "geometry": {"type": "Polygon", "coordinates": [[[11.258330249197703, 8.5], [12.124355652982143, 8.0], [12.124355652982143, 7.0], [11.258330249197703, 6.5], [10.392304845413264, 7.0], [10.392304845413264, 7.999999999999999], [11.258330249197703, 8.5]]]}}, {"type": "Feature", "id": "h7-5", "properties": {"id": "h7-5", "name": "hex 7,5", "value": 16.7417}, "geometry": {"type": "Polygon", "coordinates": [[[12.99038105676658, 8.5], [13.85640646055102, 8.0], [13.85640646055102, 7.0], [12.99038105676658, 6.5], [12.124355652982143, 7.0], [12.12435565298214, 7.999999999999999], [12.99038105676658, 8.5]]]}}, {"type": "Feature", "id": "h8-5", "properties": {"id": "h8-5", "name": "hex 8,5", "value": 11.1147}, "geometry": {"type": "Polygon", "coordinates": [[[14.722431864335457, 8.5], [15.588457268119896, 8.0], [15.588457268119896, 7.0], [14.722431864335457, 6.5], [13.856406460551018, 7.0], [13.856406460551018, 7.999999999999999], [14.722431864335457, 8.5]]]}}, {"type": "Feature", "id": "h9-5", "properties": {"id": "h9-5", "name": "hex 9,5", "value": 1.2694}, "geometry": {"type": "Polygon", "coordinates": [[[16.454482671904334, 8.5], [17.32050807568877, 8.0], [17.32050807568877, 7.0], [16.454482671904334, 6.5], [15.588457268119896, 7.0], [15.588457268119894, 7.999999999999999], [16.454482671904334, 8.5]]]}}, {"type": "Feature", "id": "h10-5", "properties": {"id": "h10-5", "name": "hex 10,5", "value": 11.5268}, "geometry": {"type": "Polygon", "coordinates": [[[18.18653347947321, 8.5], [19.052558883257646, 8.0], [19.052558883257646, 7.0], [18.18653347947321, 6.5], [17.32050807568877, 7.0], [17.32050807568877, 7.999999999999999], [18.18653347947321, 8.5]]]}}, {"type": "Feature", "id": "h11-5", "properties": {"id": "h11-5", "name": "hex 11,5", "value": 16.8333}, "geometry": {"type": "Polygon", "coordinates": [[[19.918584287042087, 8.5], [20.784609690826525, 8.0], [20.784609690826525, 7.0], [19.918584287042087, 6.5], [19.05255888325765, 7.0], [19.05255888325765, 7.999999999999999], [19.918584287042087, 8.5]]]}}, {"type": "Feature", "id": "h12-5", "properties": {"id": "h12-5", "name": "hex 12,5", "value": 14.6931}, "geometry": {"type": "Polygon", "coordinates": [[[21.650635094610966, 8.5], [22.516660498395403, 8.0], [22.516660498395403, 7.0], [21.650635094610966, 6.5], [20.784609690826528, 7.0], [20.784609690826528, 7.999999999999999], [21.650635094610966, 8.5]]]}}, {"type": "Feature", "id": "h13-5", "properties": {"id": "h13-5", "name": "hex 13,5", "value": 6.1129}, "geometry": {"type": "Polygon", "coordinates": [[[23.38268590217984, 8.5], [24.248711305964278, 8.0], [24.248711305964278, 7.0], [23.38268590217984, 6.5], [22.516660498395403, 7.0], [22.516660498395403, 7.999999999999999], [23.38268590217984, 8.5]]]}}, {"type": "Feature", "id": "h14-5", "properties": {"id": "h14-5", "name": "hex 14,5", "value": 6.872}, "geometry": {"type": "Polygon", "coordinates": [[[25.11473670974872, 8.5], [25.980762113533157, 8.0], [25.980762113533157, 7.0], [25.11473670974872, 6.5], [24.24871130596428, 7.0], [24.24871130596428, 7.999999999999999], [25.11473670974872, 8.5]]]}}, {"type": "Feature", "id": "h15-5", "properties": {"id": "h15-5", "name": "hex 15,5", "value": 15.0953}, "geometry": {"type": "Polygon", "coordinates": [[[26.846787517317594, 8.5], [27.71281292110203, 8.0], [27.71281292110203, 7.0], [26.846787517317594, 6.5], [25.980762113533157, 7.0], [25.980762113533157, 7.999999999999999], [26.846787517317594, 8.5]]]}}, {"type": "Feature", "id": "h16-5", "properties": {"id": "h16-5", "name": "hex 16,5", "value": 16.6892}, "geometry": {"type": "Polygon", "coordinates": [[[28.578838324886473, 8.5], [29.44486372867091, 8.0], [29.44486372867091, 7.0], [28.578838324886473, 6.5], [27.712812921102035, 7.0], [27.712812921102035, 7.999999999999999], [28.578838324886473, 8.5]]]}}, {"type": "Feature", "id": "h17-5", "properties": {"id": "h17-5", "name": "hex 17,5", "value": 10.9043}, "geometry": {"type": "Polygon", "coordinates": [[[30.31088913245535, 8.5], [31.17691453623979, 8.0], [31.17691453623979, 7.0], [30.31088913245535, 6.5], [29.444863728670914, 7.0], [29.444863728670914, 7.999999999999999], [30.31088913245535, 8.5]]]}}, {"type": "Feature", "id": "h18-5", "properties": {"id": "h18-5", "name": "hex 18,5", "value": 1.5387}, "geometry": {"type": "Polygon", "coordinates": [[[32.042939940024226, 8.5], [32.90896534380867, 8.0], [32.90896534380867, 7.0], [32.042939940024226, 6.5], [31.17691453623979, 7.0], [31.17691453623979, 7.999999999999999], [32.042939940024226, 8.5]]]}}, {"type": "Feature", "id": "h19-5", "properties": {"id": "h19-5", "name": "hex 19,5", "value": 11.7284}, "geometry": {"type": "Polygon", "coordinates": [[[33.77499074759311, 8.5], [34.64101615137755, 8.0], [34.64101615137755, 7.0], [33.77499074759311, 6.5], [32.90896534380867, 7.0], [32.90896534380867, 7.999999999999999], [33.77499074759311, 8.5]]]}}, {"type": "Feature", "id": "h0-6", "properties": {"id": "h0-6", "name": "hex 0,6", "value": 1.0}, "geometry": {"type": "Polygon", "coordinates": [[[0.0, 10.0], [0.8660254037844386, 9.5], [0.8660254037844387, 8.5], [1.2246467991473532e-16, 8.0], [-0.8660254037844384, 8.5], [-0.866025403784439, 9.5], [0.0, 10.0]]]}}, {"type": "Feature", "id": "h1-6", "properties": {"id": "h1-6", "name": "hex 1,6", "value": 13.7554}, "geometry": {"type": "Polygon", "coordinates": [[[1.7320508075688772, 10.0], [2.598076211353316, 9.5], [2.598076211353316, 8.5], [1.7320508075688774, 8.0], [0.8660254037844388, 8.5], [0.8660254037844382, 9.5], [1.7320508075688772, 10.0]]]}}, {"type": "Feature", "id": "h2-6", "properties": {"id": "h2-6", "name": "hex 2,6", "value": 20.5118}, "geometry": {"type": "Polygon", "coordinates": [[[3.4641016151377544, 10.0], [4.330127018922193, 9.5], [4.330127018922193, 8.5], [3.4641016151377544, 8.0], [2.598076211353316, 8.5], [2.598076211353315, 9.5], [3.4641016151377544, 10.0]]]}}, {"type": "Feature", "id": "h3-6", "properties": {"id": "h3-6", "name": "hex 3,6", "value": 18.0914}, "geometry": {"type": "Polygon", "coordinates": [[[5.196152422706632, 10.0], [6.06217782649107, 9.5], [6.06217782649107, 8.5], [5.196152422706632, 8.0], [4.330127018922194, 8.5], [4.330127018922193, 9.5], [5.196152422706632, 10.0]]]}}, {"type": "Feature", "id": "h4-6", "properties": {"id": "h4-6", "name": "hex 4,6", "value": 7.6327}, "geometry": {"type": "Polygon", "coordinates": [[[6.928203230275509, 10.0], [7.794228634059947, 9.5], [7.794228634059947, 8.5], [6.928203230275509, 8.0], [6.06217782649107, 8.5], [6.0621778264910695, 9.5], [6.928203230275509, 10.0]]]}}, {"type": "Feature", "id": "h5-6", "properties": {"id": "h5-6", "name": "hex 5,6", "value": 7.9455}, "geometry": {"type": "Polygon", "coordinates": [[[8.660254037844386, 10.0], [9.526279441628825, 9.5], [9.526279441628825, 8.5], [8.660254037844386, 8.0], [7.794228634059947, 8.5], [7.794228634059946, 9.5], [8.660254037844386, 10.0]]]}}, {"type": "Feature", "id": "h6-6", "properties": {"id": "h6-6", "name": "hex 6,6", "value": 18.2571}, "geometry": {"type": "Polygon", "coordinates": [[[10.392304845413264, 10.0], [11.258330249197703, 9.5], [11.258330249197703, 8.5], [10.392304845413264, 8.0], [9.526279441628827, 8.5], [9.526279441628825, 9.5], [10.392304845413264, 10.0]]]}}, {"type": "Feature", "id": "h7-6", "properties": {"id": "h7-6", "name": "hex 7,6", "value": 20.4524}, "geometry": {"type": "Polygon", "coordinates": [[[12.12435565298214, 10.0], [12.99038105676658, 9.5], [12.99038105676658, 8.5], [12.12435565298214, 8.0], [11.258330249197702, 8.5], [11.258330249197702, 9.5], [12.12435565298214, 10.0]]]}}, {"type": "Feature", "id": "h8-6", "properties": {"id": "h8-6", "name": "hex 8,6", "value": 13.499}, "geometry": {"type": "Polygon", "coordinates": [[[13.856406460551018, 10.0], [14.722431864335457, 9.5], [14.722431864335457, 8.5], [13.856406460551018, 8.0], [12.99038105676658, 8.5], [12.990381056766578, 9.5], [13.856406460551018, 10.0]]]}}, {"type": "Feature", "id": "h9-6", "properties": {"id": "h9-6", "name": "hex 9,6", "value": 1.3329}, "geometry": {"type": "Polygon", "coordinates": [[[15.588457268119894, 10.0], [16.454482671904334, 9.5], [16.454482671904334, 8.5], [15.588457268119894, 8.0], [14.722431864335455, 8.5], [14.722431864335455, 9.5], [15.588457268119894, 10.0]]]}}, {"type": "Feature", "id": "h10-6", "properties": {"id": "h10-6", "name": "hex 10,6", "value": 14.0082}, "geometry": {"type": "Polygon", "coordinates": [[[17.32050807568877, 10.0], [18.18653347947321, 9.5], [18.18653347947321, 8.5], [17.32050807568877, 8.0], [16.454482671904334, 8.5], [16.454482671904334, 9.5], [17.32050807568877, 10.0]]]}}, {"type": "Feature", "id": "h11-6", "properties": {"id": "h11-6", "name": "hex 11,6", "value": 20.5656}, "geometry": {"type": "Polygon", "coordinates": [[[19.05255888325765, 10.0], [19.918584287042087, 9.5], [19.918584287042087, 8.5], [19.05255888325765, 8.0], [18.186533479473212, 8.5], [18.186533479473212, 9.5], [19.05255888325765, 10.0]]]}}, {"type": "Feature", "id": "h12-6", "properties": {"id": "h12-6", "name": "hex 12,6", "value": 17.9209}, "geometry": {"type": "Polygon", "coordinates": [[[20.784609690826528, 10.0], [21.650635094610966, 9.5], [21.650635094610966, 8.5], [20.784609690826528, 8.0], [19.91858428704209, 8.5], [19.91858428704209, 9.5], [20.784609690826528, 10.0]]]}}, {"type": "Feature", "id": "h13-6", "properties": {"id": "h13-6", "name": "hex 13,6", "value": 7.3181}, "geometry": {"type": "Polygon", "coordinates": [[[22.516660498395403, 10.0], [23.38268590217984, 9.5], [23.38268590217984, 8.5], [22.516660498395403, 8.0], [21.650635094610966, 8.5], [21.650635094610966, 9.5], [22.516660498395403, 10.0]]]}}, {"type": "Feature", "id": "h14-6", "properties": {"id": "h14-6", "name": "hex 14,6", "value": 8.2562}, "geometry": {"type": "Polygon", "coordinates": [[[24.24871130596428, 10.0], [25.11473670974872, 9.5], [25.11473670974872, 8.5], [24.24871130596428, 8.0], [23.382685902179844, 8.5], [23.382685902179844, 9.5], [24.24871130596428, 10.0]]]}}, {"type": "Feature", "id": "h15-6", "properties": {"id": "h15-6", "name": "hex 15,6", "value": 18.4178}, "geometry": {"type": "Polygon", "coordinates": [[[25.980762113533157, 10.0], [26.846787517317594, 9.5], [26.846787517317594, 8.5], [25.980762113533157, 8.0], [25.11473670974872, 8.5], [25.11473670974872, 9.5], [25.980762113533157, 10.0]]]}}, {"type": "Feature", "id": "h16-6", "properties": {"id": "h16-6", "name": "hex 16,6", "value": 20.3876}, "geometry": {"type": "Polygon", "coordinates": [[[27.712812921102035, 10.0], [28.578838324886473, 9.5], [28.578838324886473, 8.5], [27.712812921102035, 8.0], [26.846787517317598, 8.5], [26.846787517317598, 9.5], [27.712812921102035, 10.0]]]}}, {"type": "Feature", "id": "h17-6", "properties": {"id": "h17-6", "name": "hex 17,6", "value": 13.239}, "geometry": {"type": "Polygon", "coordinates": [[[29.444863728670914, 10.0], [30.31088913245535, 9.5], [30.31088913245535, 8.5], [29.444863728670914, 8.0], [28.578838324886476, 8.5], [28.578838324886476, 9.5], [29.444863728670914, 10.0]]]}}, {"type": "Feature", "id": "h18-6", "properties": {"id": "h18-6", "name": "hex 18,6", "value": 1.6657}, "geometry": {"type": "Polygon", "coordinates": [[[31.17691453623979, 10.0], [32.042939940024226, 9.5], [32.042939940024226, 8.5], [31.17691453623979, 8.0], [30.31088913245535, 8.5], [30.31088913245535, 9.5], [31.17691453623979, 10.0]]]}}, {"type": "Feature", "id": "h19-6", "properties": {"id": "h19-6", "name": "hex 19,6", "value": 14.2574}, "geometry": {"type": "Polygon", "coordinates": [[[32.90896534380867, 10.0], [33.77499074759311, 9.5], [33.77499074759311, 8.5], [32.90896534380867, 8.0], [32.042939940024226, 8.5], [32.042939940024226, 9.5], [32.90896534380867, 10.0]]]}}, {"type": "Feature", "id": "h0-7", "properties": {"id": "h0-7", "name": "hex 0,7", "value": 1.0}, "geometry": {"type": "Polygon", "coordinates": [[[0.8660254037844386, 11.5], [1.7320508075688772, 11.0], [1.7320508075688772, 10.0], [0.8660254037844387, 9.5], [2.220446049250313e-16, 10.0], [-4.440892098500626e-16, 11.0], [0.8660254037844386, 11.5]]]}}, {"type": "Feature", "id": "h1-7", "properties": {"id": "h1-7", "name": "hex 1,7", "value": 13.0656}, "geometry": {"type": "Polygon", "coordinates": [[[2.598076211353316, 11.5], [3.4641016151377544, 11.0], [3.464101615137755, 10.0], [2.598076211353316, 9.5], [1.7320508075688776, 10.0], [1.732050807568877, 11.0], [2.598076211353316, 11.5]]]}}, {"type": "Feature", "id": "h2-7", "properties": {"id": "h2-7", "name": "hex 2,7", "value": 19.4566}, "geometry": {"type": "Polygon", "coordinates": [[[4.330127018922193, 11.5], [5.196152422706631, 11.0], [5.196152422706631, 10.0], [4.330127018922193, 9.5], [3.4641016151377544, 10.0], [3.4641016151377535, 11.0], [4.330127018922193, 11.5]]]}}, {"type": "Feature", "id": "h3-7", "properties": {"id": "h3-7", "name": "hex 3,7", "value": 17.1672}, "geometry": {"type": "Polygon", "coordinates": [[[6.06217782649107, 11.5], [6.928203230275509, 11.0], [6.928203230275509, 10.0], [6.06217782649107, 9.5], [5.196152422706632, 10.0], [5.196152422706631, 11.0], [6.06217782649107, 11.5]]]}}, {"type": "Feature", "id": "h4-7", "properties": {"id": "h4-7", "name": "hex 4,7", "value": 7.274}, "geometry": {"type": "Polygon", "coordinates": [[[7.794228634059947, 11.5], [8.660254037844386, 11.0], [8.660254037844386, 10.0], [7.794228634059947, 9.5], [6.928203230275509, 10.0], [6.928203230275508, 11.0], [7.794228634059947, 11.5]]]}}, {"type": "Feature", "id": "h5-7", "properties": {"id": "h5-7", "name": "hex 5,7", "value": 7.5699}, "geometry": {"type": "Polygon", "coordinates": [[[9.526279441628825, 11.5], [10.392304845413264, 11.0], [10.392304845413264, 10.0], [9.526279441628825, 9.5], [8.660254037844386, 10.0], [8.660254037844386, 11.0], [9.526279441628825, 11.5]]]}}, {"type": "Feature", "id": "h6-7", "properties": {"id": "h6-7", "name": "hex 6,7", "value": 17.3239}, "geometry": {"type": "Polygon", "coordinates": [[[11.258330249197703, 11.5], [12.124355652982143, 11.0], [12.124355652982143, 10.0], [11.258330249197703, 9.5], [10.392304845413264, 10.0], [10.392304845413264, 11.0], [11.258330249197703, 11.5]]]}}, {"type": "Feature", "id": "h7-7", "properties": {"id": "h7-7", "name": "hex 7,7", "value": 19.4005}, "geometry": {"type": "Polygon", "coordinates": [[[12.99038105676658, 11.5], [13.85640646055102, 11.0], [13.85640646055102, 10.0], [12.99038105676658, 9.5], [12.124355652982143, 10.0], [12.12435565298214, 11.0], [12.99038105676658, 11.5]]]}}, {"type": "Feature", "id": "h8-7", "properties": {"id": "h8-7", "name": "hex 8,7", "value": 12.8231}, "geometry": {"type": "Polygon", "coordinates": [[[14.722431864335457, 11.5], [15.588457268119896, 11.0], [15.588457268119896, 10.0], [14.722431864335457, 9.5], [13.856406460551018, 10.0], [13.856406460551018, 11.0], [14.722431864335457, 11.5]]]}}, {"type": "Feature", "id": "h9-7", "properties": {"id": "h9-7", "name": "hex 9,7", "value": 1.3149}, "geometry": {"type": "Polygon", "coordinates": [[[16.454482671904334, 11.5], [17.32050807568877, 11.0], [17.32050807568877, 10.0], [16.454482671904334, 9.5], [15.588457268119896, 10.0], [15.588457268119894, 11.0], [16.454482671904334, 11.5]]]}}, {"type": "Feature", "id": "h10-7", "properties": {"id": "h10-7", "name": "hex 10,7", "value": 13.3048}, "geometry": {"type": "Polygon", "coordinates": [[[18.18653347947321, 11.5], [19.052558883257646, 11.0], [19.052558883257646, 10.0], [18.18653347947321, 9.5], [17.32050807568877, 10.0], [17.32050807568877, 11.0], [18.18653347947321, 11.5]]]}}, {"type": "Feature", "id": "h11-7", "properties": {"id": "h11-7", "name": "hex 11,7", "value": 19.5075}, "geometry": {"type": "Polygon", "coordinates": [[[19.918584287042087, 11.5], [20.784609690826525, 11.0], [20.784609690826525, 10.0], [19.918584287042087, 9.5], [19.05255888325765, 10.0], [19.05255888325765, 11.0], [19.918584287042087, 11.5]]]}}, {"type": "Feature", "id": "h12-7", "properties": {"id": "h12-7", "name": "hex 12,7", "value": 17.0059}, "geometry": {"type": "Polygon", "coordinates": [[[21.650635094610966, 11.5], [22.516660498395403, 11.0], [22.516660498395403, 10.0], [21.650635094610966, 9.5], [20.784609690826528, 10.0], [20.784609690826528, 11.0], [21.650635094610966, 11.5]]]}}, {"type": "Feature", "id": "h13-7", "properties": {"id": "h13-7", "name": "hex 13,7", "value": 6.9764}, "geometry": {"type": "Polygon", "coordinates": [[[23.38268590217984, 11.5], [24.248711305964278, 11.0], [24.248711305964278, 10.0], [23.38268590217984, 9.5], [22.516660498395403, 10.0], [22.516660498395403, 11.0], [23.38268590217984, 11.5]]]}}, {"type": "Feature", "id": "h14-7", "properties": {"id": "h14-7", "name": "hex 14,7", "value": 7.8638}, "geometry": {"type": "Polygon", "coordinates": [[[25.11473670974872, 11.5], [25.980762113533157, 11.0], [25.980762113533157, 10.0], [25.11473670974872, 9.5], [24.24871130596428, 10.0], [24.24871130596428, 11.0], [25.11473670974872, 11.5]]]}}, {"type": "Feature", "id": "h15-7", "properties": {"id": "h15-7", "name": "hex 15,7", "value": 17.4759}, "geometry": {"type": "Polygon", "coordinates": [[[26.846787517317594, 11.5], [27.71281292110203, 11.0], [27.71281292110203, 10.0], [26.846787517317594, 9.5], [25.980762113533157, 10.0], [25.980762113533157, 11.0], [26.846787517317594, 11.5]]]}}, {"type": "Feature", "id": "h16-7", "properties": {"id": "h16-7", "name": "hex 16,7", "value": 19.3392}, "geometry": {"type": "Polygon", "coordinates": [[[28.578838324886473, 11.5], [29.44486372867091, 11.0], [29.44486372867091, 10.0], [28.578838324886473, 9.5], [27.712812921102035, 10.0], [27.712812921102035, 11.0], [28.578838324886473, 11.5]]]}}, {"type": "Feature", "id": "h17-7", "properties": {"id": "h17-7", "name": "hex 17,7", "value": 12.5772}, "geometry": {"type": "Polygon", "coordinates": [[[30.31088913245535, 11.5], [31.17691453623979, 11.0], [31.17691453623979, 10.0], [30.31088913245535, 9.5], [29.444863728670914, 10.0], [29.444863728670914, 11.0], [30.31088913245535, 11.5]]]}}, {"type": "Feature", "id": "h18-7", "properties": {"id": "h18-7", "name": "hex 18,7", "value": 1.6297}, "geometry": {"type": "Polygon", "coordinates": [[[32.042939940024226, 11.5], [32.90896534380867, 11.0], [32.90896534380867, 10.0], [32.042939940024226, 9.5], [31.17691453623979, 10.0], [31.17691453623979, 11.0], [32.042939940024226, 11.5]]]}}, {"type": "Feature", "id": "h19-7", "properties": {"id": "h19-7", "name": "hex 19,7", "value": 13.5405}, "geometry": {"type": "Polygon", "coordinates": [[[33.77499074759311, 11.5], [34.64101615137755, 11.0], [34.64101615137755, 10.0], [33.77499074759311, 9.5], [32.90896534380867, 10.0], [32.90896534380867, 11.0], [33.77499074759311, 11.5]]]}}, {"type": "Feature", "id": "h0-8", "properties": {"id": "h0-8", "name": "hex 0,8", "value": 1.0}, "geometry": {"type": "Polygon", "coordinates": [[[0.0, 13.0], [0.8660254037844386, 12.5], [0.8660254037844387, 11.5], [1.2246467991473532e-16, 11.0], [-0.8660254037844384, 11.5], [-0.866025403784439, 12.5], [0.0, 13.0]]]}}, {"type": "Feature", "id": "h1-8", "properties": {"id": "h1-8", "name": "hex 1,8", "value": 9.4218}, "geometry": {"type": "Polygon", "coordinates": [[[1.7320508075688772, 13.0], [2.598076211353316, 12.5], [2.598076211353316, 11.5], [1.7320508075688774, 11.0], [0.8660254037844388, 11.5], [0.8660254037844382, 12.5], [1.7320508075688772, 13.0]]]}}, {"type": "Feature", "id": "h2-8", "properties": {"id": "h2-8", "name": "hex 2,8", "value": 13.8827}, "geometry": {"type": "Polygon", "coordinates": [[[3.4641016151377544, 13.0], [4.330127018922193, 12.5], [4.330127018922193, 11.5], [3.4641016151377544, 11.0], [2.598076211353316, 11.5], [2.598076211353315, 12.5], [3.4641016151377544, 13.0]]]}}, {"type": "Feature", "id": "h3-8", "properties": {"id": "h3-8", "name": "hex 3,8", "value": 12.2846}, "geometry": {"type": "Polygon", "coordinates": [[[5.196152422706632, 13.0], [6.06217782649107, 12.5], [6.06217782649107, 11.5], [5.196152422706632, 11.0], [4.330127018922194, 11.5], [4.330127018922193, 12.5], [5.196152422706632, 13.0]]]}}, {"type": "Feature", "id": "h4-8", "properties": {"id": "h4-8", "name": "hex 4,8", "value": 5.3793}, "geometry": {"type": "Polygon", "coordinates": [[[6.928203230275509, 13.0], [7.794228634059947, 12.5], [7.794228634059947, 11.5], [6.928203230275509, 11.0], [6.06217782649107, 11.5], [6.0621778264910695, 12.5], [6.928203230275509, 13.0]]]}}, {"type": "Feature", "id": "h5-8", "properties": {"id": "h5-8", "name": "hex 5,8", "value": 5.5857}, "geometry": {"type": "Polygon", "coordinates": [[[8.660254037844386, 13.0], [9.526279441628825, 12.5], [9.526279441628825, 11.5], [8.660254037844386, 11.0], [7.794228634059947, 11.5], [7.794228634059946, 12.5], [8.660254037844386, 13.0]]]}}, {"type": "Feature", "id": "h6-8", "properties": {"id": "h6-8", "name": "hex 6,8", "value": 12.394}, "geometry": {"type": "Polygon", "coordinates": [[[10.392304845413264, 13.0], [11.258330249197703, 12.5], [11.258330249197703, 11.5], [10.392304845413264, 11.0], [9.526279441628827, 11.5], [9.526279441628825, 12.5], [10.392304845413264, 13.0]]]}}, {"type": "Feature", "id": "h7-8", "properties": {"id": "h7-8", "name": "hex 7,8", "value": 13.8435}, "geometry": {"type": "Polygon", "coordinates": [[[12.12435565298214, 13.0], [12.99038105676658, 12.5], [12.99038105676658, 11.5], [12.12435565298214, 11.0], [11.258330249197702, 11.5], [11.258330249197702, 12.5], [12.12435565298214, 13.0]]]}}, {"type": "Feature", "id": "h8-8", "properties": {"id": "h8-8", "name": "hex 8,8", "value": 9.2525}, "geometry": {"type": "Polygon", "coordinates": [[[13.856406460551018, 13.0], [14.722431864335457, 12.5], [14.722431864335457, 11.5], [13.856406460551018, 11.0], [12.99038105676658, 11.5], [12.990381056766578, 12.5], [13.856406460551018, 13.0]]]}}, {"type": "Feature", "id": "h9-8", "properties": {"id": "h9-8", "name": "hex 9,8", "value": 1.2198}, "geometry": {"type": "Polygon", "coordinates": [[[15.588457268119894, 13.0], [16.454482671904334, 12.5], [16.454482671904334, 11.5], [15.588457268119894, 11.0], [14.722431864335455, 11.5], [14.722431864335455, 12.5], [15.588457268119894, 13.0]]]}}, {"type": "Feature", "id": "h10-8", "properties": {"id": "h10-8", "name": "hex 10,8", "value": 9.5887}, "geometry": {"type": "Polygon", "coordinates": [[[17.32050807568877, 13.0], [18.18653347947321, 12.5], [18.18653347947321, 11.5], [17.32050807568877, 11.0], [16.454482671904334, 11.5], [16.454482671904334, 12.5], [17.32050807568877, 13.0]]]}}, {"type": "Feature", "id": "h11-8", "properties": {"id": "h11-8", "name": "hex 11,8", "value": 13.9182}, "geometry": {"type": "Polygon", "coordinates": [[[19.05255888325765, 13.0], [19.918584287042087, 12.5], [19.918584287042087, 11.5], [19.05255888325765, 11.0], [18.186533479473212, 11.5], [18.186533479473212, 12.5], [19.05255888325765, 13.0]]]}}, {"type": "Feature", "id": "h12-8", "properties": {"id": "h12-8", "name": "hex 12,8", "value": 12.1721}, "geometry": {"type": "Polygon", "coordinates": [[[20.784609690826528, 13.0], [21.650635094610966, 12.5], [21.650635094610966, 11.5], [20.784609690826528, 11.0], [19.91858428704209, 11.5], [19.91858428704209, 12.5], [20.784609690826528, 13.0]]]}}, {"type": "Feature", "id": "h13-8", "properties": {"id": "h13-8", "name": "hex 13,8", "value": 5.1715}, "geometry": {"type": "Polygon", "coordinates": [[[22.516660498395403, 13.0], [23.38268590217984, 12.5], [23.38268590217984, 11.5], [22.516660498395403, 11.0], [21.650635094610966, 11.5], [21.650635094610966, 12.5], [22.516660498395403, 13.0]]]}}, {"type": "Feature", "id": "h14-8", "properties": {"id": "h14-8", "name": "hex 14,8", "value": 5.7909}, "geometry": {"type": "Polygon", "coordinates": [[[24.24871130596428, 13.0], [25.11473670974872, 12.5], [25.11473670974872, 11.5], [24.24871130596428, 11.0], [23.382685902179844, 11.5], [23.382685902179844, 12.5], [24.24871130596428, 13.0]]]}}, {"type": "Feature", "id": "h15-8", "properties": {"id": "h15-8", "name": "hex 15,8", "value": 12.5002}, "geometry": {"type": "Polygon", "coordinates": [[[25.980762113533157, 13.0], [26.846787517317594, 12.5], [26.846787517317594, 11.5], [25.980762113533157, 11.0], [25.11473670974872, 11.5], [25.11473670974872, 12.5], [25.980762113533157, 13.0]]]}}, {"type": "Feature", "id": "h16-8", "properties": {"id": "h16-8", "name": "hex 16,8", "value": 13.8007}, "geometry": {"type": "Polygon", "coordinates": [[[27.712812921102035, 13.0], [28.578838324886473, 12.5], [28.578838324886473, 11.5], [27.712812921102035, 11.0], [26.846787517317598, 11.5], [26.846787517317598, 12.5], [27.712812921102035, 13.0]]]}}, {"type": "Feature", "id": "h17-8", "properties": {"id": "h17-8", "name": "hex 17,8", "value": 9.0808}, "geometry": {"type": "Polygon", "coordinates": [[[29.444863728670914, 13.0], [30.31088913245535, 12.5], [30.31088913245535, 11.5], [29.444863728670914, 11.0], [28.578838324886476, 11.5], [28.578838324886476, 12.5], [29.444863728670914, 13.0]]]}}, {"type": "Feature", "id": "h18-8", "properties": {"id": "h18-8", "name": "hex 18,8", "value": 1.4395}, "geometry": {"type": "Polygon", "coordinates": [[[31.17691453623979, 13.0], [32.042939940024226, 12.5], [32.042939940024226, 11.5], [31.17691453623979, 11.0], [30.31088913245535, 11.5], [30.31088913245535, 12.5], [31.17691453623979, 13.0]]]}}, {"type": "Feature", "id": "h19-8", "properties": {"id": "h19-8", "name": "hex 19,8", "value": 9.7532}, "geometry": {"type": "Polygon", "coordinates": [[[32.90896534380867, 13.0], [33.77499074759311, 12.5], [33.77499074759311, 11.5], [32.90896534380867, 11.0], [32.042939940024226, 11.5], [32.042939940024226, 12.5], [32.90896534380867, 13.0]]]}}, {"type": "Feature", "id": "h0-9", "properties": {"id": "h0-9", "name": "hex 0,9", "value": 1.0}, "geometry": {"type": "Polygon", "coordinates": [[[0.8660254037844386, 14.5], [1.7320508075688772, 14.0], [1.7320508075688772, 13.0], [0.8660254037844387, 12.5], [2.220446049250313e-16, 13.0], [-4.440892098500626e-16, 14.0], [0.8660254037844386, 14.5]]]}}, {"type": "Feature", "id": "h1-9", "properties": {"id": "h1-9", "name": "hex 1,9", "value": 3.716}, "geometry": {"type": "Polygon", "coordinates": [[[2.598076211353316, 14.5], [3.4641016151377544, 14.0], [3.464101615137755, 13.0], [2.598076211353316, 12.5], [1.7320508075688776, 13.0], [1.732050807568877, 14.0], [2.598076211353316, 14.5]]]}}, {"type": "Feature", "id": "h2-9", "properties": {"id": "h2-9", "name": "hex 2,9", "value": 5.1546}, "geometry": {"type": "Polygon", "coordinates": [[[4.330127018922193, 14.5], [5.196152422706631, 14.0], [5.196152422706631, 13.0], [4.330127018922193, 12.5], [3.4641016151377544, 13.0], [3.4641016151377535, 14.0], [4.330127018922193, 14.5]]]}}, {"type": "Feature", "id": "h3-9", "properties": {"id": "h3-9", "name": "hex 3,9", "value": 4.6392}, "geometry": {"type": "Polygon", "coordinates": [[[6.06217782649107, 14.5], [6.928203230275509, 14.0], [6.928203230275509, 13.0], [6.06217782649107, 12.5], [5.196152422706632, 13.0], [5.196152422706631, 14.0], [6.06217782649107, 14.5]]]}}, {"type": "Feature", "id": "h4-9", "properties": {"id": "h4-9", "name": "hex 4,9", "value": 2.4123}, "geometry": {"type": "Polygon", "coordinates": [[[7.794228634059947, 14.5], [8.660254037844386, 14.0], [8.660254037844386, 13.0], [7.794228634059947, 12.5], [6.928203230275509, 13.0], [6.928203230275508, 14.0], [7.794228634059947, 14.5]]]}}, {"type": "Feature", "id": "h5-9", "properties": {"id": "h5-9", "name": "hex 5,9", "value": 2.4789}, "geometry": {"type": "Polygon", "coordinates": [[[9.526279441628825, 14.5], [10.392304845413264, 14.0], [10.392304845413264, 13.0], [9.526279441628825, 12.5], [8.660254037844386, 13.0], [8.660254037844386, 14.0], [9.526279441628825, 14.5]]]}}, {"type": "Feature", "id": "h6-9", "properties": {"id": "h6-9", "name": "hex 6,9", "value": 4.6745}, "geometry": {"type": "Polygon", "coordinates": [[[11.258330249197703, 14.5], [12.124355652982143, 14.0], [12.124355652982143, 13.0], [11.258330249197703, 12.5], [10.392304845413264, 13.0], [10.392304845413264, 14.0], [11.258330249197703, 14.5]]]}}, {"type": "Feature", "id": "h7-9", "properties": {"id": "h7-9", "name": "hex 7,9", "value": 5.1419}, "geometry": {"type": "Polygon", "coordinates": [[[12.99038105676658, 14.5], [13.85640646055102, 14.0], [13.85640646055102, 13.0], [12.99038105676658, 12.5], [12.124355652982143, 13.0], [12.12435565298214, 14.0], [12.99038105676658, 14.5]]]}}, {"type": "Feature", "id": "h8-9", "properties": {"id": "h8-9", "name": "hex 8,9", "value": 3.6614}, "geometry": {"type": "Polygon", "coordinates": [[[14.722431864335457, 14.5], [15.588457268119896, 14.0], [15.588457268119896, 13.0], [14.722431864335457, 12.5], [13.856406460551018, 13.0], [13.856406460551018, 14.0], [14.722431864335457, 14.5]]]}}, {"type": "Feature", "id": "h9-9", "properties": {"id": "h9-9", "name": "hex 9,9", "value": 1.0709}, "geometry": {"type": "Polygon", "coordinates": [[[16.454482671904334, 14.5], [17.32050807568877, 14.0], [17.32050807568877, 13.0], [16.454482671904334, 12.5], [15.588457268119896, 13.0], [15.588457268119894, 14.0], [16.454482671904334, 14.5]]]}}, {"type": "Feature", "id": "h10-9", "properties": {"id": "h10-9", "name": "hex 10,9", "value": 3.7698}, "geometry": {"type": "Polygon", "coordinates": [[[18.18653347947321, 14.5], [19.052558883257646, 14.0], [19.052558883257646, 13.0], [18.18653347947321, 12.5], [17.32050807568877, 13.0], [17.32050807568877, 14.0], [18.18653347947321, 14.5]]]}}, {"type": "Feature", "id": "h11-9", "properties": {"id": "h11-9", "name": "hex 11,9", "value": 5.166}, "geometry": {"type": "Polygon", "coordinates": [[[19.918584287042087, 14.5], [20.784609690826525, 14.0], [20.784609690826525, 13.0], [19.918584287042087, 12.5], [19.05255888325765, 13.0], [19.05255888325765, 14.0], [19.918584287042087, 14.5]]]}}, {"type": "Feature", "id": "h12-9", "properties": {"id": "h12-9", "name": "hex 12,9", "value": 4.6029}, "geometry": {"type": "Polygon", "coordinates": [[[21.650635094610966, 14.5], [22.516660498395403, 14.0], [22.516660498395403, 13.0], [21.650635094610966, 12.5], [20.784609690826528, 13.0], [20.784609690826528, 14.0], [21.650635094610966, 14.5]]]}}, {"type": "Feature", "id": "h13-9", "properties": {"id": "h13-9", "name": "hex 13,9", "value": 2.3453}, "geometry": {"type": "Polygon", "coordinates": [[[23.38268590217984, 14.5], [24.248711305964278, 14.0], [24.248711305964278, 13.0], [23.38268590217984, 12.5], [22.516660498395403, 13.0], [22.516660498395403, 14.0], [23.38268590217984, 14.5]]]}}, {"type": "Feature", "id": "h14-9", "properties": {"id": "h14-9", "name": "hex 14,9", "value": 2.545}, "geometry": {"type": "Polygon", "coordinates": [[[25.11473670974872, 14.5], [25.980762113533157, 14.0], [25.980762113533157, 13.0], [25.11473670974872, 12.5], [24.24871130596428, 13.0], [24.24871130596428, 14.0], [25.11473670974872, 14.5]]]}}, {"type": "Feature", "id": "h15-9", "properties": {"id": "h15-9", "name": "hex 15,9", "value": 4.7087}, "geometry": {"type": "Polygon", "coordinates": [[[26.846787517317594, 14.5], [27.71281292110203, 14.0], [27.71281292110203, 13.0], [26.846787517317594, 12.5], [25.980762113533157, 13.0], [25.980762113533157, 14.0], [26.846787517317594, 14.5]]]}}, {"type": "Feature", "id": "h16-9", "properties": {"id": "h16-9", "name": "hex 16,9", "value": 5.1281}, "geometry": {"type": "Polygon", "coordinates": [[[28.578838324886473, 14.5], [29.44486372867091, 14.0], [29.44486372867091, 13.0], [28.578838324886473, 12.5], [27.712812921102035, 13.0], [27.712812921102035, 14.0], [28.578838324886473, 14.5]]]}}, {"type": "Feature", "id": "h17-9", "properties": {"id": "h17-9", "name": "hex 17,9", "value": 3.606}, "geometry": {"type": "Polygon", "coordinates": [[[30.31088913245535, 14.5], [31.17691453623979, 14.0], [31.17691453623979, 13.0], [30.31088913245535, 12.5], [29.444863728670914, 13.0], [29.444863728670914, 14.0], [30.31088913245535, 14.5]]]}}, {"type": "Feature", "id": "h18-9", "properties": {"id": "h18-9", "name": "hex 18,9", "value": 1.1418}, "geometry": {"type": "Polygon", "coordinates": [[[32.042939940024226, 14.5], [32.90896534380867, 14.0], [32.90896534380867, 13.0], [32.042939940024226, 12.5], [31.17691453623979, 13.0], [31.17691453623979, 14.0], [32.042939940024226, 14.5]]]}}, {"type": "Feature", "id": "h19-9", "properties": {"id": "h19-9", "name": "hex 19,9", "value": 3.8228}, "geometry": {"type": "Polygon", "coordinates": [[[33.77499074759311, 14.5], [34.64101615137755, 14.0], [34.64101615137755, 13.0], [33.77499074759311, 12.5], [32.90896534380867, 13.0], [32.90896534380867, 14.0], [33.77499074759311, 14.5]]]}}, {"type": "Feature", "id": "h0-10", "properties": {"id": "h0-10", "name": "hex 0,10", "value": 1.0}, "geometry": {"type": "Polygon", "coordinates": [[[0.0, 16.0], [0.8660254037844386, 15.5], [0.8660254037844387, 14.5], [1.2246467991473532e-16, 14.0], [-0.8660254037844384, 14.5], [-0.866025403784439, 15.5], [0.0, 16.0]]]}}, {"type": "Feature", "id": "h1-10", "properties": {"id": "h1-10", "name": "hex 1,10", "value": 4.6548}, "geometry": {"type": "Polygon", "coordinates": [[[1.7320508075688772, 16.0], [2.598076211353316, 15.5], [2.598076211353316, 14.5], [1.7320508075688774, 14.0], [0.8660254037844388, 14.5], [0.8660254037844382, 15.5], [1.7320508075688772, 16.0]]]}}, {"type": "Feature", "id": "h2-10", "properties": {"id": "h2-10", "name": "hex 2,10", "value": 6.5907}, "geometry": {"type": "Polygon", "coordinates": [[[3.4641016151377544, 16.0], [4.330127018922193, 15.5], [4.330127018922193, 14.5], [3.4641016151377544, 14.0], [2.598076211353316, 14.5], [2.598076211353315, 15.5], [3.4641016151377544, 16.0]]]}}, {"type": "Feature", "id": "h3-10", "properties": {"id": "h3-10", "name": "hex 3,10", "value": 5.8972}, "geometry": {"type": "Polygon", "coordinates": [[[5.196152422706632, 16.0], [6.06217782649107, 15.5], [6.06217782649107, 14.5], [5.196152422706632, 14.0], [4.330127018922194, 14.5], [4.330127018922193, 15.5], [5.196152422706632, 16.0]]]}}, {"type": "Feature", "id": "h4-10", "properties": {"id": "h4-10", "name": "hex 4,10", "value": 2.9005}, "geometry": {"type": "Polygon", "coordinates": [[[6.928203230275509, 16.0], [7.794228634059947, 15.5], [7.794228634059947, 14.5], [6.928203230275509, 14.0], [6.06217782649107, 14.5], [6.0621778264910695, 15.5], [6.928203230275509, 16.0]]]}}, {"type": "Feature", "id": "h5-10", "properties": {"id": "h5-10", "name": "hex 5,10", "value": 2.9901}, "geometry": {"type": "Polygon", "coordinates": [[[8.660254037844386, 16.0], [9.526279441628825, 15.5], [9.526279441628825, 14.5], [8.660254037844386, 14.0], [7.794228634059947, 14.5], [7.794228634059946, 15.5], [8.660254037844386, 16.0]]]}}, {"type": "Feature", "id": "h6-10", "properties": {"id": "h6-10", "name": "hex 6,10", "value": 5.9447}, "geometry": {"type": "Polygon", "coordinates": [[[10.392304845413264, 16.0], [11.258330249197703, 15.5], [11.258330249197703, 14.5], [10.392304845413264, 14.0], [9.526279441628827, 14.5], [9.526279441628825, 15.5], [10.392304845413264, 16.0]]]}}, {"type": "Feature", "id": "h7-10", "properties": {"id": "h7-10", "name": "hex 7,10", "value": 6.5737}, "geometry": {"type": "Polygon", "coordinates": [[[12.12435565298214, 16.0], [12.99038105676658, 15.5], [12.99038105676658, 14.5], [12.12435565298214, 14.0], [11.258330249197702, 14.5], [11.258330249197702, 15.5], [12.12435565298214, 16.0]]]}}, {"type": "Feature", "id": "h8-10", "properties": {"id": "h8-10", "name": "hex 8,10", "value": 4.5813}, "geometry": {"type": "Polygon", "coordinates": [[[13.856406460551018, 16.0], [14.722431864335457, 15.5], [14.722431864335457, 14.5], [13.856406460551018, 14.0], [12.99038105676658, 14.5], [12.990381056766578, 15.5], [13.856406460551018, 16.0]]]}}, {"type": "Feature", "id": "h9-10", "properties": {"id": "h9-10", "name": "hex 9,10", "value": 1.0954}, "geometry": {"type": "Polygon", "coordinates": [[[15.588457268119894, 16.0], [16.454482671904334, 15.5], [16.454482671904334, 14.5], [15.588457268119894, 14.0], [14.722431864335455, 14.5], [14.722431864335455, 15.5], [15.588457268119894, 16.0]]]}}, {"type": "Feature", "id": "h10-10", "properties": {"id": "h10-10", "name": "hex 10,10", "value": 4.7272}, "geometry": {"type": "Polygon", "coordinates": [[[17.32050807568877, 16.0], [18.18653347947321, 15.5], [18.18653347947321, 14.5], [17.32050807568877, 14.0], [16.454482671904334, 14.5], [16.454482671904334, 15.5], [17.32050807568877, 16.0]]]}}, {"type": "Feature", "id": "h11-10", "properties": {"id": "h11-10", "name": "hex 11,10", "value": 6.6061}, "geometry": {"type": "Polygon", "coordinates": [[[19.05255888325765, 16.0], [19.918584287042087, 15.5], [19.918584287042087, 14.5], [19.05255888325765, 14.0], [18.186533479473212, 14.5], [18.186533479473212, 15.5], [19.05255888325765, 16.0]]]}}, {"type": "Feature", "id": "h12-10", "properties": {"id": "h12-10", "name": "hex 12,10", "value": 5.8483}, "geometry": {"type": "Polygon", "coordinates": [[[20.784609690826528, 16.0], [21.650635094610966, 15.5], [21.650635094610966, 14.5], [20.784609690826528, 14.0], [19.91858428704209, 14.5], [19.91858428704209, 15.5], [20.784609690826528, 16.0]]]}}, {"type": "Feature", "id": "h13-10", "properties": {"id": "h13-10", "name": "hex 13,10", "value": 2.8103}, "geometry": {"type": "Polygon", "coordinates": [[[22.516660498395403, 16.0], [23.38268590217984, 15.5], [23.38268590217984, 14.5], [22.516660498395403, 14.0], [21.650635094610966, 14.5], [21.650635094610966, 15.5], [22.516660498395403, 16.0]]]}}, {"type": "Feature", "id": "h14-10", "properties": {"id": "h14-10", "name": "hex 14,10", "value": 3.0791}, "geometry": {"type": "Polygon", "coordinates": [[[24.24871130596428, 16.0], [25.11473670974872, 15.5], [25.11473670974872, 14.5], [24.24871130596428, 14.0], [23.382685902179844, 14.5], [23.382685902179844, 15.5], [24.24871130596428, 16.0]]]}}, {"type": "Feature", "id": "h15-10", "properties": {"id": "h15-10", "name": "hex 15,10", "value": 5.9907}, "geometry": {"type": "Polygon", "coordinates": [[[25.980762113533157, 16.0], [26.846787517317594, 15.5], [26.846787517317594, 14.5], [25.980762113533157, 14.0], [25.11473670974872, 14.5], [25.11473670974872, 15.5], [25.980762113533157, 16.0]]]}}, {"type": "Feature", "id": "h16-10", "properties": {"id": "h16-10", "name": "hex 16,10", "value": 6.5551}, "geometry": {"type": "Polygon", "coordinates": [[[27.712812921102035, 16.0], [28.578838324886473, 15.5], [28.578838324886473, 14.5], [27.712812921102035, 14.0], [26.846787517317598, 14.5], [26.846787517317598, 15.5], [27.712812921102035, 16.0]]]}}, {"type": "Feature", "id": "h17-10", "properties": {"id": "h17-10", "name": "hex 17,10", "value": 4.5068}, "geometry": {"type": "Polygon", "coordinates": [[[29.444863728670914, 16.0], [30.31088913245535, 15.5], [30.31088913245535, 14.5], [29.444863728670914, 14.0], [28.578838324886476, 14.5], [28.578838324886476, 15.5], [29.444863728670914, 16.0]]]}}, {"type": "Feature", "id": "h18-10", "properties": {"id": "h18-10", "name": "hex 18,10", "value": 1.1908}, "geometry": {"type": "Polygon", "coordinates": [[[31.17691453623979, 16.0], [32.042939940024226, 15.5], [32.042939940024226, 14.5], [31.17691453623979, 14.0], [30.31088913245535, 14.5], [30.31088913245535, 15.5], [31.17691453623979, 16.0]]]}}, {"type": "Feature", "id": "h19-10", "properties": {"id": "h19-10", "name": "hex 19,10", "value": 4.7986}, "geometry": {"type": "Polygon", "coordinates": [[[32.90896534380867, 16.0], [33.77499074759311, 15.5], [33.77499074759311, 14.5], [32.90896534380867, 14.0], [32.042939940024226, 14.5], [32.042939940024226, 15.5], [32.90896534380867, 16.0]]]}}, {"type": "Feature", "id": "h0-11", "properties": {"id": "h0-11", "name": "hex 0,11", "value": 1.0}, "geometry": {"type": "Polygon", "coordinates": [[[0.8660254037844386, 17.5], [1.7320508075688772, 17.0], [1.7320508075688772, 16.0], [0.8660254037844387, 15.5], [2.220446049250313e-16, 16.0], [-4.440892098500626e-16, 17.0], [0.8660254037844386, 17.5]]]}}, {"type": "Feature", "id": "h1-11", "properties": {"id": "h1-11", "name": "hex 1,11", "value": 10.1308}, "geometry": {"type": "Polygon", "coordinates": [[[2.598076211353316, 17.5], [3.4641016151377544, 17.0], [3.464101615137755, 16.0], [2.598076211353316, 15.5], [1.7320508075688776, 16.0], [1.732050807568877, 17.0], [2.598076211353316, 17.5]]]}}, {"type": "Feature", "id": "h2-11", "properties": {"id": "h2-11", "name": "hex 2,11", "value": 14.9672}, "geometry": {"type": "Polygon", "coordinates": [[[4.330127018922193, 17.5], [5.196152422706631, 17.0], [5.196152422706631, 16.0], [4.330127018922193, 15.5], [3.4641016151377544, 16.0], [3.4641016151377535, 17.0], [4.330127018922193, 17.5]]]}}, {"type": "Feature", "id": "h3-11", "properties": {"id": "h3-11", "name": "hex 3,11", "value": 13.2346}, "geometry": {"type": "Polygon", "coordinates": [[[6.06217782649107, 17.5], [6.928203230275509, 17.0], [6.928203230275509, 16.0], [6.06217782649107, 15.5], [5.196152422706632, 16.0], [5.196152422706631, 17.0], [6.06217782649107, 17.5]]]}}, {"type": "Feature", "id": "h4-11", "properties": {"id": "h4-11", "name": "hex 4,11", "value": 5.7479}, "geometry": {"type": "Polygon", "coordinates": [[[7.794228634059947, 17.5], [8.660254037844386, 17.0], [8.660254037844386, 16.0], [7.794228634059947, 15.5], [6.928203230275509, 16.0], [6.928203230275508, 17.0], [7.794228634059947, 17.5]]]}}, {"type": "Feature", "id": "h5-11", "properties": {"id": "h5-11", "name": "hex 5,11", "value": 5.9718}, "geometry": {"type": "Polygon", "coordinates": [[[9.526279441628825, 17.5], [10.392304845413264, 17.0], [10.392304845413264, 16.0], [9.526279441628825, 15.5], [8.660254037844386, 16.0], [8.660254037844386, 17.0], [9.526279441628825, 17.5]]]}}, {"type": "Feature", "id": "h6-11", "properties": {"id": "h6-11", "name": "hex 6,11", "value": 13.3532}, "geometry": {"type": "Polygon", "coordinates": [[[11.258330249197703, 17.5], [12.124355652982143, 17.0], [12.124355652982143, 16.0], [11.258330249197703, 15.5], [10.392304845413264, 16.0], [10.392304845413264, 17.0], [11.258330249197703, 17.5]]]}}, {"type": "Feature", "id": "h7-11", "properties": {"id": "h7-11", "name": "hex 7,11", "value": 14.9247}, "geometry": {"type": "Polygon", "coordinates": [[[12.99038105676658, 17.5], [13.85640646055102, 17.0], [13.85640646055102, 16.0], [12.99038105676658, 15.5], [12.124355652982143, 16.0], [12.12435565298214, 17.0], [12.99038105676658, 17.5]]]}}, {"type": "Feature", "id": "h8-11", "properties": {"id": "h8-11", "name": "hex 8,11", "value": 9.9472}, "geometry": {"type": "Polygon", "coordinates": [[[14.722431864335457, 17.5], [15.588457268119896, 17.0], [15.588457268119896, 16.0], [14.722431864335457, 15.5], [13.856406460551018, 16.0], [13.856406460551018, 17.0], [14.722431864335457, 17.5]]]}}, {"type": "Feature", "id": "h9-11", "properties": {"id": "h9-11", "name": "hex 9,11", "value": 1.2383}, "geometry": {"type": "Polygon", "coordinates": [[[16.454482671904334, 17.5], [17.32050807568877, 17.0], [17.32050807568877, 16.0], [16.454482671904334, 15.5], [15.588457268119896, 16.0], [15.588457268119894, 17.0], [16.454482671904334, 17.5]]]}}, {"type": "Feature", "id": "h10-11", "properties": {"id": "h10-11", "name": "hex 10,11", "value": 10.3117}, "geometry": {"type": "Polygon", "coordinates": [[[18.18653347947321, 17.5], [19.052558883257646, 17.0], [19.052558883257646, 16.0], [18.18653347947321, 15.5], [17.32050807568877, 16.0], [17.32050807568877, 17.0], [18.18653347947321, 17.5]]]}}, {"type": "Feature", "id": "h11-11", "properties": {"id": "h11-11", "name": "hex 11,11", "value": 15.0057}, "geometry": {"type": "Polygon", "coordinates": [[[19.918584287042087, 17.5], [20.784609690826525, 17.0], [20.784609690826525, 16.0], [19.918584287042087, 15.5], [19.05255888325765, 16.0], [19.05255888325765, 17.0], [19.918584287042087, 17.5]]]}}, {"type": "Feature", "id": "h12-11", "properties": {"id": "h12-11", "name": "hex 12,11", "value": 13.1126}, "geometry": {"type": "Polygon", "coordinates": [[[21.650635094610966, 17.5], [22.516660498395403, 17.0], [22.516660498395403, 16.0], [21.650635094610966, 15.5], [20.784609690826528, 16.0], [20.784609690826528, 17.0], [21.650635094610966, 17.5]]]}}, {"type": "Feature", "id": "h13-11", "properties": {"id": "h13-11", "name": "hex 13,11", "value": 5.5227}, "geometry": {"type": "Polygon", "coordinates": [[[23.38268590217984, 17.5], [24.248711305964278, 17.0], [24.248711305964278, 16.0], [23.38268590217984, 15.5], [22.516660498395403, 16.0], [22.516660498395403, 17.0], [23.38268590217984, 17.5]]]}}, {"type": "Feature", "id": "h14-11", "properties": {"id": "h14-11", "name": "hex 14,11", "value": 6.1943}, "geometry": {"type": "Polygon", "coordinates": [[[25.11473670974872, 17.5], [25.980762113533157, 17.0], [25.980762113533157, 16.0], [25.11473670974872, 15.5], [24.24871130596428, 16.0], [24.24871130596428, 17.0], [25.11473670974872, 17.5]]]}}, {"type": "Feature", "id": "h15-11", "properties": {"id": "h15-11", "name": "hex 15,11", "value": 13.4683}, "geometry": {"type": "Polygon", "coordinates": [[[26.846787517317594, 17.5], [27.71281292110203, 17.0], [27.71281292110203, 16.0], [26.846787517317594, 15.5], [25.980762113533157, 16.0], [25.980762113533157, 17.0], [26.846787517317594, 17.5]]]}}, {"type": "Feature", "id": "h16-11", "properties": {"id": "h16-11", "name": "hex 16,11", "value": 14.8783}, "geometry": {"type": "Polygon", "coordinates": [[[28.578838324886473, 17.5], [29.44486372867091, 17.0], [29.44486372867091, 16.0], [28.578838324886473, 15.5], [27.712812921102035, 16.0], [27.712812921102035, 17.0], [28.578838324886473, 17.5]]]}}, {"type": "Feature", "id": "h17-11", "properties": {"id": "h17-11", "name": "hex 17,11", "value": 9.7611}, "geometry": {"type": "Polygon", "coordinates": [[[30.31088913245535, 17.5], [31.17691453623979, 17.0], [31.17691453623979, 16.0], [30.31088913245535, 15.5], [29.444863728670914, 16.0], [29.444863728670914, 17.0], [30.31088913245535, 17.5]]]}}, {"type": "Feature", "id": "h18-11", "properties": {"id": "h18-11", "name": "hex 18,11", "value": 1.4766}, "geometry": {"type": "Polygon", "coordinates": [[[32.042939940024226, 17.5], [32.90896534380867, 17.0], [32.90896534380867, 16.0], [32.042939940024226, 15.5], [31.17691453623979, 16.0], [31.17691453623979, 17.0], [32.042939940024226, 17.5]]]}}, {"type": "Feature", "id": "h19-11", "properties": {"id": "h19-11", "name": "hex 19,11", "value": 10.4901}, "geometry": {"type": "Polygon", "coordinates": [[[33.77499074759311, 17.5], [34.64101615137755, 17.0], [34.64101615137755, 16.0], [33.77499074759311, 15.5], [32.90896534380867, 16.0], [32.90896534380867, 17.0], [33.77499074759311, 17.5]]]}}, {"type": "Feature", "id": "h0-12", "properties": {"id": "h0-12", "name": "hex 0,12", "value": 1.0}, "geometry": {"type": "Polygon", "coordinates": [[[0.0, 19.0], [0.8660254037844386, 18.5], [0.8660254037844387, 17.5], [1.2246467991473532e-16, 17.0], [-0.8660254037844384, 17.5], [-0.866025403784439, 18.5], [0.0, 19.0]]]}}, {"type": "Feature", "id": "h1-12", "properties": {"id": "h1-12", "name": "hex 1,12", "value": 13.3712}, "geometry": {"type": "Polygon", "coordinates": [[[1.7320508075688772, 19.0], [2.598076211353316, 18.5], [2.598076211353316, 17.5], [1.7320508075688774, 17.0], [0.8660254037844388, 17.5], [0.8660254037844382, 18.5], [1.7320508075688772, 19.0]]]}}, {"type": "Feature", "id": "h2-12", "properties": {"id": "h2-12", "name": "hex 2,12", "value": 19.924}, "geometry": {"type": "Polygon", "coordinates": [[[3.4641016151377544, 19.0], [4.330127018922193, 18.5], [4.330127018922193, 17.5], [3.4641016151377544, 17.0], [2.598076211353316, 17.5], [2.598076211353315, 18.5], [3.4641016151377544, 19.0]]]}}, {"type": "Feature", "id": "h3-12", "properties": {"id": "h3-12", "name": "hex 3,12", "value": 17.5766}, "geometry": {"type": "Polygon", "coordinates": [[[5.196152422706632, 19.0], [6.06217782649107, 18.5], [6.06217782649107, 17.5], [5.196152422706632, 17.0], [4.330127018922194, 17.5], [4.330127018922193, 18.5], [5.196152422706632, 19.0]]]}}, {"type": "Feature", "id": "h4-12", "properties": {"id": "h4-12", "name": "hex 4,12", "value": 7.4329}, "geometry": {"type": "Polygon", "coordinates": [[[6.928203230275509, 19.0], [7.794228634059947, 18.5], [7.794228634059947, 17.5], [6.928203230275509, 17.0], [6.06217782649107, 17.5], [6.0621778264910695, 18.5], [6.928203230275509, 19.0]]]}}, {"type": "Feature", "id": "h5-12", "properties": {"id": "h5-12", "name": "hex 5,12", "value": 7.7362}, "geometry": {"type": "Polygon", "coordinates": [[[8.660254037844386, 19.0], [9.526279441628825, 18.5], [9.526279441628825, 17.5], [8.660254037844386, 17.0], [7.794228634059947, 17.5], [7.794228634059946, 18.5], [8.660254037844386, 19.0]]]}}, {"type": "Feature", "id": "h6-12", "properties": {"id": "h6-12", "name": "hex 6,12", "value": 17.7372}, "geometry": {"type": "Polygon", "coordinates": [[[10.392304845413264, 19.0], [11.258330249197703, 18.5], [11.258330249197703, 17.5], [10.392304845413264, 17.0], [9.526279441628827, 17.5], [9.526279441628825, 18.5], [10.392304845413264, 19.0]]]}}, {"type": "Feature", "id": "h7-12", "properties": {"id": "h7-12", "name": "hex 7,12", "value": 19.8664}, "geometry": {"type": "Polygon", "coordinates": [[[12.12435565298214, 19.0], [12.99038105676658, 18.5], [12.99038105676658, 17.5], [12.12435565298214, 17.0], [11.258330249197702, 17.5], [11.258330249197702, 18.5], [12.12435565298214, 19.0]]]}}, {"type": "Feature", "id": "h8-12", "properties": {"id": "h8-12", "name": "hex 8,12", "value": 13.1225}, "geometry": {"type": "Polygon", "coordinates": [[[13.856406460551018, 19.0], [14.722431864335457, 18.5], [14.722431864335457, 17.5], [13.856406460551018, 17.0], [12.99038105676658, 17.5], [12.990381056766578, 18.5], [13.856406460551018, 19.0]]]}}, {"type": "Feature", "id": "h9-12", "properties": {"id": "h9-12", "name": "hex 9,12", "value": 1.3229}, "geometry": {"type": "Polygon", "coordinates": [[[15.588457268119894, 19.0], [16.454482671904334, 18.5], [16.454482671904334, 17.5], [15.588457268119894, 17.0], [14.722431864335455, 17.5], [14.722431864335455, 18.5], [15.588457268119894, 19.0]]]}}, {"type": "Feature", "id": "h10-12", "properties": {"id": "h10-12", "name": "hex 10,12", "value": 13.6164}, "geometry": {"type": "Polygon", "coordinates": [[[17.32050807568877, 19.0], [18.18653347947321, 18.5], [18.18653347947321, 17.5], [17.32050807568877, 17.0], [16.454482671904334, 17.5], [16.454482671904334, 18.5], [17.32050807568877, 19.0]]]}}, {"type": "Feature", "id": "h11-12", "properties": {"id": "h11-12", "name": "hex 11,12", "value": 19.9762}, "geometry": {"type": "Polygon", "coordinates": [[[19.05255888325765, 19.0], [19.918584287042087, 18.5], [19.918584287042087, 17.5], [19.05255888325765, 17.0], [18.186533479473212, 17.5], [18.186533479473212, 18.5], [19.05255888325765, 19.0]]]}}, {"type": "Feature", "id": "h12-12", "properties": {"id": "h12-12", "name": "hex 12,12", "value": 17.4112}, "geometry": {"type": "Polygon", "coordinates": [[[20.784609690826528, 19.0], [21.650635094610966, 18.5], [21.650635094610966, 17.5], [20.784609690826528, 17.0], [19.91858428704209, 17.5], [19.91858428704209, 18.5], [20.784609690826528, 19.0]]]}}, {"type": "Feature", "id": "h13-12", "properties": {"id": "h13-12", "name": "hex 13,12", "value": 7.1278}, "geometry": {"type": "Polygon", "coordinates": [[[22.516660498395403, 19.0], [23.38268590217984, 18.5], [23.38268590217984, 17.5], [22.516660498395403, 17.0], [21.650635094610966, 17.5], [21.650635094610966, 18.5], [22.516660498395403, 19.0]]]}}, {"type": "Feature", "id": "h14-12", "properties": {"id": "h14-12", "name": "hex 14,12", "value": 8.0376}, "geometry": {"type": "Polygon", "coordinates": [[[24.24871130596428, 19.0], [25.11473670974872, 18.5], [25.11473670974872, 17.5], [24.24871130596428, 17.0], [23.382685902179844, 17.5], [23.382685902179844, 18.5], [24.24871130596428, 19.0]]]}}, {"type": "Feature", "id": "h15-12", "properties": {"id": "h15-12", "name": "hex 15,12", "value": 17.8932}, "geometry": {"type": "Polygon", "coordinates": [[[25.980762113533157, 19.0], [26.846787517317594, 18.5], [26.846787517317594, 17.5], [25.980762113533157, 17.0], [25.11473670974872, 17.5], [25.11473670974872, 18.5], [25.980762113533157, 19.0]]]}}, {"type": "Feature", "id": "h16-12", "properties": {"id": "h16-12", "name": "hex 16,12", "value": 19.8035}, "geometry": {"type": "Polygon", "coordinates": [[[27.712812921102035, 19.0], [28.578838324886473, 18.5], [28.578838324886473, 17.5], [27.712812921102035, 17.0], [26.846787517317598, 17.5], [26.846787517317598, 18.5], [27.712812921102035, 19.0]]]}}, {"type": "Feature", "id": "h17-12", "properties": {"id": "h17-12", "name": "hex 17,12", "value": 12.8703}, "geometry": {"type": "Polygon", "coordinates": [[[29.444863728670914, 19.0], [30.31088913245535, 18.5], [30.31088913245535, 17.5], [29.444863728670914, 17.0], [28.578838324886476, 17.5], [28.578838324886476, 18.5], [29.444863728670914, 19.0]]]}}, {"type": "Feature", "id": "h18-12", "properties": {"id": "h18-12", "name": "hex 18,12", "value": 1.6457}, "geometry": {"type": "Polygon", "coordinates": [[[31.17691453623979, 19.0], [32.042939940024226, 18.5], [32.042939940024226, 17.5], [31.17691453623979, 17.0], [30.31088913245535, 17.5], [30.31088913245535, 18.5], [31.17691453623979, 19.0]]]}}, {"type": "Feature", "id": "h19-12", "properties": {"id": "h19-12", "name": "hex 19,12", "value": 13.858}, "geometry": {"type": "Polygon", "coordinates": [[[32.90896534380867, 19.0], [33.77499074759311, 18.5], [33.77499074759311, 17.5], [32.90896534380867, 17.0], [32.042939940024226, 17.5], [32.042939940024226, 18.5], [32.90896534380867, 19.0]]]}}, {"type": "Feature", "id": "h0-13", "properties": {"id": "h0-13", "name": "hex 0,13", "value": 1.0}, "geometry": {"type": "Polygon", "coordinates": [[[0.8660254037844386, 20.5], [1.7320508075688772, 20.0], [1.7320508075688772, 19.0], [0.8660254037844387, 18.5], [2.220446049250313e-16, 19.0], [-4.440892098500626e-16, 20.0], [0.8660254037844386, 20.5]]]}}, {"type": "Feature", "id": "h1-13", "properties": {"id": "h1-13", "name": "hex 1,13", "value": 13.5827}, "geometry": {"type": "Polygon", "coordinates": [[[2.598076211353316, 20.5], [3.4641016151377544, 20.0], [3.464101615137755, 19.0], [2.598076211353316, 18.5], [1.7320508075688776, 19.0], [1.732050807568877, 20.0], [2.598076211353316, 20.5]]]}}, {"type": "Feature", "id": "h2-13", "properties": {"id": "h2-13", "name": "hex 2,13", "value": 20.2476}, "geometry": {"type": "Polygon", "coordinates": [[[4.330127018922193, 20.5], [5.196152422706631, 20.0], [5.196152422706631, 19.0], [4.330127018922193, 18.5], [3.4641016151377544, 19.0], [3.4641016151377535, 20.0], [4.330127018922193, 20.5]]]}}, {"type": "Feature", "id": "h3-13", "properties": {"id": "h3-13", "name": "hex 3,13", "value": 17.86}, "geometry": {"type": "Polygon", "coordinates": [[[6.06217782649107, 20.5], [6.928203230275509, 20.0], [6.928203230275509, 19.0], [6.06217782649107, 18.5], [5.196152422706632, 19.0], [5.196152422706631, 20.0], [6.06217782649107, 20.5]]]}}, {"type": "Feature", "id": "h4-13", "properties": {"id": "h4-13", "name": "hex 4,13", "value": 7.5429}, "geometry": {"type": "Polygon", "coordinates": [[[7.794228634059947, 20.5], [8.660254037844386, 20.0], [8.660254037844386, 19.0], [7.794228634059947, 18.5], [6.928203230275509, 19.0], [6.928203230275508, 20.0], [7.794228634059947, 20.5]]]}}, {"type": "Feature", "id": "h5-13", "properties": {"id": "h5-13", "name": "hex 5,13", "value": 7.8514}, "geometry": {"type": "Polygon", "coordinates": [[[9.526279441628825, 20.5], [10.392304845413264, 20.0], [10.392304845413264, 19.0], [9.526279441628825, 18.5], [8.660254037844386, 19.0], [8.660254037844386, 20.0], [9.526279441628825, 20.5]]]}}, {"type": "Feature", "id": "h6-13", "properties": {"id": "h6-13", "name": "hex 6,13", "value": 18.0234}, "geometry": {"type": "Polygon", "coordinates": [[[11.258330249197703, 20.5], [12.124355652982143, 20.0], [12.124355652982143, 19.0], [11.258330249197703, 18.5], [10.392304845413264, 19.0], [10.392304845413264, 20.0], [11.258330249197703, 20.5]]]}}, {"type": "Feature", "id": "h7-13", "properties": {"id": "h7-13", "name": "hex 7,13", "value": 20.189}, "geometry": {"type": "Polygon", "coordinates": [[[12.99038105676658, 20.5], [13.85640646055102, 20.0], [13.85640646055102, 19.0], [12.99038105676658, 18.5], [12.124355652982143, 19.0], [12.12435565298214, 20.0], [12.99038105676658, 20.5]]]}}, {"type": "Feature", "id": "h8-13", "properties": {"id": "h8-13", "name": "hex 8,13", "value": 13.3297}, "geometry": {"type": "Polygon", "coordinates": [[[14.722431864335457, 20.5], [15.588457268119896, 20.0], [15.588457268119896, 19.0], [14.722431864335457, 18.5], [13.856406460551018, 19.0], [13.856406460551018, 20.0], [14.722431864335457, 20.5]]]}}, {"type": "Feature", "id": "h9-13", "properties": {"id": "h9-13", "name": "hex 9,13", "value": 1.3284}, "geometry": {"type": "Polygon", "coordinates": [[[16.454482671904334, 20.5], [17.32050807568877, 20.0], [17.32050807568877, 19.0], [16.454482671904334, 18.5], [15.588457268119896, 19.0], [15.588457268119894, 20.0], [16.454482671904334, 20.5]]]}}, {"type": "Feature", "id": "h10-13", "properties": {"id": "h10-13", "name": "hex 10,13", "value": 13.8321}, "geometry": {"type": "Polygon", "coordinates": [[[18.18653347947321, 20.5], [19.052558883257646, 20.0], [19.052558883257646, 19.0], [18.18653347947321, 18.5], [17.32050807568877, 19.0], [17.32050807568877, 20.0], [18.18653347947321, 20.5]]]}}, {"type": "Feature", "id": "h11-13", "properties": {"id": "h11-13", "name": "hex 11,13", "value": 20.3007}, "geometry": {"type": "Polygon", "coordinates": [[[19.918584287042087, 20.5], [20.784609690826525, 20.0], [20.784609690826525, 19.0], [19.918584287042087, 18.5], [19.05255888325765, 19.0], [19.05255888325765, 20.0], [19.918584287042087, 20.5]]]}}, {"type": "Feature", "id": "h12-13", "properties": {"id": "h12-13", "name": "hex 12,13", "value": 17.6918}, "geometry": {"type": "Polygon", "coordinates": [[[21.650635094610966, 20.5], [22.516660498395403, 20.0], [22.516660498395403, 19.0], [21.650635094610966, 18.5], [20.784609690826528, 19.0], [20.784609690826528, 20.0], [21.650635094610966, 20.5]]]}}, {"type": "Feature", "id": "h13-13", "properties": {"id": "h13-13", "name": "hex 13,13", "value": 7.2326}, "geometry": {"type": "Polygon", "coordinates": [[[23.38268590217984, 20.5], [24.248711305964278, 20.0], [24.248711305964278, 19.0], [23.38268590217984, 18.5], [22.516660498395403, 19.0], [22.516660498395403, 20.0], [23.38268590217984, 20.5]]]}}, {"type": "Feature", "id": "h14-13", "properties": {"id": "h14-13", "name": "hex 14,13", "value": 8.158}, "geometry": {"type": "Polygon", "coordinates": [[[25.11473670974872, 20.5], [25.980762113533157, 20.0], [25.980762113533157, 19.0], [25.11473670974872, 18.5], [24.24871130596428, 19.0], [24.24871130596428, 20.0], [25.11473670974872, 20.5]]]}}, {"type": "Feature", "id": "h15-13", "properties": {"id": "h15-13", "name": "hex 15,13", "value": 18.182}, "geometry": {"type": "Polygon", "coordinates": [[[26.846787517317594, 20.5], [27.71281292110203, 20.0], [27.71281292110203, 19.0], [26.846787517317594, 18.5], [25.980762113533157, 19.0], [25.980762113533157, 20.0], [26.846787517317594, 20.5]]]}}, {"type": "Feature", "id": "h16-13", "properties": {"id": "h16-13", "name": "hex 16,13", "value": 20.1251}, "geometry": {"type": "Polygon", "coordinates": [[[28.578838324886473, 20.5], [29.44486372867091, 20.0], [29.44486372867091, 19.0], [28.578838324886473, 18.5], [27.712812921102035, 19.0], [27.712812921102035, 20.0], [28.578838324886473, 20.5]]]}}, {"type": "Feature", "id": "h17-13", "properties": {"id": "h17-13", "name": "hex 17,13", "value": 13.0733}, "geometry": {"type": "Polygon", "coordinates": [[[30.31088913245535, 20.5], [31.17691453623979, 20.0], [31.17691453623979, 19.0], [30.31088913245535, 18.5], [29.444863728670914, 19.0], [29.444863728670914, 20.0], [30.31088913245535, 20.5]]]}}, {"type": "Feature", "id": "h18-13", "properties": {"id": "h18-13", "name": "hex 18,13", "value": 1.6567}, "geometry": {"type": "Polygon", "coordinates": [[[32.042939940024226, 20.5], [32.90896534380867, 20.0], [32.90896534380867, 19.0], [32.042939940024226, 18.5], [31.17691453623979, 19.0], [31.17691453623979, 20.0], [32.042939940024226, 20.5]]]}}, {"type": "Feature", "id": "h19-13", "properties": {"id": "h19-13", "name": "hex 19,13", "value": 14.0779}, "geometry": {"type": "Polygon", "coordinates": [[[33.77499074759311, 20.5], [34.64101615137755, 20.0], [34.64101615137755, 19.0], [33.77499074759311, 18.5], [32.90896534380867, 19.0], [32.90896534380867, 20.0], [33.77499074759311, 20.5]]]}}, {"type": "Feature", "id": "h0-14", "properties": {"id": "h0-14", "name": "hex 0,14", "value": 1.0}, "geometry": {"type": "Polygon", "coordinates": [[[0.0, 22.0], [0.8660254037844386, 21.5], [0.8660254037844387, 20.5], [1.2246467991473532e-16, 20.0], [-0.8660254037844384, 20.5], [-0.866025403784439, 21.5], [0.0, 22.0]]]}}, {"type": "Feature", "id": "h1-14", "properties": {"id": "h1-14", "name": "hex 1,14", "value": 10.7135}, "geometry": {"type": "Polygon", "coordinates": [[[1.7320508075688772, 22.0], [2.598076211353316, 21.5], [2.598076211353316, 20.5], [1.7320508075688774, 20.0], [0.8660254037844388, 20.5], [0.8660254037844382, 21.5], [1.7320508075688772, 22.0]]]}}, {"type": "Feature", "id": "h2-14", "properties": {"id": "h2-14", "name": "hex 2,14", "value": 15.8587}, "geometry": {"type": "Polygon", "coordinates": [[[3.4641016151377544, 22.0], [4.330127018922193, 21.5], [4.330127018922193, 20.5], [3.4641016151377544, 20.0], [2.598076211353316, 20.5], [2.598076211353315, 21.5], [3.4641016151377544, 22.0]]]}}, {"type": "Feature", "id": "h3-14", "properties": {"id": "h3-14", "name": "hex 3,14", "value": 14.0155}, "geometry": {"type": "Polygon", "coordinates": [[[5.196152422706632, 22.0], [6.06217782649107, 21.5], [6.06217782649107, 20.5], [5.196152422706632, 20.0], [4.330127018922194, 20.5], [4.330127018922193, 21.5], [5.196152422706632, 22.0]]]}}, {"type": "Feature", "id": "h4-14", "properties": {"id": "h4-14", "name": "hex 4,14", "value": 6.051}, "geometry": {"type": "Polygon", "coordinates": [[[6.928203230275509, 22.0], [7.794228634059947, 21.5], [7.794228634059947, 20.5], [6.928203230275509, 20.0], [6.06217782649107, 20.5], [6.0621778264910695, 21.5], [6.928203230275509, 22.0]]]}}, {"type": "Feature", "id": "h5-14", "properties": {"id": "h5-14", "name": "hex 5,14", "value": 6.2891}, "geometry": {"type": "Polygon", "coordinates": [[[8.660254037844386, 22.0], [9.526279441628825, 21.5], [9.526279441628825, 20.5], [8.660254037844386, 20.0], [7.794228634059947, 20.5], [7.794228634059946, 21.5], [8.660254037844386, 22.0]]]}}, {"type": "Feature", "id": "h6-14", "properties": {"id": "h6-14", "name": "hex 6,14", "value": 14.1417}, "geometry": {"type": "Polygon", "coordinates": [[[10.392304845413264, 22.0], [11.258330249197703, 21.5], [11.258330249197703, 20.5], [10.392304845413264, 20.0], [9.526279441628827, 20.5], [9.526279441628825, 21.5], [10.392304845413264, 22.0]]]}}, {"type": "Feature", "id": "h7-14", "properties": {"id": "h7-14", "name": "hex 7,14", "value": 15.8135}, "geometry": {"type": "Polygon", "coordinates": [[[12.12435565298214, 22.0], [12.99038105676658, 21.5], [12.99038105676658, 20.5], [12.12435565298214, 20.0], [11.258330249197702, 20.5], [11.258330249197702, 21.5], [12.12435565298214, 22.0]]]}}, {"type": "Feature", "id": "h8-14", "properties": {"id": "h8-14", "name": "hex 8,14", "value": 10.5183}, "geometry": {"type": "Polygon", "coordinates": [[[13.856406460551018, 22.0], [14.722431864335457, 21.5], [14.722431864335457, 20.5], [13.856406460551018, 20.0], [12.99038105676658, 20.5], [12.990381056766578, 21.5], [13.856406460551018, 22.0]]]}}, {"type": "Feature", "id": "h9-14", "properties": {"id": "h9-14", "name": "hex 9,14", "value": 1.2535}, "geometry": {"type": "Polygon", "coordinates": [[[15.588457268119894, 22.0], [16.454482671904334, 21.5], [16.454482671904334, 20.5], [15.588457268119894, 20.0], [14.722431864335455, 20.5], [14.722431864335455, 21.5], [15.588457268119894, 22.0]]]}}, {"type": "Feature", "id": "h10-14", "properties": {"id": "h10-14", "name": "hex 10,14", "value": 10.9061}, "geometry": {"type": "Polygon", "coordinates": [[[17.32050807568877, 22.0], [18.18653347947321, 21.5], [18.18653347947321, 20.5], [17.32050807568877, 20.0], [16.454482671904334, 20.5], [16.454482671904334, 21.5], [17.32050807568877, 22.0]]]}}, {"type": "Feature", "id": "h11-14", "properties": {"id": "h11-14", "name": "hex 11,14", "value": 15.8996}, "geometry": {"type": "Polygon", "coordinates": [[[19.05255888325765, 22.0], [19.918584287042087, 21.5], [19.918584287042087, 20.5], [19.05255888325765, 20.0], [18.186533479473212, 20.5], [18.186533479473212, 21.5], [19.05255888325765, 22.0]]]}}, {"type": "Feature", "id": "h12-14", "properties": {"id": "h12-14", "name": "hex 12,14", "value": 13.8857}, "geometry": {"type": "Polygon", "coordinates": [[[20.784609690826528, 22.0], [21.650635094610966, 21.5], [21.650635094610966, 20.5], [20.784609690826528, 20.0], [19.91858428704209, 20.5], [19.91858428704209, 21.5], [20.784609690826528, 22.0]]]}}, {"type": "Feature", "id": "h13-14", "properties": {"id": "h13-14", "name": "hex 13,14", "value": 5.8114}, "geometry": {"type": "Polygon", "coordinates": [[[22.516660498395403, 22.0], [23.38268590217984, 21.5], [23.38268590217984, 20.5], [22.516660498395403, 20.0], [21.650635094610966, 20.5], [21.650635094610966, 21.5], [22.516660498395403, 22.0]]]}}, {"type": "Feature", "id": "h14-14", "properties": {"id": "h14-14", "name": "hex 14,14", "value": 6.5258}, "geometry": {"type": "Polygon", "coordinates": [[[24.24871130596428, 22.0], [25.11473670974872, 21.5], [25.11473670974872, 20.5], [24.24871130596428, 20.0], [23.382685902179844, 20.5], [23.382685902179844, 21.5], [24.24871130596428, 22.0]]]}}, {"type": "Feature", "id": "h15-14", "properties": {"id": "h15-14", "name": "hex 15,14", "value": 14.2641}, "geometry": {"type": "Polygon", "coordinates": [[[25.980762113533157, 22.0], [26.846787517317594, 21.5], [26.846787517317594, 20.5], [25.980762113533157, 20.0], [25.11473670974872, 20.5], [25.11473670974872, 21.5], [25.980762113533157, 22.0]]]}}, {"type": "Feature", "id": "h16-14", "properties": {"id": "h16-14", "name": "hex 16,14", "value": 15.7641}, "geometry": {"type": "Polygon", "coordinates": [[[27.712812921102035, 22.0], [28.578838324886473, 21.5], [28.578838324886473, 20.5], [27.712812921102035, 20.0], [26.846787517317598, 20.5], [26.846787517317598, 21.5], [27.712812921102035, 22.0]]]}}, {"type": "Feature", "id": "h17-14", "properties": {"id": "h17-14", "name": "hex 17,14", "value": 10.3203}, "geometry": {"type": "Polygon", "coordinates": [[[29.444863728670914, 22.0], [30.31088913245535, 21.5], [30.31088913245535, 20.5], [29.444863728670914, 20.0], [28.578838324886476, 20.5], [28.578838324886476, 21.5], [29.444863728670914, 22.0]]]}}, {"type": "Feature", "id": "h18-14", "properties": {"id": "h18-14", "name": "hex 18,14", "value": 1.507}, "geometry": {"type": "Polygon", "coordinates": [[[31.17691453623979, 22.0], [32.042939940024226, 21.5], [32.042939940024226, 20.5], [31.17691453623979, 20.0], [30.31088913245535, 20.5], [30.31088913245535, 21.5], [31.17691453623979, 22.0]]]}}, {"type": "Feature", "id": "h19-14", "properties": {"id": "h19-14", "name": "hex 19,14", "value": 11.0958}, "geometry": {"type": "Polygon", "coordinates": [[[32.90896534380867, 22.0], [33.77499074759311, 21.5], [33.77499074759311, 20.5], [32.90896534380867, 20.0], [32.042939940024226, 20.5], [32.042939940024226, 21.5], [32.90896534380867, 22.0]]]}}, {"type": "Feature", "id": "h0-15", "properties": {"id": "h0-15", "name": "hex 0,15", "value": 1.0}, "geometry": {"type": "Polygon", "coordinates": [[[0.8660254037844386, 23.5], [1.7320508075688772, 23.0], [1.7320508075688772, 22.0], [0.8660254037844387, 21.5], [2.220446049250313e-16, 22.0], [-4.440892098500626e-16, 23.0], [0.8660254037844386, 23.5]]]}}, {"type": "Feature", "id": "h1-15", "properties": {"id": "h1-15", "name": "hex 1,15", "value": 5.4662}, "geometry": {"type": "Polygon", "coordinates": [[[2.598076211353316, 23.5], [3.4641016151377544, 23.0], [3.464101615137755, 22.0], [2.598076211353316, 21.5], [1.7320508075688776, 22.0], [1.732050807568877, 23.0], [2.598076211353316, 23.5]]]}}, {"type": "Feature", "id": "h2-15", "properties": {"id": "h2-15", "name": "hex 2,15", "value": 7.8318}, "geometry": {"type": "Polygon", "coordinates": [[[4.330127018922193, 23.5], [5.196152422706631, 23.0], [5.196152422706631, 22.0], [4.330127018922193, 21.5], [3.4641016151377544, 22.0], [3.4641016151377535, 23.0], [4.330127018922193, 23.5]]]}}, {"type": "Feature", "id": "h3-15", "properties": {"id": "h3-15", "name": "hex 3,15", "value": 6.9844}, "geometry": {"type": "Polygon", "coordinates": [[[6.06217782649107, 23.5], [6.928203230275509, 23.0], [6.928203230275509, 22.0], [6.06217782649107, 21.5], [5.196152422706632, 22.0], [5.196152422706631, 23.0], [6.06217782649107, 23.5]]]}}, {"type": "Feature", "id": "h4-15", "properties": {"id": "h4-15", "name": "hex 4,15", "value": 3.3224}, "geometry": {"type": "Polygon", "coordinates": [[[7.794228634059947, 23.5], [8.660254037844386, 23.0], [8.660254037844386, 22.0], [7.794228634059947, 21.5], [6.928203230275509, 22.0], [6.928203230275508, 23.0], [7.794228634059947, 23.5]]]}}, {"type": "Feature", "id": "h5-15", "properties": {"id": "h5-15", "name": "hex 5,15", "value": 3.4319}, "geometry": {"type": "Polygon", "coordinates": [[[9.526279441628825, 23.5], [10.392304845413264, 23.0], [10.392304845413264, 22.0], [9.526279441628825, 21.5], [8.660254037844386, 22.0], [8.660254037844386, 23.0], [9.526279441628825, 23.5]]]}}, {"type": "Feature", "id": "h6-15", "properties": {"id": "h6-15", "name": "hex 6,15", "value": 7.0424}, "geometry": {"type": "Polygon", "coordinates": [[[11.258330249197703, 23.5], [12.124355652982143, 23.0], [12.124355652982143, 22.0], [11.258330249197703, 21.5], [10.392304845413264, 22.0], [10.392304845413264, 23.0], [11.258330249197703, 23.5]]]}}, {"type": "Feature", "id": "h7-15", "properties": {"id": "h7-15", "name": "hex 7,15", "value": 7.8111}, "geometry": {"type": "Polygon", "coordinates": [[[12.99038105676658, 23.5], [13.85640646055102, 23.0], [13.85640646055102, 22.0], [12.99038105676658, 21.5], [12.124355652982143, 22.0], [12.12435565298214, 23.0], [12.99038105676658, 23.5]]]}}, {"type": "Feature", "id": "h8-15", "properties": {"id": "h8-15", "name": "hex 8,15", "value": 5.3764}, "geometry": {"type": "Polygon", "coordinates": [[[14.722431864335457, 23.5], [15.588457268119896, 23.0], [15.588457268119896, 22.0], [14.722431864335457, 21.5], [13.856406460551018, 22.0], [13.856406460551018, 23.0], [14.722431864335457, 23.5]]]}}, {"type": "Feature", "id": "h9-15", "properties": {"id": "h9-15", "name": "hex 9,15", "value": 1.1166}, "geometry": {"type": "Polygon", "coordinates": [[[16.454482671904334, 23.5], [17.32050807568877, 23.0], [17.32050807568877, 22.0], [16.454482671904334, 21.5], [15.588457268119896, 22.0], [15.588457268119894, 23.0], [16.454482671904334, 23.5]]]}}, {"type": "Feature", "id": "h10-15", "properties": {"id": "h10-15", "name": "hex 10,15", "value": 5.5547}, "geometry": {"type": "Polygon", "coordinates": [[[18.18653347947321, 23.5], [19.052558883257646, 23.0], [19.052558883257646, 22.0], [18.18653347947321, 21.5], [17.32050807568877, 22.0], [17.32050807568877, 23.0], [18.18653347947321, 23.5]]]}}, {"type": "Feature", "id": "h11-15", "properties": {"id": "h11-15", "name": "hex 11,15", "value": 7.8507}, "geometry": {"type": "Polygon", "coordinates": [[[19.918584287042087, 23.5], [20.784609690826525, 23.0], [20.784609690826525, 22.0], [19.918584287042087, 21.5], [19.05255888325765, 22.0], [19.05255888325765, 23.0], [19.918584287042087, 23.5]]]}}, {"type": "Feature", "id": "h12-15", "properties": {"id": "h12-15", "name": "hex 12,15", "value": 6.9247}, "geometry": {"type": "Polygon", "coordinates": [[[21.650635094610966, 23.5], [22.516660498395403, 23.0], [22.516660498395403, 22.0], [21.650635094610966, 21.5], [20.784609690826528, 22.0], [20.784609690826528, 23.0], [21.650635094610966, 23.5]]]}}, {"type": "Feature", "id": "h13-15", "properties": {"id": "h13-15", "name": "hex 13,15", "value": 3.2122}, "geometry": {"type": "Polygon", "coordinates": [[[23.38268590217984, 23.5], [24.248711305964278, 23.0], [24.248711305964278, 22.0], [23.38268590217984, 21.5], [22.516660498395403, 22.0], [22.516660498395403, 23.0], [23.38268590217984, 23.5]]]}}, {"type": "Feature", "id": "h14-15", "properties": {"id": "h14-15", "name": "hex 14,15", "value": 3.5407}, "geometry": {"type": "Polygon", "coordinates": [[[25.11473670974872, 23.5], [25.980762113533157, 23.0], [25.980762113533157, 22.0], [25.11473670974872, 21.5], [24.24871130596428, 22.0], [24.24871130596428, 23.0], [25.11473670974872, 23.5]]]}}, {"type": "Feature", "id": "h15-15", "properties": {"id": "h15-15", "name": "hex 15,15", "value": 7.0987}, "geometry": {"type": "Polygon", "coordinates": [[[26.846787517317594, 23.5], [27.71281292110203, 23.0], [27.71281292110203, 22.0], [26.846787517317594, 21.5], [25.980762113533157, 22.0], [25.980762113533157, 23.0], [26.846787517317594, 23.5]]]}}, {"type": "Feature", "id": "h16-15", "properties": {"id": "h16-15", "name": "hex 16,15", "value": 7.7884}, "geometry": {"type": "Polygon", "coordinates": [[[28.578838324886473, 23.5], [29.44486372867091, 23.0], [29.44486372867091, 22.0], [28.578838324886473, 21.5], [27.712812921102035, 22.0], [27.712812921102035, 23.0], [28.578838324886473, 23.5]]]}}, {"type": "Feature", "id": "h17-15", "properties": {"id": "h17-15", "name": "hex 17,15", "value": 5.2854}, "geometry": {"type": "Polygon", "coordinates": [[[30.31088913245535, 23.5], [31.17691453623979, 23.0], [31.17691453623979, 22.0], [30.31088913245535, 21.5], [29.444863728670914, 22.0], [29.444863728670914, 23.0], [30.31088913245535, 23.5]]]}}, {"type": "Feature", "id": "h18-15", "properties": {"id": "h18-15", "name": "hex 18,15", "value": 1.2331}, "geometry": {"type": "Polygon", "coordinates": [[[32.042939940024226, 23.5], [32.90896534380867, 23.0], [32.90896534380867, 22.0], [32.042939940024226, 21.5], [31.17691453623979, 22.0], [31.17691453623979, 23.0], [32.042939940024226, 23.5]]]}}, {"type": "Feature", "id": "h19-15", "properties": {"id": "h19-15", "name": "hex 19,15", "value": 5.6419}, "geometry": {"type": "Polygon", "coordinates": [[[33.77499074759311, 23.5], [34.64101615137755, 23.0], [34.64101615137755, 22.0], [33.77499074759311, 21.5], [32.90896534380867, 22.0], [32.90896534380867, 23.0], [33.77499074759311, 23.5]]]}}, {"type": "Feature", "id": "h0-16", "properties": {"id": "h0-16", "name": "hex 0,16", "value": 1.0}, "geometry": {"type": "Polygon", "coordinates": [[[0.0, 25.0], [0.8660254037844386, 24.5], [0.8660254037844387, 23.5], [1.2246467991473532e-16, 23.0], [-0.8660254037844384, 23.5], [-0.866025403784439, 24.5], [0.0, 25.0]]]}}, {"type": "Feature", "id": "h1-16", "properties": {"id": "h1-16", "name": "hex 1,16", "value": 2.8747}, "geometry": {"type": "Polygon", "coordinates": [[[1.7320508075688772, 25.0], [2.598076211353316, 24.5], [2.598076211353316, 23.5], [1.7320508075688774, 23.0], [0.8660254037844388, 23.5], [0.8660254037844382, 24.5], [1.7320508075688772, 25.0]]]}}, {"type": "Feature", "id": "h2-16", "properties": {"id": "h2-16", "name": "hex 2,16", "value": 3.8677}, "geometry": {"type": "Polygon", "coordinates": [[[3.4641016151377544, 25.0], [4.330127018922193, 24.5], [4.330127018922193, 23.5], [3.4641016151377544, 23.0], [2.598076211353316, 23.5], [2.598076211353315, 24.5], [3.4641016151377544, 25.0]]]}}, {"type": "Feature", "id": "h3-16", "properties": {"id": "h3-16", "name": "hex 3,16", "value": 3.5119}, "geometry": {"type": "Polygon", "coordinates": [[[5.196152422706632, 25.0], [6.06217782649107, 24.5], [6.06217782649107, 23.5], [5.196152422706632, 23.0], [4.330127018922194, 23.5], [4.330127018922193, 24.5], [5.196152422706632, 25.0]]]}}, {"type": "Feature", "id": "h4-16", "properties": {"id": "h4-16", "name": "hex 4,16", "value": 1.9748}, "geometry": {"type": "Polygon", "coordinates": [[[6.928203230275509, 25.0], [7.794228634059947, 24.5], [7.794228634059947, 23.5], [6.928203230275509, 23.0], [6.06217782649107, 23.5], [6.0621778264910695, 24.5], [6.928203230275509, 25.0]]]}}, {"type": "Feature", "id": "h5-16", "properties": {"id": "h5-16", "name": "hex 5,16", "value": 2.0208}, "geometry": {"type": "Polygon", "coordinates": [[[8.660254037844386, 25.0], [9.526279441628825, 24.5], [9.526279441628825, 23.5], [8.660254037844386, 23.0], [7.794228634059947, 23.5], [7.794228634059946, 24.5], [8.660254037844386, 25.0]]]}}, {"type": "Feature", "id": "h6-16", "properties": {"id": "h6-16", "name": "hex 6,16", "value": 3.5363}, "geometry": {"type": "Polygon", "coordinates": [[[10.392304845413264, 25.0], [11.258330249197703, 24.5], [11.258330249197703, 23.5], [10.392304845413264, 23.0], [9.526279441628827, 23.5], [9.526279441628825, 24.5], [10.392304845413264, 25.0]]]}}, {"type": "Feature", "id": "h7-16", "properties": {"id": "h7-16", "name": "hex 7,16", "value": 3.8589}, "geometry": {"type": "Polygon", "coordinates": [[[12.12435565298214, 25.0], [12.99038105676658, 24.5], [12.99038105676658, 23.5], [12.12435565298214, 23.0], [11.258330249197702, 23.5], [11.258330249197702, 24.5], [12.12435565298214, 25.0]]]}}, {"type": "Feature", "id": "h8-16", "properties": {"id": "h8-16", "name": "hex 8,16", "value": 2.837}, "geometry": {"type": "Polygon", "coordinates": [[[13.856406460551018, 25.0], [14.722431864335457, 24.5], [14.722431864335457, 23.5], [13.856406460551018, 23.0], [12.99038105676658, 23.5], [12.990381056766578, 24.5], [13.856406460551018, 25.0]]]}}, {"type": "Feature", "id": "h9-16", "properties": {"id": "h9-16", "name": "hex 9,16", "value": 1.0489}, "geometry": {"type": "Polygon", "coordinates": [[[15.588457268119894, 25.0], [16.454482671904334, 24.5], [16.454482671904334, 23.5], [15.588457268119894, 23.0], [14.722431864335455, 23.5], [14.722431864335455, 24.5], [15.588457268119894, 25.0]]]}}, {"type": "Feature", "id": "h10-16", "properties": {"id": "h10-16", "name": "hex 10,16", "value": 2.9118}, "geometry": {"type": "Polygon", "coordinates": [[[17.32050807568877, 25.0], [18.18653347947321, 24.5], [18.18653347947321, 23.5], [17.32050807568877, 23.0], [16.454482671904334, 23.5], [16.454482671904334, 24.5], [17.32050807568877, 25.0]]]}}, {"type": "Feature", "id": "h11-16", "properties": {"id": "h11-16", "name": "hex 11,16", "value": 3.8756}, "geometry": {"type": "Polygon", "coordinates": [[[19.05255888325765, 25.0], [19.918584287042087, 24.5], [19.918584287042087, 23.5], [19.05255888325765, 23.0], [18.186533479473212, 23.5], [18.186533479473212, 24.5], [19.05255888325765, 25.0]]]}}, {"type": "Feature", "id": "h12-16", "properties": {"id": "h12-16", "name": "hex 12,16", "value": 3.4869}, "geometry": {"type": "Polygon", "coordinates": [[[20.784609690826528, 25.0], [21.650635094610966, 24.5], [21.650635094610966, 23.5], [20.784609690826528, 23.0], [19.91858428704209, 23.5], [19.91858428704209, 24.5], [20.784609690826528, 25.0]]]}}, {"type": "Feature", "id": "h13-16", "properties": {"id": "h13-16", "name": "hex 13,16", "value": 1.9286}, "geometry": {"type": "Polygon", "coordinates": [[[22.516660498395403, 25.0], [23.38268590217984, 24.5], [23.38268590217984, 23.5], [22.516660498395403, 23.0], [21.650635094610966, 23.5], [21.650635094610966, 24.5], [22.516660498395403, 25.0]]]}}, {"type": "Feature", "id": "h14-16", "properties": {"id": "h14-16", "name": "hex 14,16", "value": 2.0665}, "geometry": {"type": "Polygon", "coordinates": [[[24.24871130596428, 25.0], [25.11473670974872, 24.5], [25.11473670974872, 23.5], [24.24871130596428, 23.0], [23.382685902179844, 23.5], [23.382685902179844, 24.5], [24.24871130596428, 25.0]]]}}, {"type": "Feature", "id": "h15-16", "properties": {"id": "h15-16", "name": "hex 15,16", "value": 3.5599}, "geometry": {"type": "Polygon", "coordinates": [[[25.980762113533157, 25.0], [26.846787517317594, 24.5], [26.846787517317594, 23.5], [25.980762113533157, 23.0], [25.11473670974872, 23.5], [25.11473670974872, 24.5], [25.980762113533157, 25.0]]]}}, {"type": "Feature", "id": "h16-16", "properties": {"id": "h16-16", "name": "hex 16,16", "value": 3.8494}, "geometry": {"type": "Polygon", "coordinates": [[[27.712812921102035, 25.0], [28.578838324886473, 24.5], [28.578838324886473, 23.5], [27.712812921102035, 23.0], [26.846787517317598, 23.5], [26.846787517317598, 24.5], [27.712812921102035, 25.0]]]}}, {"type": "Feature", "id": "h17-16", "properties": {"id": "h17-16", "name": "hex 17,16", "value": 2.7988}, "geometry": {"type": "Polygon", "coordinates": [[[29.444863728670914, 25.0], [30.31088913245535, 24.5], [30.31088913245535, 23.5], [29.444863728670914, 23.0], [28.578838324886476, 23.5], [28.578838324886476, 24.5], [29.444863728670914, 25.0]]]}}, {"type": "Feature", "id": "h18-16", "properties": {"id": "h18-16", "name": "hex 18,16", "value": 1.0978}, "geometry": {"type": "Polygon", "coordinates": [[[31.17691453623979, 25.0], [32.042939940024226, 24.5], [32.042939940024226, 23.5], [31.17691453623979, 23.0], [30.31088913245535, 23.5], [30.31088913245535, 24.5], [31.17691453623979, 25.0]]]}}, {"type": "Feature", "id": "h19-16", "properties": {"id": "h19-16", "name": "hex 19,16", "value": 2.9484}, "geometry": {"type": "Polygon", "coordinates": [[[32.90896534380867, 25.0], [33.77499074759311, 24.5], [33.77499074759311, 23.5], [32.90896534380867, 23.0], [32.042939940024226, 23.5], [32.042939940024226, 24.5], [32.90896534380867, 25.0]]]}}, {"type": "Feature", "id": "h0-17", "properties": {"id": "h0-17", "name": "hex 0,17", "value": 1.0}, "geometry": {"type": "Polygon", "coordinates": [[[0.8660254037844386, 26.5], [1.7320508075688772, 26.0], [1.7320508075688772, 25.0], [0.8660254037844387, 24.5], [2.220446049250313e-16, 25.0], [-4.440892098500626e-16, 26.0], [0.8660254037844386, 26.5]]]}}, {"type": "Feature", "id": "h1-17", "properties": {"id": "h1-17", "name": "hex 1,17", "value": 8.7565}, "geometry": {"type": "Polygon", "coordinates": [[[2.598076211353316, 26.5], [3.4641016151377544, 26.0], [3.464101615137755, 25.0], [2.598076211353316, 24.5], [1.7320508075688776, 25.0], [1.732050807568877, 26.0], [2.598076211353316, 26.5]]]}}, {"type": "Feature", "id": "h2-17", "properties": {"id": "h2-17", "name": "hex 2,17", "value": 12.865}, "geometry": {"type": "Polygon", "coordinates": [[[4.330127018922193, 26.5], [5.196152422706631, 26.0], [5.196152422706631, 25.0], [4.330127018922193, 24.5], [3.4641016151377544, 25.0], [3.4641016151377535, 26.0], [4.330127018922193, 26.5]]]}}, {"type": "Feature", "id": "h3-17", "properties": {"id": "h3-17", "name": "hex 3,17", "value": 11.3932}, "geometry": {"type": "Polygon", "coordinates": [[[6.06217782649107, 26.5], [6.928203230275509, 26.0], [6.928203230275509, 25.0], [6.06217782649107, 24.5], [5.196152422706632, 25.0], [5.196152422706631, 26.0], [6.06217782649107, 26.5]]]}}, {"type": "Feature", "id": "h4-17", "properties": {"id": "h4-17", "name": "hex 4,17", "value": 5.0333}, "geometry": {"type": "Polygon", "coordinates": [[[7.794228634059947, 26.5], [8.660254037844386, 26.0], [8.660254037844386, 25.0], [7.794228634059947, 24.5], [6.928203230275509, 25.0], [6.928203230275508, 26.0], [7.794228634059947, 26.5]]]}}, {"type": "Feature", "id": "h5-17", "properties": {"id": "h5-17", "name": "hex 5,17", "value": 5.2235}, "geometry": {"type": "Polygon", "coordinates": [[[9.526279441628825, 26.5], [10.392304845413264, 26.0], [10.392304845413264, 25.0], [9.526279441628825, 24.5], [8.660254037844386, 25.0], [8.660254037844386, 26.0], [9.526279441628825, 26.5]]]}}, {"type": "Feature", "id": "h6-17", "properties": {"id": "h6-17", "name": "hex 6,17", "value": 11.494}, "geometry": {"type": "Polygon", "coordinates": [[[11.258330249197703, 26.5], [12.124355652982143, 26.0], [12.124355652982143, 25.0], [11.258330249197703, 24.5], [10.392304845413264, 25.0], [10.392304845413264, 26.0], [11.258330249197703, 26.5]]]}}, {"type": "Feature", "id": "h7-17", "properties": {"id": "h7-17", "name": "hex 7,17", "value": 12.829}, "geometry": {"type": "Polygon", "coordinates": [[[12.99038105676658, 26.5], [13.85640646055102, 26.0], [13.85640646055102, 25.0], [12.99038105676658, 24.5], [12.124355652982143, 25.0], [12.12435565298214, 26.0], [12.99038105676658, 26.5]]]}}, {"type": "Feature", "id": "h8-17", "properties": {"id": "h8-17", "name": "hex 8,17", "value": 8.6006}, "geometry": {"type": "Polygon", "coordinates": [[[14.722431864335457, 26.5], [15.588457268119896, 26.0], [15.588457268119896, 25.0], [14.722431864335457, 24.5], [13.856406460551018, 25.0], [13.856406460551018, 26.0], [14.722431864335457, 26.5]]]}}, {"type": "Feature", "id": "h9-17", "properties": {"id": "h9-17", "name": "hex 9,17", "value": 1.2024}, "geometry": {"type": "Polygon", "coordinates": [[[16.454482671904334, 26.5], [17.32050807568877, 26.0], [17.32050807568877, 25.0], [16.454482671904334, 24.5], [15.588457268119896, 25.0], [15.588457268119894, 26.0], [16.454482671904334, 26.5]]]}}, {"type": "Feature", "id": "h10-17", "properties": {"id": "h10-17", "name": "hex 10,17", "value": 8.9103}, "geometry": {"type": "Polygon", "coordinates": [[[18.18653347947321, 26.5], [19.052558883257646, 26.0], [19.052558883257646, 25.0], [18.18653347947321, 24.5], [17.32050807568877, 25.0], [17.32050807568877, 26.0], [18.18653347947321, 26.5]]]}}, {"type": "Feature", "id": "h11-17", "properties": {"id": "h11-17", "name": "hex 11,17", "value": 12.8978}, "geometry": {"type": "Polygon", "coordinates": [[[19.918584287042087, 26.5], [20.784609690826525, 26.0], [20.784609690826525, 25.0], [19.918584287042087, 24.5], [19.05255888325765, 25.0], [19.05255888325765, 26.0], [19.918584287042087, 26.5]]]}}, {"type": "Feature", "id": "h12-17", "properties": {"id": "h12-17", "name": "hex 12,17", "value": 11.2896}, "geometry": {"type": "Polygon", "coordinates": [[[21.650635094610966, 26.5], [22.516660498395403, 26.0], [22.516660498395403, 25.0], [21.650635094610966, 24.5], [20.784609690826528, 25.0], [20.784609690826528, 26.0], [21.650635094610966, 26.5]]]}}, {"type": "Feature", "id": "h13-17", "properties": {"id": "h13-17", "name": "hex 13,17", "value": 4.842}, "geometry": {"type": "Polygon", "coordinates": [[[23.38268590217984, 26.5], [24.248711305964278, 26.0], [24.248711305964278, 25.0], [23.38268590217984, 24.5], [22.516660498395403, 25.0], [22.516660498395403, 26.0], [23.38268590217984, 26.5]]]}}, {"type": "Feature", "id": "h14-17", "properties": {"id": "h14-17", "name": "hex 14,17", "value": 5.4125}, "geometry": {"type": "Polygon", "coordinates": [[[25.11473670974872, 26.5], [25.980762113533157, 26.0], [25.980762113533157, 25.0], [25.11473670974872, 24.5], [24.24871130596428, 25.0], [24.24871130596428, 26.0], [25.11473670974872, 26.5]]]}}, {"type": "Feature", "id": "h15-17", "properties": {"id": "h15-17", "name": "hex 15,17", "value": 11.5917}, "geometry": {"type": "Polygon", "coordinates": [[[26.846787517317594, 26.5], [27.71281292110203, 26.0], [27.71281292110203, 25.0], [26.846787517317594, 24.5], [25.980762113533157, 25.0], [25.980762113533157, 26.0], [26.846787517317594, 26.5]]]}}, {"type": "Feature", "id": "h16-17", "properties": {"id": "h16-17", "name": "hex 16,17", "value": 12.7895}, "geometry": {"type": "Polygon", "coordinates": [[[28.578838324886473, 26.5], [29.44486372867091, 26.0], [29.44486372867091, 25.0], [28.578838324886473, 24.5], [27.712812921102035, 25.0], [27.712812921102035, 26.0], [28.578838324886473, 26.5]]]}}, {"type": "Feature", "id": "h17-17", "properties": {"id": "h17-17", "name": "hex 17,17", "value": 8.4425}, "geometry": {"type": "Polygon", "coordinates": [[[30.31088913245535, 26.5], [31.17691453623979, 26.0], [31.17691453623979, 25.0], [30.31088913245535, 24.5], [29.444863728670914, 25.0], [29.444863728670914, 26.0], [30.31088913245535, 26.5]]]}}, {"type": "Feature", "id": "h18-17", "properties": {"id": "h18-17", "name": "hex 18,17", "value": 1.4048}, "geometry": {"type": "Polygon", "coordinates": [[[32.042939940024226, 26.5], [32.90896534380867, 26.0], [32.90896534380867, 25.0], [32.042939940024226, 24.5], [31.17691453623979, 25.0], [31.17691453623979, 26.0], [32.042939940024226, 26.5]]]}}, {"type": "Feature", "id": "h19-17", "properties": {"id": "h19-17", "name": "hex 19,17", "value": 9.0618}, "geometry": {"type": "Polygon", "coordinates": [[[33.77499074759311, 26.5], [34.64101615137755, 26.0], [34.64101615137755, 25.0], [33.77499074759311, 24.5], [32.90896534380867, 25.0], [32.90896534380867, 26.0], [33.77499074759311, 26.5]]]}}, {"type": "Feature", "id": "h0-18", "properties": {"id": "h0-18", "name": "hex 0,18", "value": 1.0}, "geometry": {"type": "Polygon", "coordinates": [[[0.0, 28.0], [0.8660254037844386, 27.5], [0.8660254037844387, 26.5], [1.2246467991473532e-16, 26.0], [-0.8660254037844384, 26.5], [-0.866025403784439, 27.5], [0.0, 28.0]]]}}, {"type": "Feature", "id": "h1-18", "properties": {"id": "h1-18", "name": "hex 1,18", "value": 12.7393}, "geometry": {"type": "Polygon", "coordinates": [[[1.7320508075688772, 28.0], [2.598076211353316, 27.5], [2.598076211353316, 26.5], [1.7320508075688774, 26.0], [0.8660254037844388, 26.5], [0.8660254037844382, 27.5], [1.7320508075688772, 28.0]]]}}, {"type": "Feature", "id": "h2-18", "properties": {"id": "h2-18", "name": "hex 2,18", "value": 18.9575}, "geometry": {"type": "Polygon", "coordinates": [[[3.4641016151377544, 28.0], [4.330127018922193, 27.5], [4.330127018922193, 26.5], [3.4641016151377544, 26.0], [2.598076211353316, 26.5], [2.598076211353315, 27.5], [3.4641016151377544, 28.0]]]}}, {"type": "Feature", "id": "h3-18", "properties": {"id": "h3-18", "name": "hex 3,18", "value": 16.7299}, "geometry": {"type": "Polygon", "coordinates": [[[5.196152422706632, 28.0], [6.06217782649107, 27.5], [6.06217782649107, 26.5], [5.196152422706632, 26.0], [4.330127018922194, 26.5], [4.330127018922193, 27.5], [5.196152422706632, 28.0]]]}}, {"type": "Feature", "id": "h4-18", "properties": {"id": "h4-18", "name": "hex 4,18", "value": 7.1044}, "geometry": {"type": "Polygon", "coordinates": [[[6.928203230275509, 28.0], [7.794228634059947, 27.5], [7.794228634059947, 26.5], [6.928203230275509, 26.0], [6.06217782649107, 26.5], [6.0621778264910695, 27.5], [6.928203230275509, 28.0]]]}}, {"type": "Feature", "id": "h5-18", "properties": {"id": "h5-18", "name": "hex 5,18", "value": 7.3922}, "geometry": {"type": "Polygon", "coordinates": [[[8.660254037844386, 28.0], [9.526279441628825, 27.5], [9.526279441628825, 26.5], [8.660254037844386, 26.0], [7.794228634059947, 26.5], [7.794228634059946, 27.5], [8.660254037844386, 28.0]]]}}, {"type": "Feature", "id": "h6-18", "properties": {"id": "h6-18", "name": "hex 6,18", "value": 16.8824}, "geometry": {"type": "Polygon", "coordinates": [[[10.392304845413264, 28.0], [11.258330249197703, 27.5], [11.258330249197703, 26.5], [10.392304845413264, 26.0], [9.526279441628827, 26.5], [9.526279441628825, 27.5], [10.392304845413264, 28.0]]]}}, {"type": "Feature", "id": "h7-18", "properties": {"id": "h7-18", "name": "hex 7,18", "value": 18.9028}, "geometry": {"type": "Polygon", "coordinates": [[[12.12435565298214, 28.0], [12.99038105676658, 27.5], [12.99038105676658, 26.5], [12.12435565298214, 26.0], [11.258330249197702, 26.5], [11.258330249197702, 27.5], [12.12435565298214, 28.0]]]}}, {"type": "Feature", "id": "h8-18", "properties": {"id": "h8-18", "name": "hex 8,18", "value": 12.5033}, "geometry": {"type": "Polygon", "coordinates": [[[13.856406460551018, 28.0], [14.722431864335457, 27.5], [14.722431864335457, 26.5], [13.856406460551018, 26.0], [12.99038105676658, 26.5], [12.990381056766578, 27.5], [13.856406460551018, 28.0]]]}}, {"type": "Feature", "id": "h9-18", "properties": {"id": "h9-18", "name": "hex 9,18", "value": 1.3064}, "geometry": {"type": "Polygon", "coordinates": [[[15.588457268119894, 28.0], [16.454482671904334, 27.5], [16.454482671904334, 26.5], [15.588457268119894, 26.0], [14.722431864335455, 26.5], [14.722431864335455, 27.5], [15.588457268119894, 28.0]]]}}, {"type": "Feature", "id": "h10-18", "properties": {"id": "h10-18", "name": "hex 10,18", "value": 12.972}, "geometry": {"type": "Polygon", "coordinates": [[[17.32050807568877, 28.0], [18.18653347947321, 27.5], [18.18653347947321, 26.5], [17.32050807568877, 26.0], [16.454482671904334, 26.5], [16.454482671904334, 27.5], [17.32050807568877, 28.0]]]}}, {"type": "Feature", "id": "h11-18", "properties": {"id": "h11-18", "name": "hex 11,18", "value": 19.007}, "geometry": {"type": "Polygon", "coordinates": [[[19.05255888325765, 28.0], [19.918584287042087, 27.5], [19.918584287042087, 26.5], [19.05255888325765, 26.0], [18.186533479473212, 26.5], [18.186533479473212, 27.5], [19.05255888325765, 28.0]]]}}, {"type": "Feature", "id": "h12-18", "properties": {"id": "h12-18", "name": "hex 12,18", "value": 16.573}, "geometry": {"type": "Polygon", "coordinates": [[[20.784609690826528, 28.0], [21.650635094610966, 27.5], [21.650635094610966, 26.5], [20.784609690826528, 26.0], [19.91858428704209, 26.5], [19.91858428704209, 27.5], [20.784609690826528, 28.0]]]}}, {"type": "Feature", "id": "h13-18", "properties": {"id": "h13-18", "name": "hex 13,18", "value": 6.8148}, "geometry": {"type": "Polygon", "coordinates": [[[22.516660498395403, 28.0], [23.38268590217984, 27.5], [23.38268590217984, 26.5], [22.516660498395403, 26.0], [21.650635094610966, 26.5], [21.650635094610966, 27.5], [22.516660498395403, 28.0]]]}}, {"type": "Feature", "id": "h14-18", "properties": {"id": "h14-18", "name": "hex 14,18", "value": 7.6782}, "geometry": {"type": "Polygon", "coordinates": [[[24.24871130596428, 28.0], [25.11473670974872, 27.5], [25.11473670974872, 26.5], [24.24871130596428, 26.0], [23.382685902179844, 26.5], [23.382685902179844, 27.5], [24.24871130596428, 28.0]]]}}, {"type": "Feature", "id": "h15-18", "properties": {"id": "h15-18", "name": "hex 15,18", "value": 17.0303}, "geometry": {"type": "Polygon", "coordinates": [[[25.980762113533157, 28.0], [26.846787517317594, 27.5], [26.846787517317594, 26.5], [25.980762113533157, 26.0], [25.11473670974872, 26.5], [25.11473670974872, 27.5], [25.980762113533157, 28.0]]]}}, {"type": "Feature", "id": "h16-18", "properties": {"id": "h16-18", "name": "hex 16,18", "value": 18.8432}, "geometry": {"type": "Polygon", "coordinates": [[[27.712812921102035, 28.0], [28.578838324886473, 27.5], [28.578838324886473, 26.5], [27.712812921102035, 26.0], [26.846787517317598, 26.5], [26.846787517317598, 27.5], [27.712812921102035, 28.0]]]}}, {"type": "Feature", "id": "h17-18", "properties": {"id": "h17-18", "name": "hex 17,18", "value": 12.2641}, "geometry": {"type": "Polygon", "coordinates": [[[29.444863728670914, 28.0], [30.31088913245535, 27.5], [30.31088913245535, 26.5], [29.444863728670914, 26.0], [28.578838324886476, 26.5], [28.578838324886476, 27.5], [29.444863728670914, 28.0]]]}}, {"type": "Feature", "id": "h18-18", "properties": {"id": "h18-18", "name": "hex 18,18", "value": 1.6127}, "geometry": {"type": "Polygon", "coordinates": [[[31.17691453623979, 28.0], [32.042939940024226, 27.5], [32.042939940024226, 26.5], [31.17691453623979, 26.0], [30.31088913245535, 26.5], [30.31088913245535, 27.5], [31.17691453623979, 28.0]]]}}, {"type": "Feature", "id": "h19-18", "properties": {"id": "h19-18", "name": "hex 19,18", "value": 13.2013}, "geometry": {"type": "Polygon", "coordinates": [[[32.90896534380867, 28.0], [33.77499074759311, 27.5], [33.77499074759311, 26.5], [32.90896534380867, 26.0], [32.042939940024226, 26.5], [32.042939940024226, 27.5], [32.90896534380867, 28.0]]]}}, {"type": "Feature", "id": "h0-19", "properties": {"id": "h0-19", "name": "hex 0,19", "value": 1.0}, "geometry": {"type": "Polygon", "coordinates": [[[0.8660254037844386, 29.5], [1.7320508075688772, 29.0], [1.7320508075688772, 28.0], [0.8660254037844387, 27.5], [2.220446049250313e-16, 28.0], [-4.440892098500626e-16, 29.0], [0.8660254037844386, 29.5]]]}}, {"type": "Feature", "id": "h1-19", "properties": {"id": "h1-19", "name": "hex 1,19", "value": 13.8479}, "geometry": {"type": "Polygon", "coordinates": [[[2.598076211353316, 29.5], [3.4641016151377544, 29.0], [3.464101615137755, 28.0], [2.598076211353316, 27.5], [1.7320508075688776, 28.0], [1.732050807568877, 29.0], [2.598076211353316, 29.5]]]}}, {"type": "Feature", "id": "h2-19", "properties": {"id": "h2-19", "name": "hex 2,19", "value": 20.6533}, "geometry": {"type": "Polygon", "coordinates": [[[4.330127018922193, 29.5], [5.196152422706631, 29.0], [5.196152422706631, 28.0], [4.330127018922193, 27.5], [3.4641016151377544, 28.0], [3.4641016151377535, 29.0], [4.330127018922193, 29.5]]]}}, {"type": "Feature", "id": "h3-19", "properties": {"id": "h3-19", "name": "hex 3,19", "value": 18.2154}, "geometry": {"type": "Polygon", "coordinates": [[[6.06217782649107, 29.5], [6.928203230275509, 29.0], [6.928203230275509, 28.0], [6.06217782649107, 27.5], [5.196152422706632, 28.0], [5.196152422706631, 29.0], [6.06217782649107, 29.5]]]}}, {"type": "Feature", "id": "h4-19", "properties": {"id": "h4-19", "name": "hex 4,19", "value": 7.6808}, "geometry": {"type": "Polygon", "coordinates": [[[7.794228634059947, 29.5], [8.660254037844386, 29.0], [8.660254037844386, 28.0], [7.794228634059947, 27.5], [6.928203230275509, 28.0], [6.928203230275508, 29.0], [7.794228634059947, 29.5]]]}}, {"type": "Feature", "id": "h5-19", "properties": {"id": "h5-19", "name": "hex 5,19", "value": 7.9958}, "geometry": {"type": "Polygon", "coordinates": [[[9.526279441628825, 29.5], [10.392304845413264, 29.0], [10.392304845413264, 28.0], [9.526279441628825, 27.5], [8.660254037844386, 28.0], [8.660254037844386, 29.0], [9.526279441628825, 29.5]]]}}, {"type": "Feature", "id": "h6-19", "properties": {"id": "h6-19", "name": "hex 6,19", "value": 18.3822}, "geometry": {"type": "Polygon", "coordinates": [[[11.258330249197703, 29.5], [12.124355652982143, 29.0], [12.124355652982143, 28.0], [11.258330249197703, 27.5], [10.392304845413264, 28.0], [10.392304845413264, 29.0], [11.258330249197703, 29.5]]]}}, {"type": "Feature", "id": "h7-19", "properties": {"id": "h7-19", "name": "hex 7,19", "value": 20.5935}, "geometry": {"type": "Polygon", "coordinates": [[[12.99038105676658, 29.5], [13.85640646055102, 29.0], [13.85640646055102, 28.0], [12.99038105676658, 27.5], [12.124355652982143, 28.0], [12.12435565298214, 29.0], [12.99038105676658, 29.5]]]}}, {"type": "Feature", "id": "h8-19", "properties": {"id": "h8-19", "name": "hex 8,19", "value": 13.5896}, "geometry": {"type": "Polygon", "coordinates": [[[14.722431864335457, 29.5], [15.588457268119896, 29.0], [15.588457268119896, 28.0], [14.722431864335457, 27.5], [13.856406460551018, 28.0], [13.856406460551018, 29.0], [14.722431864335457, 29.5]]]}}, {"type": "Feature", "id": "h9-19", "properties": {"id": "h9-19", "name": "hex 9,19", "value": 1.3353}, "geometry": {"type": "Polygon", "coordinates": [[[16.454482671904334, 29.5], [17.32050807568877, 29.0], [17.32050807568877, 28.0], [16.454482671904334, 27.5], [15.588457268119896, 28.0], [15.588457268119894, 29.0], [16.454482671904334, 29.5]]]}}, {"type": "Feature", "id": "h10-19", "properties": {"id": "h10-19", "name": "hex 10,19", "value": 14.1026}, "geometry": {"type": "Polygon", "coordinates": [[[18.18653347947321, 29.5], [19.052558883257646, 29.0], [19.052558883257646, 28.0], [18.18653347947321, 27.5], [17.32050807568877, 28.0], [17.32050807568877, 29.0], [18.18653347947321, 29.5]]]}}, {"type": "Feature", "id": "h11-19", "properties": {"id": "h11-19", "name": "hex 11,19", "value": 20.7075}, "geometry": {"type": "Polygon", "coordinates": [[[19.918584287042087, 29.5], [20.784609690826525, 29.0], [20.784609690826525, 28.0], [19.918584287042087, 27.5], [19.05255888325765, 28.0], [19.05255888325765, 29.0], [19.918584287042087, 29.5]]]}}, {"type": "Feature", "id": "h12-19", "properties": {"id": "h12-19", "name": "hex 12,19", "value": 18.0436}, "geometry": {"type": "Polygon", "coordinates": [[[21.650635094610966, 29.5], [22.516660498395403, 29.0], [22.516660498395403, 28.0], [21.650635094610966, 27.5], [20.784609690826528, 28.0], [20.784609690826528, 29.0], [21.650635094610966, 29.5]]]}}, {"type": "Feature", "id": "h13-19", "properties": {"id": "h13-19", "name": "hex 13,19", "value": 7.3639}, "geometry": {"type": "Polygon", "coordinates": [[[23.38268590217984, 29.5], [24.248711305964278, 29.0], [24.248711305964278, 28.0], [23.38268590217984, 27.5], [22.516660498395403, 28.0], [22.516660498395403, 29.0], [23.38268590217984, 29.5]]]}}, {"type": "Feature", "id": "h14-19", "properties": {"id": "h14-19", "name": "hex 14,19", "value": 8.3089}, "geometry": {"type": "Polygon", "coordinates": [[[25.11473670974872, 29.5], [25.980762113533157, 29.0], [25.980762113533157, 28.0], [25.11473670974872, 27.5], [24.24871130596428, 28.0], [24.24871130596428, 29.0], [25.11473670974872, 29.5]]]}}, {"type": "Feature", "id": "h15-19", "properties": {"id": "h15-19", "name": "hex 15,19", "value": 18.5442}, "geometry": {"type": "Polygon", "coordinates": [[[26.846787517317594, 29.5], [27.71281292110203, 29.0], [27.71281292110203, 28.0], [26.846787517317594, 27.5], [25.980762113533157, 28.0], [25.980762113533157, 29.0], [26.846787517317594, 29.5]]]}}, {"type": "Feature", "id": "h16-19", "properties": {"id": "h16-19", "name": "hex 16,19", "value": 20.5282}, "geometry": {"type": "Polygon", "coordinates": [[[28.578838324886473, 29.5], [29.44486372867091, 29.0], [29.44486372867091, 28.0], [28.578838324886473, 27.5], [27.712812921102035, 28.0], [27.712812921102035, 29.0], [28.578838324886473, 29.5]]]}}, {"type": "Feature", "id": "h17-19", "properties": {"id": "h17-19", "name": "hex 17,19", "value": 13.3278}, "geometry": {"type": "Polygon", "coordinates": [[[30.31088913245535, 29.5], [31.17691453623979, 29.0], [31.17691453623979, 28.0], [30.31088913245535, 27.5], [29.444863728670914, 28.0], [29.444863728670914, 29.0], [30.31088913245535, 29.5]]]}}, {"type": "Feature", "id": "h18-19", "properties": {"id": "h18-19", "name": "hex 18,19", "value": 1.6706}, "geometry": {"type": "Polygon", "coordinates": [[[32.042939940024226, 29.5], [32.90896534380867, 29.0], [32.90896534380867, 28.0], [32.042939940024226, 27.5], [31.17691453623979, 28.0], [31.17691453623979, 29.0], [32.042939940024226, 29.5]]]}}, {"type": "Feature", "id": "h19-19", "properties": {"id": "h19-19", "name": "hex 19,19", "value": 14.3535}, "geometry": {"type": "Polygon", "coordinates": [[[33.77499074759311, 29.5], [34.64101615137755, 29.0], [34.64101615137755, 28.0], [33.77499074759311, 27.5], [32.90896534380867, 28.0], [32.90896534380867, 29.0], [33.77499074759311, 29.5]]]}}]}