{"type": "FeatureCollection", "features": [{"type": "Feature", "id": "c0-0", "properties": {"id": "c0-0", "name": "cell 0,0", "value": 500}, "geometry": {"type": "Polygon", "coordinates": [[[0.0, 0.0], [0.001953125, 0.0], [0.00390625, 0.0], [0.005859375, 0.0], [0.0078125, 0.0], [0.009765625, 0.0], [0.01171875, 0.0], [0.013671875, 0.0], [0.015625, 0.0], [0.017578125, 0.0], [0.01953125, 0.0], [0.021484375, 0.0], [0.0234375, 0.0], [0.025390625, 0.0], [0.02734375, 0.0], [0.029296875, 0.0], [0.03125, 0.0], [0.033203125, 0.0], [0.03515625, 0.0], [0.037109375, 0.0], [0.0390625, 0.0], [0.041015625, 0.0], [0.04296875, 0.0], [0.044921875, 0.0], [0.046875, 0.0], [0.048828125, 0.0], [0.05078125, 0.0], [0.052734375, 0.0], [0.0546875, 0.0], [0.056640625, 0.0], [0.05859375, 0.0], [0.060546875, 0.0], [0.0625, 0.0], [0.064453125, 0.0], [0.06640625, 0.0], [0.068359375, 0.0], [0.0703125, 0.0], [0.072265625, 0.0], [0.07421875, 0.0], [0.076171875, 0.0], [0.078125, 0.0], [0.080078125, 0.0], [0.08203125, 0.0], [0.083984375, 0.0], [0.0859375, 0.0], [0.087890625, 0.0], [0.08984375, 0.0], [0.091796875, 0.0], [0.09375, 0.0], [0.095703125, 0.0], [0.09765625, 0.0], [0.099609375, 0.0], [0.1015625, 0.0], [0.103515625, 0.0], [0.10546875, 0.0], [0.107421875, 0.0], [0.109375, 0.0], [0.111328125, 0.0], [0.11328125, 0.0], [0.115234375, 0.0], [0.1171875, 0.0], [0.119140625, 0.0], [0.12109375, 0.0], [0.123046875, 0.0], [0.125, 0.0], [0.126953125, 0.0], [0.12890625, 0.0], [0.130859375, 0.0], [0.1328125, 0.0], [0.134765625, 0.0], [0.13671875, 0.0], [0.138671875, 0.0], [0.140625, 0.0], [0.142578125, 0.0], [0.14453125, 0.0], [0.146484375, 0.0], [0.1484375, 0.0], [0.150390625, 0.0], [0.15234375, 0.0], [0.154296875, 0.0], [0.15625, 0.0], [0.158203125, 0.0], [0.16015625, 0.0], [0.162109375, 0.0], [0.1640625, 0.0], [0.166015625, 0.0], [0.16796875, 0.0], [0.169921875, 0.0], [0.171875, 0.0], [0.173828125, 0.0], [0.17578125, 0.0], [0.177734375, 0.0], [0.1796875, 0.0], [0.181640625, 0.0], [0.18359375, 0.0], [0.185546875, 0.0], [0.1875, 0.0], [0.189453125, 0.0], [0.19140625, 0.0], [0.193359375, 0.0], [0.1953125, 0.0], [0.197265625, 0.0], [0.19921875, 0.0], [0.201171875, 0.0], [0.203125, 0.0], [0.205078125, 0.0], [0.20703125, 0.0], [0.208984375, 0.0], [0.2109375, 0.0], [0.212890625, 0.0], [0.21484375, 0.0], [0.216796875, 0.0], [0.21875, 0.0], [0.220703125, 0.0], [0.22265625, 0.0], [0.224609375, 0.0], [0.2265625, 0.0], [0.228515625, 0.0], [0.23046875, 0.0], [0.232421875, 0.0], [0.234375, 0.0], [0.236328125, 0.0], [0.23828125, 0.0], [0.240234375, 0.0], [0.2421875, 0.0], [0.244140625, 0.0], [0.24609375, 0.0], [0.248046875, 0.0], [0.25, 0.0], [0.251953125, 0.0], [0.25390625, 0.0], [0.255859375, 0.0], [0.2578125, 0.0], [0.259765625, 0.0], [0.26171875, 0.0], [0.263671875, 0.0], [0.265625, 0.0], [0.267578125, 0.0], [0.26953125, 0.0], [0.271484375, 0.0], [0.2734375, 0.0], [0.275390625, 0.0], [0.27734375, 0.0], [0.279296875, 0.0], [0.28125, 0.0], [0.283203125, 0.0], [0.28515625, 0.0], [0.287109375, 0.0], [0.2890625, 0.0], [0.291015625, 0.0], [0.29296875, 0.0], [0.294921875, 0.0], [0.296875, 0.0], [0.298828125, 0.0], [0.30078125, 0.0], [0.302734375, 0.0], [0.3046875, 0.0], [0.306640625, 0.0], [0.30859375, 0.0], [0.310546875, 0.0], [0.3125, 0.0], [0.314453125, 0.0], [0.31640625, 0.0], [0.318359375, 0.0], [0.3203125, 0.0], [0.322265625, 0.0], [0.32421875, 0.0], [0.326171875, 0.0], [0.328125, 0.0], [0.330078125, 0.0], [0.33203125, 0.0], [0.333984375, 0.0], [0.3359375, 0.0], [0.337890625, 0.0], [0.33984375, 0.0], [0.341796875, 0.0], [0.34375, 0.0], [0.345703125, 0.0], [0.34765625, 0.0], [0.349609375, 0.0], [0.3515625, 0.0], [0.353515625, 0.0], [0.35546875, 0.0], [0.357421875, 0.0], [0.359375, 0.0], [0.361328125, 0.0], [0.36328125, 0.0], [0.365234375, 0.0], [0.3671875, 0.0], [0.369140625, 0.0], [0.37109375, 0.0], [0.373046875, 0.0], [0.375, 0.0], [0.376953125, 0.0], [0.37890625, 0.0], [0.380859375, 0.0], [0.3828125, 0.0], [0.384765625, 0.0], [0.38671875, 0.0], [0.388671875, 0.0], [0.390625, 0.0], [0.392578125, 0.0], [0.39453125, 0.0], [0.396484375, 0.0], [0.3984375, 0.0], [0.400390625, 0.0], [0.40234375, 0.0], [0.404296875, 0.0], [0.40625, 0.0], [0.408203125, 0.0], [0.41015625, 0.0], [0.412109375, 0.0], [0.4140625, 0.0], [0.416015625, 0.0], [0.41796875, 0.0], [0.419921875, 0.0], [0.421875, 0.0], [0.423828125, 0.0], [0.42578125, 0.0], [0.427734375, 0.0], [0.4296875, 0.0], [0.431640625, 0.0], [0.43359375, 0.0], [0.435546875, 0.0], [0.4375, 0.0], [0.439453125, 0.0], [0.44140625, 0.0], [0.443359375, 0.0], [0.4453125, 0.0], [0.447265625, 0.0], [0.44921875, 0.0], [0.451171875, 0.0], [0.453125, 0.0], [0.455078125, 0.0], [0.45703125, 0.0], [0.458984375, 0.0], [0.4609375, 0.0], [0.462890625, 0.0], [0.46484375, 0.0], [0.466796875, 0.0], [0.46875, 0.0], [0.470703125, 0.0], [0.47265625, 0.0], [0.474609375, 0.0], [0.4765625, 0.0], [0.478515625, 0.0], [0.48046875, 0.0], [0.482421875, 0.0], [0.484375, 0.0], [0.486328125, 0.0], [0.48828125, 0.0], [0.490234375, 0.0], [0.4921875, 0.0], [0.494140625, 0.0], [0.49609375, 0.0], [0.498046875, 0.0], [0.5, 0.0], [0.501953125, 0.0], [0.50390625, 0.0], [0.505859375, 0.0], [0.5078125, 0.0], [0.509765625, 0.0], [0.51171875, 0.0], [0.513671875, 0.0], [0.515625, 0.0], [0.517578125, 0.0], [0.51953125, 0.0], [0.521484375, 0.0], [0.5234375, 0.0], [0.525390625, 0.0], [0.52734375, 0.0], [0.529296875, 0.0], [0.53125, 0.0], [0.533203125, 0.0], [0.53515625, 0.0], [0.537109375, 0.0], [0.5390625, 0.0], [0.541015625, 0.0], [0.54296875, 0.0], [0.544921875, 0.0], [0.546875, 0.0], [0.548828125, 0.0], [0.55078125, 0.0], [0.552734375, 0.0], [0.5546875, 0.0], [0.556640625, 0.0], [0.55859375, 0.0], [0.560546875, 0.0], [0.5625, 0.0], [0.564453125, 0.0], [0.56640625, 0.0], [0.568359375, 0.0], [0.5703125, 0.0], [0.572265625, 0.0], [0.57421875, 0.0], [0.576171875, 0.0], [0.578125, 0.0], [0.580078125, 0.0], [0.58203125, 0.0], [0.583984375, 0.0], [0.5859375, 0.0], [0.587890625, 0.0], [0.58984375, 0.0], [0.591796875, 0.0], [0.59375, 0.0], [0.595703125, 0.0], [0.59765625, 0.0], [0.599609375, 0.0], [0.6015625, 0.0], [0.603515625, 0.0], [0.60546875, 0.0], [0.607421875, 0.0], [0.609375, 0.0], [0.611328125, 0.0], [0.61328125, 0.0], [0.615234375, 0.0], [0.6171875, 0.0], [0.619140625, 0.0], [0.62109375, 0.0], [0.623046875, 0.0], [0.625, 0.0], [0.626953125, 0.0], [0.62890625, 0.0], [0.630859375, 0.0], [0.6328125, 0.0], [0.634765625, 0.0], [0.63671875, 0.0], [0.638671875, 0.0], [0.640625, 0.0], [0.642578125, 0.0], [0.64453125, 0.0], [0.646484375, 0.0], [0.6484375, 0.0], [0.650390625, 0.0], [0.65234375, 0.0], [0.654296875, 0.0], [0.65625, 0.0], [0.658203125, 0.0], [0.66015625, 0.0], [0.662109375, 0.0], [0.6640625, 0.0], [0.666015625, 0.0], [0.66796875, 0.0], [0.669921875, 0.0], [0.671875, 0.0], [0.673828125, 0.0], [0.67578125, 0.0], [0.677734375, 0.0], [0.6796875, 0.0], [0.681640625, 0.0], [0.68359375, 0.0], [0.685546875, 0.0], [0.6875, 0.0], [0.689453125, 0.0], [0.69140625, 0.0], [0.693359375, 0.0], [0.6953125, 0.0], [0.697265625, 0.0], [0.69921875, 0.0], [0.701171875, 0.0], [0.703125, 0.0], [0.705078125, 0.0], [0.70703125, 0.0], [0.708984375, 0.0], [0.7109375, 0.0], [0.712890625, 0.0], [0.71484375, 0.0], [0.716796875, 0.0], [0.71875, 0.0], [0.720703125, 0.0], [0.72265625, 0.0], [0.724609375, 0.0], [0.7265625, 0.0], [0.728515625, 0.0], [0.73046875, 0.0], [0.732421875, 0.0], [0.734375, 0.0], [0.736328125, 0.0], [0.73828125, 0.0], [0.740234375, 0.0], [0.7421875, 0.0], [0.744140625, 0.0], [0.74609375, 0.0], [0.748046875, 0.0], [0.75, 0.0], [0.751953125, 0.0], [0.75390625, 0.0], [0.755859375, 0.0], [0.7578125, 0.0], [0.759765625, 0.0], [0.76171875, 0.0], [0.763671875, 0.0], [0.765625, 0.0], [0.767578125, 0.0], [0.76953125, 0.0], [0.771484375, 0.0], [0.7734375, 0.0], [0.775390625, 0.0], [0.77734375, 0.0], [0.779296875, 0.0], [0.78125, 0.0], [0.783203125, 0.0], [0.78515625, 0.0], [0.787109375, 0.0], [0.7890625, 0.0], [0.791015625, 0.0], [0.79296875, 0.0], [0.794921875, 0.0], [0.796875, 0.0], [0.798828125, 0.0], [0.80078125, 0.0], [0.802734375, 0.0], [0.8046875, 0.0], [0.806640625, 0.0], [0.80859375, 0.0], [0.810546875, 0.0], [0.8125, 0.0], [0.814453125, 0.0], [0.81640625, 0.0], [0.818359375, 0.0], [0.8203125, 0.0], [0.822265625, 0.0], [0.82421875, 0.0], [0.826171875, 0.0], [0.828125, 0.0], [0.830078125, 0.0], [0.83203125, 0.0], [0.833984375, 0.0], [0.8359375, 0.0], [0.837890625, 0.0], [0.83984375, 0.0], [0.841796875, 0.0], [0.84375, 0.0], [0.845703125, 0.0], [0.84765625, 0.0], [0.849609375, 0.0], [0.8515625, 0.0], [0.853515625, 0.0], [0.85546875, 0.0], [0.857421875, 0.0], [0.859375, 0.0], [0.861328125, 0.0], [0.86328125, 0.0], [0.865234375, 0.0], [0.8671875, 0.0], [0.869140625, 0.0], [0.87109375, 0.0], [0.873046875, 0.0], [0.875, 0.0], [0.876953125, 0.0], [0.87890625, 0.0], [0.880859375, 0.0], [0.8828125, 0.0], [0.884765625, 0.0], [0.88671875, 0.0], [0.888671875, 0.0], [0.890625, 0.0], [0.892578125, 0.0], [0.89453125, 0.0], [0.896484375, 0.0], [0.8984375, 0.0], [0.900390625, 0.0], [0.90234375, 0.0], [0.904296875, 0.0], [0.90625, 0.0], [0.908203125, 0.0], [0.91015625, 0.0], [0.912109375, 0.0], [0.9140625, 0.0], [0.916015625, 0.0], [0.91796875, 0.0], [0.919921875, 0.0], [0.921875, 0.0], [0.923828125, 0.0], [0.92578125, 0.0], [0.927734375, 0.0], [0.9296875, 0.0], [0.931640625, 0.0], [0.93359375, 0.0], [0.935546875, 0.0], [0.9375, 0.0], [0.939453125, 0.0], [0.94140625, 0.0], [0.943359375, 0.0], [0.9453125, 0.0], [0.947265625, 0.0], [0.94921875, 0.0], [0.951171875, 0.0], [0.953125, 0.0], [0.955078125, 0.0], [0.95703125, 0.0], [0.958984375, 0.0], [0.9609375, 0.0], [0.962890625, 0.0], [0.96484375, 0.0], [0.966796875, 0.0], [0.96875, 0.0], [0.970703125, 0.0], [0.97265625, 0.0], [0.974609375, 0.0], [0.9765625, 0.0], [0.978515625, 0.0], [0.98046875, 0.0], [0.982421875, 0.0], [0.984375, 0.0], [0.986328125, 0.0], [0.98828125, 0.0], [0.990234375, 0.0], [0.9921875, 0.0], [0.994140625, 0.0], [0.99609375, 0.0], [0.998046875, 0.0], [1.0, 0.0], [1.0, 0.001953125], [1.0, 0.00390625], [1.0, 0.005859375], [1.0, 0.0078125], [1.0, 0.009765625], [1.0, 0.01171875], [1.0, 0.013671875], [1.0, 0.015625], [1.0, 0.017578125], [1.0, 0.01953125], [1.0, 0.021484375], [1.0, 0.0234375], [1.0, 0.025390625], [1.0, 0.02734375], [1.0, 0.029296875], [1.0, 0.03125], [1.0, 0.033203125], [1.0, 0.03515625], [1.0, 0.037109375], [1.0, 0.0390625], [1.0, 0.041015625], [1.0, 0.04296875], [1.0, 0.044921875], [1.0, 0.046875], [1.0, 0.048828125], [1.0, 0.05078125], [1.0, 0.052734375], [1.0, 0.0546875], [1.0, 0.056640625], [1.0, 0.05859375], [1.0, 0.060546875], [1.0, 0.0625], [1.0, 0.064453125], [1.0, 0.06640625], [1.0, 0.068359375], [1.0, 0.0703125], [1.0, 0.072265625], [1.0, 0.07421875], [1.0, 0.076171875], [1.0, 0.078125], [1.0, 0.080078125], [1.0, 0.08203125], [1.0, 0.083984375], [1.0, 0.0859375], [1.0, 0.087890625], [1.0, 0.08984375], [1.0, 0.091796875], [1.0, 0.09375], [1.0, 0.095703125], [1.0, 0.09765625], [1.0, 0.099609375], [1.0, 0.1015625], [1.0, 0.103515625], [1.0, 0.10546875], [1.0, 0.107421875], [1.0, 0.109375], [1.0, 0.111328125], [1.0, 0.11328125], [1.0, 0.115234375], [1.0, 0.1171875], [1.0, 0.119140625], [1.0, 0.12109375], [1.0, 0.123046875], [1.0, 0.125], [1.0, 0.126953125], [1.0, 0.12890625], [1.0, 0.130859375], [1.0, 0.1328125], [1.0, 0.134765625], [1.0, 0.13671875], [1.0, 0.138671875], [1.0, 0.140625], [1.0, 0.142578125], [1.0, 0.14453125], [1.0, 0.146484375], [1.0, 0.1484375], [1.0, 0.150390625], [1.0, 0.15234375], [1.0, 0.154296875], [1.0, 0.15625], [1.0, 0.158203125], [1.0, 0.16015625], [1.0, 0.162109375], [1.0, 0.1640625], [1.0, 0.166015625], [1.0, 0.16796875], [1.0, 0.169921875], [1.0, 0.171875], [1.0, 0.173828125], [1.0, 0.17578125], [1.0, 0.177734375], [1.0, 0.1796875], [1.0, 0.181640625], [1.0, 0.18359375], [1.0, 0.185546875], [1.0, 0.1875], [1.0, 0.189453125], [1.0, 0.19140625], [1.0, 0.193359375], [1.0, 0.1953125], [1.0, 0.197265625], [1.0, 0.19921875], [1.0, 0.201171875], [1.0, 0.203125], [1.0, 0.205078125], [1.0, 0.20703125], [1.0, 0.208984375], [1.0, 0.2109375], [1.0, 0.212890625], [1.0, 0.21484375], [1.0, 0.216796875], [1.0, 0.21875], [1.0, 0.220703125], [1.0, 0.22265625], [1.0, 0.224609375], [1.0, 0.2265625], [1.0, 0.228515625], [1.0, 0.23046875], [1.0, 0.232421875], [1.0, 0.234375], [1.0, 0.236328125], [1.0, 0.23828125], [1.0, 0.240234375], [1.0, 0.2421875], [1.0, 0.244140625], [1.0, 0.24609375], [1.0, 0.248046875], [1.0, 0.25], [1.0, 0.251953125], [1.0, 0.25390625], [1.0, 0.255859375], [1.0, 0.2578125], [1.0, 0.259765625], [1.0, 0.26171875], [1.0, 0.263671875], [1.0, 0.265625], [1.0, 0.267578125], [1.0, 0.26953125], [1.0, 0.271484375], [1.0, 0.2734375], [1.0, 0.275390625], [1.0, 0.27734375], [1.0, 0.279296875], [1.0, 0.28125], [1.0, 0.283203125], [1.0, 0.28515625], [1.0, 0.287109375], [1.0, 0.2890625], [1.0, 0.291015625], [1.0, 0.29296875], [1.0, 0.294921875], [1.0, 0.296875], [1.0, 0.298828125], [1.0, 0.30078125], [1.0, 0.302734375], [1.0, 0.3046875], [1.0, 0.306640625], [1.0, 0.30859375], [1.0, 0.310546875], [1.0, 0.3125], [1.0, 0.314453125], [1.0, 0.31640625], [1.0, 0.318359375], [1.0, 0.3203125], [1.0, 0.322265625], [1.0, 0.32421875], [1.0, 0.326171875], [1.0, 0.328125], [1.0, 0.330078125], [1.0, 0.33203125], [1.0, 0.333984375], [1.0, 0.3359375], [1.0, 0.337890625], [1.0, 0.33984375], [1.0, 0.341796875], [1.0, 0.34375], [1.0, 0.345703125], [1.0, 0.34765625], [1.0, 0.349609375], [1.0, 0.3515625], [1.0, 0.353515625], [1.0, 0.35546875], [1.0, 0.357421875], [1.0, 0.359375], [1.0, 0.361328125], [1.0, 0.36328125], [1.0, 0.365234375], [1.0, 0.3671875], [1.0, 0.369140625], [1.0, 0.37109375], [1.0, 0.373046875], [1.0, 0.375], [1.0, 0.376953125], [1.0, 0.37890625], [1.0, 0.380859375], [1.0, 0.3828125], [1.0, 0.384765625], [1.0, 0.38671875], [1.0, 0.388671875], [1.0, 0.390625], [1.0, 0.392578125], [1.0, 0.39453125], [1.0, 0.396484375], [1.0, 0.3984375], [1.0, 0.400390625], [1.0, 0.40234375], [1.0, 0.404296875], [1.0, 0.40625], [1.0, 0.408203125], [1.0, 0.41015625], [1.0, 0.412109375], [1.0, 0.4140625], [1.0, 0.416015625], [1.0, 0.41796875], [1.0, 0.419921875], [1.0, 0.421875], [1.0, 0.423828125], [1.0, 0.42578125], [1.0, 0.427734375], [1.0, 0.4296875], [1.0, 0.431640625], [1.0, 0.43359375], [1.0, 0.435546875], [1.0, 0.4375], [1.0, 0.439453125], [1.0, 0.44140625], [1.0, 0.443359375], [1.0, 0.4453125], [1.0, 0.447265625], [1.0, 0.44921875], [1.0, 0.451171875], [1.0, 0.453125], [1.0, 0.455078125], [1.0, 0.45703125], [1.0, 0.458984375], [1.0, 0.4609375], [1.0, 0.462890625], [1.0, 0.46484375], [1.0, 0.466796875], [1.0, 0.46875], [1.0, 0.470703125], [1.0, 0.47265625], [1.0, 0.474609375], [1.0, 0.4765625], [1.0, 0.478515625], [1.0, 0.48046875], [1.0, 0.482421875], [1.0, 0.484375], [1.0, 0.486328125], [1.0, 0.48828125], [1.0, 0.490234375], [1.0, 0.4921875], [1.0, 0.494140625], [1.0, 0.49609375], [1.0, 0.498046875], [1.0, 0.5], [1.0, 0.501953125], [1.0, 0.50390625], [1.0, 0.505859375], [1.0, 0.5078125], [1.0, 0.509765625], [1.0, 0.51171875], [1.0, 0.513671875], [1.0, 0.515625], [1.0, 0.517578125], [1.0, 0.51953125], [1.0, 0.521484375], [1.0, 0.5234375], [1.0, 0.525390625], [1.0, 0.52734375], [1.0, 0.529296875], [1.0, 0.53125], [1.0, 0.533203125], [1.0, 0.53515625], [1.0, 0.537109375], [1.0, 0.5390625], [1.0, 0.541015625], [1.0, 0.54296875], [1.0, 0.544921875], [1.0, 0.546875], [1.0, 0.548828125], [1.0, 0.55078125], [1.0, 0.552734375], [1.0, 0.5546875], [1.0, 0.556640625], [1.0, 0.55859375], [1.0, 0.560546875], [1.0, 0.5625], [1.0, 0.564453125], [1.0, 0.56640625], [1.0, 0.568359375], [1.0, 0.5703125], [1.0, 0.572265625], [1.0, 0.57421875], [1.0, 0.576171875], [1.0, 0.578125], [1.0, 0.580078125], [1.0, 0.58203125], [1.0, 0.583984375], [1.0, 0.5859375], [1.0, 0.587890625], [1.0, 0.58984375], [1.0, 0.591796875], [1.0, 0.59375], [1.0, 0.595703125], [1.0, 0.59765625], [1.0, 0.599609375], [1.0, 0.6015625], [1.0, 0.603515625], [1.0, 0.60546875], [1.0, 0.607421875], [1.0, 0.609375], [1.0, 0.611328125], [1.0, 0.61328125], [1.0, 0.615234375], [1.0, 0.6171875], [1.0, 0.619140625], [1.0, 0.62109375], [1.0, 0.623046875], [1.0, 0.625], [1.0, 0.626953125], [1.0, 0.62890625], [1.0, 0.630859375], [1.0, 0.6328125], [1.0, 0.634765625], [1.0, 0.63671875], [1.0, 0.638671875], [1.0, 0.640625], [1.0, 0.642578125], [1.0, 0.64453125], [1.0, 0.646484375], [1.0, 0.6484375], [1.0, 0.650390625], [1.0, 0.65234375], [1.0, 0.654296875], [1.0, 0.65625], [1.0, 0.658203125], [1.0, 0.66015625], [1.0, 0.662109375], [1.0, 0.6640625], [1.0, 0.666015625], [1.0, 0.66796875], [1.0, 0.669921875], [1.0, 0.671875], [1.0, 0.673828125], [1.0, 0.67578125], [1.0, 0.677734375], [1.0, 0.6796875], [1.0, 0.681640625], [1.0, 0.68359375], [1.0, 0.685546875], [1.0, 0.6875], [1.0, 0.689453125], [1.0, 0.69140625], [1.0, 0.693359375], [1.0, 0.6953125], [1.0, 0.697265625], [1.0, 0.69921875], [1.0, 0.701171875], [1.0, 0.703125], [1.0, 0.705078125], [1.0, 0.70703125], [1.0, 0.708984375], [1.0, 0.7109375], [1.0, 0.712890625], [1.0, 0.71484375], [1.0, 0.716796875], [1.0, 0.71875], [1.0, 0.720703125], [1.0, 0.72265625], [1.0, 0.724609375], [1.0, 0.7265625], [1.0, 0.728515625], [1.0, 0.73046875], [1.0, 0.732421875], [1.0, 0.734375], [1.0, 0.736328125], [1.0, 0.73828125], [1.0, 0.740234375], [1.0, 0.7421875], [1.0, 0.744140625], [1.0, 0.74609375], [1.0, 0.748046875], [1.0, 0.75], [1.0, 0.751953125], [1.0, 0.75390625], [1.0, 0.755859375], [1.0, 0.7578125], [1.0, 0.759765625], [1.0, 0.76171875], [1.0, 0.763671875], [1.0, 0.765625], [1.0, 0.767578125], [1.0, 0.76953125], [1.0, 0.771484375], [1.0, 0.7734375], [1.0, 0.775390625], [1.0, 0.77734375], [1.0, 0.779296875], [1.0, 0.78125], [1.0, 0.783203125], [1.0, 0.78515625], [1.0, 0.787109375], [1.0, 0.7890625], [1.0, 0.791015625], [1.0, 0.79296875], [1.0, 0.794921875], [1.0, 0.796875], [1.0, 0.798828125], [1.0, 0.80078125], [1.0, 0.802734375], [1.0, 0.8046875], [1.0, 0.806640625], [1.0, 0.80859375], [1.0, 0.810546875], [1.0, 0.8125], [1.0, 0.814453125], [1.0, 0.81640625], [1.0, 0.818359375], [1.0, 0.8203125], [1.0, 0.822265625], [1.0, 0.82421875], [1.0, 0.826171875], [1.0, 0.828125], [1.0, 0.830078125], [1.0, 0.83203125], [1.0, 0.833984375], [1.0, 0.8359375], [1.0, 0.837890625], [1.0, 0.83984375], [1.0, 0.841796875], [1.0, 0.84375], [1.0, 0.845703125], [1.0, 0.84765625], [1.0, 0.849609375], [1.0, 0.8515625], [1.0, 0.853515625], [1.0, 0.85546875], [1.0, 0.857421875], [1.0, 0.859375], [1.0, 0.861328125], [1.0, 0.86328125], [1.0, 0.865234375], [1.0, 0.8671875], [1.0, 0.869140625], [1.0, 0.87109375], [1.0, 0.873046875], [1.0, 0.875], [1.0, 0.876953125], [1.0, 0.87890625], [1.0, 0.880859375], [1.0, 0.8828125], [1.0, 0.884765625], [1.0, 0.88671875], [1.0, 0.888671875], [1.0, 0.890625], [1.0, 0.892578125], [1.0, 0.89453125], [1.0, 0.896484375], [1.0, 0.8984375], [1.0, 0.900390625], [1.0, 0.90234375], [1.0, 0.904296875], [1.0, 0.90625], [1.0, 0.908203125], [1.0, 0.91015625], [1.0, 0.912109375], [1.0, 0.9140625], [1.0, 0.916015625], [1.0, 0.91796875], [1.0, 0.919921875], [1.0, 0.921875], [1.0, 0.923828125], [1.0, 0.92578125], [1.0, 0.927734375], [1.0, 0.9296875], [1.0, 0.931640625], [1.0, 0.93359375], [1.0, 0.935546875], [1.0, 0.9375], [1.0, 0.939453125], [1.0, 0.94140625], [1.0, 0.943359375], [1.0, 0.9453125], [1.0, 0.947265625], [1.0, 0.94921875], [1.0, 0.951171875], [1.0, 0.953125], [1.0, 0.955078125], [1.0, 0.95703125], [1.0, 0.958984375], [1.0, 0.9609375], [1.0, 0.962890625], [1.0, 0.96484375], [1.0, 0.966796875], [1.0, 0.96875], [1.0, 0.970703125], [1.0, 0.97265625], [1.0, 0.974609375], [1.0, 0.9765625], [1.0, 0.978515625], [1.0, 0.98046875], [1.0, 0.982421875], [1.0, 0.984375], [1.0, 0.986328125], [1.0, 0.98828125], [1.0, 0.990234375], [1.0, 0.9921875], [1.0, 0.994140625], [1.0, 0.99609375], [1.0, 0.998046875], [1.0, 1.0], [0.998046875, 1.0], [0.99609375, 1.0], [0.994140625, 1.0], [0.9921875, 1.0], [0.990234375, 1.0], [0.98828125, 1.0], [0.986328125, 1.0], [0.984375, 1.0], [0.982421875, 1.0], [0.98046875, 1.0], [0.978515625, 1.0], [0.9765625, 1.0], [0.974609375, 1.0], [0.97265625, 1.0], [0.970703125, 1.0], [0.96875, 1.0], [0.966796875, 1.0], [0.96484375, 1.0], [0.962890625, 1.0], [0.9609375, 1.0], [0.958984375, 1.0], [0.95703125, 1.0], [0.955078125, 1.0], [0.953125, 1.0], [0.951171875, 1.0], [0.94921875, 1.0], [0.947265625, 1.0], [0.9453125, 1.0], [0.943359375, 1.0], [0.94140625, 1.0], [0.939453125, 1.0], [0.9375, 1.0], [0.935546875, 1.0], [0.93359375, 1.0], [0.931640625, 1.0], [0.9296875, 1.0], [0.927734375, 1.0], [0.92578125, 1.0], [0.923828125, 1.0], [0.921875, 1.0], [0.919921875, 1.0], [0.91796875, 1.0], [0.916015625, 1.0], [0.9140625, 1.0], [0.912109375, 1.0], [0.91015625, 1.0], [0.908203125, 1.0], [0.90625, 1.0], [0.904296875, 1.0], [0.90234375, 1.0], [0.900390625, 1.0], [0.8984375, 1.0], [0.896484375, 1.0], [0.89453125, 1.0], [0.892578125, 1.0], [0.890625, 1.0], [0.888671875, 1.0], [0.88671875, 1.0], [0.884765625, 1.0], [0.8828125, 1.0], [0.880859375, 1.0], [0.87890625, 1.0], [0.876953125, 1.0], [0.875, 1.0], [0.873046875, 1.0], [0.87109375, 1.0], [0.869140625, 1.0], [0.8671875, 1.0], [0.865234375, 1.0], [0.86328125, 1.0], [0.861328125, 1.0], [0.859375, 1.0], [0.857421875, 1.0], [0.85546875, 1.0], [0.853515625, 1.0], [0.8515625, 1.0], [0.849609375, 1.0], [0.84765625, 1.0], [0.845703125, 1.0], [0.84375, 1.0], [0.841796875, 1.0], [0.83984375, 1.0], [0.837890625, 1.0], [0.8359375, 1.0], [0.833984375, 1.0], [0.83203125, 1.0], [0.830078125, 1.0], [0.828125, 1.0], [0.826171875, 1.0], [0.82421875, 1.0], [0.822265625, 1.0], [0.8203125, 1.0], [0.818359375, 1.0], [0.81640625, 1.0], [0.814453125, 1.0], [0.8125, 1.0], [0.810546875, 1.0], [0.80859375, 1.0], [0.806640625, 1.0], [0.8046875, 1.0], [0.802734375, 1.0], [0.80078125, 1.0], [0.798828125, 1.0], [0.796875, 1.0], [0.794921875, 1.0], [0.79296875, 1.0], [0.791015625, 1.0], [0.7890625, 1.0], [0.787109375, 1.0], [0.78515625, 1.0], [0.783203125, 1.0], [0.78125, 1.0], [0.779296875, 1.0], [0.77734375, 1.0], [0.775390625, 1.0], [0.7734375, 1.0], [0.771484375, 1.0], [0.76953125, 1.0], [0.767578125, 1.0], [0.765625, 1.0], [0.763671875, 1.0], [0.76171875, 1.0], [0.759765625, 1.0], [0.7578125, 1.0], [0.755859375, 1.0], [0.75390625, 1.0], [0.751953125, 1.0], [0.75, 1.0], [0.748046875, 1.0], [0.74609375, 1.0], [0.744140625, 1.0], [0.7421875, 1.0], [0.740234375, 1.0], [0.73828125, 1.0], [0.736328125, 1.0], [0.734375, 1.0], [0.732421875, 1.0], [0.73046875, 1.0], [0.728515625, 1.0], [0.7265625, 1.0], [0.724609375, 1.0], [0.72265625, 1.0], [0.720703125, 1.0], [0.71875, 1.0], [0.716796875, 1.0], [0.71484375, 1.0], [0.712890625, 1.0], [0.7109375, 1.0], [0.708984375, 1.0], [0.70703125, 1.0], [0.705078125, 1.0], [0.703125, 1.0], [0.701171875, 1.0], [0.69921875, 1.0], [0.697265625, 1.0], [0.6953125, 1.0], [0.693359375, 1.0], [0.69140625, 1.0], [0.689453125, 1.0], [0.6875, 1.0], [0.685546875, 1.0], [0.68359375, 1.0], [0.681640625, 1.0], [0.6796875, 1.0], [0.677734375, 1.0], [0.67578125, 1.0], [0.673828125, 1.0], [0.671875, 1.0], [0.669921875, 1.0], [0.66796875, 1.0], [0.666015625, 1.0], [0.6640625, 1.0], [0.662109375, 1.0], [0.66015625, 1.0], [0.658203125, 1.0], [0.65625, 1.0], [0.654296875, 1.0], [0.65234375, 1.0], [0.650390625, 1.0], [0.6484375, 1.0], [0.646484375, 1.0], [0.64453125, 1.0], [0.642578125, 1.0], [0.640625, 1.0], [0.638671875, 1.0], [0.63671875, 1.0], [0.634765625, 1.0], [0.6328125, 1.0], [0.630859375, 1.0], [0.62890625, 1.0], [0.626953125, 1.0], [0.625, 1.0], [0.623046875, 1.0], [0.62109375, 1.0], [0.619140625, 1.0], [0.6171875, 1.0], [0.615234375, 1.0], [0.61328125, 1.0], [0.611328125, 1.0], [0.609375, 1.0], [0.607421875, 1.0], [0.60546875, 1.0], [0.603515625, 1.0], [0.6015625, 1.0], [0.599609375, 1.0], [0.59765625, 1.0], [0.595703125, 1.0], [0.59375, 1.0], [0.591796875, 1.0], [0.58984375, 1.0], [0.587890625, 1.0], [0.5859375, 1.0], [0.583984375, 1.0], [0.58203125, 1.0], [0.580078125, 1.0], [0.578125, 1.0], [0.576171875, 1.0], [0.57421875, 1.0], [0.572265625, 1.0], [0.5703125, 1.0], [0.568359375, 1.0], [0.56640625, 1.0], [0.564453125, 1.0], [0.5625, 1.0], [0.560546875, 1.0], [0.55859375, 1.0], [0.556640625, 1.0], [0.5546875, 1.0], [0.552734375, 1.0], [0.55078125, 1.0], [0.548828125, 1.0], [0.546875, 1.0], [0.544921875, 1.0], [0.54296875, 1.0], [0.541015625, 1.0], [0.5390625, 1.0], [0.537109375, 1.0], [0.53515625, 1.0], [0.533203125, 1.0], [0.53125, 1.0], [0.529296875, 1.0], [0.52734375, 1.0], [0.525390625, 1.0], [0.5234375, 1.0], [0.521484375, 1.0], [0.51953125, 1.0], [0.517578125, 1.0], [0.515625, 1.0], [0.513671875, 1.0], [0.51171875, 1.0], [0.509765625, 1.0], [0.5078125, 1.0], [0.505859375, 1.0], [0.50390625, 1.0], [0.501953125, 1.0], [0.5, 1.0], [0.498046875, 1.0], [0.49609375, 1.0], [0.494140625, 1.0], [0.4921875, 1.0], [0.490234375, 1.0], [0.48828125, 1.0], [0.486328125, 1.0], [0.484375, 1.0], [0.482421875, 1.0], [0.48046875, 1.0], [0.478515625, 1.0], [0.4765625, 1.0], [0.474609375, 1.0], [0.47265625, 1.0], [0.470703125, 1.0], [0.46875, 1.0], [0.466796875, 1.0], [0.46484375, 1.0], [0.462890625, 1.0], [0.4609375, 1.0], [0.458984375, 1.0], [0.45703125, 1.0], [0.455078125, 1.0], [0.453125, 1.0], [0.451171875, 1.0], [0.44921875, 1.0], [0.447265625, 1.0], [0.4453125, 1.0], [0.443359375, 1.0], [0.44140625, 1.0], [0.439453125, 1.0], [0.4375, 1.0], [0.435546875, 1.0], [0.43359375, 1.0], [0.431640625, 1.0], [0.4296875, 1.0], [0.427734375, 1.0], [0.42578125, 1.0], [0.423828125, 1.0], [0.421875, 1.0], [0.419921875, 1.0], [0.41796875, 1.0], [0.416015625, 1.0], [0.4140625, 1.0], [0.412109375, 1.0], [0.41015625, 1.0], [0.408203125, 1.0], [0.40625, 1.0], [0.404296875, 1.0], [0.40234375, 1.0], [0.400390625, 1.0], [0.3984375, 1.0], [0.396484375, 1.0], [0.39453125, 1.0], [0.392578125, 1.0], [0.390625, 1.0], [0.388671875, 1.0], [0.38671875, 1.0], [0.384765625, 1.0], [0.3828125, 1.0], [0.380859375, 1.0], [0.37890625, 1.0], [0.376953125, 1.0], [0.375, 1.0], [0.373046875, 1.0], [0.37109375, 1.0], [0.369140625, 1.0], [0.3671875, 1.0], [0.365234375, 1.0], [0.36328125, 1.0], [0.361328125, 1.0], [0.359375, 1.0], [0.357421875, 1.0], [0.35546875, 1.0], [0.353515625, 1.0], [0.3515625, 1.0], [0.349609375, 1.0], [0.34765625, 1.0], [0.345703125, 1.0], [0.34375, 1.0], [0.341796875, 1.0], [0.33984375, 1.0], [0.337890625, 1.0], [0.3359375, 1.0], [0.333984375, 1.0], [0.33203125, 1.0], [0.330078125, 1.0], [0.328125, 1.0], [0.326171875, 1.0], [0.32421875, 1.0], [0.322265625, 1.0], [0.3203125, 1.0], [0.318359375, 1.0], [0.31640625, 1.0], [0.314453125, 1.0], [0.3125, 1.0], [0.310546875, 1.0], [0.30859375, 1.0], [0.306640625, 1.0], [0.3046875, 1.0], [0.302734375, 1.0], [0.30078125, 1.0], [0.298828125, 1.0], [0.296875, 1.0], [0.294921875, 1.0], [0.29296875, 1.0], [0.291015625, 1.0], [0.2890625, 1.0], [0.287109375, 1.0], [0.28515625, 1.0], [0.283203125, 1.0], [0.28125, 1.0], [0.279296875, 1.0], [0.27734375, 1.0], [0.275390625, 1.0], [0.2734375, 1.0], [0.271484375, 1.0], [0.26953125, 1.0], [0.267578125, 1.0], [0.265625, 1.0], [0.263671875, 1.0], [0.26171875, 1.0], [0.259765625, 1.0], [0.2578125, 1.0], [0.255859375, 1.0], [0.25390625, 1.0], [0.251953125, 1.0], [0.25, 1.0], [0.248046875, 1.0], [0.24609375, 1.0], [0.244140625, 1.0], [0.2421875, 1.0], [0.240234375, 1.0], [0.23828125, 1.0], [0.236328125, 1.0], [0.234375, 1.0], [0.232421875, 1.0], [0.23046875, 1.0], [0.228515625, 1.0], [0.2265625, 1.0], [0.224609375, 1.0], [0.22265625, 1.0], [0.220703125, 1.0], [0.21875, 1.0], [0.216796875, 1.0], [0.21484375, 1.0], [0.212890625, 1.0], [0.2109375, 1.0], [0.208984375, 1.0], [0.20703125, 1.0], [0.205078125, 1.0], [0.203125, 1.0], [0.201171875, 1.0], [0.19921875, 1.0], [0.197265625, 1.0], [0.1953125, 1.0], [0.193359375, 1.0], [0.19140625, 1.0], [0.189453125, 1.0], [0.1875, 1.0], [0.185546875, 1.0], [0.18359375, 1.0], [0.181640625, 1.0], [0.1796875, 1.0], [0.177734375, 1.0], [0.17578125, 1.0], [0.173828125, 1.0], [0.171875, 1.0], [0.169921875, 1.0], [0.16796875, 1.0], [0.166015625, 1.0], [0.1640625, 1.0], [0.162109375, 1.0], [0.16015625, 1.0], [0.158203125, 1.0], [0.15625, 1.0], [0.154296875, 1.0], [0.15234375, 1.0], [0.150390625, 1.0], [0.1484375, 1.0], [0.146484375, 1.0], [0.14453125, 1.0], [0.142578125, 1.0], [0.140625, 1.0], [0.138671875, 1.0], [0.13671875, 1.0], [0.134765625, 1.0], [0.1328125, 1.0], [0.130859375, 1.0], [0.12890625, 1.0], [0.126953125, 1.0], [0.125, 1.0], [0.123046875, 1.0], [0.12109375, 1.0], [0.119140625, 1.0], [0.1171875, 1.0], [0.115234375, 1.0], [0.11328125, 1.0], [0.111328125, 1.0], [0.109375, 1.0], [0.107421875, 1.0], [0.10546875, 1.0], [0.103515625, 1.0], [0.1015625, 1.0], [0.099609375, 1.0], [0.09765625, 1.0], [0.095703125, 1.0], [0.09375, 1.0], [0.091796875, 1.0], [0.08984375, 1.0], [0.087890625, 1.0], [0.0859375, 1.0], [0.083984375, 1.0], [0.08203125, 1.0], [0.080078125, 1.0], [0.078125, 1.0], [0.076171875, 1.0], [0.07421875, 1.0], [0.072265625, 1.0], [0.0703125, 1.0], [0.068359375, 1.0], [0.06640625, 1.0], [0.064453125, 1.0], [0.0625, 1.0], [0.060546875, 1.0], [0.05859375, 1.0], [0.056640625, 1.0], [0.0546875, 1.0], [0.052734375, 1.0], [0.05078125, 1.0], [0.048828125, 1.0], [0.046875, 1.0], [0.044921875, 1.0], [0.04296875, 1.0], [0.041015625, 1.0], [0.0390625, 1.0], [0.037109375, 1.0], [0.03515625, 1.0], [0.033203125, 1.0], [0.03125, 1.0], [0.029296875, 1.0], [0.02734375, 1.0], [0.025390625, 1.0], [0.0234375, 1.0], [0.021484375, 1.0], [0.01953125, 1.0], [0.017578125, 1.0], [0.015625, 1.0], [0.013671875, 1.0], [0.01171875, 1.0], [0.009765625, 1.0], [0.0078125, 1.0], [0.005859375, 1.0], [0.00390625, 1.0], [0.001953125, 1.0], [0.0, 1.0], [0.0, 0.998046875], [0.0, 0.99609375], [0.0, 0.994140625], [0.0, 0.9921875], [0.0, 0.990234375], [0.0, 0.98828125], [0.0, 0.986328125], [0.0, 0.984375], [0.0, 0.982421875], [0.0, 0.98046875], [0.0, 0.978515625], [0.0, 0.9765625], [0.0, 0.974609375], [0.0, 0.97265625], [0.0, 0.970703125], [0.0, 0.96875], [0.0, 0.966796875], [0.0, 0.96484375], [0.0, 0.962890625], [0.0, 0.9609375], [0.0, 0.958984375], [0.0, 0.95703125], [0.0, 0.955078125], [0.0, 0.953125], [0.0, 0.951171875], [0.0, 0.94921875], [0.0, 0.947265625], [0.0, 0.9453125], [0.0, 0.943359375], [0.0, 0.94140625], [0.0, 0.939453125], [0.0, 0.9375], [0.0, 0.935546875], [0.0, 0.93359375], [0.0, 0.931640625], [0.0, 0.9296875], [0.0, 0.927734375], [0.0, 0.92578125], [0.0, 0.923828125], [0.0, 0.921875], [0.0, 0.919921875], [0.0, 0.91796875], [0.0, 0.916015625], [0.0, 0.9140625], [0.0, 0.912109375], [0.0, 0.91015625], [0.0, 0.908203125], [0.0, 0.90625], [0.0, 0.904296875], [0.0, 0.90234375], [0.0, 0.900390625], [0.0, 0.8984375], [0.0, 0.896484375], [0.0, 0.89453125], [0.0, 0.892578125], [0.0, 0.890625], [0.0, 0.888671875], [0.0, 0.88671875], [0.0, 0.884765625], [0.0, 0.8828125], [0.0, 0.880859375], [0.0, 0.87890625], [0.0, 0.876953125], [0.0, 0.875], [0.0, 0.873046875], [0.0, 0.87109375], [0.0, 0.869140625], [0.0, 0.8671875], [0.0, 0.865234375], [0.0, 0.86328125], [0.0, 0.861328125], [0.0, 0.859375], [0.0, 0.857421875], [0.0, 0.85546875], [0.0, 0.853515625], [0.0, 0.8515625], [0.0, 0.849609375], [0.0, 0.84765625], [0.0, 0.845703125], [0.0, 0.84375], [0.0, 0.841796875], [0.0, 0.83984375], [0.0, 0.837890625], [0.0, 0.8359375], [0.0, 0.833984375], [0.0, 0.83203125], [0.0, 0.830078125], [0.0, 0.828125], [0.0, 0.826171875], [0.0, 0.82421875], [0.0, 0.822265625], [0.0, 0.8203125], [0.0, 0.818359375], [0.0, 0.81640625], [0.0, 0.814453125], [0.0, 0.8125], [0.0, 0.810546875], [0.0, 0.80859375], [0.0, 0.806640625], [0.0, 0.8046875], [0.0, 0.802734375], [0.0, 0.80078125], [0.0, 0.798828125], [0.0, 0.796875], [0.0, 0.794921875], [0.0, 0.79296875], [0.0, 0.791015625], [0.0, 0.7890625], [0.0, 0.787109375], [0.0, 0.78515625], [0.0, 0.783203125], [0.0, 0.78125], [0.0, 0.779296875], [0.0, 0.77734375], [0.0, 0.775390625], [0.0, 0.7734375], [0.0, 0.771484375], [0.0, 0.76953125], [0.0, 0.767578125], [0.0, 0.765625], [0.0, 0.763671875], [0.0, 0.76171875], [0.0, 0.759765625], [0.0, 0.7578125], [0.0, 0.755859375], [0.0, 0.75390625], [0.0, 0.751953125], [0.0, 0.75], [0.0, 0.748046875], [0.0, 0.74609375], [0.0, 0.744140625], [0.0, 0.7421875], [0.0, 0.740234375], [0.0, 0.73828125], [0.0, 0.736328125], [0.0, 0.734375], [0.0, 0.732421875], [0.0, 0.73046875], [0.0, 0.728515625], [0.0, 0.7265625], [0.0, 0.724609375], [0.0, 0.72265625], [0.0, 0.720703125], [0.0, 0.71875], [0.0, 0.716796875], [0.0, 0.71484375], [0.0, 0.712890625], [0.0, 0.7109375], [0.0, 0.708984375], [0.0, 0.70703125], [0.0, 0.705078125], [0.0, 0.703125], [0.0, 0.701171875], [0.0, 0.69921875], [0.0, 0.697265625], [0.0, 0.6953125], [0.0, 0.693359375], [0.0, 0.69140625], [0.0, 0.689453125], [0.0, 0.6875], [0.0, 0.685546875], [0.0, 0.68359375], [0.0, 0.681640625], [0.0, 0.6796875], [0.0, 0.677734375], [0.0, 0.67578125], [0.0, 0.673828125], [0.0, 0.671875], [0.0, 0.669921875], [0.0, 0.66796875], [0.0, 0.666015625], [0.0, 0.6640625], [0.0, 0.662109375], [0.0, 0.66015625], [0.0, 0.658203125], [0.0, 0.65625], [0.0, 0.654296875], [0.0, 0.65234375], [0.0, 0.650390625], [0.0, 0.6484375], [0.0, 0.646484375], [0.0, 0.64453125], [0.0, 0.642578125], [0.0, 0.640625], [0.0, 0.638671875], [0.0, 0.63671875], [0.0, 0.634765625], [0.0, 0.6328125], [0.0, 0.630859375], [0.0, 0.62890625], [0.0, 0.626953125], [0.0, 0.625], [0.0, 0.623046875], [0.0, 0.62109375], [0.0, 0.619140625], [0.0, 0.6171875], [0.0, 0.615234375], [0.0, 0.61328125], [0.0, 0.611328125], [0.0, 0.609375], [0.0, 0.607421875], [0.0, 0.60546875], [0.0, 0.603515625], [0.0, 0.6015625], [0.0, 0.599609375], [0.0, 0.59765625], [0.0, 0.595703125], [0.0, 0.59375], [0.0, 0.591796875], [0.0, 0.58984375], [0.0, 0.587890625], [0.0, 0.5859375], [0.0, 0.583984375], [0.0, 0.58203125], [0.0, 0.580078125], [0.0, 0.578125], [0.0, 0.576171875], [0.0, 0.57421875], [0.0, 0.572265625], [0.0, 0.5703125], [0.0, 0.568359375], [0.0, 0.56640625], [0.0, 0.564453125], [0.0, 0.5625], [0.0, 0.560546875], [0.0, 0.55859375], [0.0, 0.556640625], [0.0, 0.5546875], [0.0, 0.552734375], [0.0, 0.55078125], [0.0, 0.548828125], [0.0, 0.546875], [0.0, 0.544921875], [0.0, 0.54296875], [0.0, 0.541015625], [0.0, 0.5390625], [0.0, 0.537109375], [0.0, 0.53515625], [0.0, 0.533203125], [0.0, 0.53125], [0.0, 0.529296875], [0.0, 0.52734375], [0.0, 0.525390625], [0.0, 0.5234375], [0.0, 0.521484375], [0.0, 0.51953125], [0.0, 0.517578125], [0.0, 0.515625], [0.0, 0.513671875], [0.0, 0.51171875], [0.0, 0.509765625], [0.0, 0.5078125], [0.0, 0.505859375], [0.0, 0.50390625], [0.0, 0.501953125], [0.0, 0.5], [0.0, 0.498046875], [0.0, 0.49609375], [0.0, 0.494140625], [0.0, 0.4921875], [0.0, 0.490234375], [0.0, 0.48828125], [0.0, 0.486328125], [0.0, 0.484375], [0.0, 0.482421875], [0.0, 0.48046875], [0.0, 0.478515625], [0.0, 0.4765625], [0.0, 0.474609375], [0.0, 0.47265625], [0.0, 0.470703125], [0.0, 0.46875], [0.0, 0.466796875], [0.0, 0.46484375], [0.0, 0.462890625], [0.0, 0.4609375], [0.0, 0.458984375], [0.0, 0.45703125], [0.0, 0.455078125], [0.0, 0.453125], [0.0, 0.451171875], [0.0, 0.44921875], [0.0, 0.447265625], [0.0, 0.4453125], [0.0, 0.443359375], [0.0, 0.44140625], [0.0, 0.439453125], [0.0, 0.4375], [0.0, 0.435546875], [0.0, 0.43359375], [0.0, 0.431640625], [0.0, 0.4296875], [0.0, 0.427734375], [0.0, 0.42578125], [0.0, 0.423828125], [0.0, 0.421875], [0.0, 0.419921875], [0.0, 0.41796875], [0.0, 0.416015625], [0.0, 0.4140625], [0.0, 0.412109375], [0.0, 0.41015625], [0.0, 0.408203125], [0.0, 0.40625], [0.0, 0.404296875], [0.0, 0.40234375], [0.0, 0.400390625], [0.0, 0.3984375], [0.0, 0.396484375], [0.0, 0.39453125], [0.0, 0.392578125], [0.0, 0.390625], [0.0, 0.388671875], [0.0, 0.38671875], [0.0, 0.384765625], [0.0, 0.3828125], [0.0, 0.380859375], [0.0, 0.37890625], [0.0, 0.376953125], [0.0, 0.375], [0.0, 0.373046875], [0.0, 0.37109375], [0.0, 0.369140625], [0.0, 0.3671875], [0.0, 0.365234375], [0.0, 0.36328125], [0.0, 0.361328125], [0.0, 0.359375], [0.0, 0.357421875], [0.0, 0.35546875], [0.0, 0.353515625], [0.0, 0.3515625], [0.0, 0.349609375], [0.0, 0.34765625], [0.0, 0.345703125], [0.0, 0.34375], [0.0, 0.341796875], [0.0, 0.33984375], [0.0, 0.337890625], [0.0, 0.3359375], [0.0, 0.333984375], [0.0, 0.33203125], [0.0, 0.330078125], [0.0, 0.328125], [0.0, 0.326171875], [0.0, 0.32421875], [0.0, 0.322265625], [0.0, 0.3203125], [0.0, 0.318359375], [0.0, 0.31640625], [0.0, 0.314453125], [0.0, 0.3125], [0.0, 0.310546875], [0.0, 0.30859375], [0.0, 0.306640625], [0.0, 0.3046875], [0.0, 0.302734375], [0.0, 0.30078125], [0.0, 0.298828125], [0.0, 0.296875], [0.0, 0.294921875], [0.0, 0.29296875], [0.0, 0.291015625], [0.0, 0.2890625], [0.0, 0.287109375], [0.0, 0.28515625], [0.0, 0.283203125], [0.0, 0.28125], [0.0, 0.279296875], [0.0, 0.27734375], [0.0, 0.275390625], [0.0, 0.2734375], [0.0, 0.271484375], [0.0, 0.26953125], [0.0, 0.267578125], [0.0, 0.265625], [0.0, 0.263671875], [0.0, 0.26171875], [0.0, 0.259765625], [0.0, 0.2578125], [0.0, 0.255859375], [0.0, 0.25390625], [0.0, 0.251953125], [0.0, 0.25], [0.0, 0.248046875], [0.0, 0.24609375], [0.0, 0.244140625], [0.0, 0.2421875], [0.0, 0.240234375], [0.0, 0.23828125], [0.0, 0.236328125], [0.0, 0.234375], [0.0, 0.232421875], [0.0, 0.23046875], [0.0, 0.228515625], [0.0, 0.2265625], [0.0, 0.224609375], [0.0, 0.22265625], [0.0, 0.220703125], [0.0, 0.21875], [0.0, 0.216796875], [0.0, 0.21484375], [0.0, 0.212890625], [0.0, 0.2109375], [0.0, 0.208984375], [0.0, 0.20703125], [0.0, 0.205078125], [0.0, 0.203125], [0.0, 0.201171875], [0.0, 0.19921875], [0.0, 0.197265625], [0.0, 0.1953125], [0.0, 0.193359375], [0.0, 0.19140625], [0.0, 0.189453125], [0.0, 0.1875], [0.0, 0.185546875], [0.0, 0.18359375], [0.0, 0.181640625], [0.0, 0.1796875], [0.0, 0.177734375], [0.0, 0.17578125], [0.0, 0.173828125], [0.0, 0.171875], [0.0, 0.169921875], [0.0, 0.16796875], [0.0, 0.166015625], [0.0, 0.1640625], [0.0, 0.162109375], [0.0, 0.16015625], [0.0, 0.158203125], [0.0, 0.15625], [0.0, 0.154296875], [0.0, 0.15234375], [0.0, 0.150390625], [0.0, 0.1484375], [0.0, 0.146484375], [0.0, 0.14453125], [0.0, 0.142578125], [0.0, 0.140625], [0.0, 0.138671875], [0.0, 0.13671875], [0.0, 0.134765625], [0.0, 0.1328125], [0.0, 0.130859375], [0.0, 0.12890625], [0.0, 0.126953125], [0.0, 0.125], [0.0, 0.123046875], [0.0, 0.12109375], [0.0, 0.119140625], [0.0, 0.1171875], [0.0, 0.115234375], [0.0, 0.11328125], [0.0, 0.111328125], [0.0, 0.109375], [0.0, 0.107421875], [0.0, 0.10546875], [0.0, 0.103515625], [0.0, 0.1015625], [0.0, 0.099609375], [0.0, 0.09765625], [0.0, 0.095703125], [0.0, 0.09375], [0.0, 0.091796875], [0.0, 0.08984375], [0.0, 0.087890625], [0.0, 0.0859375], [0.0, 0.083984375], [0.0, 0.08203125], [0.0, 0.080078125], [0.0, 0.078125], [0.0, 0.076171875], [0.0, 0.07421875], [0.0, 0.072265625], [0.0, 0.0703125], [0.0, 0.068359375], [0.0, 0.06640625], [0.0, 0.064453125], [0.0, 0.0625], [0.0, 0.060546875], [0.0, 0.05859375], [0.0, 0.056640625], [0.0, 0.0546875], [0.0, 0.052734375], [0.0, 0.05078125], [0.0, 0.048828125], [0.0, 0.046875], [0.0, 0.044921875], [0.0, 0.04296875], [0.0, 0.041015625], [0.0, 0.0390625], [0.0, 0.037109375], [0.0, 0.03515625], [0.0, 0.033203125], [0.0, 0.03125], [0.0, 0.029296875], [0.0, 0.02734375], [0.0, 0.025390625], [0.0, 0.0234375], [0.0, 0.021484375], [0.0, 0.01953125], [0.0, 0.017578125], [0.0, 0.015625], [0.0, 0.013671875], [0.0, 0.01171875], [0.0, 0.009765625], [0.0, 0.0078125], [0.0, 0.005859375], [0.0, 0.00390625], [0.0, 0.001953125], [0, 0]]]}}, {"type": "Feature", "id": "c1-0", "properties": {"id": "c1-0", "name": "cell 1,0", "value": 2.6305}, "geometry": {"type": "Polygon", "coordinates": [[[1.0, 0.0], [1.001953125, 0.0], [1.00390625, 0.0], [1.005859375, 0.0], [1.0078125, 0.0], [1.009765625, 0.0], [1.01171875, 0.0], [1.013671875, 0.0], [1.015625, 0.0], [1.017578125, 0.0], [1.01953125, 0.0], [1.021484375, 0.0], [1.0234375, 0.0], [1.025390625, 0.0], [1.02734375, 0.0], [1.029296875, 0.0], [1.03125, 0.0], [1.033203125, 0.0], [1.03515625, 0.0], [1.037109375, 0.0], [1.0390625, 0.0], [1.041015625, 0.0], [1.04296875, 0.0], [1.044921875, 0.0], [1.046875, 0.0], [1.048828125, 0.0], [1.05078125, 0.0], [1.052734375, 0.0], [1.0546875, 0.0], [1.056640625, 0.0], [1.05859375, 0.0], [1.060546875, 0.0], [1.0625, 0.0], [1.064453125, 0.0], [1.06640625, 0.0], [1.068359375, 0.0], [1.0703125, 0.0], [1.072265625, 0.0], [1.07421875, 0.0], [1.076171875, 0.0], [1.078125, 0.0], [1.080078125, 0.0], [1.08203125, 0.0], [1.083984375, 0.0], [1.0859375, 0.0], [1.087890625, 0.0], [1.08984375, 0.0], [1.091796875, 0.0], [1.09375, 0.0], [1.095703125, 0.0], [1.09765625, 0.0], [1.099609375, 0.0], [1.1015625, 0.0], [1.103515625, 0.0], [1.10546875, 0.0], [1.107421875, 0.0], [1.109375, 0.0], [1.111328125, 0.0], [1.11328125, 0.0], [1.115234375, 0.0], [1.1171875, 0.0], [1.119140625, 0.0], [1.12109375, 0.0], [1.123046875, 0.0], [1.125, 0.0], [1.126953125, 0.0], [1.12890625, 0.0], [1.130859375, 0.0], [1.1328125, 0.0], [1.134765625, 0.0], [1.13671875, 0.0], [1.138671875, 0.0], [1.140625, 0.0], [1.142578125, 0.0], [1.14453125, 0.0], [1.146484375, 0.0], [1.1484375, 0.0], [1.150390625, 0.0], [1.15234375, 0.0], [1.154296875, 0.0], [1.15625, 0.0], [1.158203125, 0.0], [1.16015625, 0.0], [1.162109375, 0.0], [1.1640625, 0.0], [1.166015625, 0.0], [1.16796875, 0.0], [1.169921875, 0.0], [1.171875, 0.0], [1.173828125, 0.0], [1.17578125, 0.0], [1.177734375, 0.0], [1.1796875, 0.0], [1.181640625, 0.0], [1.18359375, 0.0], [1.185546875, 0.0], [1.1875, 0.0], [1.189453125, 0.0], [1.19140625, 0.0], [1.193359375, 0.0], [1.1953125, 0.0], [1.197265625, 0.0], [1.19921875, 0.0], [1.201171875, 0.0], [1.203125, 0.0], [1.205078125, 0.0], [1.20703125, 0.0], [1.208984375, 0.0], [1.2109375, 0.0], [1.212890625, 0.0], [1.21484375, 0.0], [1.216796875, 0.0], [1.21875, 0.0], [1.220703125, 0.0], [1.22265625, 0.0], [1.224609375, 0.0], [1.2265625, 0.0], [1.228515625, 0.0], [1.23046875, 0.0], [1.232421875, 0.0], [1.234375, 0.0], [1.236328125, 0.0], [1.23828125, 0.0], [1.240234375, 0.0], [1.2421875, 0.0], [1.244140625, 0.0], [1.24609375, 0.0], [1.248046875, 0.0], [1.25, 0.0], [1.251953125, 0.0], [1.25390625, 0.0], [1.255859375, 0.0], [1.2578125, 0.0], [1.259765625, 0.0], [1.26171875, 0.0], [1.263671875, 0.0], [1.265625, 0.0], [1.267578125, 0.0], [1.26953125, 0.0], [1.271484375, 0.0], [1.2734375, 0.0], [1.275390625, 0.0], [1.27734375, 0.0], [1.279296875, 0.0], [1.28125, 0.0], [1.283203125, 0.0], [1.28515625, 0.0], [1.287109375, 0.0], [1.2890625, 0.0], [1.291015625, 0.0], [1.29296875, 0.0], [1.294921875, 0.0], [1.296875, 0.0], [1.298828125, 0.0], [1.30078125, 0.0], [1.302734375, 0.0], [1.3046875, 0.0], [1.306640625, 0.0], [1.30859375, 0.0], [1.310546875, 0.0], [1.3125, 0.0], [1.314453125, 0.0], [1.31640625, 0.0], [1.318359375, 0.0], [1.3203125, 0.0], [1.322265625, 0.0], [1.32421875, 0.0], [1.326171875, 0.0], [1.328125, 0.0], [1.330078125, 0.0], [1.33203125, 0.0], [1.333984375, 0.0], [1.3359375, 0.0], [1.337890625, 0.0], [1.33984375, 0.0], [1.341796875, 0.0], [1.34375, 0.0], [1.345703125, 0.0], [1.34765625, 0.0], [1.349609375, 0.0], [1.3515625, 0.0], [1.353515625, 0.0], [1.35546875, 0.0], [1.357421875, 0.0], [1.359375, 0.0], [1.361328125, 0.0], [1.36328125, 0.0], [1.365234375, 0.0], [1.3671875, 0.0], [1.369140625, 0.0], [1.37109375, 0.0], [1.373046875, 0.0], [1.375, 0.0], [1.376953125, 0.0], [1.37890625, 0.0], [1.380859375, 0.0], [1.3828125, 0.0], [1.384765625, 0.0], [1.38671875, 0.0], [1.388671875, 0.0], [1.390625, 0.0], [1.392578125, 0.0], [1.39453125, 0.0], [1.396484375, 0.0], [1.3984375, 0.0], [1.400390625, 0.0], [1.40234375, 0.0], [1.404296875, 0.0], [1.40625, 0.0], [1.408203125, 0.0], [1.41015625, 0.0], [1.412109375, 0.0], [1.4140625, 0.0], [1.416015625, 0.0], [1.41796875, 0.0], [1.419921875, 0.0], [1.421875, 0.0], [1.423828125, 0.0], [1.42578125, 0.0], [1.427734375, 0.0], [1.4296875, 0.0], [1.431640625, 0.0], [1.43359375, 0.0], [1.435546875, 0.0], [1.4375, 0.0], [1.439453125, 0.0], [1.44140625, 0.0], [1.443359375, 0.0], [1.4453125, 0.0], [1.447265625, 0.0], [1.44921875, 0.0], [1.451171875, 0.0], [1.453125, 0.0], [1.455078125, 0.0], [1.45703125, 0.0], [1.458984375, 0.0], [1.4609375, 0.0], [1.462890625, 0.0], [1.46484375, 0.0], [1.466796875, 0.0], [1.46875, 0.0], [1.470703125, 0.0], [1.47265625, 0.0], [1.474609375, 0.0], [1.4765625, 0.0], [1.478515625, 0.0], [1.48046875, 0.0], [1.482421875, 0.0], [1.484375, 0.0], [1.486328125, 0.0], [1.48828125, 0.0], [1.490234375, 0.0], [1.4921875, 0.0], [1.494140625, 0.0], [1.49609375, 0.0], [1.498046875, 0.0], [1.5, 0.0], [1.501953125, 0.0], [1.50390625, 0.0], [1.505859375, 0.0], [1.5078125, 0.0], [1.509765625, 0.0], [1.51171875, 0.0], [1.513671875, 0.0], [1.515625, 0.0], [1.517578125, 0.0], [1.51953125, 0.0], [1.521484375, 0.0], [1.5234375, 0.0], [1.525390625, 0.0], [1.52734375, 0.0], [1.529296875, 0.0], [1.53125, 0.0], [1.533203125, 0.0], [1.53515625, 0.0], [1.537109375, 0.0], [1.5390625, 0.0], [1.541015625, 0.0], [1.54296875, 0.0], [1.544921875, 0.0], [1.546875, 0.0], [1.548828125, 0.0], [1.55078125, 0.0], [1.552734375, 0.0], [1.5546875, 0.0], [1.556640625, 0.0], [1.55859375, 0.0], [1.560546875, 0.0], [1.5625, 0.0], [1.564453125, 0.0], [1.56640625, 0.0], [1.568359375, 0.0], [1.5703125, 0.0], [1.572265625, 0.0], [1.57421875, 0.0], [1.576171875, 0.0], [1.578125, 0.0], [1.580078125, 0.0], [1.58203125, 0.0], [1.583984375, 0.0], [1.5859375, 0.0], [1.587890625, 0.0], [1.58984375, 0.0], [1.591796875, 0.0], [1.59375, 0.0], [1.595703125, 0.0], [1.59765625, 0.0], [1.599609375, 0.0], [1.6015625, 0.0], [1.603515625, 0.0], [1.60546875, 0.0], [1.607421875, 0.0], [1.609375, 0.0], [1.611328125, 0.0], [1.61328125, 0.0], [1.615234375, 0.0], [1.6171875, 0.0], [1.619140625, 0.0], [1.62109375, 0.0], [1.623046875, 0.0], [1.625, 0.0], [1.626953125, 0.0], [1.62890625, 0.0], [1.630859375, 0.0], [1.6328125, 0.0], [1.634765625, 0.0], [1.63671875, 0.0], [1.638671875, 0.0], [1.640625, 0.0], [1.642578125, 0.0], [1.64453125, 0.0], [1.646484375, 0.0], [1.6484375, 0.0], [1.650390625, 0.0], [1.65234375, 0.0], [1.654296875, 0.0], [1.65625, 0.0], [1.658203125, 0.0], [1.66015625, 0.0], [1.662109375, 0.0], [1.6640625, 0.0], [1.666015625, 0.0], [1.66796875, 0.0], [1.669921875, 0.0], [1.671875, 0.0], [1.673828125, 0.0], [1.67578125, 0.0], [1.677734375, 0.0], [1.6796875, 0.0], [1.681640625, 0.0], [1.68359375, 0.0], [1.685546875, 0.0], [1.6875, 0.0], [1.689453125, 0.0], [1.69140625, 0.0], [1.693359375, 0.0], [1.6953125, 0.0], [1.697265625, 0.0], [1.69921875, 0.0], [1.701171875, 0.0], [1.703125, 0.0], [1.705078125, 0.0], [1.70703125, 0.0], [1.708984375, 0.0], [1.7109375, 0.0], [1.712890625, 0.0], [1.71484375, 0.0], [1.716796875, 0.0], [1.71875, 0.0], [1.720703125, 0.0], [1.72265625, 0.0], [1.724609375, 0.0], [1.7265625, 0.0], [1.728515625, 0.0], [1.73046875, 0.0], [1.732421875, 0.0], [1.734375, 0.0], [1.736328125, 0.0], [1.73828125, 0.0], [1.740234375, 0.0], [1.7421875, 0.0], [1.744140625, 0.0], [1.74609375, 0.0], [1.748046875, 0.0], [1.75, 0.0], [1.751953125, 0.0], [1.75390625, 0.0], [1.755859375, 0.0], [1.7578125, 0.0], [1.759765625, 0.0], [1.76171875, 0.0], [1.763671875, 0.0], [1.765625, 0.0], [1.767578125, 0.0], [1.76953125, 0.0], [1.771484375, 0.0], [1.7734375, 0.0], [1.775390625, 0.0], [1.77734375, 0.0], [1.779296875, 0.0], [1.78125, 0.0], [1.783203125, 0.0], [1.78515625, 0.0], [1.787109375, 0.0], [1.7890625, 0.0], [1.791015625, 0.0], [1.79296875, 0.0], [1.794921875, 0.0], [1.796875, 0.0], [1.798828125, 0.0], [1.80078125, 0.0], [1.802734375, 0.0], [1.8046875, 0.0], [1.806640625, 0.0], [1.80859375, 0.0], [1.810546875, 0.0], [1.8125, 0.0], [1.814453125, 0.0], [1.81640625, 0.0], [1.818359375, 0.0], [1.8203125, 0.0], [1.822265625, 0.0], [1.82421875, 0.0], [1.826171875, 0.0], [1.828125, 0.0], [1.830078125, 0.0], [1.83203125, 0.0], [1.833984375, 0.0], [1.8359375, 0.0], [1.837890625, 0.0], [1.83984375, 0.0], [1.841796875, 0.0], [1.84375, 0.0], [1.845703125, 0.0], [1.84765625, 0.0], [1.849609375, 0.0], [1.8515625, 0.0], [1.853515625, 0.0], [1.85546875, 0.0], [1.857421875, 0.0], [1.859375, 0.0], [1.861328125, 0.0], [1.86328125, 0.0], [1.865234375, 0.0], [1.8671875, 0.0], [1.869140625, 0.0], [1.87109375, 0.0], [1.873046875, 0.0], [1.875, 0.0], [1.876953125, 0.0], [1.87890625, 0.0], [1.880859375, 0.0], [1.8828125, 0.0], [1.884765625, 0.0], [1.88671875, 0.0], [1.888671875, 0.0], [1.890625, 0.0], [1.892578125, 0.0], [1.89453125, 0.0], [1.896484375, 0.0], [1.8984375, 0.0], [1.900390625, 0.0], [1.90234375, 0.0], [1.904296875, 0.0], [1.90625, 0.0], [1.908203125, 0.0], [1.91015625, 0.0], [1.912109375, 0.0], [1.9140625, 0.0], [1.916015625, 0.0], [1.91796875, 0.0], [1.919921875, 0.0], [1.921875, 0.0], [1.923828125, 0.0], [1.92578125, 0.0], [1.927734375, 0.0], [1.9296875, 0.0], [1.931640625, 0.0], [1.93359375, 0.0], [1.935546875, 0.0], [1.9375, 0.0], [1.939453125, 0.0], [1.94140625, 0.0], [1.943359375, 0.0], [1.9453125, 0.0], [1.947265625, 0.0], [1.94921875, 0.0], [1.951171875, 0.0], [1.953125, 0.0], [1.955078125, 0.0], [1.95703125, 0.0], [1.958984375, 0.0], [1.9609375, 0.0], [1.962890625, 0.0], [1.96484375, 0.0], [1.966796875, 0.0], [1.96875, 0.0], [1.970703125, 0.0], [1.97265625, 0.0], [1.974609375, 0.0], [1.9765625, 0.0], [1.978515625, 0.0], [1.98046875, 0.0], [1.982421875, 0.0], [1.984375, 0.0], [1.986328125, 0.0], [1.98828125, 0.0], [1.990234375, 0.0], [1.9921875, 0.0], [1.994140625, 0.0], [1.99609375, 0.0], [1.998046875, 0.0], [2.0, 0.0], [2.0, 0.001953125], [2.0, 0.00390625], [2.0, 0.005859375], [2.0, 0.0078125], [2.0, 0.009765625], [2.0, 0.01171875], [2.0, 0.013671875], [2.0, 0.015625], [2.0, 0.017578125], [2.0, 0.01953125], [2.0, 0.021484375], [2.0, 0.0234375], [2.0, 0.025390625], [2.0, 0.02734375], [2.0, 0.029296875], [2.0, 0.03125], [2.0, 0.033203125], [2.0, 0.03515625], [2.0, 0.037109375], [2.0, 0.0390625], [2.0, 0.041015625], [2.0, 0.04296875], [2.0, 0.044921875], [2.0, 0.046875], [2.0, 0.048828125], [2.0, 0.05078125], [2.0, 0.052734375], [2.0, 0.0546875], [2.0, 0.056640625], [2.0, 0.05859375], [2.0, 0.060546875], [2.0, 0.0625], [2.0, 0.064453125], [2.0, 0.06640625], [2.0, 0.068359375], [2.0, 0.0703125], [2.0, 0.072265625], [2.0, 0.07421875], [2.0, 0.076171875], [2.0, 0.078125], [2.0, 0.080078125], [2.0, 0.08203125], [2.0, 0.083984375], [2.0, 0.0859375], [2.0, 0.087890625], [2.0, 0.08984375], [2.0, 0.091796875], [2.0, 0.09375], [2.0, 0.095703125], [2.0, 0.09765625], [2.0, 0.099609375], [2.0, 0.1015625], [2.0, 0.103515625], [2.0, 0.10546875], [2.0, 0.107421875], [2.0, 0.109375], [2.0, 0.111328125], [2.0, 0.11328125], [2.0, 0.115234375], [2.0, 0.1171875], [2.0, 0.119140625], [2.0, 0.12109375], [2.0, 0.123046875], [2.0, 0.125], [2.0, 0.126953125], [2.0, 0.12890625], [2.0, 0.130859375], [2.0, 0.1328125], [2.0, 0.134765625], [2.0, 0.13671875], [2.0, 0.138671875], [2.0, 0.140625], [2.0, 0.142578125], [2.0, 0.14453125], [2.0, 0.146484375], [2.0, 0.1484375], [2.0, 0.150390625], [2.0, 0.15234375], [2.0, 0.154296875], [2.0, 0.15625], [2.0, 0.158203125], [2.0, 0.16015625], [2.0, 0.162109375], [2.0, 0.1640625], [2.0, 0.166015625], [2.0, 0.16796875], [2.0, 0.169921875], [2.0, 0.171875], [2.0, 0.173828125], [2.0, 0.17578125], [2.0, 0.177734375], [2.0, 0.1796875], [2.0, 0.181640625], [2.0, 0.18359375], [2.0, 0.185546875], [2.0, 0.1875], [2.0, 0.189453125], [2.0, 0.19140625], [2.0, 0.193359375], [2.0, 0.1953125], [2.0, 0.197265625], [2.0, 0.19921875], [2.0, 0.201171875], [2.0, 0.203125], [2.0, 0.205078125], [2.0, 0.20703125], [2.0, 0.208984375], [2.0, 0.2109375], [2.0, 0.212890625], [2.0, 0.21484375], [2.0, 0.216796875], [2.0, 0.21875], [2.0, 0.220703125], [2.0, 0.22265625], [2.0, 0.224609375], [2.0, 0.2265625], [2.0, 0.228515625], [2.0, 0.23046875], [2.0, 0.232421875], [2.0, 0.234375], [2.0, 0.236328125], [2.0, 0.23828125], [2.0, 0.240234375], [2.0, 0.2421875], [2.0, 0.244140625], [2.0, 0.24609375], [2.0, 0.248046875], [2.0, 0.25], [2.0, 0.251953125], [2.0, 0.25390625], [2.0, 0.255859375], [2.0, 0.2578125], [2.0, 0.259765625], [2.0, 0.26171875], [2.0, 0.263671875], [2.0, 0.265625], [2.0, 0.267578125], [2.0, 0.26953125], [2.0, 0.271484375], [2.0, 0.2734375], [2.0, 0.275390625], [2.0, 0.27734375], [2.0, 0.279296875], [2.0, 0.28125], [2.0, 0.283203125], [2.0, 0.28515625], [2.0, 0.287109375], [2.0, 0.2890625], [2.0, 0.291015625], [2.0, 0.29296875], [2.0, 0.294921875], [2.0, 0.296875], [2.0, 0.298828125], [2.0, 0.30078125], [2.0, 0.302734375], [2.0, 0.3046875], [2.0, 0.306640625], [2.0, 0.30859375], [2.0, 0.310546875], [2.0, 0.3125], [2.0, 0.314453125], [2.0, 0.31640625], [2.0, 0.318359375], [2.0, 0.3203125], [2.0, 0.322265625], [2.0, 0.32421875], [2.0, 0.326171875], [2.0, 0.328125], [2.0, 0.330078125], [2.0, 0.33203125], [2.0, 0.333984375], [2.0, 0.3359375], [2.0, 0.337890625], [2.0, 0.33984375], [2.0, 0.341796875], [2.0, 0.34375], [2.0, 0.345703125], [2.0, 0.34765625], [2.0, 0.349609375], [2.0, 0.3515625], [2.0, 0.353515625], [2.0, 0.35546875], [2.0, 0.357421875], [2.0, 0.359375], [2.0, 0.361328125], [2.0, 0.36328125], [2.0, 0.365234375], [2.0, 0.3671875], [2.0, 0.369140625], [2.0, 0.37109375], [2.0, 0.373046875], [2.0, 0.375], [2.0, 0.376953125], [2.0, 0.37890625], [2.0, 0.380859375], [2.0, 0.3828125], [2.0, 0.384765625], [2.0, 0.38671875], [2.0, 0.388671875], [2.0, 0.390625], [2.0, 0.392578125], [2.0, 0.39453125], [2.0, 0.396484375], [2.0, 0.3984375], [2.0, 0.400390625], [2.0, 0.40234375], [2.0, 0.404296875], [2.0, 0.40625], [2.0, 0.408203125], [2.0, 0.41015625], [2.0, 0.412109375], [2.0, 0.4140625], [2.0, 0.416015625], [2.0, 0.41796875], [2.0, 0.419921875], [2.0, 0.421875], [2.0, 0.423828125], [2.0, 0.42578125], [2.0, 0.427734375], [2.0, 0.4296875], [2.0, 0.431640625], [2.0, 0.43359375], [2.0, 0.435546875], [2.0, 0.4375], [2.0, 0.439453125], [2.0, 0.44140625], [2.0, 0.443359375], [2.0, 0.4453125], [2.0, 0.447265625], [2.0, 0.44921875], [2.0, 0.451171875], [2.0, 0.453125], [2.0, 0.455078125], [2.0, 0.45703125], [2.0, 0.458984375], [2.0, 0.4609375], [2.0, 0.462890625], [2.0, 0.46484375], [2.0, 0.466796875], [2.0, 0.46875], [2.0, 0.470703125], [2.0, 0.47265625], [2.0, 0.474609375], [2.0, 0.4765625], [2.0, 0.478515625], [2.0, 0.48046875], [2.0, 0.482421875], [2.0, 0.484375], [2.0, 0.486328125], [2.0, 0.48828125], [2.0, 0.490234375], [2.0, 0.4921875], [2.0, 0.494140625], [2.0, 0.49609375], [2.0, 0.498046875], [2.0, 0.5], [2.0, 0.501953125], [2.0, 0.50390625], [2.0, 0.505859375], [2.0, 0.5078125], [2.0, 0.509765625], [2.0, 0.51171875], [2.0, 0.513671875], [2.0, 0.515625], [2.0, 0.517578125], [2.0, 0.51953125], [2.0, 0.521484375], [2.0, 0.5234375], [2.0, 0.525390625], [2.0, 0.52734375], [2.0, 0.529296875], [2.0, 0.53125], [2.0, 0.533203125], [2.0, 0.53515625], [2.0, 0.537109375], [2.0, 0.5390625], [2.0, 0.541015625], [2.0, 0.54296875], [2.0, 0.544921875], [2.0, 0.546875], [2.0, 0.548828125], [2.0, 0.55078125], [2.0, 0.552734375], [2.0, 0.5546875], [2.0, 0.556640625], [2.0, 0.55859375], [2.0, 0.560546875], [2.0, 0.5625], [2.0, 0.564453125], [2.0, 0.56640625], [2.0, 0.568359375], [2.0, 0.5703125], [2.0, 0.572265625], [2.0, 0.57421875], [2.0, 0.576171875], [2.0, 0.578125], [2.0, 0.580078125], [2.0, 0.58203125], [2.0, 0.583984375], [2.0, 0.5859375], [2.0, 0.587890625], [2.0, 0.58984375], [2.0, 0.591796875], [2.0, 0.59375], [2.0, 0.595703125], [2.0, 0.59765625], [2.0, 0.599609375], [2.0, 0.6015625], [2.0, 0.603515625], [2.0, 0.60546875], [2.0, 0.607421875], [2.0, 0.609375], [2.0, 0.611328125], [2.0, 0.61328125], [2.0, 0.615234375], [2.0, 0.6171875], [2.0, 0.619140625], [2.0, 0.62109375], [2.0, 0.623046875], [2.0, 0.625], [2.0, 0.626953125], [2.0, 0.62890625], [2.0, 0.630859375], [2.0, 0.6328125], [2.0, 0.634765625], [2.0, 0.63671875], [2.0, 0.638671875], [2.0, 0.640625], [2.0, 0.642578125], [2.0, 0.64453125], [2.0, 0.646484375], [2.0, 0.6484375], [2.0, 0.650390625], [2.0, 0.65234375], [2.0, 0.654296875], [2.0, 0.65625], [2.0, 0.658203125], [2.0, 0.66015625], [2.0, 0.662109375], [2.0, 0.6640625], [2.0, 0.666015625], [2.0, 0.66796875], [2.0, 0.669921875], [2.0, 0.671875], [2.0, 0.673828125], [2.0, 0.67578125], [2.0, 0.677734375], [2.0, 0.6796875], [2.0, 0.681640625], [2.0, 0.68359375], [2.0, 0.685546875], [2.0, 0.6875], [2.0, 0.689453125], [2.0, 0.69140625], [2.0, 0.693359375], [2.0, 0.6953125], [2.0, 0.697265625], [2.0, 0.69921875], [2.0, 0.701171875], [2.0, 0.703125], [2.0, 0.705078125], [2.0, 0.70703125], [2.0, 0.708984375], [2.0, 0.7109375], [2.0, 0.712890625], [2.0, 0.71484375], [2.0, 0.716796875], [2.0, 0.71875], [2.0, 0.720703125], [2.0, 0.72265625], [2.0, 0.724609375], [2.0, 0.7265625], [2.0, 0.728515625], [2.0, 0.73046875], [2.0, 0.732421875], [2.0, 0.734375], [2.0, 0.736328125], [2.0, 0.73828125], [2.0, 0.740234375], [2.0, 0.7421875], [2.0, 0.744140625], [2.0, 0.74609375], [2.0, 0.748046875], [2.0, 0.75], [2.0, 0.751953125], [2.0, 0.75390625], [2.0, 0.755859375], [2.0, 0.7578125], [2.0, 0.759765625], [2.0, 0.76171875], [2.0, 0.763671875], [2.0, 0.765625], [2.0, 0.767578125], [2.0, 0.76953125], [2.0, 0.771484375], [2.0, 0.7734375], [2.0, 0.775390625], [2.0, 0.77734375], [2.0, 0.779296875], [2.0, 0.78125], [2.0, 0.783203125], [2.0, 0.78515625], [2.0, 0.787109375], [2.0, 0.7890625], [2.0, 0.791015625], [2.0, 0.79296875], [2.0, 0.794921875], [2.0, 0.796875], [2.0, 0.798828125], [2.0, 0.80078125], [2.0, 0.802734375], [2.0, 0.8046875], [2.0, 0.806640625], [2.0, 0.80859375], [2.0, 0.810546875], [2.0, 0.8125], [2.0, 0.814453125], [2.0, 0.81640625], [2.0, 0.818359375], [2.0, 0.8203125], [2.0, 0.822265625], [2.0, 0.82421875], [2.0, 0.826171875], [2.0, 0.828125], [2.0, 0.830078125], [2.0, 0.83203125], [2.0, 0.833984375], [2.0, 0.8359375], [2.0, 0.837890625], [2.0, 0.83984375], [2.0, 0.841796875], [2.0, 0.84375], [2.0, 0.845703125], [2.0, 0.84765625], [2.0, 0.849609375], [2.0, 0.8515625], [2.0, 0.853515625], [2.0, 0.85546875], [2.0, 0.857421875], [2.0, 0.859375], [2.0, 0.861328125], [2.0, 0.86328125], [2.0, 0.865234375], [2.0, 0.8671875], [2.0, 0.869140625], [2.0, 0.87109375], [2.0, 0.873046875], [2.0, 0.875], [2.0, 0.876953125], [2.0, 0.87890625], [2.0, 0.880859375], [2.0, 0.8828125], [2.0, 0.884765625], [2.0, 0.88671875], [2.0, 0.888671875], [2.0, 0.890625], [2.0, 0.892578125], [2.0, 0.89453125], [2.0, 0.896484375], [2.0, 0.8984375], [2.0, 0.900390625], [2.0, 0.90234375], [2.0, 0.904296875], [2.0, 0.90625], [2.0, 0.908203125], [2.0, 0.91015625], [2.0, 0.912109375], [2.0, 0.9140625], [2.0, 0.916015625], [2.0, 0.91796875], [2.0, 0.919921875], [2.0, 0.921875], [2.0, 0.923828125], [2.0, 0.92578125], [2.0, 0.927734375], [2.0, 0.9296875], [2.0, 0.931640625], [2.0, 0.93359375], [2.0, 0.935546875], [2.0, 0.9375], [2.0, 0.939453125], [2.0, 0.94140625], [2.0, 0.943359375], [2.0, 0.9453125], [2.0, 0.947265625], [2.0, 0.94921875], [2.0, 0.951171875], [2.0, 0.953125], [2.0, 0.955078125], [2.0, 0.95703125], [2.0, 0.958984375], [2.0, 0.9609375], [2.0, 0.962890625], [2.0, 0.96484375], [2.0, 0.966796875], [2.0, 0.96875], [2.0, 0.970703125], [2.0, 0.97265625], [2.0, 0.974609375], [2.0, 0.9765625], [2.0, 0.978515625], [2.0, 0.98046875], [2.0, 0.982421875], [2.0, 0.984375], [2.0, 0.986328125], [2.0, 0.98828125], [2.0, 0.990234375], [2.0, 0.9921875], [2.0, 0.994140625], [2.0, 0.99609375], [2.0, 0.998046875], [2.0, 1.0], [1.998046875, 1.0], [1.99609375, 1.0], [1.994140625, 1.0], [1.9921875, 1.0], [1.990234375, 1.0], [1.98828125, 1.0], [1.986328125, 1.0], [1.984375, 1.0], [1.982421875, 1.0], [1.98046875, 1.0], [1.978515625, 1.0], [1.9765625, 1.0], [1.974609375, 1.0], [1.97265625, 1.0], [1.970703125, 1.0], [1.96875, 1.0], [1.966796875, 1.0], [1.96484375, 1.0], [1.962890625, 1.0], [1.9609375, 1.0], [1.958984375, 1.0], [1.95703125, 1.0], [1.955078125, 1.0], [1.953125, 1.0], [1.951171875, 1.0], [1.94921875, 1.0], [1.947265625, 1.0], [1.9453125, 1.0], [1.943359375, 1.0], [1.94140625, 1.0], [1.939453125, 1.0], [1.9375, 1.0], [1.935546875, 1.0], [1.93359375, 1.0], [1.931640625, 1.0], [1.9296875, 1.0], [1.927734375, 1.0], [1.92578125, 1.0], [1.923828125, 1.0], [1.921875, 1.0], [1.919921875, 1.0], [1.91796875, 1.0], [1.916015625, 1.0], [1.9140625, 1.0], [1.912109375, 1.0], [1.91015625, 1.0], [1.908203125, 1.0], [1.90625, 1.0], [1.904296875, 1.0], [1.90234375, 1.0], [1.900390625, 1.0], [1.8984375, 1.0], [1.896484375, 1.0], [1.89453125, 1.0], [1.892578125, 1.0], [1.890625, 1.0], [1.888671875, 1.0], [1.88671875, 1.0], [1.884765625, 1.0], [1.8828125, 1.0], [1.880859375, 1.0], [1.87890625, 1.0], [1.876953125, 1.0], [1.875, 1.0], [1.873046875, 1.0], [1.87109375, 1.0], [1.869140625, 1.0], [1.8671875, 1.0], [1.865234375, 1.0], [1.86328125, 1.0], [1.861328125, 1.0], [1.859375, 1.0], [1.857421875, 1.0], [1.85546875, 1.0], [1.853515625, 1.0], [1.8515625, 1.0], [1.849609375, 1.0], [1.84765625, 1.0], [1.845703125, 1.0], [1.84375, 1.0], [1.841796875, 1.0], [1.83984375, 1.0], [1.837890625, 1.0], [1.8359375, 1.0], [1.833984375, 1.0], [1.83203125, 1.0], [1.830078125, 1.0], [1.828125, 1.0], [1.826171875, 1.0], [1.82421875, 1.0], [1.822265625, 1.0], [1.8203125, 1.0], [1.818359375, 1.0], [1.81640625, 1.0], [1.814453125, 1.0], [1.8125, 1.0], [1.810546875, 1.0], [1.80859375, 1.0], [1.806640625, 1.0], [1.8046875, 1.0], [1.802734375, 1.0], [1.80078125, 1.0], [1.798828125, 1.0], [1.796875, 1.0], [1.794921875, 1.0], [1.79296875, 1.0], [1.791015625, 1.0], [1.7890625, 1.0], [1.787109375, 1.0], [1.78515625, 1.0], [1.783203125, 1.0], [1.78125, 1.0], [1.779296875, 1.0], [1.77734375, 1.0], [1.775390625, 1.0], [1.7734375, 1.0], [1.771484375, 1.0], [1.76953125, 1.0], [1.767578125, 1.0], [1.765625, 1.0], [1.763671875, 1.0], [1.76171875, 1.0], [1.759765625, 1.0], [1.7578125, 1.0], [1.755859375, 1.0], [1.75390625, 1.0], [1.751953125, 1.0], [1.75, 1.0], [1.748046875, 1.0], [1.74609375, 1.0], [1.744140625, 1.0], [1.7421875, 1.0], [1.740234375, 1.0], [1.73828125, 1.0], [1.736328125, 1.0], [1.734375, 1.0], [1.732421875, 1.0], [1.73046875, 1.0], [1.728515625, 1.0], [1.7265625, 1.0], [1.724609375, 1.0], [1.72265625, 1.0], [1.720703125, 1.0], [1.71875, 1.0], [1.716796875, 1.0], [1.71484375, 1.0], [1.712890625, 1.0], [1.7109375, 1.0], [1.708984375, 1.0], [1.70703125, 1.0], [1.705078125, 1.0], [1.703125, 1.0], [1.701171875, 1.0], [1.69921875, 1.0], [1.697265625, 1.0], [1.6953125, 1.0], [1.693359375, 1.0], [1.69140625, 1.0], [1.689453125, 1.0], [1.6875, 1.0], [1.685546875, 1.0], [1.68359375, 1.0], [1.681640625, 1.0], [1.6796875, 1.0], [1.677734375, 1.0], [1.67578125, 1.0], [1.673828125, 1.0], [1.671875, 1.0], [1.669921875, 1.0], [1.66796875, 1.0], [1.666015625, 1.0], [1.6640625, 1.0], [1.662109375, 1.0], [1.66015625, 1.0], [1.658203125, 1.0], [1.65625, 1.0], [1.654296875, 1.0], [1.65234375, 1.0], [1.650390625, 1.0], [1.6484375, 1.0], [1.646484375, 1.0], [1.64453125, 1.0], [1.642578125, 1.0], [1.640625, 1.0], [1.638671875, 1.0], [1.63671875, 1.0], [1.634765625, 1.0], [1.6328125, 1.0], [1.630859375, 1.0], [1.62890625, 1.0], [1.626953125, 1.0], [1.625, 1.0], [1.623046875, 1.0], [1.62109375, 1.0], [1.619140625, 1.0], [1.6171875, 1.0], [1.615234375, 1.0], [1.61328125, 1.0], [1.611328125, 1.0], [1.609375, 1.0], [1.607421875, 1.0], [1.60546875, 1.0], [1.603515625, 1.0], [1.6015625, 1.0], [1.599609375, 1.0], [1.59765625, 1.0], [1.595703125, 1.0], [1.59375, 1.0], [1.591796875, 1.0], [1.58984375, 1.0], [1.587890625, 1.0], [1.5859375, 1.0], [1.583984375, 1.0], [1.58203125, 1.0], [1.580078125, 1.0], [1.578125, 1.0], [1.576171875, 1.0], [1.57421875, 1.0], [1.572265625, 1.0], [1.5703125, 1.0], [1.568359375, 1.0], [1.56640625, 1.0], [1.564453125, 1.0], [1.5625, 1.0], [1.560546875, 1.0], [1.55859375, 1.0], [1.556640625, 1.0], [1.5546875, 1.0], [1.552734375, 1.0], [1.55078125, 1.0], [1.548828125, 1.0], [1.546875, 1.0], [1.544921875, 1.0], [1.54296875, 1.0], [1.541015625, 1.0], [1.5390625, 1.0], [1.537109375, 1.0], [1.53515625, 1.0], [1.533203125, 1.0], [1.53125, 1.0], [1.529296875, 1.0], [1.52734375, 1.0], [1.525390625, 1.0], [1.5234375, 1.0], [1.521484375, 1.0], [1.51953125, 1.0], [1.517578125, 1.0], [1.515625, 1.0], [1.513671875, 1.0], [1.51171875, 1.0], [1.509765625, 1.0], [1.5078125, 1.0], [1.505859375, 1.0], [1.50390625, 1.0], [1.501953125, 1.0], [1.5, 1.0], [1.498046875, 1.0], [1.49609375, 1.0], [1.494140625, 1.0], [1.4921875, 1.0], [1.490234375, 1.0], [1.48828125, 1.0], [1.486328125, 1.0], [1.484375, 1.0], [1.482421875, 1.0], [1.48046875, 1.0], [1.478515625, 1.0], [1.4765625, 1.0], [1.474609375, 1.0], [1.47265625, 1.0], [1.470703125, 1.0], [1.46875, 1.0], [1.466796875, 1.0], [1.46484375, 1.0], [1.462890625, 1.0], [1.4609375, 1.0], [1.458984375, 1.0], [1.45703125, 1.0], [1.455078125, 1.0], [1.453125, 1.0], [1.451171875, 1.0], [1.44921875, 1.0], [1.447265625, 1.0], [1.4453125, 1.0], [1.443359375, 1.0], [1.44140625, 1.0], [1.439453125, 1.0], [1.4375, 1.0], [1.435546875, 1.0], [1.43359375, 1.0], [1.431640625, 1.0], [1.4296875, 1.0], [1.427734375, 1.0], [1.42578125, 1.0], [1.423828125, 1.0], [1.421875, 1.0], [1.419921875, 1.0], [1.41796875, 1.0], [1.416015625, 1.0], [1.4140625, 1.0], [1.412109375, 1.0], [1.41015625, 1.0], [1.408203125, 1.0], [1.40625, 1.0], [1.404296875, 1.0], [1.40234375, 1.0], [1.400390625, 1.0], [1.3984375, 1.0], [1.396484375, 1.0], [1.39453125, 1.0], [1.392578125, 1.0], [1.390625, 1.0], [1.388671875, 1.0], [1.38671875, 1.0], [1.384765625, 1.0], [1.3828125, 1.0], [1.380859375, 1.0], [1.37890625, 1.0], [1.376953125, 1.0], [1.375, 1.0], [1.373046875, 1.0], [1.37109375, 1.0], [1.369140625, 1.0], [1.3671875, 1.0], [1.365234375, 1.0], [1.36328125, 1.0], [1.361328125, 1.0], [1.359375, 1.0], [1.357421875, 1.0], [1.35546875, 1.0], [1.353515625, 1.0], [1.3515625, 1.0], [1.349609375, 1.0], [1.34765625, 1.0], [1.345703125, 1.0], [1.34375, 1.0], [1.341796875, 1.0], [1.33984375, 1.0], [1.337890625, 1.0], [1.3359375, 1.0], [1.333984375, 1.0], [1.33203125, 1.0], [1.330078125, 1.0], [1.328125, 1.0], [1.326171875, 1.0], [1.32421875, 1.0], [1.322265625, 1.0], [1.3203125, 1.0], [1.318359375, 1.0], [1.31640625, 1.0], [1.314453125, 1.0], [1.3125, 1.0], [1.310546875, 1.0], [1.30859375, 1.0], [1.306640625, 1.0], [1.3046875, 1.0], [1.302734375, 1.0], [1.30078125, 1.0], [1.298828125, 1.0], [1.296875, 1.0], [1.294921875, 1.0], [1.29296875, 1.0], [1.291015625, 1.0], [1.2890625, 1.0], [1.287109375, 1.0], [1.28515625, 1.0], [1.283203125, 1.0], [1.28125, 1.0], [1.279296875, 1.0], [1.27734375, 1.0], [1.275390625, 1.0], [1.2734375, 1.0], [1.271484375, 1.0], [1.26953125, 1.0], [1.267578125, 1.0], [1.265625, 1.0], [1.263671875, 1.0], [1.26171875, 1.0], [1.259765625, 1.0], [1.2578125, 1.0], [1.255859375, 1.0], [1.25390625, 1.0], [1.251953125, 1.0], [1.25, 1.0], [1.248046875, 1.0], [1.24609375, 1.0], [1.244140625, 1.0], [1.2421875, 1.0], [1.240234375, 1.0], [1.23828125, 1.0], [1.236328125, 1.0], [1.234375, 1.0], [1.232421875, 1.0], [1.23046875, 1.0], [1.228515625, 1.0], [1.2265625, 1.0], [1.224609375, 1.0], [1.22265625, 1.0], [1.220703125, 1.0], [1.21875, 1.0], [1.216796875, 1.0], [1.21484375, 1.0], [1.212890625, 1.0], [1.2109375, 1.0], [1.208984375, 1.0], [1.20703125, 1.0], [1.205078125, 1.0], [1.203125, 1.0], [1.201171875, 1.0], [1.19921875, 1.0], [1.197265625, 1.0], [1.1953125, 1.0], [1.193359375, 1.0], [1.19140625, 1.0], [1.189453125, 1.0], [1.1875, 1.0], [1.185546875, 1.0], [1.18359375, 1.0], [1.181640625, 1.0], [1.1796875, 1.0], [1.177734375, 1.0], [1.17578125, 1.0], [1.173828125, 1.0], [1.171875, 1.0], [1.169921875, 1.0], [1.16796875, 1.0], [1.166015625, 1.0], [1.1640625, 1.0], [1.162109375, 1.0], [1.16015625, 1.0], [1.158203125, 1.0], [1.15625, 1.0], [1.154296875, 1.0], [1.15234375, 1.0], [1.150390625, 1.0], [1.1484375, 1.0], [1.146484375, 1.0], [1.14453125, 1.0], [1.142578125, 1.0], [1.140625, 1.0], [1.138671875, 1.0], [1.13671875, 1.0], [1.134765625, 1.0], [1.1328125, 1.0], [1.130859375, 1.0], [1.12890625, 1.0], [1.126953125, 1.0], [1.125, 1.0], [1.123046875, 1.0], [1.12109375, 1.0], [1.119140625, 1.0], [1.1171875, 1.0], [1.115234375, 1.0], [1.11328125, 1.0], [1.111328125, 1.0], [1.109375, 1.0], [1.107421875, 1.0], [1.10546875, 1.0], [1.103515625, 1.0], [1.1015625, 1.0], [1.099609375, 1.0], [1.09765625, 1.0], [1.095703125, 1.0], [1.09375, 1.0], [1.091796875, 1.0], [1.08984375, 1.0], [1.087890625, 1.0], [1.0859375, 1.0], [1.083984375, 1.0], [1.08203125, 1.0], [1.080078125, 1.0], [1.078125, 1.0], [1.076171875, 1.0], [1.07421875, 1.0], [1.072265625, 1.0], [1.0703125, 1.0], [1.068359375, 1.0], [1.06640625, 1.0], [1.064453125, 1.0], [1.0625, 1.0], [1.060546875, 1.0], [1.05859375, 1.0], [1.056640625, 1.0], [1.0546875, 1.0], [1.052734375, 1.0], [1.05078125, 1.0], [1.048828125, 1.0], [1.046875, 1.0], [1.044921875, 1.0], [1.04296875, 1.0], [1.041015625, 1.0], [1.0390625, 1.0], [1.037109375, 1.0], [1.03515625, 1.0], [1.033203125, 1.0], [1.03125, 1.0], [1.029296875, 1.0], [1.02734375, 1.0], [1.025390625, 1.0], [1.0234375, 1.0], [1.021484375, 1.0], [1.01953125, 1.0], [1.017578125, 1.0], [1.015625, 1.0], [1.013671875, 1.0], [1.01171875, 1.0], [1.009765625, 1.0], [1.0078125, 1.0], [1.005859375, 1.0], [1.00390625, 1.0], [1.001953125, 1.0], [1.0, 1.0], [1.0, 0.998046875], [1.0, 0.99609375], [1.0, 0.994140625], [1.0, 0.9921875], [1.0, 0.990234375], [1.0, 0.98828125], [1.0, 0.986328125], [1.0, 0.984375], [1.0, 0.982421875], [1.0, 0.98046875], [1.0, 0.978515625], [1.0, 0.9765625], [1.0, 0.974609375], [1.0, 0.97265625], [1.0, 0.970703125], [1.0, 0.96875], [1.0, 0.966796875], [1.0, 0.96484375], [1.0, 0.962890625], [1.0, 0.9609375], [1.0, 0.958984375], [1.0, 0.95703125], [1.0, 0.955078125], [1.0, 0.953125], [1.0, 0.951171875], [1.0, 0.94921875], [1.0, 0.947265625], [1.0, 0.9453125], [1.0, 0.943359375], [1.0, 0.94140625], [1.0, 0.939453125], [1.0, 0.9375], [1.0, 0.935546875], [1.0, 0.93359375], [1.0, 0.931640625], [1.0, 0.9296875], [1.0, 0.927734375], [1.0, 0.92578125], [1.0, 0.923828125], [1.0, 0.921875], [1.0, 0.919921875], [1.0, 0.91796875], [1.0, 0.916015625], [1.0, 0.9140625], [1.0, 0.912109375], [1.0, 0.91015625], [1.0, 0.908203125], [1.0, 0.90625], [1.0, 0.904296875], [1.0, 0.90234375], [1.0, 0.900390625], [1.0, 0.8984375], [1.0, 0.896484375], [1.0, 0.89453125], [1.0, 0.892578125], [1.0, 0.890625], [1.0, 0.888671875], [1.0, 0.88671875], [1.0, 0.884765625], [1.0, 0.8828125], [1.0, 0.880859375], [1.0, 0.87890625], [1.0, 0.876953125], [1.0, 0.875], [1.0, 0.873046875], [1.0, 0.87109375], [1.0, 0.869140625], [1.0, 0.8671875], [1.0, 0.865234375], [1.0, 0.86328125], [1.0, 0.861328125], [1.0, 0.859375], [1.0, 0.857421875], [1.0, 0.85546875], [1.0, 0.853515625], [1.0, 0.8515625], [1.0, 0.849609375], [1.0, 0.84765625], [1.0, 0.845703125], [1.0, 0.84375], [1.0, 0.841796875], [1.0, 0.83984375], [1.0, 0.837890625], [1.0, 0.8359375], [1.0, 0.833984375], [1.0, 0.83203125], [1.0, 0.830078125], [1.0, 0.828125], [1.0, 0.826171875], [1.0, 0.82421875], [1.0, 0.822265625], [1.0, 0.8203125], [1.0, 0.818359375], [1.0, 0.81640625], [1.0, 0.814453125], [1.0, 0.8125], [1.0, 0.810546875], [1.0, 0.80859375], [1.0, 0.806640625], [1.0, 0.8046875], [1.0, 0.802734375], [1.0, 0.80078125], [1.0, 0.798828125], [1.0, 0.796875], [1.0, 0.794921875], [1.0, 0.79296875], [1.0, 0.791015625], [1.0, 0.7890625], [1.0, 0.787109375], [1.0, 0.78515625], [1.0, 0.783203125], [1.0, 0.78125], [1.0, 0.779296875], [1.0, 0.77734375], [1.0, 0.775390625], [1.0, 0.7734375], [1.0, 0.771484375], [1.0, 0.76953125], [1.0, 0.767578125], [1.0, 0.765625], [1.0, 0.763671875], [1.0, 0.76171875], [1.0, 0.759765625], [1.0, 0.7578125], [1.0, 0.755859375], [1.0, 0.75390625], [1.0, 0.751953125], [1.0, 0.75], [1.0, 0.748046875], [1.0, 0.74609375], [1.0, 0.744140625], [1.0, 0.7421875], [1.0, 0.740234375], [1.0, 0.73828125], [1.0, 0.736328125], [1.0, 0.734375], [1.0, 0.732421875], [1.0, 0.73046875], [1.0, 0.728515625], [1.0, 0.7265625], [1.0, 0.724609375], [1.0, 0.72265625], [1.0, 0.720703125], [1.0, 0.71875], [1.0, 0.716796875], [1.0, 0.71484375], [1.0, 0.712890625], [1.0, 0.7109375], [1.0, 0.708984375], [1.0, 0.70703125], [1.0, 0.705078125], [1.0, 0.703125], [1.0, 0.701171875], [1.0, 0.69921875], [1.0, 0.697265625], [1.0, 0.6953125], [1.0, 0.693359375], [1.0, 0.69140625], [1.0, 0.689453125], [1.0, 0.6875], [1.0, 0.685546875], [1.0, 0.68359375], [1.0, 0.681640625], [1.0, 0.6796875], [1.0, 0.677734375], [1.0, 0.67578125], [1.0, 0.673828125], [1.0, 0.671875], [1.0, 0.669921875], [1.0, 0.66796875], [1.0, 0.666015625], [1.0, 0.6640625], [1.0, 0.662109375], [1.0, 0.66015625], [1.0, 0.658203125], [1.0, 0.65625], [1.0, 0.654296875], [1.0, 0.65234375], [1.0, 0.650390625], [1.0, 0.6484375], [1.0, 0.646484375], [1.0, 0.64453125], [1.0, 0.642578125], [1.0, 0.640625], [1.0, 0.638671875], [1.0, 0.63671875], [1.0, 0.634765625], [1.0, 0.6328125], [1.0, 0.630859375], [1.0, 0.62890625], [1.0, 0.626953125], [1.0, 0.625], [1.0, 0.623046875], [1.0, 0.62109375], [1.0, 0.619140625], [1.0, 0.6171875], [1.0, 0.615234375], [1.0, 0.61328125], [1.0, 0.611328125], [1.0, 0.609375], [1.0, 0.607421875], [1.0, 0.60546875], [1.0, 0.603515625], [1.0, 0.6015625], [1.0, 0.599609375], [1.0, 0.59765625], [1.0, 0.595703125], [1.0, 0.59375], [1.0, 0.591796875], [1.0, 0.58984375], [1.0, 0.587890625], [1.0, 0.5859375], [1.0, 0.583984375], [1.0, 0.58203125], [1.0, 0.580078125], [1.0, 0.578125], [1.0, 0.576171875], [1.0, 0.57421875], [1.0, 0.572265625], [1.0, 0.5703125], [1.0, 0.568359375], [1.0, 0.56640625], [1.0, 0.564453125], [1.0, 0.5625], [1.0, 0.560546875], [1.0, 0.55859375], [1.0, 0.556640625], [1.0, 0.5546875], [1.0, 0.552734375], [1.0, 0.55078125], [1.0, 0.548828125], [1.0, 0.546875], [1.0, 0.544921875], [1.0, 0.54296875], [1.0, 0.541015625], [1.0, 0.5390625], [1.0, 0.537109375], [1.0, 0.53515625], [1.0, 0.533203125], [1.0, 0.53125], [1.0, 0.529296875], [1.0, 0.52734375], [1.0, 0.525390625], [1.0, 0.5234375], [1.0, 0.521484375], [1.0, 0.51953125], [1.0, 0.517578125], [1.0, 0.515625], [1.0, 0.513671875], [1.0, 0.51171875], [1.0, 0.509765625], [1.0, 0.5078125], [1.0, 0.505859375], [1.0, 0.50390625], [1.0, 0.501953125], [1.0, 0.5], [1.0, 0.498046875], [1.0, 0.49609375], [1.0, 0.494140625], [1.0, 0.4921875], [1.0, 0.490234375], [1.0, 0.48828125], [1.0, 0.486328125], [1.0, 0.484375], [1.0, 0.482421875], [1.0, 0.48046875], [1.0, 0.478515625], [1.0, 0.4765625], [1.0, 0.474609375], [1.0, 0.47265625], [1.0, 0.470703125], [1.0, 0.46875], [1.0, 0.466796875], [1.0, 0.46484375], [1.0, 0.462890625], [1.0, 0.4609375], [1.0, 0.458984375], [1.0, 0.45703125], [1.0, 0.455078125], [1.0, 0.453125], [1.0, 0.451171875], [1.0, 0.44921875], [1.0, 0.447265625], [1.0, 0.4453125], [1.0, 0.443359375], [1.0, 0.44140625], [1.0, 0.439453125], [1.0, 0.4375], [1.0, 0.435546875], [1.0, 0.43359375], [1.0, 0.431640625], [1.0, 0.4296875], [1.0, 0.427734375], [1.0, 0.42578125], [1.0, 0.423828125], [1.0, 0.421875], [1.0, 0.419921875], [1.0, 0.41796875], [1.0, 0.416015625], [1.0, 0.4140625], [1.0, 0.412109375], [1.0, 0.41015625], [1.0, 0.408203125], [1.0, 0.40625], [1.0, 0.404296875], [1.0, 0.40234375], [1.0, 0.400390625], [1.0, 0.3984375], [1.0, 0.396484375], [1.0, 0.39453125], [1.0, 0.392578125], [1.0, 0.390625], [1.0, 0.388671875], [1.0, 0.38671875], [1.0, 0.384765625], [1.0, 0.3828125], [1.0, 0.380859375], [1.0, 0.37890625], [1.0, 0.376953125], [1.0, 0.375], [1.0, 0.373046875], [1.0, 0.37109375], [1.0, 0.369140625], [1.0, 0.3671875], [1.0, 0.365234375], [1.0, 0.36328125], [1.0, 0.361328125], [1.0, 0.359375], [1.0, 0.357421875], [1.0, 0.35546875], [1.0, 0.353515625], [1.0, 0.3515625], [1.0, 0.349609375], [1.0, 0.34765625], [1.0, 0.345703125], [1.0, 0.34375], [1.0, 0.341796875], [1.0, 0.33984375], [1.0, 0.337890625], [1.0, 0.3359375], [1.0, 0.333984375], [1.0, 0.33203125], [1.0, 0.330078125], [1.0, 0.328125], [1.0, 0.326171875], [1.0, 0.32421875], [1.0, 0.322265625], [1.0, 0.3203125], [1.0, 0.318359375], [1.0, 0.31640625], [1.0, 0.314453125], [1.0, 0.3125], [1.0, 0.310546875], [1.0, 0.30859375], [1.0, 0.306640625], [1.0, 0.3046875], [1.0, 0.302734375], [1.0, 0.30078125], [1.0, 0.298828125], [1.0, 0.296875], [1.0, 0.294921875], [1.0, 0.29296875], [1.0, 0.291015625], [1.0, 0.2890625], [1.0, 0.287109375], [1.0, 0.28515625], [1.0, 0.283203125], [1.0, 0.28125], [1.0, 0.279296875], [1.0, 0.27734375], [1.0, 0.275390625], [1.0, 0.2734375], [1.0, 0.271484375], [1.0, 0.26953125], [1.0, 0.267578125], [1.0, 0.265625], [1.0, 0.263671875], [1.0, 0.26171875], [1.0, 0.259765625], [1.0, 0.2578125], [1.0, 0.255859375], [1.0, 0.25390625], [1.0, 0.251953125], [1.0, 0.25], [1.0, 0.248046875], [1.0, 0.24609375], [1.0, 0.244140625], [1.0, 0.2421875], [1.0, 0.240234375], [1.0, 0.23828125], [1.0, 0.236328125], [1.0, 0.234375], [1.0, 0.232421875], [1.0, 0.23046875], [1.0, 0.228515625], [1.0, 0.2265625], [1.0, 0.224609375], [1.0, 0.22265625], [1.0, 0.220703125], [1.0, 0.21875], [1.0, 0.216796875], [1.0, 0.21484375], [1.0, 0.212890625], [1.0, 0.2109375], [1.0, 0.208984375], [1.0, 0.20703125], [1.0, 0.205078125], [1.0, 0.203125], [1.0, 0.201171875], [1.0, 0.19921875], [1.0, 0.197265625], [1.0, 0.1953125], [1.0, 0.193359375], [1.0, 0.19140625], [1.0, 0.189453125], [1.0, 0.1875], [1.0, 0.185546875], [1.0, 0.18359375], [1.0, 0.181640625], [1.0, 0.1796875], [1.0, 0.177734375], [1.0, 0.17578125], [1.0, 0.173828125], [1.0, 0.171875], [1.0, 0.169921875], [1.0, 0.16796875], [1.0, 0.166015625], [1.0, 0.1640625], [1.0, 0.162109375], [1.0, 0.16015625], [1.0, 0.158203125], [1.0, 0.15625], [1.0, 0.154296875], [1.0, 0.15234375], [1.0, 0.150390625], [1.0, 0.1484375], [1.0, 0.146484375], [1.0, 0.14453125], [1.0, 0.142578125], [1.0, 0.140625], [1.0, 0.138671875], [1.0, 0.13671875], [1.0, 0.134765625], [1.0, 0.1328125], [1.0, 0.130859375], [1.0, 0.12890625], [1.0, 0.126953125], [1.0, 0.125], [1.0, 0.123046875], [1.0, 0.12109375], [1.0, 0.119140625], [1.0, 0.1171875], [1.0, 0.115234375], [1.0, 0.11328125], [1.0, 0.111328125], [1.0, 0.109375], [1.0, 0.107421875], [1.0, 0.10546875], [1.0, 0.103515625], [1.0, 0.1015625], [1.0, 0.099609375], [1.0, 0.09765625], [1.0, 0.095703125], [1.0, 0.09375], [1.0, 0.091796875], [1.0, 0.08984375], [1.0, 0.087890625], [1.0, 0.0859375], [1.0, 0.083984375], [1.0, 0.08203125], [1.0, 0.080078125], [1.0, 0.078125], [1.0, 0.076171875], [1.0, 0.07421875], [1.0, 0.072265625], [1.0, 0.0703125], [1.0, 0.068359375], [1.0, 0.06640625], [1.0, 0.064453125], [1.0, 0.0625], [1.0, 0.060546875], [1.0, 0.05859375], [1.0, 0.056640625], [1.0, 0.0546875], [1.0, 0.052734375], [1.0, 0.05078125], [1.0, 0.048828125], [1.0, 0.046875], [1.0, 0.044921875], [1.0, 0.04296875], [1.0, 0.041015625], [1.0, 0.0390625], [1.0, 0.037109375], [1.0, 0.03515625], [1.0, 0.033203125], [1.0, 0.03125], [1.0, 0.029296875], [1.0, 0.02734375], [1.0, 0.025390625], [1.0, 0.0234375], [1.0, 0.021484375], [1.0, 0.01953125], [1.0, 0.017578125], [1.0, 0.015625], [1.0, 0.013671875], [1.0, 0.01171875], [1.0, 0.009765625], [1.0, 0.0078125], [1.0, 0.005859375], [1.0, 0.00390625], [1.0, 0.001953125], [1, 0]]]}}, {"type": "Feature", "id": "c2-0", "properties": {"id": "c2-0", "name": "cell 2,0", "value": 4.0922}, "geometry": {"type": "Polygon", "coordinates": [[[2.0, 0.0], [2.001953125, 0.0], [2.00390625, 0.0], [2.005859375, 0.0], [2.0078125, 0.0], [2.009765625, 0.0], [2.01171875, 0.0], [2.013671875, 0.0], [2.015625, 0.0], [2.017578125, 0.0], [2.01953125, 0.0], [2.021484375, 0.0], [2.0234375, 0.0], [2.025390625, 0.0], [2.02734375, 0.0], [2.029296875, 0.0], [2.03125, 0.0], [2.033203125, 0.0], [2.03515625, 0.0], [2.037109375, 0.0], [2.0390625, 0.0], [2.041015625, 0.0], [2.04296875, 0.0], [2.044921875, 0.0], [2.046875, 0.0], [2.048828125, 0.0], [2.05078125, 0.0], [2.052734375, 0.0], [2.0546875, 0.0], [2.056640625, 0.0], [2.05859375, 0.0], [2.060546875, 0.0], [2.0625, 0.0], [2.064453125, 0.0], [2.06640625, 0.0], [2.068359375, 0.0], [2.0703125, 0.0], [2.072265625, 0.0], [2.07421875, 0.0], [2.076171875, 0.0], [2.078125, 0.0], [2.080078125, 0.0], [2.08203125, 0.0], [2.083984375, 0.0], [2.0859375, 0.0], [2.087890625, 0.0], [2.08984375, 0.0], [2.091796875, 0.0], [2.09375, 0.0], [2.095703125, 0.0], [2.09765625, 0.0], [2.099609375, 0.0], [2.1015625, 0.0], [2.103515625, 0.0], [2.10546875, 0.0], [2.107421875, 0.0], [2.109375, 0.0], [2.111328125, 0.0], [2.11328125, 0.0], [2.115234375, 0.0], [2.1171875, 0.0], [2.119140625, 0.0], [2.12109375, 0.0], [2.123046875, 0.0], [2.125, 0.0], [2.126953125, 0.0], [2.12890625, 0.0], [2.130859375, 0.0], [2.1328125, 0.0], [2.134765625, 0.0], [2.13671875, 0.0], [2.138671875, 0.0], [2.140625, 0.0], [2.142578125, 0.0], [2.14453125, 0.0], [2.146484375, 0.0], [2.1484375, 0.0], [2.150390625, 0.0], [2.15234375, 0.0], [2.154296875, 0.0], [2.15625, 0.0], [2.158203125, 0.0], [2.16015625, 0.0], [2.162109375, 0.0], [2.1640625, 0.0], [2.166015625, 0.0], [2.16796875, 0.0], [2.169921875, 0.0], [2.171875, 0.0], [2.173828125, 0.0], [2.17578125, 0.0], [2.177734375, 0.0], [2.1796875, 0.0], [2.181640625, 0.0], [2.18359375, 0.0], [2.185546875, 0.0], [2.1875, 0.0], [2.189453125, 0.0], [2.19140625, 0.0], [2.193359375, 0.0], [2.1953125, 0.0], [2.197265625, 0.0], [2.19921875, 0.0], [2.201171875, 0.0], [2.203125, 0.0], [2.205078125, 0.0], [2.20703125, 0.0], [2.208984375, 0.0], [2.2109375, 0.0], [2.212890625, 0.0], [2.21484375, 0.0], [2.216796875, 0.0], [2.21875, 0.0], [2.220703125, 0.0], [2.22265625, 0.0], [2.224609375, 0.0], [2.2265625, 0.0], [2.228515625, 0.0], [2.23046875, 0.0], [2.232421875, 0.0], [2.234375, 0.0], [2.236328125, 0.0], [2.23828125, 0.0], [2.240234375, 0.0], [2.2421875, 0.0], [2.244140625, 0.0], [2.24609375, 0.0], [2.248046875, 0.0], [2.25, 0.0], [2.251953125, 0.0], [2.25390625, 0.0], [2.255859375, 0.0], [2.2578125, 0.0], [2.259765625, 0.0], [2.26171875, 0.0], [2.263671875, 0.0], [2.265625, 0.0], [2.267578125, 0.0], [2.26953125, 0.0], [2.271484375, 0.0], [2.2734375, 0.0], [2.275390625, 0.0], [2.27734375, 0.0], [2.279296875, 0.0], [2.28125, 0.0], [2.283203125, 0.0], [2.28515625, 0.0], [2.287109375, 0.0], [2.2890625, 0.0], [2.291015625, 0.0], [2.29296875, 0.0], [2.294921875, 0.0], [2.296875, 0.0], [2.298828125, 0.0], [2.30078125, 0.0], [2.302734375, 0.0], [2.3046875, 0.0], [2.306640625, 0.0], [2.30859375, 0.0], [2.310546875, 0.0], [2.3125, 0.0], [2.314453125, 0.0], [2.31640625, 0.0], [2.318359375, 0.0], [2.3203125, 0.0], [2.322265625, 0.0], [2.32421875, 0.0], [2.326171875, 0.0], [2.328125, 0.0], [2.330078125, 0.0], [2.33203125, 0.0], [2.333984375, 0.0], [2.3359375, 0.0], [2.337890625, 0.0], [2.33984375, 0.0], [2.341796875, 0.0], [2.34375, 0.0], [2.345703125, 0.0], [2.34765625, 0.0], [2.349609375, 0.0], [2.3515625, 0.0], [2.353515625, 0.0], [2.35546875, 0.0], [2.357421875, 0.0], [2.359375, 0.0], [2.361328125, 0.0], [2.36328125, 0.0], [2.365234375, 0.0], [2.3671875, 0.0], [2.369140625, 0.0], [2.37109375, 0.0], [2.373046875, 0.0], [2.375, 0.0], [2.376953125, 0.0], [2.37890625, 0.0], [2.380859375, 0.0], [2.3828125, 0.0], [2.384765625, 0.0], [2.38671875, 0.0], [2.388671875, 0.0], [2.390625, 0.0], [2.392578125, 0.0], [2.39453125, 0.0], [2.396484375, 0.0], [2.3984375, 0.0], [2.400390625, 0.0], [2.40234375, 0.0], [2.404296875, 0.0], [2.40625, 0.0], [2.408203125, 0.0], [2.41015625, 0.0], [2.412109375, 0.0], [2.4140625, 0.0], [2.416015625, 0.0], [2.41796875, 0.0], [2.419921875, 0.0], [2.421875, 0.0], [2.423828125, 0.0], [2.42578125, 0.0], [2.427734375, 0.0], [2.4296875, 0.0], [2.431640625, 0.0], [2.43359375, 0.0], [2.435546875, 0.0], [2.4375, 0.0], [2.439453125, 0.0], [2.44140625, 0.0], [2.443359375, 0.0], [2.4453125, 0.0], [2.447265625, 0.0], [2.44921875, 0.0], [2.451171875, 0.0], [2.453125, 0.0], [2.455078125, 0.0], [2.45703125, 0.0], [2.458984375, 0.0], [2.4609375, 0.0], [2.462890625, 0.0], [2.46484375, 0.0], [2.466796875, 0.0], [2.46875, 0.0], [2.470703125, 0.0], [2.47265625, 0.0], [2.474609375, 0.0], [2.4765625, 0.0], [2.478515625, 0.0], [2.48046875, 0.0], [2.482421875, 0.0], [2.484375, 0.0], [2.486328125, 0.0], [2.48828125, 0.0], [2.490234375, 0.0], [2.4921875, 0.0], [2.494140625, 0.0], [2.49609375, 0.0], [2.498046875, 0.0], [2.5, 0.0], [2.501953125, 0.0], [2.50390625, 0.0], [2.505859375, 0.0], [2.5078125, 0.0], [2.509765625, 0.0], [2.51171875, 0.0], [2.513671875, 0.0], [2.515625, 0.0], [2.517578125, 0.0], [2.51953125, 0.0], [2.521484375, 0.0], [2.5234375, 0.0], [2.525390625, 0.0], [2.52734375, 0.0], [2.529296875, 0.0], [2.53125, 0.0], [2.533203125, 0.0], [2.53515625, 0.0], [2.537109375, 0.0], [2.5390625, 0.0], [2.541015625, 0.0], [2.54296875, 0.0], [2.544921875, 0.0], [2.546875, 0.0], [2.548828125, 0.0], [2.55078125, 0.0], [2.552734375, 0.0], [2.5546875, 0.0], [2.556640625, 0.0], [2.55859375, 0.0], [2.560546875, 0.0], [2.5625, 0.0], [2.564453125, 0.0], [2.56640625, 0.0], [2.568359375, 0.0], [2.5703125, 0.0], [2.572265625, 0.0], [2.57421875, 0.0], [2.576171875, 0.0], [2.578125, 0.0], [2.580078125, 0.0], [2.58203125, 0.0], [2.583984375, 0.0], [2.5859375, 0.0], [2.587890625, 0.0], [2.58984375, 0.0], [2.591796875, 0.0], [2.59375, 0.0], [2.595703125, 0.0], [2.59765625, 0.0], [2.599609375, 0.0], [2.6015625, 0.0], [2.603515625, 0.0], [2.60546875, 0.0], [2.607421875, 0.0], [2.609375, 0.0], [2.611328125, 0.0], [2.61328125, 0.0], [2.615234375, 0.0], [2.6171875, 0.0], [2.619140625, 0.0], [2.62109375, 0.0], [2.623046875, 0.0], [2.625, 0.0], [2.626953125, 0.0], [2.62890625, 0.0], [2.630859375, 0.0], [2.6328125, 0.0], [2.634765625, 0.0], [2.63671875, 0.0], [2.638671875, 0.0], [2.640625, 0.0], [2.642578125, 0.0], [2.64453125, 0.0], [2.646484375, 0.0], [2.6484375, 0.0], [2.650390625, 0.0], [2.65234375, 0.0], [2.654296875, 0.0], [2.65625, 0.0], [2.658203125, 0.0], [2.66015625, 0.0], [2.662109375, 0.0], [2.6640625, 0.0], [2.666015625, 0.0], [2.66796875, 0.0], [2.669921875, 0.0], [2.671875, 0.0], [2.673828125, 0.0], [2.67578125, 0.0], [2.677734375, 0.0], [2.6796875, 0.0], [2.681640625, 0.0], [2.68359375, 0.0], [2.685546875, 0.0], [2.6875, 0.0], [2.689453125, 0.0], [2.69140625, 0.0], [2.693359375, 0.0], [2.6953125, 0.0], [2.697265625, 0.0], [2.69921875, 0.0], [2.701171875, 0.0], [2.703125, 0.0], [2.705078125, 0.0], [2.70703125, 0.0], [2.708984375, 0.0], [2.7109375, 0.0], [2.712890625, 0.0], [2.71484375, 0.0], [2.716796875, 0.0], [2.71875, 0.0], [2.720703125, 0.0], [2.72265625, 0.0], [2.724609375, 0.0], [2.7265625, 0.0], [2.728515625, 0.0], [2.73046875, 0.0], [2.732421875, 0.0], [2.734375, 0.0], [2.736328125, 0.0], [2.73828125, 0.0], [2.740234375, 0.0], [2.7421875, 0.0], [2.744140625, 0.0], [2.74609375, 0.0], [2.748046875, 0.0], [2.75, 0.0], [2.751953125, 0.0], [2.75390625, 0.0], [2.755859375, 0.0], [2.7578125, 0.0], [2.759765625, 0.0], [2.76171875, 0.0], [2.763671875, 0.0], [2.765625, 0.0], [2.767578125, 0.0], [2.76953125, 0.0], [2.771484375, 0.0], [2.7734375, 0.0], [2.775390625, 0.0], [2.77734375, 0.0], [2.779296875, 0.0], [2.78125, 0.0], [2.783203125, 0.0], [2.78515625, 0.0], [2.787109375, 0.0], [2.7890625, 0.0], [2.791015625, 0.0], [2.79296875, 0.0], [2.794921875, 0.0], [2.796875, 0.0], [2.798828125, 0.0], [2.80078125, 0.0], [2.802734375, 0.0], [2.8046875, 0.0], [2.806640625, 0.0], [2.80859375, 0.0], [2.810546875, 0.0], [2.8125, 0.0], [2.814453125, 0.0], [2.81640625, 0.0], [2.818359375, 0.0], [2.8203125, 0.0], [2.822265625, 0.0], [2.82421875, 0.0], [2.826171875, 0.0], [2.828125, 0.0], [2.830078125, 0.0], [2.83203125, 0.0], [2.833984375, 0.0], [2.8359375, 0.0], [2.837890625, 0.0], [2.83984375, 0.0], [2.841796875, 0.0], [2.84375, 0.0], [2.845703125, 0.0], [2.84765625, 0.0], [2.849609375, 0.0], [2.8515625, 0.0], [2.853515625, 0.0], [2.85546875, 0.0], [2.857421875, 0.0], [2.859375, 0.0], [2.861328125, 0.0], [2.86328125, 0.0], [2.865234375, 0.0], [2.8671875, 0.0], [2.869140625, 0.0], [2.87109375, 0.0], [2.873046875, 0.0], [2.875, 0.0], [2.876953125, 0.0], [2.87890625, 0.0], [2.880859375, 0.0], [2.8828125, 0.0], [2.884765625, 0.0], [2.88671875, 0.0], [2.888671875, 0.0], [2.890625, 0.0], [2.892578125, 0.0], [2.89453125, 0.0], [2.896484375, 0.0], [2.8984375, 0.0], [2.900390625, 0.0], [2.90234375, 0.0], [2.904296875, 0.0], [2.90625, 0.0], [2.908203125, 0.0], [2.91015625, 0.0], [2.912109375, 0.0], [2.9140625, 0.0], [2.916015625, 0.0], [2.91796875, 0.0], [2.919921875, 0.0], [2.921875, 0.0], [2.923828125, 0.0], [2.92578125, 0.0], [2.927734375, 0.0], [2.9296875, 0.0], [2.931640625, 0.0], [2.93359375, 0.0], [2.935546875, 0.0], [2.9375, 0.0], [2.939453125, 0.0], [2.94140625, 0.0], [2.943359375, 0.0], [2.9453125, 0.0], [2.947265625, 0.0], [2.94921875, 0.0], [2.951171875, 0.0], [2.953125, 0.0], [2.955078125, 0.0], [2.95703125, 0.0], [2.958984375, 0.0], [2.9609375, 0.0], [2.962890625, 0.0], [2.96484375, 0.0], [2.966796875, 0.0], [2.96875, 0.0], [2.970703125, 0.0], [2.97265625, 0.0], [2.974609375, 0.0], [2.9765625, 0.0], [2.978515625, 0.0], [2.98046875, 0.0], [2.982421875, 0.0], [2.984375, 0.0], [2.986328125, 0.0], [2.98828125, 0.0], [2.990234375, 0.0], [2.9921875, 0.0], [2.994140625, 0.0], [2.99609375, 0.0], [2.998046875, 0.0], [3.0, 0.0], [3.0, 0.001953125], [3.0, 0.00390625], [3.0, 0.005859375], [3.0, 0.0078125], [3.0, 0.009765625], [3.0, 0.01171875], [3.0, 0.013671875], [3.0, 0.015625], [3.0, 0.017578125], [3.0, 0.01953125], [3.0, 0.021484375], [3.0, 0.0234375], [3.0, 0.025390625], [3.0, 0.02734375], [3.0, 0.029296875], [3.0, 0.03125], [3.0, 0.033203125], [3.0, 0.03515625], [3.0, 0.037109375], [3.0, 0.0390625], [3.0, 0.041015625], [3.0, 0.04296875], [3.0, 0.044921875], [3.0, 0.046875], [3.0, 0.048828125], [3.0, 0.05078125], [3.0, 0.052734375], [3.0, 0.0546875], [3.0, 0.056640625], [3.0, 0.05859375], [3.0, 0.060546875], [3.0, 0.0625], [3.0, 0.064453125], [3.0, 0.06640625], [3.0, 0.068359375], [3.0, 0.0703125], [3.0, 0.072265625], [3.0, 0.07421875], [3.0, 0.076171875], [3.0, 0.078125], [3.0, 0.080078125], [3.0, 0.08203125], [3.0, 0.083984375], [3.0, 0.0859375], [3.0, 0.087890625], [3.0, 0.08984375], [3.0, 0.091796875], [3.0, 0.09375], [3.0, 0.095703125], [3.0, 0.09765625], [3.0, 0.099609375], [3.0, 0.1015625], [3.0, 0.103515625], [3.0, 0.10546875], [3.0, 0.107421875], [3.0, 0.109375], [3.0, 0.111328125], [3.0, 0.11328125], [3.0, 0.115234375], [3.0, 0.1171875], [3.0, 0.119140625], [3.0, 0.12109375], [3.0, 0.123046875], [3.0, 0.125], [3.0, 0.126953125], [3.0, 0.12890625], [3.0, 0.130859375], [3.0, 0.1328125], [3.0, 0.134765625], [3.0, 0.13671875], [3.0, 0.138671875], [3.0, 0.140625], [3.0, 0.142578125], [3.0, 0.14453125], [3.0, 0.146484375], [3.0, 0.1484375], [3.0, 0.150390625], [3.0, 0.15234375], [3.0, 0.154296875], [3.0, 0.15625], [3.0, 0.158203125], [3.0, 0.16015625], [3.0, 0.162109375], [3.0, 0.1640625], [3.0, 0.166015625], [3.0, 0.16796875], [3.0, 0.169921875], [3.0, 0.171875], [3.0, 0.173828125], [3.0, 0.17578125], [3.0, 0.177734375], [3.0, 0.1796875], [3.0, 0.181640625], [3.0, 0.18359375], [3.0, 0.185546875], [3.0, 0.1875], [3.0, 0.189453125], [3.0, 0.19140625], [3.0, 0.193359375], [3.0, 0.1953125], [3.0, 0.197265625], [3.0, 0.19921875], [3.0, 0.201171875], [3.0, 0.203125], [3.0, 0.205078125], [3.0, 0.20703125], [3.0, 0.208984375], [3.0, 0.2109375], [3.0, 0.212890625], [3.0, 0.21484375], [3.0, 0.216796875], [3.0, 0.21875], [3.0, 0.220703125], [3.0, 0.22265625], [3.0, 0.224609375], [3.0, 0.2265625], [3.0, 0.228515625], [3.0, 0.23046875], [3.0, 0.232421875], [3.0, 0.234375], [3.0, 0.236328125], [3.0, 0.23828125], [3.0, 0.240234375], [3.0, 0.2421875], [3.0, 0.244140625], [3.0, 0.24609375], [3.0, 0.248046875], [3.0, 0.25], [3.0, 0.251953125], [3.0, 0.25390625], [3.0, 0.255859375], [3.0, 0.2578125], [3.0, 0.259765625], [3.0, 0.26171875], [3.0, 0.263671875], [3.0, 0.265625], [3.0, 0.267578125], [3.0, 0.26953125], [3.0, 0.271484375], [3.0, 0.2734375], [3.0, 0.275390625], [3.0, 0.27734375], [3.0, 0.279296875], [3.0, 0.28125], [3.0, 0.283203125], [3.0, 0.28515625], [3.0, 0.287109375], [3.0, 0.2890625], [3.0, 0.291015625], [3.0, 0.29296875], [3.0, 0.294921875], [3.0, 0.296875], [3.0, 0.298828125], [3.0, 0.30078125], [3.0, 0.302734375], [3.0, 0.3046875], [3.0, 0.306640625], [3.0, 0.30859375], [3.0, 0.310546875], [3.0, 0.3125], [3.0, 0.314453125], [3.0, 0.31640625], [3.0, 0.318359375], [3.0, 0.3203125], [3.0, 0.322265625], [3.0, 0.32421875], [3.0, 0.326171875], [3.0, 0.328125], [3.0, 0.330078125], [3.0, 0.33203125], [3.0, 0.333984375], [3.0, 0.3359375], [3.0, 0.337890625], [3.0, 0.33984375], [3.0, 0.341796875], [3.0, 0.34375], [3.0, 0.345703125], [3.0, 0.34765625], [3.0, 0.349609375], [3.0, 0.3515625], [3.0, 0.353515625], [3.0, 0.35546875], [3.0, 0.357421875], [3.0, 0.359375], [3.0, 0.361328125], [3.0, 0.36328125], [3.0, 0.365234375], [3.0, 0.3671875], [3.0, 0.369140625], [3.0, 0.37109375], [3.0, 0.373046875], [3.0, 0.375], [3.0, 0.376953125], [3.0, 0.37890625], [3.0, 0.380859375], [3.0, 0.3828125], [3.0, 0.384765625], [3.0, 0.38671875], [3.0, 0.388671875], [3.0, 0.390625], [3.0, 0.392578125], [3.0, 0.39453125], [3.0, 0.396484375], [3.0, 0.3984375], [3.0, 0.400390625], [3.0, 0.40234375], [3.0, 0.404296875], [3.0, 0.40625], [3.0, 0.408203125], [3.0, 0.41015625], [3.0, 0.412109375], [3.0, 0.4140625], [3.0, 0.416015625], [3.0, 0.41796875], [3.0, 0.419921875], [3.0, 0.421875], [3.0, 0.423828125], [3.0, 0.42578125], [3.0, 0.427734375], [3.0, 0.4296875], [3.0, 0.431640625], [3.0, 0.43359375], [3.0, 0.435546875], [3.0, 0.4375], [3.0, 0.439453125], [3.0, 0.44140625], [3.0, 0.443359375], [3.0, 0.4453125], [3.0, 0.447265625], [3.0, 0.44921875], [3.0, 0.451171875], [3.0, 0.453125], [3.0, 0.455078125], [3.0, 0.45703125], [3.0, 0.458984375], [3.0, 0.4609375], [3.0, 0.462890625], [3.0, 0.46484375], [3.0, 0.466796875], [3.0, 0.46875], [3.0, 0.470703125], [3.0, 0.47265625], [3.0, 0.474609375], [3.0, 0.4765625], [3.0, 0.478515625], [3.0, 0.48046875], [3.0, 0.482421875], [3.0, 0.484375], [3.0, 0.486328125], [3.0, 0.48828125], [3.0, 0.490234375], [3.0, 0.4921875], [3.0, 0.494140625], [3.0, 0.49609375], [3.0, 0.498046875], [3.0, 0.5], [3.0, 0.501953125], [3.0, 0.50390625], [3.0, 0.505859375], [3.0, 0.5078125], [3.0, 0.509765625], [3.0, 0.51171875], [3.0, 0.513671875], [3.0, 0.515625], [3.0, 0.517578125], [3.0, 0.51953125], [3.0, 0.521484375], [3.0, 0.5234375], [3.0, 0.525390625], [3.0, 0.52734375], [3.0, 0.529296875], [3.0, 0.53125], [3.0, 0.533203125], [3.0, 0.53515625], [3.0, 0.537109375], [3.0, 0.5390625], [3.0, 0.541015625], [3.0, 0.54296875], [3.0, 0.544921875], [3.0, 0.546875], [3.0, 0.548828125], [3.0, 0.55078125], [3.0, 0.552734375], [3.0, 0.5546875], [3.0, 0.556640625], [3.0, 0.55859375], [3.0, 0.560546875], [3.0, 0.5625], [3.0, 0.564453125], [3.0, 0.56640625], [3.0, 0.568359375], [3.0, 0.5703125], [3.0, 0.572265625], [3.0, 0.57421875], [3.0, 0.576171875], [3.0, 0.578125], [3.0, 0.580078125], [3.0, 0.58203125], [3.0, 0.583984375], [3.0, 0.5859375], [3.0, 0.587890625], [3.0, 0.58984375], [3.0, 0.591796875], [3.0, 0.59375], [3.0, 0.595703125], [3.0, 0.59765625], [3.0, 0.599609375], [3.0, 0.6015625], [3.0, 0.603515625], [3.0, 0.60546875], [3.0, 0.607421875], [3.0, 0.609375], [3.0, 0.611328125], [3.0, 0.61328125], [3.0, 0.615234375], [3.0, 0.6171875], [3.0, 0.619140625], [3.0, 0.62109375], [3.0, 0.623046875], [3.0, 0.625], [3.0, 0.626953125], [3.0, 0.62890625], [3.0, 0.630859375], [3.0, 0.6328125], [3.0, 0.634765625], [3.0, 0.63671875], [3.0, 0.638671875], [3.0, 0.640625], [3.0, 0.642578125], [3.0, 0.64453125], [3.0, 0.646484375], [3.0, 0.6484375], [3.0, 0.650390625], [3.0, 0.65234375], [3.0, 0.654296875], [3.0, 0.65625], [3.0, 0.658203125], [3.0, 0.66015625], [3.0, 0.662109375], [3.0, 0.6640625], [3.0, 0.666015625], [3.0, 0.66796875], [3.0, 0.669921875], [3.0, 0.671875], [3.0, 0.673828125], [3.0, 0.67578125], [3.0, 0.677734375], [3.0, 0.6796875], [3.0, 0.681640625], [3.0, 0.68359375], [3.0, 0.685546875], [3.0, 0.6875], [3.0, 0.689453125], [3.0, 0.69140625], [3.0, 0.693359375], [3.0, 0.6953125], [3.0, 0.697265625], [3.0, 0.69921875], [3.0, 0.701171875], [3.0, 0.703125], [3.0, 0.705078125], [3.0, 0.70703125], [3.0, 0.708984375], [3.0, 0.7109375], [3.0, 0.712890625], [3.0, 0.71484375], [3.0, 0.716796875], [3.0, 0.71875], [3.0, 0.720703125], [3.0, 0.72265625], [3.0, 0.724609375], [3.0, 0.7265625], [3.0, 0.728515625], [3.0, 0.73046875], [3.0, 0.732421875], [3.0, 0.734375], [3.0, 0.736328125], [3.0, 0.73828125], [3.0, 0.740234375], [3.0, 0.7421875], [3.0, 0.744140625], [3.0, 0.74609375], [3.0, 0.748046875], [3.0, 0.75], [3.0, 0.751953125], [3.0, 0.75390625], [3.0, 0.755859375], [3.0, 0.7578125], [3.0, 0.759765625], [3.0, 0.76171875], [3.0, 0.763671875], [3.0, 0.765625], [3.0, 0.767578125], [3.0, 0.76953125], [3.0, 0.771484375], [3.0, 0.7734375], [3.0, 0.775390625], [3.0, 0.77734375], [3.0, 0.779296875], [3.0, 0.78125], [3.0, 0.783203125], [3.0, 0.78515625], [3.0, 0.787109375], [3.0, 0.7890625], [3.0, 0.791015625], [3.0, 0.79296875], [3.0, 0.794921875], [3.0, 0.796875], [3.0, 0.798828125], [3.0, 0.80078125], [3.0, 0.802734375], [3.0, 0.8046875], [3.0, 0.806640625], [3.0, 0.80859375], [3.0, 0.810546875], [3.0, 0.8125], [3.0, 0.814453125], [3.0, 0.81640625], [3.0, 0.818359375], [3.0, 0.8203125], [3.0, 0.822265625], [3.0, 0.82421875], [3.0, 0.826171875], [3.0, 0.828125], [3.0, 0.830078125], [3.0, 0.83203125], [3.0, 0.833984375], [3.0, 0.8359375], [3.0, 0.837890625], [3.0, 0.83984375], [3.0, 0.841796875], [3.0, 0.84375], [3.0, 0.845703125], [3.0, 0.84765625], [3.0, 0.849609375], [3.0, 0.8515625], [3.0, 0.853515625], [3.0, 0.85546875], [3.0, 0.857421875], [3.0, 0.859375], [3.0, 0.861328125], [3.0, 0.86328125], [3.0, 0.865234375], [3.0, 0.8671875], [3.0, 0.869140625], [3.0, 0.87109375], [3.0, 0.873046875], [3.0, 0.875], [3.0, 0.876953125], [3.0, 0.87890625], [3.0, 0.880859375], [3.0, 0.8828125], [3.0, 0.884765625], [3.0, 0.88671875], [3.0, 0.888671875], [3.0, 0.890625], [3.0, 0.892578125], [3.0, 0.89453125], [3.0, 0.896484375], [3.0, 0.8984375], [3.0, 0.900390625], [3.0, 0.90234375], [3.0, 0.904296875], [3.0, 0.90625], [3.0, 0.908203125], [3.0, 0.91015625], [3.0, 0.912109375], [3.0, 0.9140625], [3.0, 0.916015625], [3.0, 0.91796875], [3.0, 0.919921875], [3.0, 0.921875], [3.0, 0.923828125], [3.0, 0.92578125], [3.0, 0.927734375], [3.0, 0.9296875], [3.0, 0.931640625], [3.0, 0.93359375], [3.0, 0.935546875], [3.0, 0.9375], [3.0, 0.939453125], [3.0, 0.94140625], [3.0, 0.943359375], [3.0, 0.9453125], [3.0, 0.947265625], [3.0, 0.94921875], [3.0, 0.951171875], [3.0, 0.953125], [3.0, 0.955078125], [3.0, 0.95703125], [3.0, 0.958984375], [3.0, 0.9609375], [3.0, 0.962890625], [3.0, 0.96484375], [3.0, 0.966796875], [3.0, 0.96875], [3.0, 0.970703125], [3.0, 0.97265625], [3.0, 0.974609375], [3.0, 0.9765625], [3.0, 0.978515625], [3.0, 0.98046875], [3.0, 0.982421875], [3.0, 0.984375], [3.0, 0.986328125], [3.0, 0.98828125], [3.0, 0.990234375], [3.0, 0.9921875], [3.0, 0.994140625], [3.0, 0.99609375], [3.0, 0.998046875], [3.0, 1.0], [2.998046875, 1.0], [2.99609375, 1.0], [2.994140625, 1.0], [2.9921875, 1.0], [2.990234375, 1.0], [2.98828125, 1.0], [2.986328125, 1.0], [2.984375, 1.0], [2.982421875, 1.0], [2.98046875, 1.0], [2.978515625, 1.0], [2.9765625, 1.0], [2.974609375, 1.0], [2.97265625, 1.0], [2.970703125, 1.0], [2.96875, 1.0], [2.966796875, 1.0], [2.96484375, 1.0], [2.962890625, 1.0], [2.9609375, 1.0], [2.958984375, 1.0], [2.95703125, 1.0], [2.955078125, 1.0], [2.953125, 1.0], [2.951171875, 1.0], [2.94921875, 1.0], [2.947265625, 1.0], [2.9453125, 1.0], [2.943359375, 1.0], [2.94140625, 1.0], [2.939453125, 1.0], [2.9375, 1.0], [2.935546875, 1.0], [2.93359375, 1.0], [2.931640625, 1.0], [2.9296875, 1.0], [2.927734375, 1.0], [2.92578125, 1.0], [2.923828125, 1.0], [2.921875, 1.0], [2.919921875, 1.0], [2.91796875, 1.0], [2.916015625, 1.0], [2.9140625, 1.0], [2.912109375, 1.0], [2.91015625, 1.0], [2.908203125, 1.0], [2.90625, 1.0], [2.904296875, 1.0], [2.90234375, 1.0], [2.900390625, 1.0], [2.8984375, 1.0], [2.896484375, 1.0], [2.89453125, 1.0], [2.892578125, 1.0], [2.890625, 1.0], [2.888671875, 1.0], [2.88671875, 1.0], [2.884765625, 1.0], [2.8828125, 1.0], [2.880859375, 1.0], [2.87890625, 1.0], [2.876953125, 1.0], [2.875, 1.0], [2.873046875, 1.0], [2.87109375, 1.0], [2.869140625, 1.0], [2.8671875, 1.0], [2.865234375, 1.0], [2.86328125, 1.0], [2.861328125, 1.0], [2.859375, 1.0], [2.857421875, 1.0], [2.85546875, 1.0], [2.853515625, 1.0], [2.8515625, 1.0], [2.849609375, 1.0], [2.84765625, 1.0], [2.845703125, 1.0], [2.84375, 1.0], [2.841796875, 1.0], [2.83984375, 1.0], [2.837890625, 1.0], [2.8359375, 1.0], [2.833984375, 1.0], [2.83203125, 1.0], [2.830078125, 1.0], [2.828125, 1.0], [2.826171875, 1.0], [2.82421875, 1.0], [2.822265625, 1.0], [2.8203125, 1.0], [2.818359375, 1.0], [2.81640625, 1.0], [2.814453125, 1.0], [2.8125, 1.0], [2.810546875, 1.0], [2.80859375, 1.0], [2.806640625, 1.0], [2.8046875, 1.0], [2.802734375, 1.0], [2.80078125, 1.0], [2.798828125, 1.0], [2.796875, 1.0], [2.794921875, 1.0], [2.79296875, 1.0], [2.791015625, 1.0], [2.7890625, 1.0], [2.787109375, 1.0], [2.78515625, 1.0], [2.783203125, 1.0], [2.78125, 1.0], [2.779296875, 1.0], [2.77734375, 1.0], [2.775390625, 1.0], [2.7734375, 1.0], [2.771484375, 1.0], [2.76953125, 1.0], [2.767578125, 1.0], [2.765625, 1.0], [2.763671875, 1.0], [2.76171875, 1.0], [2.759765625, 1.0], [2.7578125, 1.0], [2.755859375, 1.0], [2.75390625, 1.0], [2.751953125, 1.0], [2.75, 1.0], [2.748046875, 1.0], [2.74609375, 1.0], [2.744140625, 1.0], [2.7421875, 1.0], [2.740234375, 1.0], [2.73828125, 1.0], [2.736328125, 1.0], [2.734375, 1.0], [2.732421875, 1.0], [2.73046875, 1.0], [2.728515625, 1.0], [2.7265625, 1.0], [2.724609375, 1.0], [2.72265625, 1.0], [2.720703125, 1.0], [2.71875, 1.0], [2.716796875, 1.0], [2.71484375, 1.0], [2.712890625, 1.0], [2.7109375, 1.0], [2.708984375, 1.0], [2.70703125, 1.0], [2.705078125, 1.0], [2.703125, 1.0], [2.701171875, 1.0], [2.69921875, 1.0], [2.697265625, 1.0], [2.6953125, 1.0], [2.693359375, 1.0], [2.69140625, 1.0], [2.689453125, 1.0], [2.6875, 1.0], [2.685546875, 1.0], [2.68359375, 1.0], [2.681640625, 1.0], [2.6796875, 1.0], [2.677734375, 1.0], [2.67578125, 1.0], [2.673828125, 1.0], [2.671875, 1.0], [2.669921875, 1.0], [2.66796875, 1.0], [2.666015625, 1.0], [2.6640625, 1.0], [2.662109375, 1.0], [2.66015625, 1.0], [2.658203125, 1.0], [2.65625, 1.0], [2.654296875, 1.0], [2.65234375, 1.0], [2.650390625, 1.0], [2.6484375, 1.0], [2.646484375, 1.0], [2.64453125, 1.0], [2.642578125, 1.0], [2.640625, 1.0], [2.638671875, 1.0], [2.63671875, 1.0], [2.634765625, 1.0], [2.6328125, 1.0], [2.630859375, 1.0], [2.62890625, 1.0], [2.626953125, 1.0], [2.625, 1.0], [2.623046875, 1.0], [2.62109375, 1.0], [2.619140625, 1.0], [2.6171875, 1.0], [2.615234375, 1.0], [2.61328125, 1.0], [2.611328125, 1.0], [2.609375, 1.0], [2.607421875, 1.0], [2.60546875, 1.0], [2.603515625, 1.0], [2.6015625, 1.0], [2.599609375, 1.0], [2.59765625, 1.0], [2.595703125, 1.0], [2.59375, 1.0], [2.591796875, 1.0], [2.58984375, 1.0], [2.587890625, 1.0], [2.5859375, 1.0], [2.583984375, 1.0], [2.58203125, 1.0], [2.580078125, 1.0], [2.578125, 1.0], [2.576171875, 1.0], [2.57421875, 1.0], [2.572265625, 1.0], [2.5703125, 1.0], [2.568359375, 1.0], [2.56640625, 1.0], [2.564453125, 1.0], [2.5625, 1.0], [2.560546875, 1.0], [2.55859375, 1.0], [2.556640625, 1.0], [2.5546875, 1.0], [2.552734375, 1.0], [2.55078125, 1.0], [2.548828125, 1.0], [2.546875, 1.0], [2.544921875, 1.0], [2.54296875, 1.0], [2.541015625, 1.0], [2.5390625, 1.0], [2.537109375, 1.0], [2.53515625, 1.0], [2.533203125, 1.0], [2.53125, 1.0], [2.529296875, 1.0], [2.52734375, 1.0], [2.525390625, 1.0], [2.5234375, 1.0], [2.521484375, 1.0], [2.51953125, 1.0], [2.517578125, 1.0], [2.515625, 1.0], [2.513671875, 1.0], [2.51171875, 1.0], [2.509765625, 1.0], [2.5078125, 1.0], [2.505859375, 1.0], [2.50390625, 1.0], [2.501953125, 1.0], [2.5, 1.0], [2.498046875, 1.0], [2.49609375, 1.0], [2.494140625, 1.0], [2.4921875, 1.0], [2.490234375, 1.0], [2.48828125, 1.0], [2.486328125, 1.0], [2.484375, 1.0], [2.482421875, 1.0], [2.48046875, 1.0], [2.478515625, 1.0], [2.4765625, 1.0], [2.474609375, 1.0], [2.47265625, 1.0], [2.470703125, 1.0], [2.46875, 1.0], [2.466796875, 1.0], [2.46484375, 1.0], [2.462890625, 1.0], [2.4609375, 1.0], [2.458984375, 1.0], [2.45703125, 1.0], [2.455078125, 1.0], [2.453125, 1.0], [2.451171875, 1.0], [2.44921875, 1.0], [2.447265625, 1.0], [2.4453125, 1.0], [2.443359375, 1.0], [2.44140625, 1.0], [2.439453125, 1.0], [2.4375, 1.0], [2.435546875, 1.0], [2.43359375, 1.0], [2.431640625, 1.0], [2.4296875, 1.0], [2.427734375, 1.0], [2.42578125, 1.0], [2.423828125, 1.0], [2.421875, 1.0], [2.419921875, 1.0], [2.41796875, 1.0], [2.416015625, 1.0], [2.4140625, 1.0], [2.412109375, 1.0], [2.41015625, 1.0], [2.408203125, 1.0], [2.40625, 1.0], [2.404296875, 1.0], [2.40234375, 1.0], [2.400390625, 1.0], [2.3984375, 1.0], [2.396484375, 1.0], [2.39453125, 1.0], [2.392578125, 1.0], [2.390625, 1.0], [2.388671875, 1.0], [2.38671875, 1.0], [2.384765625, 1.0], [2.3828125, 1.0], [2.380859375, 1.0], [2.37890625, 1.0], [2.376953125, 1.0], [2.375, 1.0], [2.373046875, 1.0], [2.37109375, 1.0], [2.369140625, 1.0], [2.3671875, 1.0], [2.365234375, 1.0], [2.36328125, 1.0], [2.361328125, 1.0], [2.359375, 1.0], [2.357421875, 1.0], [2.35546875, 1.0], [2.353515625, 1.0], [2.3515625, 1.0], [2.349609375, 1.0], [2.34765625, 1.0], [2.345703125, 1.0], [2.34375, 1.0], [2.341796875, 1.0], [2.33984375, 1.0], [2.337890625, 1.0], [2.3359375, 1.0], [2.333984375, 1.0], [2.33203125, 1.0], [2.330078125, 1.0], [2.328125, 1.0], [2.326171875, 1.0], [2.32421875, 1.0], [2.322265625, 1.0], [2.3203125, 1.0], [2.318359375, 1.0], [2.31640625, 1.0], [2.314453125, 1.0], [2.3125, 1.0], [2.310546875, 1.0], [2.30859375, 1.0], [2.306640625, 1.0], [2.3046875, 1.0], [2.302734375, 1.0], [2.30078125, 1.0], [2.298828125, 1.0], [2.296875, 1.0], [2.294921875, 1.0], [2.29296875, 1.0], [2.291015625, 1.0], [2.2890625, 1.0], [2.287109375, 1.0], [2.28515625, 1.0], [2.283203125, 1.0], [2.28125, 1.0], [2.279296875, 1.0], [2.27734375, 1.0], [2.275390625, 1.0], [2.2734375, 1.0], [2.271484375, 1.0], [2.26953125, 1.0], [2.267578125, 1.0], [2.265625, 1.0], [2.263671875, 1.0], [2.26171875, 1.0], [2.259765625, 1.0], [2.2578125, 1.0], [2.255859375, 1.0], [2.25390625, 1.0], [2.251953125, 1.0], [2.25, 1.0], [2.248046875, 1.0], [2.24609375, 1.0], [2.244140625, 1.0], [2.2421875, 1.0], [2.240234375, 1.0], [2.23828125, 1.0], [2.236328125, 1.0], [2.234375, 1.0], [2.232421875, 1.0], [2.23046875, 1.0], [2.228515625, 1.0], [2.2265625, 1.0], [2.224609375, 1.0], [2.22265625, 1.0], [2.220703125, 1.0], [2.21875, 1.0], [2.216796875, 1.0], [2.21484375, 1.0], [2.212890625, 1.0], [2.2109375, 1.0], [2.208984375, 1.0], [2.20703125, 1.0], [2.205078125, 1.0], [2.203125, 1.0], [2.201171875, 1.0], [2.19921875, 1.0], [2.197265625, 1.0], [2.1953125, 1.0], [2.193359375, 1.0], [2.19140625, 1.0], [2.189453125, 1.0], [2.1875, 1.0], [2.185546875, 1.0], [2.18359375, 1.0], [2.181640625, 1.0], [2.1796875, 1.0], [2.177734375, 1.0], [2.17578125, 1.0], [2.173828125, 1.0], [2.171875, 1.0], [2.169921875, 1.0], [2.16796875, 1.0], [2.166015625, 1.0], [2.1640625, 1.0], [2.162109375, 1.0], [2.16015625, 1.0], [2.158203125, 1.0], [2.15625, 1.0], [2.154296875, 1.0], [2.15234375, 1.0], [2.150390625, 1.0], [2.1484375, 1.0], [2.146484375, 1.0], [2.14453125, 1.0], [2.142578125, 1.0], [2.140625, 1.0], [2.138671875, 1.0], [2.13671875, 1.0], [2.134765625, 1.0], [2.1328125, 1.0], [2.130859375, 1.0], [2.12890625, 1.0], [2.126953125, 1.0], [2.125, 1.0], [2.123046875, 1.0], [2.12109375, 1.0], [2.119140625, 1.0], [2.1171875, 1.0], [2.115234375, 1.0], [2.11328125, 1.0], [2.111328125, 1.0], [2.109375, 1.0], [2.107421875, 1.0], [2.10546875, 1.0], [2.103515625, 1.0], [2.1015625, 1.0], [2.099609375, 1.0], [2.09765625, 1.0], [2.095703125, 1.0], [2.09375, 1.0], [2.091796875, 1.0], [2.08984375, 1.0], [2.087890625, 1.0], [2.0859375, 1.0], [2.083984375, 1.0], [2.08203125, 1.0], [2.080078125, 1.0], [2.078125, 1.0], [2.076171875, 1.0], [2.07421875, 1.0], [2.072265625, 1.0], [2.0703125, 1.0], [2.068359375, 1.0], [2.06640625, 1.0], [2.064453125, 1.0], [2.0625, 1.0], [2.060546875, 1.0], [2.05859375, 1.0], [2.056640625, 1.0], [2.0546875, 1.0], [2.052734375, 1.0], [2.05078125, 1.0], [2.048828125, 1.0], [2.046875, 1.0], [2.044921875, 1.0], [2.04296875, 1.0], [2.041015625, 1.0], [2.0390625, 1.0], [2.037109375, 1.0], [2.03515625, 1.0], [2.033203125, 1.0], [2.03125, 1.0], [2.029296875, 1.0], [2.02734375, 1.0], [2.025390625, 1.0], [2.0234375, 1.0], [2.021484375, 1.0], [2.01953125, 1.0], [2.017578125, 1.0], [2.015625, 1.0], [2.013671875, 1.0], [2.01171875, 1.0], [2.009765625, 1.0], [2.0078125, 1.0], [2.005859375, 1.0], [2.00390625, 1.0], [2.001953125, 1.0], [2.0, 1.0], [2.0, 0.998046875], [2.0, 0.99609375], [2.0, 0.994140625], [2.0, 0.9921875], [2.0, 0.990234375], [2.0, 0.98828125], [2.0, 0.986328125], [2.0, 0.984375], [2.0, 0.982421875], [2.0, 0.98046875], [2.0, 0.978515625], [2.0, 0.9765625], [2.0, 0.974609375], [2.0, 0.97265625], [2.0, 0.970703125], [2.0, 0.96875], [2.0, 0.966796875], [2.0, 0.96484375], [2.0, 0.962890625], [2.0, 0.9609375], [2.0, 0.958984375], [2.0, 0.95703125], [2.0, 0.955078125], [2.0, 0.953125], [2.0, 0.951171875], [2.0, 0.94921875], [2.0, 0.947265625], [2.0, 0.9453125], [2.0, 0.943359375], [2.0, 0.94140625], [2.0, 0.939453125], [2.0, 0.9375], [2.0, 0.935546875], [2.0, 0.93359375], [2.0, 0.931640625], [2.0, 0.9296875], [2.0, 0.927734375], [2.0, 0.92578125], [2.0, 0.923828125], [2.0, 0.921875], [2.0, 0.919921875], [2.0, 0.91796875], [2.0, 0.916015625], [2.0, 0.9140625], [2.0, 0.912109375], [2.0, 0.91015625], [2.0, 0.908203125], [2.0, 0.90625], [2.0, 0.904296875], [2.0, 0.90234375], [2.0, 0.900390625], [2.0, 0.8984375], [2.0, 0.896484375], [2.0, 0.89453125], [2.0, 0.892578125], [2.0, 0.890625], [2.0, 0.888671875], [2.0, 0.88671875], [2.0, 0.884765625], [2.0, 0.8828125], [2.0, 0.880859375], [2.0, 0.87890625], [2.0, 0.876953125], [2.0, 0.875], [2.0, 0.873046875], [2.0, 0.87109375], [2.0, 0.869140625], [2.0, 0.8671875], [2.0, 0.865234375], [2.0, 0.86328125], [2.0, 0.861328125], [2.0, 0.859375], [2.0, 0.857421875], [2.0, 0.85546875], [2.0, 0.853515625], [2.0, 0.8515625], [2.0, 0.849609375], [2.0, 0.84765625], [2.0, 0.845703125], [2.0, 0.84375], [2.0, 0.841796875], [2.0, 0.83984375], [2.0, 0.837890625], [2.0, 0.8359375], [2.0, 0.833984375], [2.0, 0.83203125], [2.0, 0.830078125], [2.0, 0.828125], [2.0, 0.826171875], [2.0, 0.82421875], [2.0, 0.822265625], [2.0, 0.8203125], [2.0, 0.818359375], [2.0, 0.81640625], [2.0, 0.814453125], [2.0, 0.8125], [2.0, 0.810546875], [2.0, 0.80859375], [2.0, 0.806640625], [2.0, 0.8046875], [2.0, 0.802734375], [2.0, 0.80078125], [2.0, 0.798828125], [2.0, 0.796875], [2.0, 0.794921875], [2.0, 0.79296875], [2.0, 0.791015625], [2.0, 0.7890625], [2.0, 0.787109375], [2.0, 0.78515625], [2.0, 0.783203125], [2.0, 0.78125], [2.0, 0.779296875], [2.0, 0.77734375], [2.0, 0.775390625], [2.0, 0.7734375], [2.0, 0.771484375], [2.0, 0.76953125], [2.0, 0.767578125], [2.0, 0.765625], [2.0, 0.763671875], [2.0, 0.76171875], [2.0, 0.759765625], [2.0, 0.7578125], [2.0, 0.755859375], [2.0, 0.75390625], [2.0, 0.751953125], [2.0, 0.75], [2.0, 0.748046875], [2.0, 0.74609375], [2.0, 0.744140625], [2.0, 0.7421875], [2.0, 0.740234375], [2.0, 0.73828125], [2.0, 0.736328125], [2.0, 0.734375], [2.0, 0.732421875], [2.0, 0.73046875], [2.0, 0.728515625], [2.0, 0.7265625], [2.0, 0.724609375], [2.0, 0.72265625], [2.0, 0.720703125], [2.0, 0.71875], [2.0, 0.716796875], [2.0, 0.71484375], [2.0, 0.712890625], [2.0, 0.7109375], [2.0, 0.708984375], [2.0, 0.70703125], [2.0, 0.705078125], [2.0, 0.703125], [2.0, 0.701171875], [2.0, 0.69921875], [2.0, 0.697265625], [2.0, 0.6953125], [2.0, 0.693359375], [2.0, 0.69140625], [2.0, 0.689453125], [2.0, 0.6875], [2.0, 0.685546875], [2.0, 0.68359375], [2.0, 0.681640625], [2.0, 0.6796875], [2.0, 0.677734375], [2.0, 0.67578125], [2.0, 0.673828125], [2.0, 0.671875], [2.0, 0.669921875], [2.0, 0.66796875], [2.0, 0.666015625], [2.0, 0.6640625], [2.0, 0.662109375], [2.0, 0.66015625], [2.0, 0.658203125], [2.0, 0.65625], [2.0, 0.654296875], [2.0, 0.65234375], [2.0, 0.650390625], [2.0, 0.6484375], [2.0, 0.646484375], [2.0, 0.64453125], [2.0, 0.642578125], [2.0, 0.640625], [2.0, 0.638671875], [2.0, 0.63671875], [2.0, 0.634765625], [2.0, 0.6328125], [2.0, 0.630859375], [2.0, 0.62890625], [2.0, 0.626953125], [2.0, 0.625], [2.0, 0.623046875], [2.0, 0.62109375], [2.0, 0.619140625], [2.0, 0.6171875], [2.0, 0.615234375], [2.0, 0.61328125], [2.0, 0.611328125], [2.0, 0.609375], [2.0, 0.607421875], [2.0, 0.60546875], [2.0, 0.603515625], [2.0, 0.6015625], [2.0, 0.599609375], [2.0, 0.59765625], [2.0, 0.595703125], [2.0, 0.59375], [2.0, 0.591796875], [2.0, 0.58984375], [2.0, 0.587890625], [2.0, 0.5859375], [2.0, 0.583984375], [2.0, 0.58203125], [2.0, 0.580078125], [2.0, 0.578125], [2.0, 0.576171875], [2.0, 0.57421875], [2.0, 0.572265625], [2.0, 0.5703125], [2.0, 0.568359375], [2.0, 0.56640625], [2.0, 0.564453125], [2.0, 0.5625], [2.0, 0.560546875], [2.0, 0.55859375], [2.0, 0.556640625], [2.0, 0.5546875], [2.0, 0.552734375], [2.0, 0.55078125], [2.0, 0.548828125], [2.0, 0.546875], [2.0, 0.544921875], [2.0, 0.54296875], [2.0, 0.541015625], [2.0, 0.5390625], [2.0, 0.537109375], [2.0, 0.53515625], [2.0, 0.533203125], [2.0, 0.53125], [2.0, 0.529296875], [2.0, 0.52734375], [2.0, 0.525390625], [2.0, 0.5234375], [2.0, 0.521484375], [2.0, 0.51953125], [2.0, 0.517578125], [2.0, 0.515625], [2.0, 0.513671875], [2.0, 0.51171875], [2.0, 0.509765625], [2.0, 0.5078125], [2.0, 0.505859375], [2.0, 0.50390625], [2.0, 0.501953125], [2.0, 0.5], [2.0, 0.498046875], [2.0, 0.49609375], [2.0, 0.494140625], [2.0, 0.4921875], [2.0, 0.490234375], [2.0, 0.48828125], [2.0, 0.486328125], [2.0, 0.484375], [2.0, 0.482421875], [2.0, 0.48046875], [2.0, 0.478515625], [2.0, 0.4765625], [2.0, 0.474609375], [2.0, 0.47265625], [2.0, 0.470703125], [2.0, 0.46875], [2.0, 0.466796875], [2.0, 0.46484375], [2.0, 0.462890625], [2.0, 0.4609375], [2.0, 0.458984375], [2.0, 0.45703125], [2.0, 0.455078125], [2.0, 0.453125], [2.0, 0.451171875], [2.0, 0.44921875], [2.0, 0.447265625], [2.0, 0.4453125], [2.0, 0.443359375], [2.0, 0.44140625], [2.0, 0.439453125], [2.0, 0.4375], [2.0, 0.435546875], [2.0, 0.43359375], [2.0, 0.431640625], [2.0, 0.4296875], [2.0, 0.427734375], [2.0, 0.42578125], [2.0, 0.423828125], [2.0, 0.421875], [2.0, 0.419921875], [2.0, 0.41796875], [2.0, 0.416015625], [2.0, 0.4140625], [2.0, 0.412109375], [2.0, 0.41015625], [2.0, 0.408203125], [2.0, 0.40625], [2.0, 0.404296875], [2.0, 0.40234375], [2.0, 0.400390625], [2.0, 0.3984375], [2.0, 0.396484375], [2.0, 0.39453125], [2.0, 0.392578125], [2.0, 0.390625], [2.0, 0.388671875], [2.0, 0.38671875], [2.0, 0.384765625], [2.0, 0.3828125], [2.0, 0.380859375], [2.0, 0.37890625], [2.0, 0.376953125], [2.0, 0.375], [2.0, 0.373046875], [2.0, 0.37109375], [2.0, 0.369140625], [2.0, 0.3671875], [2.0, 0.365234375], [2.0, 0.36328125], [2.0, 0.361328125], [2.0, 0.359375], [2.0, 0.357421875], [2.0, 0.35546875], [2.0, 0.353515625], [2.0, 0.3515625], [2.0, 0.349609375], [2.0, 0.34765625], [2.0, 0.345703125], [2.0, 0.34375], [2.0, 0.341796875], [2.0, 0.33984375], [2.0, 0.337890625], [2.0, 0.3359375], [2.0, 0.333984375], [2.0, 0.33203125], [2.0, 0.330078125], [2.0, 0.328125], [2.0, 0.326171875], [2.0, 0.32421875], [2.0, 0.322265625], [2.0, 0.3203125], [2.0, 0.318359375], [2.0, 0.31640625], [2.0, 0.314453125], [2.0, 0.3125], [2.0, 0.310546875], [2.0, 0.30859375], [2.0, 0.306640625], [2.0, 0.3046875], [2.0, 0.302734375], [2.0, 0.30078125], [2.0, 0.298828125], [2.0, 0.296875], [2.0, 0.294921875], [2.0, 0.29296875], [2.0, 0.291015625], [2.0, 0.2890625], [2.0, 0.287109375], [2.0, 0.28515625], [2.0, 0.283203125], [2.0, 0.28125], [2.0, 0.279296875], [2.0, 0.27734375], [2.0, 0.275390625], [2.0, 0.2734375], [2.0, 0.271484375], [2.0, 0.26953125], [2.0, 0.267578125], [2.0, 0.265625], [2.0, 0.263671875], [2.0, 0.26171875], [2.0, 0.259765625], [2.0, 0.2578125], [2.0, 0.255859375], [2.0, 0.25390625], [2.0, 0.251953125], [2.0, 0.25], [2.0, 0.248046875], [2.0, 0.24609375], [2.0, 0.244140625], [2.0, 0.2421875], [2.0, 0.240234375], [2.0, 0.23828125], [2.0, 0.236328125], [2.0, 0.234375], [2.0, 0.232421875], [2.0, 0.23046875], [2.0, 0.228515625], [2.0, 0.2265625], [2.0, 0.224609375], [2.0, 0.22265625], [2.0, 0.220703125], [2.0, 0.21875], [2.0, 0.216796875], [2.0, 0.21484375], [2.0, 0.212890625], [2.0, 0.2109375], [2.0, 0.208984375], [2.0, 0.20703125], [2.0, 0.205078125], [2.0, 0.203125], [2.0, 0.201171875], [2.0, 0.19921875], [2.0, 0.197265625], [2.0, 0.1953125], [2.0, 0.193359375], [2.0, 0.19140625], [2.0, 0.189453125], [2.0, 0.1875], [2.0, 0.185546875], [2.0, 0.18359375], [2.0, 0.181640625], [2.0, 0.1796875], [2.0, 0.177734375], [2.0, 0.17578125], [2.0, 0.173828125], [2.0, 0.171875], [2.0, 0.169921875], [2.0, 0.16796875], [2.0, 0.166015625], [2.0, 0.1640625], [2.0, 0.162109375], [2.0, 0.16015625], [2.0, 0.158203125], [2.0, 0.15625], [2.0, 0.154296875], [2.0, 0.15234375], [2.0, 0.150390625], [2.0, 0.1484375], [2.0, 0.146484375], [2.0, 0.14453125], [2.0, 0.142578125], [2.0, 0.140625], [2.0, 0.138671875], [2.0, 0.13671875], [2.0, 0.134765625], [2.0, 0.1328125], [2.0, 0.130859375], [2.0, 0.12890625], [2.0, 0.126953125], [2.0, 0.125], [2.0, 0.123046875], [2.0, 0.12109375], [2.0, 0.119140625], [2.0, 0.1171875], [2.0, 0.115234375], [2.0, 0.11328125], [2.0, 0.111328125], [2.0, 0.109375], [2.0, 0.107421875], [2.0, 0.10546875], [2.0, 0.103515625], [2.0, 0.1015625], [2.0, 0.099609375], [2.0, 0.09765625], [2.0, 0.095703125], [2.0, 0.09375], [2.0, 0.091796875], [2.0, 0.08984375], [2.0, 0.087890625], [2.0, 0.0859375], [2.0, 0.083984375], [2.0, 0.08203125], [2.0, 0.080078125], [2.0, 0.078125], [2.0, 0.076171875], [2.0, 0.07421875], [2.0, 0.072265625], [2.0, 0.0703125], [2.0, 0.068359375], [2.0, 0.06640625], [2.0, 0.064453125], [2.0, 0.0625], [2.0, 0.060546875], [2.0, 0.05859375], [2.0, 0.056640625], [2.0, 0.0546875], [2.0, 0.052734375], [2.0, 0.05078125], [2.0, 0.048828125], [2.0, 0.046875], [2.0, 0.044921875], [2.0, 0.04296875], [2.0, 0.041015625], [2.0, 0.0390625], [2.0, 0.037109375], [2.0, 0.03515625], [2.0, 0.033203125], [2.0, 0.03125], [2.0, 0.029296875], [2.0, 0.02734375], [2.0, 0.025390625], [2.0, 0.0234375], [2.0, 0.021484375], [2.0, 0.01953125], [2.0, 0.017578125], [2.0, 0.015625], [2.0, 0.013671875], [2.0, 0.01171875], [2.0, 0.009765625], [2.0, 0.0078125], [2.0, 0.005859375], [2.0, 0.00390625], [2.0, 0.001953125], [2, 0]]]}}, {"type": "Feature", "id": "c3-0", "properties": {"id": "c3-0", "name": "cell 3,0", "value": 2.6305}, "geometry": {"type": "Polygon", "coordinates": [[[3.0, 0.0], [3.001953125, 0.0], [3.00390625, 0.0], [3.005859375, 0.0], [3.0078125, 0.0], [3.009765625, 0.0], [3.01171875, 0.0], [3.013671875, 0.0], [3.015625, 0.0], [3.017578125, 0.0], [3.01953125, 0.0], [3.021484375, 0.0], [3.0234375, 0.0], [3.025390625, 0.0], [3.02734375, 0.0], [3.029296875, 0.0], [3.03125, 0.0], [3.033203125, 0.0], [3.03515625, 0.0], [3.037109375, 0.0], [3.0390625, 0.0], [3.041015625, 0.0], [3.04296875, 0.0], [3.044921875, 0.0], [3.046875, 0.0], [3.048828125, 0.0], [3.05078125, 0.0], [3.052734375, 0.0], [3.0546875, 0.0], [3.056640625, 0.0], [3.05859375, 0.0], [3.060546875, 0.0], [3.0625, 0.0], [3.064453125, 0.0], [3.06640625, 0.0], [3.068359375, 0.0], [3.0703125, 0.0], [3.072265625, 0.0], [3.07421875, 0.0], [3.076171875, 0.0], [3.078125, 0.0], [3.080078125, 0.0], [3.08203125, 0.0], [3.083984375, 0.0], [3.0859375, 0.0], [3.087890625, 0.0], [3.08984375, 0.0], [3.091796875, 0.0], [3.09375, 0.0], [3.095703125, 0.0], [3.09765625, 0.0], [3.099609375, 0.0], [3.1015625, 0.0], [3.103515625, 0.0], [3.10546875, 0.0], [3.107421875, 0.0], [3.109375, 0.0], [3.111328125, 0.0], [3.11328125, 0.0], [3.115234375, 0.0], [3.1171875, 0.0], [3.119140625, 0.0], [3.12109375, 0.0], [3.123046875, 0.0], [3.125, 0.0], [3.126953125, 0.0], [3.12890625, 0.0], [3.130859375, 0.0], [3.1328125, 0.0], [3.134765625, 0.0], [3.13671875, 0.0], [3.138671875, 0.0], [3.140625, 0.0], [3.142578125, 0.0], [3.14453125, 0.0], [3.146484375, 0.0], [3.1484375, 0.0], [3.150390625, 0.0], [3.15234375, 0.0], [3.154296875, 0.0], [3.15625, 0.0], [3.158203125, 0.0], [3.16015625, 0.0], [3.162109375, 0.0], [3.1640625, 0.0], [3.166015625, 0.0], [3.16796875, 0.0], [3.169921875, 0.0], [3.171875, 0.0], [3.173828125, 0.0], [3.17578125, 0.0], [3.177734375, 0.0], [3.1796875, 0.0], [3.181640625, 0.0], [3.18359375, 0.0], [3.185546875, 0.0], [3.1875, 0.0], [3.189453125, 0.0], [3.19140625, 0.0], [3.193359375, 0.0], [3.1953125, 0.0], [3.197265625, 0.0], [3.19921875, 0.0], [3.201171875, 0.0], [3.203125, 0.0], [3.205078125, 0.0], [3.20703125, 0.0], [3.208984375, 0.0], [3.2109375, 0.0], [3.212890625, 0.0], [3.21484375, 0.0], [3.216796875, 0.0], [3.21875, 0.0], [3.220703125, 0.0], [3.22265625, 0.0], [3.224609375, 0.0], [3.2265625, 0.0], [3.228515625, 0.0], [3.23046875, 0.0], [3.232421875, 0.0], [3.234375, 0.0], [3.236328125, 0.0], [3.23828125, 0.0], [3.240234375, 0.0], [3.2421875, 0.0], [3.244140625, 0.0], [3.24609375, 0.0], [3.248046875, 0.0], [3.25, 0.0], [3.251953125, 0.0], [3.25390625, 0.0], [3.255859375, 0.0], [3.2578125, 0.0], [3.259765625, 0.0], [3.26171875, 0.0], [3.263671875, 0.0], [3.265625, 0.0], [3.267578125, 0.0], [3.26953125, 0.0], [3.271484375, 0.0], [3.2734375, 0.0], [3.275390625, 0.0], [3.27734375, 0.0], [3.279296875, 0.0], [3.28125, 0.0], [3.283203125, 0.0], [3.28515625, 0.0], [3.287109375, 0.0], [3.2890625, 0.0], [3.291015625, 0.0], [3.29296875, 0.0], [3.294921875, 0.0], [3.296875, 0.0], [3.298828125, 0.0], [3.30078125, 0.0], [3.302734375, 0.0], [3.3046875, 0.0], [3.306640625, 0.0], [3.30859375, 0.0], [3.310546875, 0.0], [3.3125, 0.0], [3.314453125, 0.0], [3.31640625, 0.0], [3.318359375, 0.0], [3.3203125, 0.0], [3.322265625, 0.0], [3.32421875, 0.0], [3.326171875, 0.0], [3.328125, 0.0], [3.330078125, 0.0], [3.33203125, 0.0], [3.333984375, 0.0], [3.3359375, 0.0], [3.337890625, 0.0], [3.33984375, 0.0], [3.341796875, 0.0], [3.34375, 0.0], [3.345703125, 0.0], [3.34765625, 0.0], [3.349609375, 0.0], [3.3515625, 0.0], [3.353515625, 0.0], [3.35546875, 0.0], [3.357421875, 0.0], [3.359375, 0.0], [3.361328125, 0.0], [3.36328125, 0.0], [3.365234375, 0.0], [3.3671875, 0.0], [3.369140625, 0.0], [3.37109375, 0.0], [3.373046875, 0.0], [3.375, 0.0], [3.376953125, 0.0], [3.37890625, 0.0], [3.380859375, 0.0], [3.3828125, 0.0], [3.384765625, 0.0], [3.38671875, 0.0], [3.388671875, 0.0], [3.390625, 0.0], [3.392578125, 0.0], [3.39453125, 0.0], [3.396484375, 0.0], [3.3984375, 0.0], [3.400390625, 0.0], [3.40234375, 0.0], [3.404296875, 0.0], [3.40625, 0.0], [3.408203125, 0.0], [3.41015625, 0.0], [3.412109375, 0.0], [3.4140625, 0.0], [3.416015625, 0.0], [3.41796875, 0.0], [3.419921875, 0.0], [3.421875, 0.0], [3.423828125, 0.0], [3.42578125, 0.0], [3.427734375, 0.0], [3.4296875, 0.0], [3.431640625, 0.0], [3.43359375, 0.0], [3.435546875, 0.0], [3.4375, 0.0], [3.439453125, 0.0], [3.44140625, 0.0], [3.443359375, 0.0], [3.4453125, 0.0], [3.447265625, 0.0], [3.44921875, 0.0], [3.451171875, 0.0], [3.453125, 0.0], [3.455078125, 0.0], [3.45703125, 0.0], [3.458984375, 0.0], [3.4609375, 0.0], [3.462890625, 0.0], [3.46484375, 0.0], [3.466796875, 0.0], [3.46875, 0.0], [3.470703125, 0.0], [3.47265625, 0.0], [3.474609375, 0.0], [3.4765625, 0.0], [3.478515625, 0.0], [3.48046875, 0.0], [3.482421875, 0.0], [3.484375, 0.0], [3.486328125, 0.0], [3.48828125, 0.0], [3.490234375, 0.0], [3.4921875, 0.0], [3.494140625, 0.0], [3.49609375, 0.0], [3.498046875, 0.0], [3.5, 0.0], [3.501953125, 0.0], [3.50390625, 0.0], [3.505859375, 0.0], [3.5078125, 0.0], [3.509765625, 0.0], [3.51171875, 0.0], [3.513671875, 0.0], [3.515625, 0.0], [3.517578125, 0.0], [3.51953125, 0.0], [3.521484375, 0.0], [3.5234375, 0.0], [3.525390625, 0.0], [3.52734375, 0.0], [3.529296875, 0.0], [3.53125, 0.0], [3.533203125, 0.0], [3.53515625, 0.0], [3.537109375, 0.0], [3.5390625, 0.0], [3.541015625, 0.0], [3.54296875, 0.0], [3.544921875, 0.0], [3.546875, 0.0], [3.548828125, 0.0], [3.55078125, 0.0], [3.552734375, 0.0], [3.5546875, 0.0], [3.556640625, 0.0], [3.55859375, 0.0], [3.560546875, 0.0], [3.5625, 0.0], [3.564453125, 0.0], [3.56640625, 0.0], [3.568359375, 0.0], [3.5703125, 0.0], [3.572265625, 0.0], [3.57421875, 0.0], [3.576171875, 0.0], [3.578125, 0.0], [3.580078125, 0.0], [3.58203125, 0.0], [3.583984375, 0.0], [3.5859375, 0.0], [3.587890625, 0.0], [3.58984375, 0.0], [3.591796875, 0.0], [3.59375, 0.0], [3.595703125, 0.0], [3.59765625, 0.0], [3.599609375, 0.0], [3.6015625, 0.0], [3.603515625, 0.0], [3.60546875, 0.0], [3.607421875, 0.0], [3.609375, 0.0], [3.611328125, 0.0], [3.61328125, 0.0], [3.615234375, 0.0], [3.6171875, 0.0], [3.619140625, 0.0], [3.62109375, 0.0], [3.623046875, 0.0], [3.625, 0.0], [3.626953125, 0.0], [3.62890625, 0.0], [3.630859375, 0.0], [3.6328125, 0.0], [3.634765625, 0.0], [3.63671875, 0.0], [3.638671875, 0.0], [3.640625, 0.0], [3.642578125, 0.0], [3.64453125, 0.0], [3.646484375, 0.0], [3.6484375, 0.0], [3.650390625, 0.0], [3.65234375, 0.0], [3.654296875, 0.0], [3.65625, 0.0], [3.658203125, 0.0], [3.66015625, 0.0], [3.662109375, 0.0], [3.6640625, 0.0], [3.666015625, 0.0], [3.66796875, 0.0], [3.669921875, 0.0], [3.671875, 0.0], [3.673828125, 0.0], [3.67578125, 0.0], [3.677734375, 0.0], [3.6796875, 0.0], [3.681640625, 0.0], [3.68359375, 0.0], [3.685546875, 0.0], [3.6875, 0.0], [3.689453125, 0.0], [3.69140625, 0.0], [3.693359375, 0.0], [3.6953125, 0.0], [3.697265625, 0.0], [3.69921875, 0.0], [3.701171875, 0.0], [3.703125, 0.0], [3.705078125, 0.0], [3.70703125, 0.0], [3.708984375, 0.0], [3.7109375, 0.0], [3.712890625, 0.0], [3.71484375, 0.0], [3.716796875, 0.0], [3.71875, 0.0], [3.720703125, 0.0], [3.72265625, 0.0], [3.724609375, 0.0], [3.7265625, 0.0], [3.728515625, 0.0], [3.73046875, 0.0], [3.732421875, 0.0], [3.734375, 0.0], [3.736328125, 0.0], [3.73828125, 0.0], [3.740234375, 0.0], [3.7421875, 0.0], [3.744140625, 0.0], [3.74609375, 0.0], [3.748046875, 0.0], [3.75, 0.0], [3.751953125, 0.0], [3.75390625, 0.0], [3.755859375, 0.0], [3.7578125, 0.0], [3.759765625, 0.0], [3.76171875, 0.0], [3.763671875, 0.0], [3.765625, 0.0], [3.767578125, 0.0], [3.76953125, 0.0], [3.771484375, 0.0], [3.7734375, 0.0], [3.775390625, 0.0], [3.77734375, 0.0], [3.779296875, 0.0], [3.78125, 0.0], [3.783203125, 0.0], [3.78515625, 0.0], [3.787109375, 0.0], [3.7890625, 0.0], [3.791015625, 0.0], [3.79296875, 0.0], [3.794921875, 0.0], [3.796875, 0.0], [3.798828125, 0.0], [3.80078125, 0.0], [3.802734375, 0.0], [3.8046875, 0.0], [3.806640625, 0.0], [3.80859375, 0.0], [3.810546875, 0.0], [3.8125, 0.0], [3.814453125, 0.0], [3.81640625, 0.0], [3.818359375, 0.0], [3.8203125, 0.0], [3.822265625, 0.0], [3.82421875, 0.0], [3.826171875, 0.0], [3.828125, 0.0], [3.830078125, 0.0], [3.83203125, 0.0], [3.833984375, 0.0], [3.8359375, 0.0], [3.837890625, 0.0], [3.83984375, 0.0], [3.841796875, 0.0], [3.84375, 0.0], [3.845703125, 0.0], [3.84765625, 0.0], [3.849609375, 0.0], [3.8515625, 0.0], [3.853515625, 0.0], [3.85546875, 0.0], [3.857421875, 0.0], [3.859375, 0.0], [3.861328125, 0.0], [3.86328125, 0.0], [3.865234375, 0.0], [3.8671875, 0.0], [3.869140625, 0.0], [3.87109375, 0.0], [3.873046875, 0.0], [3.875, 0.0], [3.876953125, 0.0], [3.87890625, 0.0], [3.880859375, 0.0], [3.8828125, 0.0], [3.884765625, 0.0], [3.88671875, 0.0], [3.888671875, 0.0], [3.890625, 0.0], [3.892578125, 0.0], [3.89453125, 0.0], [3.896484375, 0.0], [3.8984375, 0.0], [3.900390625, 0.0], [3.90234375, 0.0], [3.904296875, 0.0], [3.90625, 0.0], [3.908203125, 0.0], [3.91015625, 0.0], [3.912109375, 0.0], [3.9140625, 0.0], [3.916015625, 0.0], [3.91796875, 0.0], [3.919921875, 0.0], [3.921875, 0.0], [3.923828125, 0.0], [3.92578125, 0.0], [3.927734375, 0.0], [3.9296875, 0.0], [3.931640625, 0.0], [3.93359375, 0.0], [3.935546875, 0.0], [3.9375, 0.0], [3.939453125, 0.0], [3.94140625, 0.0], [3.943359375, 0.0], [3.9453125, 0.0], [3.947265625, 0.0], [3.94921875, 0.0], [3.951171875, 0.0], [3.953125, 0.0], [3.955078125, 0.0], [3.95703125, 0.0], [3.958984375, 0.0], [3.9609375, 0.0], [3.962890625, 0.0], [3.96484375, 0.0], [3.966796875, 0.0], [3.96875, 0.0], [3.970703125, 0.0], [3.97265625, 0.0], [3.974609375, 0.0], [3.9765625, 0.0], [3.978515625, 0.0], [3.98046875, 0.0], [3.982421875, 0.0], [3.984375, 0.0], [3.986328125, 0.0], [3.98828125, 0.0], [3.990234375, 0.0], [3.9921875, 0.0], [3.994140625, 0.0], [3.99609375, 0.0], [3.998046875, 0.0], [4.0, 0.0], [4.0, 0.001953125], [4.0, 0.00390625], [4.0, 0.005859375], [4.0, 0.0078125], [4.0, 0.009765625], [4.0, 0.01171875], [4.0, 0.013671875], [4.0, 0.015625], [4.0, 0.017578125], [4.0, 0.01953125], [4.0, 0.021484375], [4.0, 0.0234375], [4.0, 0.025390625], [4.0, 0.02734375], [4.0, 0.029296875], [4.0, 0.03125], [4.0, 0.033203125], [4.0, 0.03515625], [4.0, 0.037109375], [4.0, 0.0390625], [4.0, 0.041015625], [4.0, 0.04296875], [4.0, 0.044921875], [4.0, 0.046875], [4.0, 0.048828125], [4.0, 0.05078125], [4.0, 0.052734375], [4.0, 0.0546875], [4.0, 0.056640625], [4.0, 0.05859375], [4.0, 0.060546875], [4.0, 0.0625], [4.0, 0.064453125], [4.0, 0.06640625], [4.0, 0.068359375], [4.0, 0.0703125], [4.0, 0.072265625], [4.0, 0.07421875], [4.0, 0.076171875], [4.0, 0.078125], [4.0, 0.080078125], [4.0, 0.08203125], [4.0, 0.083984375], [4.0, 0.0859375], [4.0, 0.087890625], [4.0, 0.08984375], [4.0, 0.091796875], [4.0, 0.09375], [4.0, 0.095703125], [4.0, 0.09765625], [4.0, 0.099609375], [4.0, 0.1015625], [4.0, 0.103515625], [4.0, 0.10546875], [4.0, 0.107421875], [4.0, 0.109375], [4.0, 0.111328125], [4.0, 0.11328125], [4.0, 0.115234375], [4.0, 0.1171875], [4.0, 0.119140625], [4.0, 0.12109375], [4.0, 0.123046875], [4.0, 0.125], [4.0, 0.126953125], [4.0, 0.12890625], [4.0, 0.130859375], [4.0, 0.1328125], [4.0, 0.134765625], [4.0, 0.13671875], [4.0, 0.138671875], [4.0, 0.140625], [4.0, 0.142578125], [4.0, 0.14453125], [4.0, 0.146484375], [4.0, 0.1484375], [4.0, 0.150390625], [4.0, 0.15234375], [4.0, 0.154296875], [4.0, 0.15625], [4.0, 0.158203125], [4.0, 0.16015625], [4.0, 0.162109375], [4.0, 0.1640625], [4.0, 0.166015625], [4.0, 0.16796875], [4.0, 0.169921875], [4.0, 0.171875], [4.0, 0.173828125], [4.0, 0.17578125], [4.0, 0.177734375], [4.0, 0.1796875], [4.0, 0.181640625], [4.0, 0.18359375], [4.0, 0.185546875], [4.0, 0.1875], [4.0, 0.189453125], [4.0, 0.19140625], [4.0, 0.193359375], [4.0, 0.1953125], [4.0, 0.197265625], [4.0, 0.19921875], [4.0, 0.201171875], [4.0, 0.203125], [4.0, 0.205078125], [4.0, 0.20703125], [4.0, 0.208984375], [4.0, 0.2109375], [4.0, 0.212890625], [4.0, 0.21484375], [4.0, 0.216796875], [4.0, 0.21875], [4.0, 0.220703125], [4.0, 0.22265625], [4.0, 0.224609375], [4.0, 0.2265625], [4.0, 0.228515625], [4.0, 0.23046875], [4.0, 0.232421875], [4.0, 0.234375], [4.0, 0.236328125], [4.0, 0.23828125], [4.0, 0.240234375], [4.0, 0.2421875], [4.0, 0.244140625], [4.0, 0.24609375], [4.0, 0.248046875], [4.0, 0.25], [4.0, 0.251953125], [4.0, 0.25390625], [4.0, 0.255859375], [4.0, 0.2578125], [4.0, 0.259765625], [4.0, 0.26171875], [4.0, 0.263671875], [4.0, 0.265625], [4.0, 0.267578125], [4.0, 0.26953125], [4.0, 0.271484375], [4.0, 0.2734375], [4.0, 0.275390625], [4.0, 0.27734375], [4.0, 0.279296875], [4.0, 0.28125], [4.0, 0.283203125], [4.0, 0.28515625], [4.0, 0.287109375], [4.0, 0.2890625], [4.0, 0.291015625], [4.0, 0.29296875], [4.0, 0.294921875], [4.0, 0.296875], [4.0, 0.298828125], [4.0, 0.30078125], [4.0, 0.302734375], [4.0, 0.3046875], [4.0, 0.306640625], [4.0, 0.30859375], [4.0, 0.310546875], [4.0, 0.3125], [4.0, 0.314453125], [4.0, 0.31640625], [4.0, 0.318359375], [4.0, 0.3203125], [4.0, 0.322265625], [4.0, 0.32421875], [4.0, 0.326171875], [4.0, 0.328125], [4.0, 0.330078125], [4.0, 0.33203125], [4.0, 0.333984375], [4.0, 0.3359375], [4.0, 0.337890625], [4.0, 0.33984375], [4.0, 0.341796875], [4.0, 0.34375], [4.0, 0.345703125], [4.0, 0.34765625], [4.0, 0.349609375], [4.0, 0.3515625], [4.0, 0.353515625], [4.0, 0.35546875], [4.0, 0.357421875], [4.0, 0.359375], [4.0, 0.361328125], [4.0, 0.36328125], [4.0, 0.365234375], [4.0, 0.3671875], [4.0, 0.369140625], [4.0, 0.37109375], [4.0, 0.373046875], [4.0, 0.375], [4.0, 0.376953125], [4.0, 0.37890625], [4.0, 0.380859375], [4.0, 0.3828125], [4.0, 0.384765625], [4.0, 0.38671875], [4.0, 0.388671875], [4.0, 0.390625], [4.0, 0.392578125], [4.0, 0.39453125], [4.0, 0.396484375], [4.0, 0.3984375], [4.0, 0.400390625], [4.0, 0.40234375], [4.0, 0.404296875], [4.0, 0.40625], [4.0, 0.408203125], [4.0, 0.41015625], [4.0, 0.412109375], [4.0, 0.4140625], [4.0, 0.416015625], [4.0, 0.41796875], [4.0, 0.419921875], [4.0, 0.421875], [4.0, 0.423828125], [4.0, 0.42578125], [4.0, 0.427734375], [4.0, 0.4296875], [4.0, 0.431640625], [4.0, 0.43359375], [4.0, 0.435546875], [4.0, 0.4375], [4.0, 0.439453125], [4.0, 0.44140625], [4.0, 0.443359375], [4.0, 0.4453125], [4.0, 0.447265625], [4.0, 0.44921875], [4.0, 0.451171875], [4.0, 0.453125], [4.0, 0.455078125], [4.0, 0.45703125], [4.0, 0.458984375], [4.0, 0.4609375], [4.0, 0.462890625], [4.0, 0.46484375], [4.0, 0.466796875], [4.0, 0.46875], [4.0, 0.470703125], [4.0, 0.47265625], [4.0, 0.474609375], [4.0, 0.4765625], [4.0, 0.478515625], [4.0, 0.48046875], [4.0, 0.482421875], [4.0, 0.484375], [4.0, 0.486328125], [4.0, 0.48828125], [4.0, 0.490234375], [4.0, 0.4921875], [4.0, 0.494140625], [4.0, 0.49609375], [4.0, 0.498046875], [4.0, 0.5], [4.0, 0.501953125], [4.0, 0.50390625], [4.0, 0.505859375], [4.0, 0.5078125], [4.0, 0.509765625], [4.0, 0.51171875], [4.0, 0.513671875], [4.0, 0.515625], [4.0, 0.517578125], [4.0, 0.51953125], [4.0, 0.521484375], [4.0, 0.5234375], [4.0, 0.525390625], [4.0, 0.52734375], [4.0, 0.529296875], [4.0, 0.53125], [4.0, 0.533203125], [4.0, 0.53515625], [4.0, 0.537109375], [4.0, 0.5390625], [4.0, 0.541015625], [4.0, 0.54296875], [4.0, 0.544921875], [4.0, 0.546875], [4.0, 0.548828125], [4.0, 0.55078125], [4.0, 0.552734375], [4.0, 0.5546875], [4.0, 0.556640625], [4.0, 0.55859375], [4.0, 0.560546875], [4.0, 0.5625], [4.0, 0.564453125], [4.0, 0.56640625], [4.0, 0.568359375], [4.0, 0.5703125], [4.0, 0.572265625], [4.0, 0.57421875], [4.0, 0.576171875], [4.0, 0.578125], [4.0, 0.580078125], [4.0, 0.58203125], [4.0, 0.583984375], [4.0, 0.5859375], [4.0, 0.587890625], [4.0, 0.58984375], [4.0, 0.591796875], [4.0, 0.59375], [4.0, 0.595703125], [4.0, 0.59765625], [4.0, 0.599609375], [4.0, 0.6015625], [4.0, 0.603515625], [4.0, 0.60546875], [4.0, 0.607421875], [4.0, 0.609375], [4.0, 0.611328125], [4.0, 0.61328125], [4.0, 0.615234375], [4.0, 0.6171875], [4.0, 0.619140625], [4.0, 0.62109375], [4.0, 0.623046875], [4.0, 0.625], [4.0, 0.626953125], [4.0, 0.62890625], [4.0, 0.630859375], [4.0, 0.6328125], [4.0, 0.634765625], [4.0, 0.63671875], [4.0, 0.638671875], [4.0, 0.640625], [4.0, 0.642578125], [4.0, 0.64453125], [4.0, 0.646484375], [4.0, 0.6484375], [4.0, 0.650390625], [4.0, 0.65234375], [4.0, 0.654296875], [4.0, 0.65625], [4.0, 0.658203125], [4.0, 0.66015625], [4.0, 0.662109375], [4.0, 0.6640625], [4.0, 0.666015625], [4.0, 0.66796875], [4.0, 0.669921875], [4.0, 0.671875], [4.0, 0.673828125], [4.0, 0.67578125], [4.0, 0.677734375], [4.0, 0.6796875], [4.0, 0.681640625], [4.0, 0.68359375], [4.0, 0.685546875], [4.0, 0.6875], [4.0, 0.689453125], [4.0, 0.69140625], [4.0, 0.693359375], [4.0, 0.6953125], [4.0, 0.697265625], [4.0, 0.69921875], [4.0, 0.701171875], [4.0, 0.703125], [4.0, 0.705078125], [4.0, 0.70703125], [4.0, 0.708984375], [4.0, 0.7109375], [4.0, 0.712890625], [4.0, 0.71484375], [4.0, 0.716796875], [4.0, 0.71875], [4.0, 0.720703125], [4.0, 0.72265625], [4.0, 0.724609375], [4.0, 0.7265625], [4.0, 0.728515625], [4.0, 0.73046875], [4.0, 0.732421875], [4.0, 0.734375], [4.0, 0.736328125], [4.0, 0.73828125], [4.0, 0.740234375], [4.0, 0.7421875], [4.0, 0.744140625], [4.0, 0.74609375], [4.0, 0.748046875], [4.0, 0.75], [4.0, 0.751953125], [4.0, 0.75390625], [4.0, 0.755859375], [4.0, 0.7578125], [4.0, 0.759765625], [4.0, 0.76171875], [4.0, 0.763671875], [4.0, 0.765625], [4.0, 0.767578125], [4.0, 0.76953125], [4.0, 0.771484375], [4.0, 0.7734375], [4.0, 0.775390625], [4.0, 0.77734375], [4.0, 0.779296875], [4.0, 0.78125], [4.0, 0.783203125], [4.0, 0.78515625], [4.0, 0.787109375], [4.0, 0.7890625], [4.0, 0.791015625], [4.0, 0.79296875], [4.0, 0.794921875], [4.0, 0.796875], [4.0, 0.798828125], [4.0, 0.80078125], [4.0, 0.802734375], [4.0, 0.8046875], [4.0, 0.806640625], [4.0, 0.80859375], [4.0, 0.810546875], [4.0, 0.8125], [4.0, 0.814453125], [4.0, 0.81640625], [4.0, 0.818359375], [4.0, 0.8203125], [4.0, 0.822265625], [4.0, 0.82421875], [4.0, 0.826171875], [4.0, 0.828125], [4.0, 0.830078125], [4.0, 0.83203125], [4.0, 0.833984375], [4.0, 0.8359375], [4.0, 0.837890625], [4.0, 0.83984375], [4.0, 0.841796875], [4.0, 0.84375], [4.0, 0.845703125], [4.0, 0.84765625], [4.0, 0.849609375], [4.0, 0.8515625], [4.0, 0.853515625], [4.0, 0.85546875], [4.0, 0.857421875], [4.0, 0.859375], [4.0, 0.861328125], [4.0, 0.86328125], [4.0, 0.865234375], [4.0, 0.8671875], [4.0, 0.869140625], [4.0, 0.87109375], [4.0, 0.873046875], [4.0, 0.875], [4.0, 0.876953125], [4.0, 0.87890625], [4.0, 0.880859375], [4.0, 0.8828125], [4.0, 0.884765625], [4.0, 0.88671875], [4.0, 0.888671875], [4.0, 0.890625], [4.0, 0.892578125], [4.0, 0.89453125], [4.0, 0.896484375], [4.0, 0.8984375], [4.0, 0.900390625], [4.0, 0.90234375], [4.0, 0.904296875], [4.0, 0.90625], [4.0, 0.908203125], [4.0, 0.91015625], [4.0, 0.912109375], [4.0, 0.9140625], [4.0, 0.916015625], [4.0, 0.91796875], [4.0, 0.919921875], [4.0, 0.921875], [4.0, 0.923828125], [4.0, 0.92578125], [4.0, 0.927734375], [4.0, 0.9296875], [4.0, 0.931640625], [4.0, 0.93359375], [4.0, 0.935546875], [4.0, 0.9375], [4.0, 0.939453125], [4.0, 0.94140625], [4.0, 0.943359375], [4.0, 0.9453125], [4.0, 0.947265625], [4.0, 0.94921875], [4.0, 0.951171875], [4.0, 0.953125], [4.0, 0.955078125], [4.0, 0.95703125], [4.0, 0.958984375], [4.0, 0.9609375], [4.0, 0.962890625], [4.0, 0.96484375], [4.0, 0.966796875], [4.0, 0.96875], [4.0, 0.970703125], [4.0, 0.97265625], [4.0, 0.974609375], [4.0, 0.9765625], [4.0, 0.978515625], [4.0, 0.98046875], [4.0, 0.982421875], [4.0, 0.984375], [4.0, 0.986328125], [4.0, 0.98828125], [4.0, 0.990234375], [4.0, 0.9921875], [4.0, 0.994140625], [4.0, 0.99609375], [4.0, 0.998046875], [4.0, 1.0], [3.998046875, 1.0], [3.99609375, 1.0], [3.994140625, 1.0], [3.9921875, 1.0], [3.990234375, 1.0], [3.98828125, 1.0], [3.986328125, 1.0], [3.984375, 1.0], [3.982421875, 1.0], [3.98046875, 1.0], [3.978515625, 1.0], [3.9765625, 1.0], [3.974609375, 1.0], [3.97265625, 1.0], [3.970703125, 1.0], [3.96875, 1.0], [3.966796875, 1.0], [3.96484375, 1.0], [3.962890625, 1.0], [3.9609375, 1.0], [3.958984375, 1.0], [3.95703125, 1.0], [3.955078125, 1.0], [3.953125, 1.0], [3.951171875, 1.0], [3.94921875, 1.0], [3.947265625, 1.0], [3.9453125, 1.0], [3.943359375, 1.0], [3.94140625, 1.0], [3.939453125, 1.0], [3.9375, 1.0], [3.935546875, 1.0], [3.93359375, 1.0], [3.931640625, 1.0], [3.9296875, 1.0], [3.927734375, 1.0], [3.92578125, 1.0], [3.923828125, 1.0], [3.921875, 1.0], [3.919921875, 1.0], [3.91796875, 1.0], [3.916015625, 1.0], [3.9140625, 1.0], [3.912109375, 1.0], [3.91015625, 1.0], [3.908203125, 1.0], [3.90625, 1.0], [3.904296875, 1.0], [3.90234375, 1.0], [3.900390625, 1.0], [3.8984375, 1.0], [3.896484375, 1.0], [3.89453125, 1.0], [3.892578125, 1.0], [3.890625, 1.0], [3.888671875, 1.0], [3.88671875, 1.0], [3.884765625, 1.0], [3.8828125, 1.0], [3.880859375, 1.0], [3.87890625, 1.0], [3.876953125, 1.0], [3.875, 1.0], [3.873046875, 1.0], [3.87109375, 1.0], [3.869140625, 1.0], [3.8671875, 1.0], [3.865234375, 1.0], [3.86328125, 1.0], [3.861328125, 1.0], [3.859375, 1.0], [3.857421875, 1.0], [3.85546875, 1.0], [3.853515625, 1.0], [3.8515625, 1.0], [3.849609375, 1.0], [3.84765625, 1.0], [3.845703125, 1.0], [3.84375, 1.0], [3.841796875, 1.0], [3.83984375, 1.0], [3.837890625, 1.0], [3.8359375, 1.0], [3.833984375, 1.0], [3.83203125, 1.0], [3.830078125, 1.0], [3.828125, 1.0], [3.826171875, 1.0], [3.82421875, 1.0], [3.822265625, 1.0], [3.8203125, 1.0], [3.818359375, 1.0], [3.81640625, 1.0], [3.814453125, 1.0], [3.8125, 1.0], [3.810546875, 1.0], [3.80859375, 1.0], [3.806640625, 1.0], [3.8046875, 1.0], [3.802734375, 1.0], [3.80078125, 1.0], [3.798828125, 1.0], [3.796875, 1.0], [3.794921875, 1.0], [3.79296875, 1.0], [3.791015625, 1.0], [3.7890625, 1.0], [3.787109375, 1.0], [3.78515625, 1.0], [3.783203125, 1.0], [3.78125, 1.0], [3.779296875, 1.0], [3.77734375, 1.0], [3.775390625, 1.0], [3.7734375, 1.0], [3.771484375, 1.0], [3.76953125, 1.0], [3.767578125, 1.0], [3.765625, 1.0], [3.763671875, 1.0], [3.76171875, 1.0], [3.759765625, 1.0], [3.7578125, 1.0], [3.755859375, 1.0], [3.75390625, 1.0], [3.751953125, 1.0], [3.75, 1.0], [3.748046875, 1.0], [3.74609375, 1.0], [3.744140625, 1.0], [3.7421875, 1.0], [3.740234375, 1.0], [3.73828125, 1.0], [3.736328125, 1.0], [3.734375, 1.0], [3.732421875, 1.0], [3.73046875, 1.0], [3.728515625, 1.0], [3.7265625, 1.0], [3.724609375, 1.0], [3.72265625, 1.0], [3.720703125, 1.0], [3.71875, 1.0], [3.716796875, 1.0], [3.71484375, 1.0], [3.712890625, 1.0], [3.7109375, 1.0], [3.708984375, 1.0], [3.70703125, 1.0], [3.705078125, 1.0], [3.703125, 1.0], [3.701171875, 1.0], [3.69921875, 1.0], [3.697265625, 1.0], [3.6953125, 1.0], [3.693359375, 1.0], [3.69140625, 1.0], [3.689453125, 1.0], [3.6875, 1.0], [3.685546875, 1.0], [3.68359375, 1.0], [3.681640625, 1.0], [3.6796875, 1.0], [3.677734375, 1.0], [3.67578125, 1.0], [3.673828125, 1.0], [3.671875, 1.0], [3.669921875, 1.0], [3.66796875, 1.0], [3.666015625, 1.0], [3.6640625, 1.0], [3.662109375, 1.0], [3.66015625, 1.0], [3.658203125, 1.0], [3.65625, 1.0], [3.654296875, 1.0], [3.65234375, 1.0], [3.650390625, 1.0], [3.6484375, 1.0], [3.646484375, 1.0], [3.64453125, 1.0], [3.642578125, 1.0], [3.640625, 1.0], [3.638671875, 1.0], [3.63671875, 1.0], [3.634765625, 1.0], [3.6328125, 1.0], [3.630859375, 1.0], [3.62890625, 1.0], [3.626953125, 1.0], [3.625, 1.0], [3.623046875, 1.0], [3.62109375, 1.0], [3.619140625, 1.0], [3.6171875, 1.0], [3.615234375, 1.0], [3.61328125, 1.0], [3.611328125, 1.0], [3.609375, 1.0], [3.607421875, 1.0], [3.60546875, 1.0], [3.603515625, 1.0], [3.6015625, 1.0], [3.599609375, 1.0], [3.59765625, 1.0], [3.595703125, 1.0], [3.59375, 1.0], [3.591796875, 1.0], [3.58984375, 1.0], [3.587890625, 1.0], [3.5859375, 1.0], [3.583984375, 1.0], [3.58203125, 1.0], [3.580078125, 1.0], [3.578125, 1.0], [3.576171875, 1.0], [3.57421875, 1.0], [3.572265625, 1.0], [3.5703125, 1.0], [3.568359375, 1.0], [3.56640625, 1.0], [3.564453125, 1.0], [3.5625, 1.0], [3.560546875, 1.0], [3.55859375, 1.0], [3.556640625, 1.0], [3.5546875, 1.0], [3.552734375, 1.0], [3.55078125, 1.0], [3.548828125, 1.0], [3.546875, 1.0], [3.544921875, 1.0], [3.54296875, 1.0], [3.541015625, 1.0], [3.5390625, 1.0], [3.537109375, 1.0], [3.53515625, 1.0], [3.533203125, 1.0], [3.53125, 1.0], [3.529296875, 1.0], [3.52734375, 1.0], [3.525390625, 1.0], [3.5234375, 1.0], [3.521484375, 1.0], [3.51953125, 1.0], [3.517578125, 1.0], [3.515625, 1.0], [3.513671875, 1.0], [3.51171875, 1.0], [3.509765625, 1.0], [3.5078125, 1.0], [3.505859375, 1.0], [3.50390625, 1.0], [3.501953125, 1.0], [3.5, 1.0], [3.498046875, 1.0], [3.49609375, 1.0], [3.494140625, 1.0], [3.4921875, 1.0], [3.490234375, 1.0], [3.48828125, 1.0], [3.486328125, 1.0], [3.484375, 1.0], [3.482421875, 1.0], [3.48046875, 1.0], [3.478515625, 1.0], [3.4765625, 1.0], [3.474609375, 1.0], [3.47265625, 1.0], [3.470703125, 1.0], [3.46875, 1.0], [3.466796875, 1.0], [3.46484375, 1.0], [3.462890625, 1.0], [3.4609375, 1.0], [3.458984375, 1.0], [3.45703125, 1.0], [3.455078125, 1.0], [3.453125, 1.0], [3.451171875, 1.0], [3.44921875, 1.0], [3.447265625, 1.0], [3.4453125, 1.0], [3.443359375, 1.0], [3.44140625, 1.0], [3.439453125, 1.0], [3.4375, 1.0], [3.435546875, 1.0], [3.43359375, 1.0], [3.431640625, 1.0], [3.4296875, 1.0], [3.427734375, 1.0], [3.42578125, 1.0], [3.423828125, 1.0], [3.421875, 1.0], [3.419921875, 1.0], [3.41796875, 1.0], [3.416015625, 1.0], [3.4140625, 1.0], [3.412109375, 1.0], [3.41015625, 1.0], [3.408203125, 1.0], [3.40625, 1.0], [3.404296875, 1.0], [3.40234375, 1.0], [3.400390625, 1.0], [3.3984375, 1.0], [3.396484375, 1.0], [3.39453125, 1.0], [3.392578125, 1.0], [3.390625, 1.0], [3.388671875, 1.0], [3.38671875, 1.0], [3.384765625, 1.0], [3.3828125, 1.0], [3.380859375, 1.0], [3.37890625, 1.0], [3.376953125, 1.0], [3.375, 1.0], [3.373046875, 1.0], [3.37109375, 1.0], [3.369140625, 1.0], [3.3671875, 1.0], [3.365234375, 1.0], [3.36328125, 1.0], [3.361328125, 1.0], [3.359375, 1.0], [3.357421875, 1.0], [3.35546875, 1.0], [3.353515625, 1.0], [3.3515625, 1.0], [3.349609375, 1.0], [3.34765625, 1.0], [3.345703125, 1.0], [3.34375, 1.0], [3.341796875, 1.0], [3.33984375, 1.0], [3.337890625, 1.0], [3.3359375, 1.0], [3.333984375, 1.0], [3.33203125, 1.0], [3.330078125, 1.0], [3.328125, 1.0], [3.326171875, 1.0], [3.32421875, 1.0], [3.322265625, 1.0], [3.3203125, 1.0], [3.318359375, 1.0], [3.31640625, 1.0], [3.314453125, 1.0], [3.3125, 1.0], [3.310546875, 1.0], [3.30859375, 1.0], [3.306640625, 1.0], [3.3046875, 1.0], [3.302734375, 1.0], [3.30078125, 1.0], [3.298828125, 1.0], [3.296875, 1.0], [3.294921875, 1.0], [3.29296875, 1.0], [3.291015625, 1.0], [3.2890625, 1.0], [3.287109375, 1.0], [3.28515625, 1.0], [3.283203125, 1.0], [3.28125, 1.0], [3.279296875, 1.0], [3.27734375, 1.0], [3.275390625, 1.0], [3.2734375, 1.0], [3.271484375, 1.0], [3.26953125, 1.0], [3.267578125, 1.0], [3.265625, 1.0], [3.263671875, 1.0], [3.26171875, 1.0], [3.259765625, 1.0], [3.2578125, 1.0], [3.255859375, 1.0], [3.25390625, 1.0], [3.251953125, 1.0], [3.25, 1.0], [3.248046875, 1.0], [3.24609375, 1.0], [3.244140625, 1.0], [3.2421875, 1.0], [3.240234375, 1.0], [3.23828125, 1.0], [3.236328125, 1.0], [3.234375, 1.0], [3.232421875, 1.0], [3.23046875, 1.0], [3.228515625, 1.0], [3.2265625, 1.0], [3.224609375, 1.0], [3.22265625, 1.0], [3.220703125, 1.0], [3.21875, 1.0], [3.216796875, 1.0], [3.21484375, 1.0], [3.212890625, 1.0], [3.2109375, 1.0], [3.208984375, 1.0], [3.20703125, 1.0], [3.205078125, 1.0], [3.203125, 1.0], [3.201171875, 1.0], [3.19921875, 1.0], [3.197265625, 1.0], [3.1953125, 1.0], [3.193359375, 1.0], [3.19140625, 1.0], [3.189453125, 1.0], [3.1875, 1.0], [3.185546875, 1.0], [3.18359375, 1.0], [3.181640625, 1.0], [3.1796875, 1.0], [3.177734375, 1.0], [3.17578125, 1.0], [3.173828125, 1.0], [3.171875, 1.0], [3.169921875, 1.0], [3.16796875, 1.0], [3.166015625, 1.0], [3.1640625, 1.0], [3.162109375, 1.0], [3.16015625, 1.0], [3.158203125, 1.0], [3.15625, 1.0], [3.154296875, 1.0], [3.15234375, 1.0], [3.150390625, 1.0], [3.1484375, 1.0], [3.146484375, 1.0], [3.14453125, 1.0], [3.142578125, 1.0], [3.140625, 1.0], [3.138671875, 1.0], [3.13671875, 1.0], [3.134765625, 1.0], [3.1328125, 1.0], [3.130859375, 1.0], [3.12890625, 1.0], [3.126953125, 1.0], [3.125, 1.0], [3.123046875, 1.0], [3.12109375, 1.0], [3.119140625, 1.0], [3.1171875, 1.0], [3.115234375, 1.0], [3.11328125, 1.0], [3.111328125, 1.0], [3.109375, 1.0], [3.107421875, 1.0], [3.10546875, 1.0], [3.103515625, 1.0], [3.1015625, 1.0], [3.099609375, 1.0], [3.09765625, 1.0], [3.095703125, 1.0], [3.09375, 1.0], [3.091796875, 1.0], [3.08984375, 1.0], [3.087890625, 1.0], [3.0859375, 1.0], [3.083984375, 1.0], [3.08203125, 1.0], [3.080078125, 1.0], [3.078125, 1.0], [3.076171875, 1.0], [3.07421875, 1.0], [3.072265625, 1.0], [3.0703125, 1.0], [3.068359375, 1.0], [3.06640625, 1.0], [3.064453125, 1.0], [3.0625, 1.0], [3.060546875, 1.0], [3.05859375, 1.0], [3.056640625, 1.0], [3.0546875, 1.0], [3.052734375, 1.0], [3.05078125, 1.0], [3.048828125, 1.0], [3.046875, 1.0], [3.044921875, 1.0], [3.04296875, 1.0], [3.041015625, 1.0], [3.0390625, 1.0], [3.037109375, 1.0], [3.03515625, 1.0], [3.033203125, 1.0], [3.03125, 1.0], [3.029296875, 1.0], [3.02734375, 1.0], [3.025390625, 1.0], [3.0234375, 1.0], [3.021484375, 1.0], [3.01953125, 1.0], [3.017578125, 1.0], [3.015625, 1.0], [3.013671875, 1.0], [3.01171875, 1.0], [3.009765625, 1.0], [3.0078125, 1.0], [3.005859375, 1.0], [3.00390625, 1.0], [3.001953125, 1.0], [3.0, 1.0], [3.0, 0.998046875], [3.0, 0.99609375], [3.0, 0.994140625], [3.0, 0.9921875], [3.0, 0.990234375], [3.0, 0.98828125], [3.0, 0.986328125], [3.0, 0.984375], [3.0, 0.982421875], [3.0, 0.98046875], [3.0, 0.978515625], [3.0, 0.9765625], [3.0, 0.974609375], [3.0, 0.97265625], [3.0, 0.970703125], [3.0, 0.96875], [3.0, 0.966796875], [3.0, 0.96484375], [3.0, 0.962890625], [3.0, 0.9609375], [3.0, 0.958984375], [3.0, 0.95703125], [3.0, 0.955078125], [3.0, 0.953125], [3.0, 0.951171875], [3.0, 0.94921875], [3.0, 0.947265625], [3.0, 0.9453125], [3.0, 0.943359375], [3.0, 0.94140625], [3.0, 0.939453125], [3.0, 0.9375], [3.0, 0.935546875], [3.0, 0.93359375], [3.0, 0.931640625], [3.0, 0.9296875], [3.0, 0.927734375], [3.0, 0.92578125], [3.0, 0.923828125], [3.0, 0.921875], [3.0, 0.919921875], [3.0, 0.91796875], [3.0, 0.916015625], [3.0, 0.9140625], [3.0, 0.912109375], [3.0, 0.91015625], [3.0, 0.908203125], [3.0, 0.90625], [3.0, 0.904296875], [3.0, 0.90234375], [3.0, 0.900390625], [3.0, 0.8984375], [3.0, 0.896484375], [3.0, 0.89453125], [3.0, 0.892578125], [3.0, 0.890625], [3.0, 0.888671875], [3.0, 0.88671875], [3.0, 0.884765625], [3.0, 0.8828125], [3.0, 0.880859375], [3.0, 0.87890625], [3.0, 0.876953125], [3.0, 0.875], [3.0, 0.873046875], [3.0, 0.87109375], [3.0, 0.869140625], [3.0, 0.8671875], [3.0, 0.865234375], [3.0, 0.86328125], [3.0, 0.861328125], [3.0, 0.859375], [3.0, 0.857421875], [3.0, 0.85546875], [3.0, 0.853515625], [3.0, 0.8515625], [3.0, 0.849609375], [3.0, 0.84765625], [3.0, 0.845703125], [3.0, 0.84375], [3.0, 0.841796875], [3.0, 0.83984375], [3.0, 0.837890625], [3.0, 0.8359375], [3.0, 0.833984375], [3.0, 0.83203125], [3.0, 0.830078125], [3.0, 0.828125], [3.0, 0.826171875], [3.0, 0.82421875], [3.0, 0.822265625], [3.0, 0.8203125], [3.0, 0.818359375], [3.0, 0.81640625], [3.0, 0.814453125], [3.0, 0.8125], [3.0, 0.810546875], [3.0, 0.80859375], [3.0, 0.806640625], [3.0, 0.8046875], [3.0, 0.802734375], [3.0, 0.80078125], [3.0, 0.798828125], [3.0, 0.796875], [3.0, 0.794921875], [3.0, 0.79296875], [3.0, 0.791015625], [3.0, 0.7890625], [3.0, 0.787109375], [3.0, 0.78515625], [3.0, 0.783203125], [3.0, 0.78125], [3.0, 0.779296875], [3.0, 0.77734375], [3.0, 0.775390625], [3.0, 0.7734375], [3.0, 0.771484375], [3.0, 0.76953125], [3.0, 0.767578125], [3.0, 0.765625], [3.0, 0.763671875], [3.0, 0.76171875], [3.0, 0.759765625], [3.0, 0.7578125], [3.0, 0.755859375], [3.0, 0.75390625], [3.0, 0.751953125], [3.0, 0.75], [3.0, 0.748046875], [3.0, 0.74609375], [3.0, 0.744140625], [3.0, 0.7421875], [3.0, 0.740234375], [3.0, 0.73828125], [3.0, 0.736328125], [3.0, 0.734375], [3.0, 0.732421875], [3.0, 0.73046875], [3.0, 0.728515625], [3.0, 0.7265625], [3.0, 0.724609375], [3.0, 0.72265625], [3.0, 0.720703125], [3.0, 0.71875], [3.0, 0.716796875], [3.0, 0.71484375], [3.0, 0.712890625], [3.0, 0.7109375], [3.0, 0.708984375], [3.0, 0.70703125], [3.0, 0.705078125], [3.0, 0.703125], [3.0, 0.701171875], [3.0, 0.69921875], [3.0, 0.697265625], [3.0, 0.6953125], [3.0, 0.693359375], [3.0, 0.69140625], [3.0, 0.689453125], [3.0, 0.6875], [3.0, 0.685546875], [3.0, 0.68359375], [3.0, 0.681640625], [3.0, 0.6796875], [3.0, 0.677734375], [3.0, 0.67578125], [3.0, 0.673828125], [3.0, 0.671875], [3.0, 0.669921875], [3.0, 0.66796875], [3.0, 0.666015625], [3.0, 0.6640625], [3.0, 0.662109375], [3.0, 0.66015625], [3.0, 0.658203125], [3.0, 0.65625], [3.0, 0.654296875], [3.0, 0.65234375], [3.0, 0.650390625], [3.0, 0.6484375], [3.0, 0.646484375], [3.0, 0.64453125], [3.0, 0.642578125], [3.0, 0.640625], [3.0, 0.638671875], [3.0, 0.63671875], [3.0, 0.634765625], [3.0, 0.6328125], [3.0, 0.630859375], [3.0, 0.62890625], [3.0, 0.626953125], [3.0, 0.625], [3.0, 0.623046875], [3.0, 0.62109375], [3.0, 0.619140625], [3.0, 0.6171875], [3.0, 0.615234375], [3.0, 0.61328125], [3.0, 0.611328125], [3.0, 0.609375], [3.0, 0.607421875], [3.0, 0.60546875], [3.0, 0.603515625], [3.0, 0.6015625], [3.0, 0.599609375], [3.0, 0.59765625], [3.0, 0.595703125], [3.0, 0.59375], [3.0, 0.591796875], [3.0, 0.58984375], [3.0, 0.587890625], [3.0, 0.5859375], [3.0, 0.583984375], [3.0, 0.58203125], [3.0, 0.580078125], [3.0, 0.578125], [3.0, 0.576171875], [3.0, 0.57421875], [3.0, 0.572265625], [3.0, 0.5703125], [3.0, 0.568359375], [3.0, 0.56640625], [3.0, 0.564453125], [3.0, 0.5625], [3.0, 0.560546875], [3.0, 0.55859375], [3.0, 0.556640625], [3.0, 0.5546875], [3.0, 0.552734375], [3.0, 0.55078125], [3.0, 0.548828125], [3.0, 0.546875], [3.0, 0.544921875], [3.0, 0.54296875], [3.0, 0.541015625], [3.0, 0.5390625], [3.0, 0.537109375], [3.0, 0.53515625], [3.0, 0.533203125], [3.0, 0.53125], [3.0, 0.529296875], [3.0, 0.52734375], [3.0, 0.525390625], [3.0, 0.5234375], [3.0, 0.521484375], [3.0, 0.51953125], [3.0, 0.517578125], [3.0, 0.515625], [3.0, 0.513671875], [3.0, 0.51171875], [3.0, 0.509765625], [3.0, 0.5078125], [3.0, 0.505859375], [3.0, 0.50390625], [3.0, 0.501953125], [3.0, 0.5], [3.0, 0.498046875], [3.0, 0.49609375], [3.0, 0.494140625], [3.0, 0.4921875], [3.0, 0.490234375], [3.0, 0.48828125], [3.0, 0.486328125], [3.0, 0.484375], [3.0, 0.482421875], [3.0, 0.48046875], [3.0, 0.478515625], [3.0, 0.4765625], [3.0, 0.474609375], [3.0, 0.47265625], [3.0, 0.470703125], [3.0, 0.46875], [3.0, 0.466796875], [3.0, 0.46484375], [3.0, 0.462890625], [3.0, 0.4609375], [3.0, 0.458984375], [3.0, 0.45703125], [3.0, 0.455078125], [3.0, 0.453125], [3.0, 0.451171875], [3.0, 0.44921875], [3.0, 0.447265625], [3.0, 0.4453125], [3.0, 0.443359375], [3.0, 0.44140625], [3.0, 0.439453125], [3.0, 0.4375], [3.0, 0.435546875], [3.0, 0.43359375], [3.0, 0.431640625], [3.0, 0.4296875], [3.0, 0.427734375], [3.0, 0.42578125], [3.0, 0.423828125], [3.0, 0.421875], [3.0, 0.419921875], [3.0, 0.41796875], [3.0, 0.416015625], [3.0, 0.4140625], [3.0, 0.412109375], [3.0, 0.41015625], [3.0, 0.408203125], [3.0, 0.40625], [3.0, 0.404296875], [3.0, 0.40234375], [3.0, 0.400390625], [3.0, 0.3984375], [3.0, 0.396484375], [3.0, 0.39453125], [3.0, 0.392578125], [3.0, 0.390625], [3.0, 0.388671875], [3.0, 0.38671875], [3.0, 0.384765625], [3.0, 0.3828125], [3.0, 0.380859375], [3.0, 0.37890625], [3.0, 0.376953125], [3.0, 0.375], [3.0, 0.373046875], [3.0, 0.37109375], [3.0, 0.369140625], [3.0, 0.3671875], [3.0, 0.365234375], [3.0, 0.36328125], [3.0, 0.361328125], [3.0, 0.359375], [3.0, 0.357421875], [3.0, 0.35546875], [3.0, 0.353515625], [3.0, 0.3515625], [3.0, 0.349609375], [3.0, 0.34765625], [3.0, 0.345703125], [3.0, 0.34375], [3.0, 0.341796875], [3.0, 0.33984375], [3.0, 0.337890625], [3.0, 0.3359375], [3.0, 0.333984375], [3.0, 0.33203125], [3.0, 0.330078125], [3.0, 0.328125], [3.0, 0.326171875], [3.0, 0.32421875], [3.0, 0.322265625], [3.0, 0.3203125], [3.0, 0.318359375], [3.0, 0.31640625], [3.0, 0.314453125], [3.0, 0.3125], [3.0, 0.310546875], [3.0, 0.30859375], [3.0, 0.306640625], [3.0, 0.3046875], [3.0, 0.302734375], [3.0, 0.30078125], [3.0, 0.298828125], [3.0, 0.296875], [3.0, 0.294921875], [3.0, 0.29296875], [3.0, 0.291015625], [3.0, 0.2890625], [3.0, 0.287109375], [3.0, 0.28515625], [3.0, 0.283203125], [3.0, 0.28125], [3.0, 0.279296875], [3.0, 0.27734375], [3.0, 0.275390625], [3.0, 0.2734375], [3.0, 0.271484375], [3.0, 0.26953125], [3.0, 0.267578125], [3.0, 0.265625], [3.0, 0.263671875], [3.0, 0.26171875], [3.0, 0.259765625], [3.0, 0.2578125], [3.0, 0.255859375], [3.0, 0.25390625], [3.0, 0.251953125], [3.0, 0.25], [3.0, 0.248046875], [3.0, 0.24609375], [3.0, 0.244140625], [3.0, 0.2421875], [3.0, 0.240234375], [3.0, 0.23828125], [3.0, 0.236328125], [3.0, 0.234375], [3.0, 0.232421875], [3.0, 0.23046875], [3.0, 0.228515625], [3.0, 0.2265625], [3.0, 0.224609375], [3.0, 0.22265625], [3.0, 0.220703125], [3.0, 0.21875], [3.0, 0.216796875], [3.0, 0.21484375], [3.0, 0.212890625], [3.0, 0.2109375], [3.0, 0.208984375], [3.0, 0.20703125], [3.0, 0.205078125], [3.0, 0.203125], [3.0, 0.201171875], [3.0, 0.19921875], [3.0, 0.197265625], [3.0, 0.1953125], [3.0, 0.193359375], [3.0, 0.19140625], [3.0, 0.189453125], [3.0, 0.1875], [3.0, 0.185546875], [3.0, 0.18359375], [3.0, 0.181640625], [3.0, 0.1796875], [3.0, 0.177734375], [3.0, 0.17578125], [3.0, 0.173828125], [3.0, 0.171875], [3.0, 0.169921875], [3.0, 0.16796875], [3.0, 0.166015625], [3.0, 0.1640625], [3.0, 0.162109375], [3.0, 0.16015625], [3.0, 0.158203125], [3.0, 0.15625], [3.0, 0.154296875], [3.0, 0.15234375], [3.0, 0.150390625], [3.0, 0.1484375], [3.0, 0.146484375], [3.0, 0.14453125], [3.0, 0.142578125], [3.0, 0.140625], [3.0, 0.138671875], [3.0, 0.13671875], [3.0, 0.134765625], [3.0, 0.1328125], [3.0, 0.130859375], [3.0, 0.12890625], [3.0, 0.126953125], [3.0, 0.125], [3.0, 0.123046875], [3.0, 0.12109375], [3.0, 0.119140625], [3.0, 0.1171875], [3.0, 0.115234375], [3.0, 0.11328125], [3.0, 0.111328125], [3.0, 0.109375], [3.0, 0.107421875], [3.0, 0.10546875], [3.0, 0.103515625], [3.0, 0.1015625], [3.0, 0.099609375], [3.0, 0.09765625], [3.0, 0.095703125], [3.0, 0.09375], [3.0, 0.091796875], [3.0, 0.08984375], [3.0, 0.087890625], [3.0, 0.0859375], [3.0, 0.083984375], [3.0, 0.08203125], [3.0, 0.080078125], [3.0, 0.078125], [3.0, 0.076171875], [3.0, 0.07421875], [3.0, 0.072265625], [3.0, 0.0703125], [3.0, 0.068359375], [3.0, 0.06640625], [3.0, 0.064453125], [3.0, 0.0625], [3.0, 0.060546875], [3.0, 0.05859375], [3.0, 0.056640625], [3.0, 0.0546875], [3.0, 0.052734375], [3.0, 0.05078125], [3.0, 0.048828125], [3.0, 0.046875], [3.0, 0.044921875], [3.0, 0.04296875], [3.0, 0.041015625], [3.0, 0.0390625], [3.0, 0.037109375], [3.0, 0.03515625], [3.0, 0.033203125], [3.0, 0.03125], [3.0, 0.029296875], [3.0, 0.02734375], [3.0, 0.025390625], [3.0, 0.0234375], [3.0, 0.021484375], [3.0, 0.01953125], [3.0, 0.017578125], [3.0, 0.015625], [3.0, 0.013671875], [3.0, 0.01171875], [3.0, 0.009765625], [3.0, 0.0078125], [3.0, 0.005859375], [3.0, 0.00390625], [3.0, 0.001953125], [3, 0]]]}}, {"type": "Feature", "id": "c4-0", "properties": {"id": "c4-0", "name": "cell 4,0", "value": 1.239}, "geometry": {"type": "Polygon", "coordinates": [[[4.0, 0.0], [4.001953125, 0.0], [4.00390625, 0.0], [4.005859375, 0.0], [4.0078125, 0.0], [4.009765625, 0.0], [4.01171875, 0.0], [4.013671875, 0.0], [4.015625, 0.0], [4.017578125, 0.0], [4.01953125, 0.0], [4.021484375, 0.0], [4.0234375, 0.0], [4.025390625, 0.0], [4.02734375, 0.0], [4.029296875, 0.0], [4.03125, 0.0], [4.033203125, 0.0], [4.03515625, 0.0], [4.037109375, 0.0], [4.0390625, 0.0], [4.041015625, 0.0], [4.04296875, 0.0], [4.044921875, 0.0], [4.046875, 0.0], [4.048828125, 0.0], [4.05078125, 0.0], [4.052734375, 0.0], [4.0546875, 0.0], [4.056640625, 0.0], [4.05859375, 0.0], [4.060546875, 0.0], [4.0625, 0.0], [4.064453125, 0.0], [4.06640625, 0.0], [4.068359375, 0.0], [4.0703125, 0.0], [4.072265625, 0.0], [4.07421875, 0.0], [4.076171875, 0.0], [4.078125, 0.0], [4.080078125, 0.0], [4.08203125, 0.0], [4.083984375, 0.0], [4.0859375, 0.0], [4.087890625, 0.0], [4.08984375, 0.0], [4.091796875, 0.0], [4.09375, 0.0], [4.095703125, 0.0], [4.09765625, 0.0], [4.099609375, 0.0], [4.1015625, 0.0], [4.103515625, 0.0], [4.10546875, 0.0], [4.107421875, 0.0], [4.109375, 0.0], [4.111328125, 0.0], [4.11328125, 0.0], [4.115234375, 0.0], [4.1171875, 0.0], [4.119140625, 0.0], [4.12109375, 0.0], [4.123046875, 0.0], [4.125, 0.0], [4.126953125, 0.0], [4.12890625, 0.0], [4.130859375, 0.0], [4.1328125, 0.0], [4.134765625, 0.0], [4.13671875, 0.0], [4.138671875, 0.0], [4.140625, 0.0], [4.142578125, 0.0], [4.14453125, 0.0], [4.146484375, 0.0], [4.1484375, 0.0], [4.150390625, 0.0], [4.15234375, 0.0], [4.154296875, 0.0], [4.15625, 0.0], [4.158203125, 0.0], [4.16015625, 0.0], [4.162109375, 0.0], [4.1640625, 0.0], [4.166015625, 0.0], [4.16796875, 0.0], [4.169921875, 0.0], [4.171875, 0.0], [4.173828125, 0.0], [4.17578125, 0.0], [4.177734375, 0.0], [4.1796875, 0.0], [4.181640625, 0.0], [4.18359375, 0.0], [4.185546875, 0.0], [4.1875, 0.0], [4.189453125, 0.0], [4.19140625, 0.0], [4.193359375, 0.0], [4.1953125, 0.0], [4.197265625, 0.0], [4.19921875, 0.0], [4.201171875, 0.0], [4.203125, 0.0], [4.205078125, 0.0], [4.20703125, 0.0], [4.208984375, 0.0], [4.2109375, 0.0], [4.212890625, 0.0], [4.21484375, 0.0], [4.216796875, 0.0], [4.21875, 0.0], [4.220703125, 0.0], [4.22265625, 0.0], [4.224609375, 0.0], [4.2265625, 0.0], [4.228515625, 0.0], [4.23046875, 0.0], [4.232421875, 0.0], [4.234375, 0.0], [4.236328125, 0.0], [4.23828125, 0.0], [4.240234375, 0.0], [4.2421875, 0.0], [4.244140625, 0.0], [4.24609375, 0.0], [4.248046875, 0.0], [4.25, 0.0], [4.251953125, 0.0], [4.25390625, 0.0], [4.255859375, 0.0], [4.2578125, 0.0], [4.259765625, 0.0], [4.26171875, 0.0], [4.263671875, 0.0], [4.265625, 0.0], [4.267578125, 0.0], [4.26953125, 0.0], [4.271484375, 0.0], [4.2734375, 0.0], [4.275390625, 0.0], [4.27734375, 0.0], [4.279296875, 0.0], [4.28125, 0.0], [4.283203125, 0.0], [4.28515625, 0.0], [4.287109375, 0.0], [4.2890625, 0.0], [4.291015625, 0.0], [4.29296875, 0.0], [4.294921875, 0.0], [4.296875, 0.0], [4.298828125, 0.0], [4.30078125, 0.0], [4.302734375, 0.0], [4.3046875, 0.0], [4.306640625, 0.0], [4.30859375, 0.0], [4.310546875, 0.0], [4.3125, 0.0], [4.314453125, 0.0], [4.31640625, 0.0], [4.318359375, 0.0], [4.3203125, 0.0], [4.322265625, 0.0], [4.32421875, 0.0], [4.326171875, 0.0], [4.328125, 0.0], [4.330078125, 0.0], [4.33203125, 0.0], [4.333984375, 0.0], [4.3359375, 0.0], [4.337890625, 0.0], [4.33984375, 0.0], [4.341796875, 0.0], [4.34375, 0.0], [4.345703125, 0.0], [4.34765625, 0.0], [4.349609375, 0.0], [4.3515625, 0.0], [4.353515625, 0.0], [4.35546875, 0.0], [4.357421875, 0.0], [4.359375, 0.0], [4.361328125, 0.0], [4.36328125, 0.0], [4.365234375, 0.0], [4.3671875, 0.0], [4.369140625, 0.0], [4.37109375, 0.0], [4.373046875, 0.0], [4.375, 0.0], [4.376953125, 0.0], [4.37890625, 0.0], [4.380859375, 0.0], [4.3828125, 0.0], [4.384765625, 0.0], [4.38671875, 0.0], [4.388671875, 0.0], [4.390625, 0.0], [4.392578125, 0.0], [4.39453125, 0.0], [4.396484375, 0.0], [4.3984375, 0.0], [4.400390625, 0.0], [4.40234375, 0.0], [4.404296875, 0.0], [4.40625, 0.0], [4.408203125, 0.0], [4.41015625, 0.0], [4.412109375, 0.0], [4.4140625, 0.0], [4.416015625, 0.0], [4.41796875, 0.0], [4.419921875, 0.0], [4.421875, 0.0], [4.423828125, 0.0], [4.42578125, 0.0], [4.427734375, 0.0], [4.4296875, 0.0], [4.431640625, 0.0], [4.43359375, 0.0], [4.435546875, 0.0], [4.4375, 0.0], [4.439453125, 0.0], [4.44140625, 0.0], [4.443359375, 0.0], [4.4453125, 0.0], [4.447265625, 0.0], [4.44921875, 0.0], [4.451171875, 0.0], [4.453125, 0.0], [4.455078125, 0.0], [4.45703125, 0.0], [4.458984375, 0.0], [4.4609375, 0.0], [4.462890625, 0.0], [4.46484375, 0.0], [4.466796875, 0.0], [4.46875, 0.0], [4.470703125, 0.0], [4.47265625, 0.0], [4.474609375, 0.0], [4.4765625, 0.0], [4.478515625, 0.0], [4.48046875, 0.0], [4.482421875, 0.0], [4.484375, 0.0], [4.486328125, 0.0], [4.48828125, 0.0], [4.490234375, 0.0], [4.4921875, 0.0], [4.494140625, 0.0], [4.49609375, 0.0], [4.498046875, 0.0], [4.5, 0.0], [4.501953125, 0.0], [4.50390625, 0.0], [4.505859375, 0.0], [4.5078125, 0.0], [4.509765625, 0.0], [4.51171875, 0.0], [4.513671875, 0.0], [4.515625, 0.0], [4.517578125, 0.0], [4.51953125, 0.0], [4.521484375, 0.0], [4.5234375, 0.0], [4.525390625, 0.0], [4.52734375, 0.0], [4.529296875, 0.0], [4.53125, 0.0], [4.533203125, 0.0], [4.53515625, 0.0], [4.537109375, 0.0], [4.5390625, 0.0], [4.541015625, 0.0], [4.54296875, 0.0], [4.544921875, 0.0], [4.546875, 0.0], [4.548828125, 0.0], [4.55078125, 0.0], [4.552734375, 0.0], [4.5546875, 0.0], [4.556640625, 0.0], [4.55859375, 0.0], [4.560546875, 0.0], [4.5625, 0.0], [4.564453125, 0.0], [4.56640625, 0.0], [4.568359375, 0.0], [4.5703125, 0.0], [4.572265625, 0.0], [4.57421875, 0.0], [4.576171875, 0.0], [4.578125, 0.0], [4.580078125, 0.0], [4.58203125, 0.0], [4.583984375, 0.0], [4.5859375, 0.0], [4.587890625, 0.0], [4.58984375, 0.0], [4.591796875, 0.0], [4.59375, 0.0], [4.595703125, 0.0], [4.59765625, 0.0], [4.599609375, 0.0], [4.6015625, 0.0], [4.603515625, 0.0], [4.60546875, 0.0], [4.607421875, 0.0], [4.609375, 0.0], [4.611328125, 0.0], [4.61328125, 0.0], [4.615234375, 0.0], [4.6171875, 0.0], [4.619140625, 0.0], [4.62109375, 0.0], [4.623046875, 0.0], [4.625, 0.0], [4.626953125, 0.0], [4.62890625, 0.0], [4.630859375, 0.0], [4.6328125, 0.0], [4.634765625, 0.0], [4.63671875, 0.0], [4.638671875, 0.0], [4.640625, 0.0], [4.642578125, 0.0], [4.64453125, 0.0], [4.646484375, 0.0], [4.6484375, 0.0], [4.650390625, 0.0], [4.65234375, 0.0], [4.654296875, 0.0], [4.65625, 0.0], [4.658203125, 0.0], [4.66015625, 0.0], [4.662109375, 0.0], [4.6640625, 0.0], [4.666015625, 0.0], [4.66796875, 0.0], [4.669921875, 0.0], [4.671875, 0.0], [4.673828125, 0.0], [4.67578125, 0.0], [4.677734375, 0.0], [4.6796875, 0.0], [4.681640625, 0.0], [4.68359375, 0.0], [4.685546875, 0.0], [4.6875, 0.0], [4.689453125, 0.0], [4.69140625, 0.0], [4.693359375, 0.0], [4.6953125, 0.0], [4.697265625, 0.0], [4.69921875, 0.0], [4.701171875, 0.0], [4.703125, 0.0], [4.705078125, 0.0], [4.70703125, 0.0], [4.708984375, 0.0], [4.7109375, 0.0], [4.712890625, 0.0], [4.71484375, 0.0], [4.716796875, 0.0], [4.71875, 0.0], [4.720703125, 0.0], [4.72265625, 0.0], [4.724609375, 0.0], [4.7265625, 0.0], [4.728515625, 0.0], [4.73046875, 0.0], [4.732421875, 0.0], [4.734375, 0.0], [4.736328125, 0.0], [4.73828125, 0.0], [4.740234375, 0.0], [4.7421875, 0.0], [4.744140625, 0.0], [4.74609375, 0.0], [4.748046875, 0.0], [4.75, 0.0], [4.751953125, 0.0], [4.75390625, 0.0], [4.755859375, 0.0], [4.7578125, 0.0], [4.759765625, 0.0], [4.76171875, 0.0], [4.763671875, 0.0], [4.765625, 0.0], [4.767578125, 0.0], [4.76953125, 0.0], [4.771484375, 0.0], [4.7734375, 0.0], [4.775390625, 0.0], [4.77734375, 0.0], [4.779296875, 0.0], [4.78125, 0.0], [4.783203125, 0.0], [4.78515625, 0.0], [4.787109375, 0.0], [4.7890625, 0.0], [4.791015625, 0.0], [4.79296875, 0.0], [4.794921875, 0.0], [4.796875, 0.0], [4.798828125, 0.0], [4.80078125, 0.0], [4.802734375, 0.0], [4.8046875, 0.0], [4.806640625, 0.0], [4.80859375, 0.0], [4.810546875, 0.0], [4.8125, 0.0], [4.814453125, 0.0], [4.81640625, 0.0], [4.818359375, 0.0], [4.8203125, 0.0], [4.822265625, 0.0], [4.82421875, 0.0], [4.826171875, 0.0], [4.828125, 0.0], [4.830078125, 0.0], [4.83203125, 0.0], [4.833984375, 0.0], [4.8359375, 0.0], [4.837890625, 0.0], [4.83984375, 0.0], [4.841796875, 0.0], [4.84375, 0.0], [4.845703125, 0.0], [4.84765625, 0.0], [4.849609375, 0.0], [4.8515625, 0.0], [4.853515625, 0.0], [4.85546875, 0.0], [4.857421875, 0.0], [4.859375, 0.0], [4.861328125, 0.0], [4.86328125, 0.0], [4.865234375, 0.0], [4.8671875, 0.0], [4.869140625, 0.0], [4.87109375, 0.0], [4.873046875, 0.0], [4.875, 0.0], [4.876953125, 0.0], [4.87890625, 0.0], [4.880859375, 0.0], [4.8828125, 0.0], [4.884765625, 0.0], [4.88671875, 0.0], [4.888671875, 0.0], [4.890625, 0.0], [4.892578125, 0.0], [4.89453125, 0.0], [4.896484375, 0.0], [4.8984375, 0.0], [4.900390625, 0.0], [4.90234375, 0.0], [4.904296875, 0.0], [4.90625, 0.0], [4.908203125, 0.0], [4.91015625, 0.0], [4.912109375, 0.0], [4.9140625, 0.0], [4.916015625, 0.0], [4.91796875, 0.0], [4.919921875, 0.0], [4.921875, 0.0], [4.923828125, 0.0], [4.92578125, 0.0], [4.927734375, 0.0], [4.9296875, 0.0], [4.931640625, 0.0], [4.93359375, 0.0], [4.935546875, 0.0], [4.9375, 0.0], [4.939453125, 0.0], [4.94140625, 0.0], [4.943359375, 0.0], [4.9453125, 0.0], [4.947265625, 0.0], [4.94921875, 0.0], [4.951171875, 0.0], [4.953125, 0.0], [4.955078125, 0.0], [4.95703125, 0.0], [4.958984375, 0.0], [4.9609375, 0.0], [4.962890625, 0.0], [4.96484375, 0.0], [4.966796875, 0.0], [4.96875, 0.0], [4.970703125, 0.0], [4.97265625, 0.0], [4.974609375, 0.0], [4.9765625, 0.0], [4.978515625, 0.0], [4.98046875, 0.0], [4.982421875, 0.0], [4.984375, 0.0], [4.986328125, 0.0], [4.98828125, 0.0], [4.990234375, 0.0], [4.9921875, 0.0], [4.994140625, 0.0], [4.99609375, 0.0], [4.998046875, 0.0], [5.0, 0.0], [5.0, 0.001953125], [5.0, 0.00390625], [5.0, 0.005859375], [5.0, 0.0078125], [5.0, 0.009765625], [5.0, 0.01171875], [5.0, 0.013671875], [5.0, 0.015625], [5.0, 0.017578125], [5.0, 0.01953125], [5.0, 0.021484375], [5.0, 0.0234375], [5.0, 0.025390625], [5.0, 0.02734375], [5.0, 0.029296875], [5.0, 0.03125], [5.0, 0.033203125], [5.0, 0.03515625], [5.0, 0.037109375], [5.0, 0.0390625], [5.0, 0.041015625], [5.0, 0.04296875], [5.0, 0.044921875], [5.0, 0.046875], [5.0, 0.048828125], [5.0, 0.05078125], [5.0, 0.052734375], [5.0, 0.0546875], [5.0, 0.056640625], [5.0, 0.05859375], [5.0, 0.060546875], [5.0, 0.0625], [5.0, 0.064453125], [5.0, 0.06640625], [5.0, 0.068359375], [5.0, 0.0703125], [5.0, 0.072265625], [5.0, 0.07421875], [5.0, 0.076171875], [5.0, 0.078125], [5.0, 0.080078125], [5.0, 0.08203125], [5.0, 0.083984375], [5.0, 0.0859375], [5.0, 0.087890625], [5.0, 0.08984375], [5.0, 0.091796875], [5.0, 0.09375], [5.0, 0.095703125], [5.0, 0.09765625], [5.0, 0.099609375], [5.0, 0.1015625], [5.0, 0.103515625], [5.0, 0.10546875], [5.0, 0.107421875], [5.0, 0.109375], [5.0, 0.111328125], [5.0, 0.11328125], [5.0, 0.115234375], [5.0, 0.1171875], [5.0, 0.119140625], [5.0, 0.12109375], [5.0, 0.123046875], [5.0, 0.125], [5.0, 0.126953125], [5.0, 0.12890625], [5.0, 0.130859375], [5.0, 0.1328125], [5.0, 0.134765625], [5.0, 0.13671875], [5.0, 0.138671875], [5.0, 0.140625], [5.0, 0.142578125], [5.0, 0.14453125], [5.0, 0.146484375], [5.0, 0.1484375], [5.0, 0.150390625], [5.0, 0.15234375], [5.0, 0.154296875], [5.0, 0.15625], [5.0, 0.158203125], [5.0, 0.16015625], [5.0, 0.162109375], [5.0, 0.1640625], [5.0, 0.166015625], [5.0, 0.16796875], [5.0, 0.169921875], [5.0, 0.171875], [5.0, 0.173828125], [5.0, 0.17578125], [5.0, 0.177734375], [5.0, 0.1796875], [5.0, 0.181640625], [5.0, 0.18359375], [5.0, 0.185546875], [5.0, 0.1875], [5.0, 0.189453125], [5.0, 0.19140625], [5.0, 0.193359375], [5.0, 0.1953125], [5.0, 0.197265625], [5.0, 0.19921875], [5.0, 0.201171875], [5.0, 0.203125], [5.0, 0.205078125], [5.0, 0.20703125], [5.0, 0.208984375], [5.0, 0.2109375], [5.0, 0.212890625], [5.0, 0.21484375], [5.0, 0.216796875], [5.0, 0.21875], [5.0, 0.220703125], [5.0, 0.22265625], [5.0, 0.224609375], [5.0, 0.2265625], [5.0, 0.228515625], [5.0, 0.23046875], [5.0, 0.232421875], [5.0, 0.234375], [5.0, 0.236328125], [5.0, 0.23828125], [5.0, 0.240234375], [5.0, 0.2421875], [5.0, 0.244140625], [5.0, 0.24609375], [5.0, 0.248046875], [5.0, 0.25], [5.0, 0.251953125], [5.0, 0.25390625], [5.0, 0.255859375], [5.0, 0.2578125], [5.0, 0.259765625], [5.0, 0.26171875], [5.0, 0.263671875], [5.0, 0.265625], [5.0, 0.267578125], [5.0, 0.26953125], [5.0, 0.271484375], [5.0, 0.2734375], [5.0, 0.275390625], [5.0, 0.27734375], [5.0, 0.279296875], [5.0, 0.28125], [5.0, 0.283203125], [5.0, 0.28515625], [5.0, 0.287109375], [5.0, 0.2890625], [5.0, 0.291015625], [5.0, 0.29296875], [5.0, 0.294921875], [5.0, 0.296875], [5.0, 0.298828125], [5.0, 0.30078125], [5.0, 0.302734375], [5.0, 0.3046875], [5.0, 0.306640625], [5.0, 0.30859375], [5.0, 0.310546875], [5.0, 0.3125], [5.0, 0.314453125], [5.0, 0.31640625], [5.0, 0.318359375], [5.0, 0.3203125], [5.0, 0.322265625], [5.0, 0.32421875], [5.0, 0.326171875], [5.0, 0.328125], [5.0, 0.330078125], [5.0, 0.33203125], [5.0, 0.333984375], [5.0, 0.3359375], [5.0, 0.337890625], [5.0, 0.33984375], [5.0, 0.341796875], [5.0, 0.34375], [5.0, 0.345703125], [5.0, 0.34765625], [5.0, 0.349609375], [5.0, 0.3515625], [5.0, 0.353515625], [5.0, 0.35546875], [5.0, 0.357421875], [5.0, 0.359375], [5.0, 0.361328125], [5.0, 0.36328125], [5.0, 0.365234375], [5.0, 0.3671875], [5.0, 0.369140625], [5.0, 0.37109375], [5.0, 0.373046875], [5.0, 0.375], [5.0, 0.376953125], [5.0, 0.37890625], [5.0, 0.380859375], [5.0, 0.3828125], [5.0, 0.384765625], [5.0, 0.38671875], [5.0, 0.388671875], [5.0, 0.390625], [5.0, 0.392578125], [5.0, 0.39453125], [5.0, 0.396484375], [5.0, 0.3984375], [5.0, 0.400390625], [5.0, 0.40234375], [5.0, 0.404296875], [5.0, 0.40625], [5.0, 0.408203125], [5.0, 0.41015625], [5.0, 0.412109375], [5.0, 0.4140625], [5.0, 0.416015625], [5.0, 0.41796875], [5.0, 0.419921875], [5.0, 0.421875], [5.0, 0.423828125], [5.0, 0.42578125], [5.0, 0.427734375], [5.0, 0.4296875], [5.0, 0.431640625], [5.0, 0.43359375], [5.0, 0.435546875], [5.0, 0.4375], [5.0, 0.439453125], [5.0, 0.44140625], [5.0, 0.443359375], [5.0, 0.4453125], [5.0, 0.447265625], [5.0, 0.44921875], [5.0, 0.451171875], [5.0, 0.453125], [5.0, 0.455078125], [5.0, 0.45703125], [5.0, 0.458984375], [5.0, 0.4609375], [5.0, 0.462890625], [5.0, 0.46484375], [5.0, 0.466796875], [5.0, 0.46875], [5.0, 0.470703125], [5.0, 0.47265625], [5.0, 0.474609375], [5.0, 0.4765625], [5.0, 0.478515625], [5.0, 0.48046875], [5.0, 0.482421875], [5.0, 0.484375], [5.0, 0.486328125], [5.0, 0.48828125], [5.0, 0.490234375], [5.0, 0.4921875], [5.0, 0.494140625], [5.0, 0.49609375], [5.0, 0.498046875], [5.0, 0.5], [5.0, 0.501953125], [5.0, 0.50390625], [5.0, 0.505859375], [5.0, 0.5078125], [5.0, 0.509765625], [5.0, 0.51171875], [5.0, 0.513671875], [5.0, 0.515625], [5.0, 0.517578125], [5.0, 0.51953125], [5.0, 0.521484375], [5.0, 0.5234375], [5.0, 0.525390625], [5.0, 0.52734375], [5.0, 0.529296875], [5.0, 0.53125], [5.0, 0.533203125], [5.0, 0.53515625], [5.0, 0.537109375], [5.0, 0.5390625], [5.0, 0.541015625], [5.0, 0.54296875], [5.0, 0.544921875], [5.0, 0.546875], [5.0, 0.548828125], [5.0, 0.55078125], [5.0, 0.552734375], [5.0, 0.5546875], [5.0, 0.556640625], [5.0, 0.55859375], [5.0, 0.560546875], [5.0, 0.5625], [5.0, 0.564453125], [5.0, 0.56640625], [5.0, 0.568359375], [5.0, 0.5703125], [5.0, 0.572265625], [5.0, 0.57421875], [5.0, 0.576171875], [5.0, 0.578125], [5.0, 0.580078125], [5.0, 0.58203125], [5.0, 0.583984375], [5.0, 0.5859375], [5.0, 0.587890625], [5.0, 0.58984375], [5.0, 0.591796875], [5.0, 0.59375], [5.0, 0.595703125], [5.0, 0.59765625], [5.0, 0.599609375], [5.0, 0.6015625], [5.0, 0.603515625], [5.0, 0.60546875], [5.0, 0.607421875], [5.0, 0.609375], [5.0, 0.611328125], [5.0, 0.61328125], [5.0, 0.615234375], [5.0, 0.6171875], [5.0, 0.619140625], [5.0, 0.62109375], [5.0, 0.623046875], [5.0, 0.625], [5.0, 0.626953125], [5.0, 0.62890625], [5.0, 0.630859375], [5.0, 0.6328125], [5.0, 0.634765625], [5.0, 0.63671875], [5.0, 0.638671875], [5.0, 0.640625], [5.0, 0.642578125], [5.0, 0.64453125], [5.0, 0.646484375], [5.0, 0.6484375], [5.0, 0.650390625], [5.0, 0.65234375], [5.0, 0.654296875], [5.0, 0.65625], [5.0, 0.658203125], [5.0, 0.66015625], [5.0, 0.662109375], [5.0, 0.6640625], [5.0, 0.666015625], [5.0, 0.66796875], [5.0, 0.669921875], [5.0, 0.671875], [5.0, 0.673828125], [5.0, 0.67578125], [5.0, 0.677734375], [5.0, 0.6796875], [5.0, 0.681640625], [5.0, 0.68359375], [5.0, 0.685546875], [5.0, 0.6875], [5.0, 0.689453125], [5.0, 0.69140625], [5.0, 0.693359375], [5.0, 0.6953125], [5.0, 0.697265625], [5.0, 0.69921875], [5.0, 0.701171875], [5.0, 0.703125], [5.0, 0.705078125], [5.0, 0.70703125], [5.0, 0.708984375], [5.0, 0.7109375], [5.0, 0.712890625], [5.0, 0.71484375], [5.0, 0.716796875], [5.0, 0.71875], [5.0, 0.720703125], [5.0, 0.72265625], [5.0, 0.724609375], [5.0, 0.7265625], [5.0, 0.728515625], [5.0, 0.73046875], [5.0, 0.732421875], [5.0, 0.734375], [5.0, 0.736328125], [5.0, 0.73828125], [5.0, 0.740234375], [5.0, 0.7421875], [5.0, 0.744140625], [5.0, 0.74609375], [5.0, 0.748046875], [5.0, 0.75], [5.0, 0.751953125], [5.0, 0.75390625], [5.0, 0.755859375], [5.0, 0.7578125], [5.0, 0.759765625], [5.0, 0.76171875], [5.0, 0.763671875], [5.0, 0.765625], [5.0, 0.767578125], [5.0, 0.76953125], [5.0, 0.771484375], [5.0, 0.7734375], [5.0, 0.775390625], [5.0, 0.77734375], [5.0, 0.779296875], [5.0, 0.78125], [5.0, 0.783203125], [5.0, 0.78515625], [5.0, 0.787109375], [5.0, 0.7890625], [5.0, 0.791015625], [5.0, 0.79296875], [5.0, 0.794921875], [5.0, 0.796875], [5.0, 0.798828125], [5.0, 0.80078125], [5.0, 0.802734375], [5.0, 0.8046875], [5.0, 0.806640625], [5.0, 0.80859375], [5.0, 0.810546875], [5.0, 0.8125], [5.0, 0.814453125], [5.0, 0.81640625], [5.0, 0.818359375], [5.0, 0.8203125], [5.0, 0.822265625], [5.0, 0.82421875], [5.0, 0.826171875], [5.0, 0.828125], [5.0, 0.830078125], [5.0, 0.83203125], [5.0, 0.833984375], [5.0, 0.8359375], [5.0, 0.837890625], [5.0, 0.83984375], [5.0, 0.841796875], [5.0, 0.84375], [5.0, 0.845703125], [5.0, 0.84765625], [5.0, 0.849609375], [5.0, 0.8515625], [5.0, 0.853515625], [5.0, 0.85546875], [5.0, 0.857421875], [5.0, 0.859375], [5.0, 0.861328125], [5.0, 0.86328125], [5.0, 0.865234375], [5.0, 0.8671875], [5.0, 0.869140625], [5.0, 0.87109375], [5.0, 0.873046875], [5.0, 0.875], [5.0, 0.876953125], [5.0, 0.87890625], [5.0, 0.880859375], [5.0, 0.8828125], [5.0, 0.884765625], [5.0, 0.88671875], [5.0, 0.888671875], [5.0, 0.890625], [5.0, 0.892578125], [5.0, 0.89453125], [5.0, 0.896484375], [5.0, 0.8984375], [5.0, 0.900390625], [5.0, 0.90234375], [5.0, 0.904296875], [5.0, 0.90625], [5.0, 0.908203125], [5.0, 0.91015625], [5.0, 0.912109375], [5.0, 0.9140625], [5.0, 0.916015625], [5.0, 0.91796875], [5.0, 0.919921875], [5.0, 0.921875], [5.0, 0.923828125], [5.0, 0.92578125], [5.0, 0.927734375], [5.0, 0.9296875], [5.0, 0.931640625], [5.0, 0.93359375], [5.0, 0.935546875], [5.0, 0.9375], [5.0, 0.939453125], [5.0, 0.94140625], [5.0, 0.943359375], [5.0, 0.9453125], [5.0, 0.947265625], [5.0, 0.94921875], [5.0, 0.951171875], [5.0, 0.953125], [5.0, 0.955078125], [5.0, 0.95703125], [5.0, 0.958984375], [5.0, 0.9609375], [5.0, 0.962890625], [5.0, 0.96484375], [5.0, 0.966796875], [5.0, 0.96875], [5.0, 0.970703125], [5.0, 0.97265625], [5.0, 0.974609375], [5.0, 0.9765625], [5.0, 0.978515625], [5.0, 0.98046875], [5.0, 0.982421875], [5.0, 0.984375], [5.0, 0.986328125], [5.0, 0.98828125], [5.0, 0.990234375], [5.0, 0.9921875], [5.0, 0.994140625], [5.0, 0.99609375], [5.0, 0.998046875], [5.0, 1.0], [4.998046875, 1.0], [4.99609375, 1.0], [4.994140625, 1.0], [4.9921875, 1.0], [4.990234375, 1.0], [4.98828125, 1.0], [4.986328125, 1.0], [4.984375, 1.0], [4.982421875, 1.0], [4.98046875, 1.0], [4.978515625, 1.0], [4.9765625, 1.0], [4.974609375, 1.0], [4.97265625, 1.0], [4.970703125, 1.0], [4.96875, 1.0], [4.966796875, 1.0], [4.96484375, 1.0], [4.962890625, 1.0], [4.9609375, 1.0], [4.958984375, 1.0], [4.95703125, 1.0], [4.955078125, 1.0], [4.953125, 1.0], [4.951171875, 1.0], [4.94921875, 1.0], [4.947265625, 1.0], [4.9453125, 1.0], [4.943359375, 1.0], [4.94140625, 1.0], [4.939453125, 1.0], [4.9375, 1.0], [4.935546875, 1.0], [4.93359375, 1.0], [4.931640625, 1.0], [4.9296875, 1.0], [4.927734375, 1.0], [4.92578125, 1.0], [4.923828125, 1.0], [4.921875, 1.0], [4.919921875, 1.0], [4.91796875, 1.0], [4.916015625, 1.0], [4.9140625, 1.0], [4.912109375, 1.0], [4.91015625, 1.0], [4.908203125, 1.0], [4.90625, 1.0], [4.904296875, 1.0], [4.90234375, 1.0], [4.900390625, 1.0], [4.8984375, 1.0], [4.896484375, 1.0], [4.89453125, 1.0], [4.892578125, 1.0], [4.890625, 1.0], [4.888671875, 1.0], [4.88671875, 1.0], [4.884765625, 1.0], [4.8828125, 1.0], [4.880859375, 1.0], [4.87890625, 1.0], [4.876953125, 1.0], [4.875, 1.0], [4.873046875, 1.0], [4.87109375, 1.0], [4.869140625, 1.0], [4.8671875, 1.0], [4.865234375, 1.0], [4.86328125, 1.0], [4.861328125, 1.0], [4.859375, 1.0], [4.857421875, 1.0], [4.85546875, 1.0], [4.853515625, 1.0], [4.8515625, 1.0], [4.849609375, 1.0], [4.84765625, 1.0], [4.845703125, 1.0], [4.84375, 1.0], [4.841796875, 1.0], [4.83984375, 1.0], [4.837890625, 1.0], [4.8359375, 1.0], [4.833984375, 1.0], [4.83203125, 1.0], [4.830078125, 1.0], [4.828125, 1.0], [4.826171875, 1.0], [4.82421875, 1.0], [4.822265625, 1.0], [4.8203125, 1.0], [4.818359375, 1.0], [4.81640625, 1.0], [4.814453125, 1.0], [4.8125, 1.0], [4.810546875, 1.0], [4.80859375, 1.0], [4.806640625, 1.0], [4.8046875, 1.0], [4.802734375, 1.0], [4.80078125, 1.0], [4.798828125, 1.0], [4.796875, 1.0], [4.794921875, 1.0], [4.79296875, 1.0], [4.791015625, 1.0], [4.7890625, 1.0], [4.787109375, 1.0], [4.78515625, 1.0], [4.783203125, 1.0], [4.78125, 1.0], [4.779296875, 1.0], [4.77734375, 1.0], [4.775390625, 1.0], [4.7734375, 1.0], [4.771484375, 1.0], [4.76953125, 1.0], [4.767578125, 1.0], [4.765625, 1.0], [4.763671875, 1.0], [4.76171875, 1.0], [4.759765625, 1.0], [4.7578125, 1.0], [4.755859375, 1.0], [4.75390625, 1.0], [4.751953125, 1.0], [4.75, 1.0], [4.748046875, 1.0], [4.74609375, 1.0], [4.744140625, 1.0], [4.7421875, 1.0], [4.740234375, 1.0], [4.73828125, 1.0], [4.736328125, 1.0], [4.734375, 1.0], [4.732421875, 1.0], [4.73046875, 1.0], [4.728515625, 1.0], [4.7265625, 1.0], [4.724609375, 1.0], [4.72265625, 1.0], [4.720703125, 1.0], [4.71875, 1.0], [4.716796875, 1.0], [4.71484375, 1.0], [4.712890625, 1.0], [4.7109375, 1.0], [4.708984375, 1.0], [4.70703125, 1.0], [4.705078125, 1.0], [4.703125, 1.0], [4.701171875, 1.0], [4.69921875, 1.0], [4.697265625, 1.0], [4.6953125, 1.0], [4.693359375, 1.0], [4.69140625, 1.0], [4.689453125, 1.0], [4.6875, 1.0], [4.685546875, 1.0], [4.68359375, 1.0], [4.681640625, 1.0], [4.6796875, 1.0], [4.677734375, 1.0], [4.67578125, 1.0], [4.673828125, 1.0], [4.671875, 1.0], [4.669921875, 1.0], [4.66796875, 1.0], [4.666015625, 1.0], [4.6640625, 1.0], [4.662109375, 1.0], [4.66015625, 1.0], [4.658203125, 1.0], [4.65625, 1.0], [4.654296875, 1.0], [4.65234375, 1.0], [4.650390625, 1.0], [4.6484375, 1.0], [4.646484375, 1.0], [4.64453125, 1.0], [4.642578125, 1.0], [4.640625, 1.0], [4.638671875, 1.0], [4.63671875, 1.0], [4.634765625, 1.0], [4.6328125, 1.0], [4.630859375, 1.0], [4.62890625, 1.0], [4.626953125, 1.0], [4.625, 1.0], [4.623046875, 1.0], [4.62109375, 1.0], [4.619140625, 1.0], [4.6171875, 1.0], [4.615234375, 1.0], [4.61328125, 1.0], [4.611328125, 1.0], [4.609375, 1.0], [4.607421875, 1.0], [4.60546875, 1.0], [4.603515625, 1.0], [4.6015625, 1.0], [4.599609375, 1.0], [4.59765625, 1.0], [4.595703125, 1.0], [4.59375, 1.0], [4.591796875, 1.0], [4.58984375, 1.0], [4.587890625, 1.0], [4.5859375, 1.0], [4.583984375, 1.0], [4.58203125, 1.0], [4.580078125, 1.0], [4.578125, 1.0], [4.576171875, 1.0], [4.57421875, 1.0], [4.572265625, 1.0], [4.5703125, 1.0], [4.568359375, 1.0], [4.56640625, 1.0], [4.564453125, 1.0], [4.5625, 1.0], [4.560546875, 1.0], [4.55859375, 1.0], [4.556640625, 1.0], [4.5546875, 1.0], [4.552734375, 1.0], [4.55078125, 1.0], [4.548828125, 1.0], [4.546875, 1.0], [4.544921875, 1.0], [4.54296875, 1.0], [4.541015625, 1.0], [4.5390625, 1.0], [4.537109375, 1.0], [4.53515625, 1.0], [4.533203125, 1.0], [4.53125, 1.0], [4.529296875, 1.0], [4.52734375, 1.0], [4.525390625, 1.0], [4.5234375, 1.0], [4.521484375, 1.0], [4.51953125, 1.0], [4.517578125, 1.0], [4.515625, 1.0], [4.513671875, 1.0], [4.51171875, 1.0], [4.509765625, 1.0], [4.5078125, 1.0], [4.505859375, 1.0], [4.50390625, 1.0], [4.501953125, 1.0], [4.5, 1.0], [4.498046875, 1.0], [4.49609375, 1.0], [4.494140625, 1.0], [4.4921875, 1.0], [4.490234375, 1.0], [4.48828125, 1.0], [4.486328125, 1.0], [4.484375, 1.0], [4.482421875, 1.0], [4.48046875, 1.0], [4.478515625, 1.0], [4.4765625, 1.0], [4.474609375, 1.0], [4.47265625, 1.0], [4.470703125, 1.0], [4.46875, 1.0], [4.466796875, 1.0], [4.46484375, 1.0], [4.462890625, 1.0], [4.4609375, 1.0], [4.458984375, 1.0], [4.45703125, 1.0], [4.455078125, 1.0], [4.453125, 1.0], [4.451171875, 1.0], [4.44921875, 1.0], [4.447265625, 1.0], [4.4453125, 1.0], [4.443359375, 1.0], [4.44140625, 1.0], [4.439453125, 1.0], [4.4375, 1.0], [4.435546875, 1.0], [4.43359375, 1.0], [4.431640625, 1.0], [4.4296875, 1.0], [4.427734375, 1.0], [4.42578125, 1.0], [4.423828125, 1.0], [4.421875, 1.0], [4.419921875, 1.0], [4.41796875, 1.0], [4.416015625, 1.0], [4.4140625, 1.0], [4.412109375, 1.0], [4.41015625, 1.0], [4.408203125, 1.0], [4.40625, 1.0], [4.404296875, 1.0], [4.40234375, 1.0], [4.400390625, 1.0], [4.3984375, 1.0], [4.396484375, 1.0], [4.39453125, 1.0], [4.392578125, 1.0], [4.390625, 1.0], [4.388671875, 1.0], [4.38671875, 1.0], [4.384765625, 1.0], [4.3828125, 1.0], [4.380859375, 1.0], [4.37890625, 1.0], [4.376953125, 1.0], [4.375, 1.0], [4.373046875, 1.0], [4.37109375, 1.0], [4.369140625, 1.0], [4.3671875, 1.0], [4.365234375, 1.0], [4.36328125, 1.0], [4.361328125, 1.0], [4.359375, 1.0], [4.357421875, 1.0], [4.35546875, 1.0], [4.353515625, 1.0], [4.3515625, 1.0], [4.349609375, 1.0], [4.34765625, 1.0], [4.345703125, 1.0], [4.34375, 1.0], [4.341796875, 1.0], [4.33984375, 1.0], [4.337890625, 1.0], [4.3359375, 1.0], [4.333984375, 1.0], [4.33203125, 1.0], [4.330078125, 1.0], [4.328125, 1.0], [4.326171875, 1.0], [4.32421875, 1.0], [4.322265625, 1.0], [4.3203125, 1.0], [4.318359375, 1.0], [4.31640625, 1.0], [4.314453125, 1.0], [4.3125, 1.0], [4.310546875, 1.0], [4.30859375, 1.0], [4.306640625, 1.0], [4.3046875, 1.0], [4.302734375, 1.0], [4.30078125, 1.0], [4.298828125, 1.0], [4.296875, 1.0], [4.294921875, 1.0], [4.29296875, 1.0], [4.291015625, 1.0], [4.2890625, 1.0], [4.287109375, 1.0], [4.28515625, 1.0], [4.283203125, 1.0], [4.28125, 1.0], [4.279296875, 1.0], [4.27734375, 1.0], [4.275390625, 1.0], [4.2734375, 1.0], [4.271484375, 1.0], [4.26953125, 1.0], [4.267578125, 1.0], [4.265625, 1.0], [4.263671875, 1.0], [4.26171875, 1.0], [4.259765625, 1.0], [4.2578125, 1.0], [4.255859375, 1.0], [4.25390625, 1.0], [4.251953125, 1.0], [4.25, 1.0], [4.248046875, 1.0], [4.24609375, 1.0], [4.244140625, 1.0], [4.2421875, 1.0], [4.240234375, 1.0], [4.23828125, 1.0], [4.236328125, 1.0], [4.234375, 1.0], [4.232421875, 1.0], [4.23046875, 1.0], [4.228515625, 1.0], [4.2265625, 1.0], [4.224609375, 1.0], [4.22265625, 1.0], [4.220703125, 1.0], [4.21875, 1.0], [4.216796875, 1.0], [4.21484375, 1.0], [4.212890625, 1.0], [4.2109375, 1.0], [4.208984375, 1.0], [4.20703125, 1.0], [4.205078125, 1.0], [4.203125, 1.0], [4.201171875, 1.0], [4.19921875, 1.0], [4.197265625, 1.0], [4.1953125, 1.0], [4.193359375, 1.0], [4.19140625, 1.0], [4.189453125, 1.0], [4.1875, 1.0], [4.185546875, 1.0], [4.18359375, 1.0], [4.181640625, 1.0], [4.1796875, 1.0], [4.177734375, 1.0], [4.17578125, 1.0], [4.173828125, 1.0], [4.171875, 1.0], [4.169921875, 1.0], [4.16796875, 1.0], [4.166015625, 1.0], [4.1640625, 1.0], [4.162109375, 1.0], [4.16015625, 1.0], [4.158203125, 1.0], [4.15625, 1.0], [4.154296875, 1.0], [4.15234375, 1.0], [4.150390625, 1.0], [4.1484375, 1.0], [4.146484375, 1.0], [4.14453125, 1.0], [4.142578125, 1.0], [4.140625, 1.0], [4.138671875, 1.0], [4.13671875, 1.0], [4.134765625, 1.0], [4.1328125, 1.0], [4.130859375, 1.0], [4.12890625, 1.0], [4.126953125, 1.0], [4.125, 1.0], [4.123046875, 1.0], [4.12109375, 1.0], [4.119140625, 1.0], [4.1171875, 1.0], [4.115234375, 1.0], [4.11328125, 1.0], [4.111328125, 1.0], [4.109375, 1.0], [4.107421875, 1.0], [4.10546875, 1.0], [4.103515625, 1.0], [4.1015625, 1.0], [4.099609375, 1.0], [4.09765625, 1.0], [4.095703125, 1.0], [4.09375, 1.0], [4.091796875, 1.0], [4.08984375, 1.0], [4.087890625, 1.0], [4.0859375, 1.0], [4.083984375, 1.0], [4.08203125, 1.0], [4.080078125, 1.0], [4.078125, 1.0], [4.076171875, 1.0], [4.07421875, 1.0], [4.072265625, 1.0], [4.0703125, 1.0], [4.068359375, 1.0], [4.06640625, 1.0], [4.064453125, 1.0], [4.0625, 1.0], [4.060546875, 1.0], [4.05859375, 1.0], [4.056640625, 1.0], [4.0546875, 1.0], [4.052734375, 1.0], [4.05078125, 1.0], [4.048828125, 1.0], [4.046875, 1.0], [4.044921875, 1.0], [4.04296875, 1.0], [4.041015625, 1.0], [4.0390625, 1.0], [4.037109375, 1.0], [4.03515625, 1.0], [4.033203125, 1.0], [4.03125, 1.0], [4.029296875, 1.0], [4.02734375, 1.0], [4.025390625, 1.0], [4.0234375, 1.0], [4.021484375, 1.0], [4.01953125, 1.0], [4.017578125, 1.0], [4.015625, 1.0], [4.013671875, 1.0], [4.01171875, 1.0], [4.009765625, 1.0], [4.0078125, 1.0], [4.005859375, 1.0], [4.00390625, 1.0], [4.001953125, 1.0], [4.0, 1.0], [4.0, 0.998046875], [4.0, 0.99609375], [4.0, 0.994140625], [4.0, 0.9921875], [4.0, 0.990234375], [4.0, 0.98828125], [4.0, 0.986328125], [4.0, 0.984375], [4.0, 0.982421875], [4.0, 0.98046875], [4.0, 0.978515625], [4.0, 0.9765625], [4.0, 0.974609375], [4.0, 0.97265625], [4.0, 0.970703125], [4.0, 0.96875], [4.0, 0.966796875], [4.0, 0.96484375], [4.0, 0.962890625], [4.0, 0.9609375], [4.0, 0.958984375], [4.0, 0.95703125], [4.0, 0.955078125], [4.0, 0.953125], [4.0, 0.951171875], [4.0, 0.94921875], [4.0, 0.947265625], [4.0, 0.9453125], [4.0, 0.943359375], [4.0, 0.94140625], [4.0, 0.939453125], [4.0, 0.9375], [4.0, 0.935546875], [4.0, 0.93359375], [4.0, 0.931640625], [4.0, 0.9296875], [4.0, 0.927734375], [4.0, 0.92578125], [4.0, 0.923828125], [4.0, 0.921875], [4.0, 0.919921875], [4.0, 0.91796875], [4.0, 0.916015625], [4.0, 0.9140625], [4.0, 0.912109375], [4.0, 0.91015625], [4.0, 0.908203125], [4.0, 0.90625], [4.0, 0.904296875], [4.0, 0.90234375], [4.0, 0.900390625], [4.0, 0.8984375], [4.0, 0.896484375], [4.0, 0.89453125], [4.0, 0.892578125], [4.0, 0.890625], [4.0, 0.888671875], [4.0, 0.88671875], [4.0, 0.884765625], [4.0, 0.8828125], [4.0, 0.880859375], [4.0, 0.87890625], [4.0, 0.876953125], [4.0, 0.875], [4.0, 0.873046875], [4.0, 0.87109375], [4.0, 0.869140625], [4.0, 0.8671875], [4.0, 0.865234375], [4.0, 0.86328125], [4.0, 0.861328125], [4.0, 0.859375], [4.0, 0.857421875], [4.0, 0.85546875], [4.0, 0.853515625], [4.0, 0.8515625], [4.0, 0.849609375], [4.0, 0.84765625], [4.0, 0.845703125], [4.0, 0.84375], [4.0, 0.841796875], [4.0, 0.83984375], [4.0, 0.837890625], [4.0, 0.8359375], [4.0, 0.833984375], [4.0, 0.83203125], [4.0, 0.830078125], [4.0, 0.828125], [4.0, 0.826171875], [4.0, 0.82421875], [4.0, 0.822265625], [4.0, 0.8203125], [4.0, 0.818359375], [4.0, 0.81640625], [4.0, 0.814453125], [4.0, 0.8125], [4.0, 0.810546875], [4.0, 0.80859375], [4.0, 0.806640625], [4.0, 0.8046875], [4.0, 0.802734375], [4.0, 0.80078125], [4.0, 0.798828125], [4.0, 0.796875], [4.0, 0.794921875], [4.0, 0.79296875], [4.0, 0.791015625], [4.0, 0.7890625], [4.0, 0.787109375], [4.0, 0.78515625], [4.0, 0.783203125], [4.0, 0.78125], [4.0, 0.779296875], [4.0, 0.77734375], [4.0, 0.775390625], [4.0, 0.7734375], [4.0, 0.771484375], [4.0, 0.76953125], [4.0, 0.767578125], [4.0, 0.765625], [4.0, 0.763671875], [4.0, 0.76171875], [4.0, 0.759765625], [4.0, 0.7578125], [4.0, 0.755859375], [4.0, 0.75390625], [4.0, 0.751953125], [4.0, 0.75], [4.0, 0.748046875], [4.0, 0.74609375], [4.0, 0.744140625], [4.0, 0.7421875], [4.0, 0.740234375], [4.0, 0.73828125], [4.0, 0.736328125], [4.0, 0.734375], [4.0, 0.732421875], [4.0, 0.73046875], [4.0, 0.728515625], [4.0, 0.7265625], [4.0, 0.724609375], [4.0, 0.72265625], [4.0, 0.720703125], [4.0, 0.71875], [4.0, 0.716796875], [4.0, 0.71484375], [4.0, 0.712890625], [4.0, 0.7109375], [4.0, 0.708984375], [4.0, 0.70703125], [4.0, 0.705078125], [4.0, 0.703125], [4.0, 0.701171875], [4.0, 0.69921875], [4.0, 0.697265625], [4.0, 0.6953125], [4.0, 0.693359375], [4.0, 0.69140625], [4.0, 0.689453125], [4.0, 0.6875], [4.0, 0.685546875], [4.0, 0.68359375], [4.0, 0.681640625], [4.0, 0.6796875], [4.0, 0.677734375], [4.0, 0.67578125], [4.0, 0.673828125], [4.0, 0.671875], [4.0, 0.669921875], [4.0, 0.66796875], [4.0, 0.666015625], [4.0, 0.6640625], [4.0, 0.662109375], [4.0, 0.66015625], [4.0, 0.658203125], [4.0, 0.65625], [4.0, 0.654296875], [4.0, 0.65234375], [4.0, 0.650390625], [4.0, 0.6484375], [4.0, 0.646484375], [4.0, 0.64453125], [4.0, 0.642578125], [4.0, 0.640625], [4.0, 0.638671875], [4.0, 0.63671875], [4.0, 0.634765625], [4.0, 0.6328125], [4.0, 0.630859375], [4.0, 0.62890625], [4.0, 0.626953125], [4.0, 0.625], [4.0, 0.623046875], [4.0, 0.62109375], [4.0, 0.619140625], [4.0, 0.6171875], [4.0, 0.615234375], [4.0, 0.61328125], [4.0, 0.611328125], [4.0, 0.609375], [4.0, 0.607421875], [4.0, 0.60546875], [4.0, 0.603515625], [4.0, 0.6015625], [4.0, 0.599609375], [4.0, 0.59765625], [4.0, 0.595703125], [4.0, 0.59375], [4.0, 0.591796875], [4.0, 0.58984375], [4.0, 0.587890625], [4.0, 0.5859375], [4.0, 0.583984375], [4.0, 0.58203125], [4.0, 0.580078125], [4.0, 0.578125], [4.0, 0.576171875], [4.0, 0.57421875], [4.0, 0.572265625], [4.0, 0.5703125], [4.0, 0.568359375], [4.0, 0.56640625], [4.0, 0.564453125], [4.0, 0.5625], [4.0, 0.560546875], [4.0, 0.55859375], [4.0, 0.556640625], [4.0, 0.5546875], [4.0, 0.552734375], [4.0, 0.55078125], [4.0, 0.548828125], [4.0, 0.546875], [4.0, 0.544921875], [4.0, 0.54296875], [4.0, 0.541015625], [4.0, 0.5390625], [4.0, 0.537109375], [4.0, 0.53515625], [4.0, 0.533203125], [4.0, 0.53125], [4.0, 0.529296875], [4.0, 0.52734375], [4.0, 0.525390625], [4.0, 0.5234375], [4.0, 0.521484375], [4.0, 0.51953125], [4.0, 0.517578125], [4.0, 0.515625], [4.0, 0.513671875], [4.0, 0.51171875], [4.0, 0.509765625], [4.0, 0.5078125], [4.0, 0.505859375], [4.0, 0.50390625], [4.0, 0.501953125], [4.0, 0.5], [4.0, 0.498046875], [4.0, 0.49609375], [4.0, 0.494140625], [4.0, 0.4921875], [4.0, 0.490234375], [4.0, 0.48828125], [4.0, 0.486328125], [4.0, 0.484375], [4.0, 0.482421875], [4.0, 0.48046875], [4.0, 0.478515625], [4.0, 0.4765625], [4.0, 0.474609375], [4.0, 0.47265625], [4.0, 0.470703125], [4.0, 0.46875], [4.0, 0.466796875], [4.0, 0.46484375], [4.0, 0.462890625], [4.0, 0.4609375], [4.0, 0.458984375], [4.0, 0.45703125], [4.0, 0.455078125], [4.0, 0.453125], [4.0, 0.451171875], [4.0, 0.44921875], [4.0, 0.447265625], [4.0, 0.4453125], [4.0, 0.443359375], [4.0, 0.44140625], [4.0, 0.439453125], [4.0, 0.4375], [4.0, 0.435546875], [4.0, 0.43359375], [4.0, 0.431640625], [4.0, 0.4296875], [4.0, 0.427734375], [4.0, 0.42578125], [4.0, 0.423828125], [4.0, 0.421875], [4.0, 0.419921875], [4.0, 0.41796875], [4.0, 0.416015625], [4.0, 0.4140625], [4.0, 0.412109375], [4.0, 0.41015625], [4.0, 0.408203125], [4.0, 0.40625], [4.0, 0.404296875], [4.0, 0.40234375], [4.0, 0.400390625], [4.0, 0.3984375], [4.0, 0.396484375], [4.0, 0.39453125], [4.0, 0.392578125], [4.0, 0.390625], [4.0, 0.388671875], [4.0, 0.38671875], [4.0, 0.384765625], [4.0, 0.3828125], [4.0, 0.380859375], [4.0, 0.37890625], [4.0, 0.376953125], [4.0, 0.375], [4.0, 0.373046875], [4.0, 0.37109375], [4.0, 0.369140625], [4.0, 0.3671875], [4.0, 0.365234375], [4.0, 0.36328125], [4.0, 0.361328125], [4.0, 0.359375], [4.0, 0.357421875], [4.0, 0.35546875], [4.0, 0.353515625], [4.0, 0.3515625], [4.0, 0.349609375], [4.0, 0.34765625], [4.0, 0.345703125], [4.0, 0.34375], [4.0, 0.341796875], [4.0, 0.33984375], [4.0, 0.337890625], [4.0, 0.3359375], [4.0, 0.333984375], [4.0, 0.33203125], [4.0, 0.330078125], [4.0, 0.328125], [4.0, 0.326171875], [4.0, 0.32421875], [4.0, 0.322265625], [4.0, 0.3203125], [4.0, 0.318359375], [4.0, 0.31640625], [4.0, 0.314453125], [4.0, 0.3125], [4.0, 0.310546875], [4.0, 0.30859375], [4.0, 0.306640625], [4.0, 0.3046875], [4.0, 0.302734375], [4.0, 0.30078125], [4.0, 0.298828125], [4.0, 0.296875], [4.0, 0.294921875], [4.0, 0.29296875], [4.0, 0.291015625], [4.0, 0.2890625], [4.0, 0.287109375], [4.0, 0.28515625], [4.0, 0.283203125], [4.0, 0.28125], [4.0, 0.279296875], [4.0, 0.27734375], [4.0, 0.275390625], [4.0, 0.2734375], [4.0, 0.271484375], [4.0, 0.26953125], [4.0, 0.267578125], [4.0, 0.265625], [4.0, 0.263671875], [4.0, 0.26171875], [4.0, 0.259765625], [4.0, 0.2578125], [4.0, 0.255859375], [4.0, 0.25390625], [4.0, 0.251953125], [4.0, 0.25], [4.0, 0.248046875], [4.0, 0.24609375], [4.0, 0.244140625], [4.0, 0.2421875], [4.0, 0.240234375], [4.0, 0.23828125], [4.0, 0.236328125], [4.0, 0.234375], [4.0, 0.232421875], [4.0, 0.23046875], [4.0, 0.228515625], [4.0, 0.2265625], [4.0, 0.224609375], [4.0, 0.22265625], [4.0, 0.220703125], [4.0, 0.21875], [4.0, 0.216796875], [4.0, 0.21484375], [4.0, 0.212890625], [4.0, 0.2109375], [4.0, 0.208984375], [4.0, 0.20703125], [4.0, 0.205078125], [4.0, 0.203125], [4.0, 0.201171875], [4.0, 0.19921875], [4.0, 0.197265625], [4.0, 0.1953125], [4.0, 0.193359375], [4.0, 0.19140625], [4.0, 0.189453125], [4.0, 0.1875], [4.0, 0.185546875], [4.0, 0.18359375], [4.0, 0.181640625], [4.0, 0.1796875], [4.0, 0.177734375], [4.0, 0.17578125], [4.0, 0.173828125], [4.0, 0.171875], [4.0, 0.169921875], [4.0, 0.16796875], [4.0, 0.166015625], [4.0, 0.1640625], [4.0, 0.162109375], [4.0, 0.16015625], [4.0, 0.158203125], [4.0, 0.15625], [4.0, 0.154296875], [4.0, 0.15234375], [4.0, 0.150390625], [4.0, 0.1484375], [4.0, 0.146484375], [4.0, 0.14453125], [4.0, 0.142578125], [4.0, 0.140625], [4.0, 0.138671875], [4.0, 0.13671875], [4.0, 0.134765625], [4.0, 0.1328125], [4.0, 0.130859375], [4.0, 0.12890625], [4.0, 0.126953125], [4.0, 0.125], [4.0, 0.123046875], [4.0, 0.12109375], [4.0, 0.119140625], [4.0, 0.1171875], [4.0, 0.115234375], [4.0, 0.11328125], [4.0, 0.111328125], [4.0, 0.109375], [4.0, 0.107421875], [4.0, 0.10546875], [4.0, 0.103515625], [4.0, 0.1015625], [4.0, 0.099609375], [4.0, 0.09765625], [4.0, 0.095703125], [4.0, 0.09375], [4.0, 0.091796875], [4.0, 0.08984375], [4.0, 0.087890625], [4.0, 0.0859375], [4.0, 0.083984375], [4.0, 0.08203125], [4.0, 0.080078125], [4.0, 0.078125], [4.0, 0.076171875], [4.0, 0.07421875], [4.0, 0.072265625], [4.0, 0.0703125], [4.0, 0.068359375], [4.0, 0.06640625], [4.0, 0.064453125], [4.0, 0.0625], [4.0, 0.060546875], [4.0, 0.05859375], [4.0, 0.056640625], [4.0, 0.0546875], [4.0, 0.052734375], [4.0, 0.05078125], [4.0, 0.048828125], [4.0, 0.046875], [4.0, 0.044921875], [4.0, 0.04296875], [4.0, 0.041015625], [4.0, 0.0390625], [4.0, 0.037109375], [4.0, 0.03515625], [4.0, 0.033203125], [4.0, 0.03125], [4.0, 0.029296875], [4.0, 0.02734375], [4.0, 0.025390625], [4.0, 0.0234375], [4.0, 0.021484375], [4.0, 0.01953125], [4.0, 0.017578125], [4.0, 0.015625], [4.0, 0.013671875], [4.0, 0.01171875], [4.0, 0.009765625], [4.0, 0.0078125], [4.0, 0.005859375], [4.0, 0.00390625], [4.0, 0.001953125], [4, 0]]]}}, {"type": "Feature", "id": "c0-1", "properties": {"id": "c0-1", "name": "cell 0,1", "value": 2.6305}, "geometry": {"type": "Polygon", "coordinates": [[[0.0, 1.0], [0.001953125, 1.0], [0.00390625, 1.0], [0.005859375, 1.0], [0.0078125, 1.0], [0.009765625, 1.0], [0.01171875, 1.0], [0.013671875, 1.0], [0.015625, 1.0], [0.017578125, 1.0], [0.01953125, 1.0], [0.021484375, 1.0], [0.0234375, 1.0], [0.025390625, 1.0], [0.02734375, 1.0], [0.029296875, 1.0], [0.03125, 1.0], [0.033203125, 1.0], [0.03515625, 1.0], [0.037109375, 1.0], [0.0390625, 1.0], [0.041015625, 1.0], [0.04296875, 1.0], [0.044921875, 1.0], [0.046875, 1.0], [0.048828125, 1.0], [0.05078125, 1.0], [0.052734375, 1.0], [0.0546875, 1.0], [0.056640625, 1.0], [0.05859375, 1.0], [0.060546875, 1.0], [0.0625, 1.0], [0.064453125, 1.0], [0.06640625, 1.0], [0.068359375, 1.0], [0.0703125, 1.0], [0.072265625, 1.0], [0.07421875, 1.0], [0.076171875, 1.0], [0.078125, 1.0], [0.080078125, 1.0], [0.08203125, 1.0], [0.083984375, 1.0], [0.0859375, 1.0], [0.087890625, 1.0], [0.08984375, 1.0], [0.091796875, 1.0], [0.09375, 1.0], [0.095703125, 1.0], [0.09765625, 1.0], [0.099609375, 1.0], [0.1015625, 1.0], [0.103515625, 1.0], [0.10546875, 1.0], [0.107421875, 1.0], [0.109375, 1.0], [0.111328125, 1.0], [0.11328125, 1.0], [0.115234375, 1.0], [0.1171875, 1.0], [0.119140625, 1.0], [0.12109375, 1.0], [0.123046875, 1.0], [0.125, 1.0], [0.126953125, 1.0], [0.12890625, 1.0], [0.130859375, 1.0], [0.1328125, 1.0], [0.134765625, 1.0], [0.13671875, 1.0], [0.138671875, 1.0], [0.140625, 1.0], [0.142578125, 1.0], [0.14453125, 1.0], [0.146484375, 1.0], [0.1484375, 1.0], [0.150390625, 1.0], [0.15234375, 1.0], [0.154296875, 1.0], [0.15625, 1.0], [0.158203125, 1.0], [0.16015625, 1.0], [0.162109375, 1.0], [0.1640625, 1.0], [0.166015625, 1.0], [0.16796875, 1.0], [0.169921875, 1.0], [0.171875, 1.0], [0.173828125, 1.0], [0.17578125, 1.0], [0.177734375, 1.0], [0.1796875, 1.0], [0.181640625, 1.0], [0.18359375, 1.0], [0.185546875, 1.0], [0.1875, 1.0], [0.189453125, 1.0], [0.19140625, 1.0], [0.193359375, 1.0], [0.1953125, 1.0], [0.197265625, 1.0], [0.19921875, 1.0], [0.201171875, 1.0], [0.203125, 1.0], [0.205078125, 1.0], [0.20703125, 1.0], [0.208984375, 1.0], [0.2109375, 1.0], [0.212890625, 1.0], [0.21484375, 1.0], [0.216796875, 1.0], [0.21875, 1.0], [0.220703125, 1.0], [0.22265625, 1.0], [0.224609375, 1.0], [0.2265625, 1.0], [0.228515625, 1.0], [0.23046875, 1.0], [0.232421875, 1.0], [0.234375, 1.0], [0.236328125, 1.0], [0.23828125, 1.0], [0.240234375, 1.0], [0.2421875, 1.0], [0.244140625, 1.0], [0.24609375, 1.0], [0.248046875, 1.0], [0.25, 1.0], [0.251953125, 1.0], [0.25390625, 1.0], [0.255859375, 1.0], [0.2578125, 1.0], [0.259765625, 1.0], [0.26171875, 1.0], [0.263671875, 1.0], [0.265625, 1.0], [0.267578125, 1.0], [0.26953125, 1.0], [0.271484375, 1.0], [0.2734375, 1.0], [0.275390625, 1.0], [0.27734375, 1.0], [0.279296875, 1.0], [0.28125, 1.0], [0.283203125, 1.0], [0.28515625, 1.0], [0.287109375, 1.0], [0.2890625, 1.0], [0.291015625, 1.0], [0.29296875, 1.0], [0.294921875, 1.0], [0.296875, 1.0], [0.298828125, 1.0], [0.30078125, 1.0], [0.302734375, 1.0], [0.3046875, 1.0], [0.306640625, 1.0], [0.30859375, 1.0], [0.310546875, 1.0], [0.3125, 1.0], [0.314453125, 1.0], [0.31640625, 1.0], [0.318359375, 1.0], [0.3203125, 1.0], [0.322265625, 1.0], [0.32421875, 1.0], [0.326171875, 1.0], [0.328125, 1.0], [0.330078125, 1.0], [0.33203125, 1.0], [0.333984375, 1.0], [0.3359375, 1.0], [0.337890625, 1.0], [0.33984375, 1.0], [0.341796875, 1.0], [0.34375, 1.0], [0.345703125, 1.0], [0.34765625, 1.0], [0.349609375, 1.0], [0.3515625, 1.0], [0.353515625, 1.0], [0.35546875, 1.0], [0.357421875, 1.0], [0.359375, 1.0], [0.361328125, 1.0], [0.36328125, 1.0], [0.365234375, 1.0], [0.3671875, 1.0], [0.369140625, 1.0], [0.37109375, 1.0], [0.373046875, 1.0], [0.375, 1.0], [0.376953125, 1.0], [0.37890625, 1.0], [0.380859375, 1.0], [0.3828125, 1.0], [0.384765625, 1.0], [0.38671875, 1.0], [0.388671875, 1.0], [0.390625, 1.0], [0.392578125, 1.0], [0.39453125, 1.0], [0.396484375, 1.0], [0.3984375, 1.0], [0.400390625, 1.0], [0.40234375, 1.0], [0.404296875, 1.0], [0.40625, 1.0], [0.408203125, 1.0], [0.41015625, 1.0], [0.412109375, 1.0], [0.4140625, 1.0], [0.416015625, 1.0], [0.41796875, 1.0], [0.419921875, 1.0], [0.421875, 1.0], [0.423828125, 1.0], [0.42578125, 1.0], [0.427734375, 1.0], [0.4296875, 1.0], [0.431640625, 1.0], [0.43359375, 1.0], [0.435546875, 1.0], [0.4375, 1.0], [0.439453125, 1.0], [0.44140625, 1.0], [0.443359375, 1.0], [0.4453125, 1.0], [0.447265625, 1.0], [0.44921875, 1.0], [0.451171875, 1.0], [0.453125, 1.0], [0.455078125, 1.0], [0.45703125, 1.0], [0.458984375, 1.0], [0.4609375, 1.0], [0.462890625, 1.0], [0.46484375, 1.0], [0.466796875, 1.0], [0.46875, 1.0], [0.470703125, 1.0], [0.47265625, 1.0], [0.474609375, 1.0], [0.4765625, 1.0], [0.478515625, 1.0], [0.48046875, 1.0], [0.482421875, 1.0], [0.484375, 1.0], [0.486328125, 1.0], [0.48828125, 1.0], [0.490234375, 1.0], [0.4921875, 1.0], [0.494140625, 1.0], [0.49609375, 1.0], [0.498046875, 1.0], [0.5, 1.0], [0.501953125, 1.0], [0.50390625, 1.0], [0.505859375, 1.0], [0.5078125, 1.0], [0.509765625, 1.0], [0.51171875, 1.0], [0.513671875, 1.0], [0.515625, 1.0], [0.517578125, 1.0], [0.51953125, 1.0], [0.521484375, 1.0], [0.5234375, 1.0], [0.525390625, 1.0], [0.52734375, 1.0], [0.529296875, 1.0], [0.53125, 1.0], [0.533203125, 1.0], [0.53515625, 1.0], [0.537109375, 1.0], [0.5390625, 1.0], [0.541015625, 1.0], [0.54296875, 1.0], [0.544921875, 1.0], [0.546875, 1.0], [0.548828125, 1.0], [0.55078125, 1.0], [0.552734375, 1.0], [0.5546875, 1.0], [0.556640625, 1.0], [0.55859375, 1.0], [0.560546875, 1.0], [0.5625, 1.0], [0.564453125, 1.0], [0.56640625, 1.0], [0.568359375, 1.0], [0.5703125, 1.0], [0.572265625, 1.0], [0.57421875, 1.0], [0.576171875, 1.0], [0.578125, 1.0], [0.580078125, 1.0], [0.58203125, 1.0], [0.583984375, 1.0], [0.5859375, 1.0], [0.587890625, 1.0], [0.58984375, 1.0], [0.591796875, 1.0], [0.59375, 1.0], [0.595703125, 1.0], [0.59765625, 1.0], [0.599609375, 1.0], [0.6015625, 1.0], [0.603515625, 1.0], [0.60546875, 1.0], [0.607421875, 1.0], [0.609375, 1.0], [0.611328125, 1.0], [0.61328125, 1.0], [0.615234375, 1.0], [0.6171875, 1.0], [0.619140625, 1.0], [0.62109375, 1.0], [0.623046875, 1.0], [0.625, 1.0], [0.626953125, 1.0], [0.62890625, 1.0], [0.630859375, 1.0], [0.6328125, 1.0], [0.634765625, 1.0], [0.63671875, 1.0], [0.638671875, 1.0], [0.640625, 1.0], [0.642578125, 1.0], [0.64453125, 1.0], [0.646484375, 1.0], [0.6484375, 1.0], [0.650390625, 1.0], [0.65234375, 1.0], [0.654296875, 1.0], [0.65625, 1.0], [0.658203125, 1.0], [0.66015625, 1.0], [0.662109375, 1.0], [0.6640625, 1.0], [0.666015625, 1.0], [0.66796875, 1.0], [0.669921875, 1.0], [0.671875, 1.0], [0.673828125, 1.0], [0.67578125, 1.0], [0.677734375, 1.0], [0.6796875, 1.0], [0.681640625, 1.0], [0.68359375, 1.0], [0.685546875, 1.0], [0.6875, 1.0], [0.689453125, 1.0], [0.69140625, 1.0], [0.693359375, 1.0], [0.6953125, 1.0], [0.697265625, 1.0], [0.69921875, 1.0], [0.701171875, 1.0], [0.703125, 1.0], [0.705078125, 1.0], [0.70703125, 1.0], [0.708984375, 1.0], [0.7109375, 1.0], [0.712890625, 1.0], [0.71484375, 1.0], [0.716796875, 1.0], [0.71875, 1.0], [0.720703125, 1.0], [0.72265625, 1.0], [0.724609375, 1.0], [0.7265625, 1.0], [0.728515625, 1.0], [0.73046875, 1.0], [0.732421875, 1.0], [0.734375, 1.0], [0.736328125, 1.0], [0.73828125, 1.0], [0.740234375, 1.0], [0.7421875, 1.0], [0.744140625, 1.0], [0.74609375, 1.0], [0.748046875, 1.0], [0.75, 1.0], [0.751953125, 1.0], [0.75390625, 1.0], [0.755859375, 1.0], [0.7578125, 1.0], [0.759765625, 1.0], [0.76171875, 1.0], [0.763671875, 1.0], [0.765625, 1.0], [0.767578125, 1.0], [0.76953125, 1.0], [0.771484375, 1.0], [0.7734375, 1.0], [0.775390625, 1.0], [0.77734375, 1.0], [0.779296875, 1.0], [0.78125, 1.0], [0.783203125, 1.0], [0.78515625, 1.0], [0.787109375, 1.0], [0.7890625, 1.0], [0.791015625, 1.0], [0.79296875, 1.0], [0.794921875, 1.0], [0.796875, 1.0], [0.798828125, 1.0], [0.80078125, 1.0], [0.802734375, 1.0], [0.8046875, 1.0], [0.806640625, 1.0], [0.80859375, 1.0], [0.810546875, 1.0], [0.8125, 1.0], [0.814453125, 1.0], [0.81640625, 1.0], [0.818359375, 1.0], [0.8203125, 1.0], [0.822265625, 1.0], [0.82421875, 1.0], [0.826171875, 1.0], [0.828125, 1.0], [0.830078125, 1.0], [0.83203125, 1.0], [0.833984375, 1.0], [0.8359375, 1.0], [0.837890625, 1.0], [0.83984375, 1.0], [0.841796875, 1.0], [0.84375, 1.0], [0.845703125, 1.0], [0.84765625, 1.0], [0.849609375, 1.0], [0.8515625, 1.0], [0.853515625, 1.0], [0.85546875, 1.0], [0.857421875, 1.0], [0.859375, 1.0], [0.861328125, 1.0], [0.86328125, 1.0], [0.865234375, 1.0], [0.8671875, 1.0], [0.869140625, 1.0], [0.87109375, 1.0], [0.873046875, 1.0], [0.875, 1.0], [0.876953125, 1.0], [0.87890625, 1.0], [0.880859375, 1.0], [0.8828125, 1.0], [0.884765625, 1.0], [0.88671875, 1.0], [0.888671875, 1.0], [0.890625, 1.0], [0.892578125, 1.0], [0.89453125, 1.0], [0.896484375, 1.0], [0.8984375, 1.0], [0.900390625, 1.0], [0.90234375, 1.0], [0.904296875, 1.0], [0.90625, 1.0], [0.908203125, 1.0], [0.91015625, 1.0], [0.912109375, 1.0], [0.9140625, 1.0], [0.916015625, 1.0], [0.91796875, 1.0], [0.919921875, 1.0], [0.921875, 1.0], [0.923828125, 1.0], [0.92578125, 1.0], [0.927734375, 1.0], [0.9296875, 1.0], [0.931640625, 1.0], [0.93359375, 1.0], [0.935546875, 1.0], [0.9375, 1.0], [0.939453125, 1.0], [0.94140625, 1.0], [0.943359375, 1.0], [0.9453125, 1.0], [0.947265625, 1.0], [0.94921875, 1.0], [0.951171875, 1.0], [0.953125, 1.0], [0.955078125, 1.0], [0.95703125, 1.0], [0.958984375, 1.0], [0.9609375, 1.0], [0.962890625, 1.0], [0.96484375, 1.0], [0.966796875, 1.0], [0.96875, 1.0], [0.970703125, 1.0], [0.97265625, 1.0], [0.974609375, 1.0], [0.9765625, 1.0], [0.978515625, 1.0], [0.98046875, 1.0], [0.982421875, 1.0], [0.984375, 1.0], [0.986328125, 1.0], [0.98828125, 1.0], [0.990234375, 1.0], [0.9921875, 1.0], [0.994140625, 1.0], [0.99609375, 1.0], [0.998046875, 1.0], [1.0, 1.0], [1.0, 1.001953125], [1.0, 1.00390625], [1.0, 1.005859375], [1.0, 1.0078125], [1.0, 1.009765625], [1.0, 1.01171875], [1.0, 1.013671875], [1.0, 1.015625], [1.0, 1.017578125], [1.0, 1.01953125], [1.0, 1.021484375], [1.0, 1.0234375], [1.0, 1.025390625], [1.0, 1.02734375], [1.0, 1.029296875], [1.0, 1.03125], [1.0, 1.033203125], [1.0, 1.03515625], [1.0, 1.037109375], [1.0, 1.0390625], [1.0, 1.041015625], [1.0, 1.04296875], [1.0, 1.044921875], [1.0, 1.046875], [1.0, 1.048828125], [1.0, 1.05078125], [1.0, 1.052734375], [1.0, 1.0546875], [1.0, 1.056640625], [1.0, 1.05859375], [1.0, 1.060546875], [1.0, 1.0625], [1.0, 1.064453125], [1.0, 1.06640625], [1.0, 1.068359375], [1.0, 1.0703125], [1.0, 1.072265625], [1.0, 1.07421875], [1.0, 1.076171875], [1.0, 1.078125], [1.0, 1.080078125], [1.0, 1.08203125], [1.0, 1.083984375], [1.0, 1.0859375], [1.0, 1.087890625], [1.0, 1.08984375], [1.0, 1.091796875], [1.0, 1.09375], [1.0, 1.095703125], [1.0, 1.09765625], [1.0, 1.099609375], [1.0, 1.1015625], [1.0, 1.103515625], [1.0, 1.10546875], [1.0, 1.107421875], [1.0, 1.109375], [1.0, 1.111328125], [1.0, 1.11328125], [1.0, 1.115234375], [1.0, 1.1171875], [1.0, 1.119140625], [1.0, 1.12109375], [1.0, 1.123046875], [1.0, 1.125], [1.0, 1.126953125], [1.0, 1.12890625], [1.0, 1.130859375], [1.0, 1.1328125], [1.0, 1.134765625], [1.0, 1.13671875], [1.0, 1.138671875], [1.0, 1.140625], [1.0, 1.142578125], [1.0, 1.14453125], [1.0, 1.146484375], [1.0, 1.1484375], [1.0, 1.150390625], [1.0, 1.15234375], [1.0, 1.154296875], [1.0, 1.15625], [1.0, 1.158203125], [1.0, 1.16015625], [1.0, 1.162109375], [1.0, 1.1640625], [1.0, 1.166015625], [1.0, 1.16796875], [1.0, 1.169921875], [1.0, 1.171875], [1.0, 1.173828125], [1.0, 1.17578125], [1.0, 1.177734375], [1.0, 1.1796875], [1.0, 1.181640625], [1.0, 1.18359375], [1.0, 1.185546875], [1.0, 1.1875], [1.0, 1.189453125], [1.0, 1.19140625], [1.0, 1.193359375], [1.0, 1.1953125], [1.0, 1.197265625], [1.0, 1.19921875], [1.0, 1.201171875], [1.0, 1.203125], [1.0, 1.205078125], [1.0, 1.20703125], [1.0, 1.208984375], [1.0, 1.2109375], [1.0, 1.212890625], [1.0, 1.21484375], [1.0, 1.216796875], [1.0, 1.21875], [1.0, 1.220703125], [1.0, 1.22265625], [1.0, 1.224609375], [1.0, 1.2265625], [1.0, 1.228515625], [1.0, 1.23046875], [1.0, 1.232421875], [1.0, 1.234375], [1.0, 1.236328125], [1.0, 1.23828125], [1.0, 1.240234375], [1.0, 1.2421875], [1.0, 1.244140625], [1.0, 1.24609375], [1.0, 1.248046875], [1.0, 1.25], [1.0, 1.251953125], [1.0, 1.25390625], [1.0, 1.255859375], [1.0, 1.2578125], [1.0, 1.259765625], [1.0, 1.26171875], [1.0, 1.263671875], [1.0, 1.265625], [1.0, 1.267578125], [1.0, 1.26953125], [1.0, 1.271484375], [1.0, 1.2734375], [1.0, 1.275390625], [1.0, 1.27734375], [1.0, 1.279296875], [1.0, 1.28125], [1.0, 1.283203125], [1.0, 1.28515625], [1.0, 1.287109375], [1.0, 1.2890625], [1.0, 1.291015625], [1.0, 1.29296875], [1.0, 1.294921875], [1.0, 1.296875], [1.0, 1.298828125], [1.0, 1.30078125], [1.0, 1.302734375], [1.0, 1.3046875], [1.0, 1.306640625], [1.0, 1.30859375], [1.0, 1.310546875], [1.0, 1.3125], [1.0, 1.314453125], [1.0, 1.31640625], [1.0, 1.318359375], [1.0, 1.3203125], [1.0, 1.322265625], [1.0, 1.32421875], [1.0, 1.326171875], [1.0, 1.328125], [1.0, 1.330078125], [1.0, 1.33203125], [1.0, 1.333984375], [1.0, 1.3359375], [1.0, 1.337890625], [1.0, 1.33984375], [1.0, 1.341796875], [1.0, 1.34375], [1.0, 1.345703125], [1.0, 1.34765625], [1.0, 1.349609375], [1.0, 1.3515625], [1.0, 1.353515625], [1.0, 1.35546875], [1.0, 1.357421875], [1.0, 1.359375], [1.0, 1.361328125], [1.0, 1.36328125], [1.0, 1.365234375], [1.0, 1.3671875], [1.0, 1.369140625], [1.0, 1.37109375], [1.0, 1.373046875], [1.0, 1.375], [1.0, 1.376953125], [1.0, 1.37890625], [1.0, 1.380859375], [1.0, 1.3828125], [1.0, 1.384765625], [1.0, 1.38671875], [1.0, 1.388671875], [1.0, 1.390625], [1.0, 1.392578125], [1.0, 1.39453125], [1.0, 1.396484375], [1.0, 1.3984375], [1.0, 1.400390625], [1.0, 1.40234375], [1.0, 1.404296875], [1.0, 1.40625], [1.0, 1.408203125], [1.0, 1.41015625], [1.0, 1.412109375], [1.0, 1.4140625], [1.0, 1.416015625], [1.0, 1.41796875], [1.0, 1.419921875], [1.0, 1.421875], [1.0, 1.423828125], [1.0, 1.42578125], [1.0, 1.427734375], [1.0, 1.4296875], [1.0, 1.431640625], [1.0, 1.43359375], [1.0, 1.435546875], [1.0, 1.4375], [1.0, 1.439453125], [1.0, 1.44140625], [1.0, 1.443359375], [1.0, 1.4453125], [1.0, 1.447265625], [1.0, 1.44921875], [1.0, 1.451171875], [1.0, 1.453125], [1.0, 1.455078125], [1.0, 1.45703125], [1.0, 1.458984375], [1.0, 1.4609375], [1.0, 1.462890625], [1.0, 1.46484375], [1.0, 1.466796875], [1.0, 1.46875], [1.0, 1.470703125], [1.0, 1.47265625], [1.0, 1.474609375], [1.0, 1.4765625], [1.0, 1.478515625], [1.0, 1.48046875], [1.0, 1.482421875], [1.0, 1.484375], [1.0, 1.486328125], [1.0, 1.48828125], [1.0, 1.490234375], [1.0, 1.4921875], [1.0, 1.494140625], [1.0, 1.49609375], [1.0, 1.498046875], [1.0, 1.5], [1.0, 1.501953125], [1.0, 1.50390625], [1.0, 1.505859375], [1.0, 1.5078125], [1.0, 1.509765625], [1.0, 1.51171875], [1.0, 1.513671875], [1.0, 1.515625], [1.0, 1.517578125], [1.0, 1.51953125], [1.0, 1.521484375], [1.0, 1.5234375], [1.0, 1.525390625], [1.0, 1.52734375], [1.0, 1.529296875], [1.0, 1.53125], [1.0, 1.533203125], [1.0, 1.53515625], [1.0, 1.537109375], [1.0, 1.5390625], [1.0, 1.541015625], [1.0, 1.54296875], [1.0, 1.544921875], [1.0, 1.546875], [1.0, 1.548828125], [1.0, 1.55078125], [1.0, 1.552734375], [1.0, 1.5546875], [1.0, 1.556640625], [1.0, 1.55859375], [1.0, 1.560546875], [1.0, 1.5625], [1.0, 1.564453125], [1.0, 1.56640625], [1.0, 1.568359375], [1.0, 1.5703125], [1.0, 1.572265625], [1.0, 1.57421875], [1.0, 1.576171875], [1.0, 1.578125], [1.0, 1.580078125], [1.0, 1.58203125], [1.0, 1.583984375], [1.0, 1.5859375], [1.0, 1.587890625], [1.0, 1.58984375], [1.0, 1.591796875], [1.0, 1.59375], [1.0, 1.595703125], [1.0, 1.59765625], [1.0, 1.599609375], [1.0, 1.6015625], [1.0, 1.603515625], [1.0, 1.60546875], [1.0, 1.607421875], [1.0, 1.609375], [1.0, 1.611328125], [1.0, 1.61328125], [1.0, 1.615234375], [1.0, 1.6171875], [1.0, 1.619140625], [1.0, 1.62109375], [1.0, 1.623046875], [1.0, 1.625], [1.0, 1.626953125], [1.0, 1.62890625], [1.0, 1.630859375], [1.0, 1.6328125], [1.0, 1.634765625], [1.0, 1.63671875], [1.0, 1.638671875], [1.0, 1.640625], [1.0, 1.642578125], [1.0, 1.64453125], [1.0, 1.646484375], [1.0, 1.6484375], [1.0, 1.650390625], [1.0, 1.65234375], [1.0, 1.654296875], [1.0, 1.65625], [1.0, 1.658203125], [1.0, 1.66015625], [1.0, 1.662109375], [1.0, 1.6640625], [1.0, 1.666015625], [1.0, 1.66796875], [1.0, 1.669921875], [1.0, 1.671875], [1.0, 1.673828125], [1.0, 1.67578125], [1.0, 1.677734375], [1.0, 1.6796875], [1.0, 1.681640625], [1.0, 1.68359375], [1.0, 1.685546875], [1.0, 1.6875], [1.0, 1.689453125], [1.0, 1.69140625], [1.0, 1.693359375], [1.0, 1.6953125], [1.0, 1.697265625], [1.0, 1.69921875], [1.0, 1.701171875], [1.0, 1.703125], [1.0, 1.705078125], [1.0, 1.70703125], [1.0, 1.708984375], [1.0, 1.7109375], [1.0, 1.712890625], [1.0, 1.71484375], [1.0, 1.716796875], [1.0, 1.71875], [1.0, 1.720703125], [1.0, 1.72265625], [1.0, 1.724609375], [1.0, 1.7265625], [1.0, 1.728515625], [1.0, 1.73046875], [1.0, 1.732421875], [1.0, 1.734375], [1.0, 1.736328125], [1.0, 1.73828125], [1.0, 1.740234375], [1.0, 1.7421875], [1.0, 1.744140625], [1.0, 1.74609375], [1.0, 1.748046875], [1.0, 1.75], [1.0, 1.751953125], [1.0, 1.75390625], [1.0, 1.755859375], [1.0, 1.7578125], [1.0, 1.759765625], [1.0, 1.76171875], [1.0, 1.763671875], [1.0, 1.765625], [1.0, 1.767578125], [1.0, 1.76953125], [1.0, 1.771484375], [1.0, 1.7734375], [1.0, 1.775390625], [1.0, 1.77734375], [1.0, 1.779296875], [1.0, 1.78125], [1.0, 1.783203125], [1.0, 1.78515625], [1.0, 1.787109375], [1.0, 1.7890625], [1.0, 1.791015625], [1.0, 1.79296875], [1.0, 1.794921875], [1.0, 1.796875], [1.0, 1.798828125], [1.0, 1.80078125], [1.0, 1.802734375], [1.0, 1.8046875], [1.0, 1.806640625], [1.0, 1.80859375], [1.0, 1.810546875], [1.0, 1.8125], [1.0, 1.814453125], [1.0, 1.81640625], [1.0, 1.818359375], [1.0, 1.8203125], [1.0, 1.822265625], [1.0, 1.82421875], [1.0, 1.826171875], [1.0, 1.828125], [1.0, 1.830078125], [1.0, 1.83203125], [1.0, 1.833984375], [1.0, 1.8359375], [1.0, 1.837890625], [1.0, 1.83984375], [1.0, 1.841796875], [1.0, 1.84375], [1.0, 1.845703125], [1.0, 1.84765625], [1.0, 1.849609375], [1.0, 1.8515625], [1.0, 1.853515625], [1.0, 1.85546875], [1.0, 1.857421875], [1.0, 1.859375], [1.0, 1.861328125], [1.0, 1.86328125], [1.0, 1.865234375], [1.0, 1.8671875], [1.0, 1.869140625], [1.0, 1.87109375], [1.0, 1.873046875], [1.0, 1.875], [1.0, 1.876953125], [1.0, 1.87890625], [1.0, 1.880859375], [1.0, 1.8828125], [1.0, 1.884765625], [1.0, 1.88671875], [1.0, 1.888671875], [1.0, 1.890625], [1.0, 1.892578125], [1.0, 1.89453125], [1.0, 1.896484375], [1.0, 1.8984375], [1.0, 1.900390625], [1.0, 1.90234375], [1.0, 1.904296875], [1.0, 1.90625], [1.0, 1.908203125], [1.0, 1.91015625], [1.0, 1.912109375], [1.0, 1.9140625], [1.0, 1.916015625], [1.0, 1.91796875], [1.0, 1.919921875], [1.0, 1.921875], [1.0, 1.923828125], [1.0, 1.92578125], [1.0, 1.927734375], [1.0, 1.9296875], [1.0, 1.931640625], [1.0, 1.93359375], [1.0, 1.935546875], [1.0, 1.9375], [1.0, 1.939453125], [1.0, 1.94140625], [1.0, 1.943359375], [1.0, 1.9453125], [1.0, 1.947265625], [1.0, 1.94921875], [1.0, 1.951171875], [1.0, 1.953125], [1.0, 1.955078125], [1.0, 1.95703125], [1.0, 1.958984375], [1.0, 1.9609375], [1.0, 1.962890625], [1.0, 1.96484375], [1.0, 1.966796875], [1.0, 1.96875], [1.0, 1.970703125], [1.0, 1.97265625], [1.0, 1.974609375], [1.0, 1.9765625], [1.0, 1.978515625], [1.0, 1.98046875], [1.0, 1.982421875], [1.0, 1.984375], [1.0, 1.986328125], [1.0, 1.98828125], [1.0, 1.990234375], [1.0, 1.9921875], [1.0, 1.994140625], [1.0, 1.99609375], [1.0, 1.998046875], [1.0, 2.0], [0.998046875, 2.0], [0.99609375, 2.0], [0.994140625, 2.0], [0.9921875, 2.0], [0.990234375, 2.0], [0.98828125, 2.0], [0.986328125, 2.0], [0.984375, 2.0], [0.982421875, 2.0], [0.98046875, 2.0], [0.978515625, 2.0], [0.9765625, 2.0], [0.974609375, 2.0], [0.97265625, 2.0], [0.970703125, 2.0], [0.96875, 2.0], [0.966796875, 2.0], [0.96484375, 2.0], [0.962890625, 2.0], [0.9609375, 2.0], [0.958984375, 2.0], [0.95703125, 2.0], [0.955078125, 2.0], [0.953125, 2.0], [0.951171875, 2.0], [0.94921875, 2.0], [0.947265625, 2.0], [0.9453125, 2.0], [0.943359375, 2.0], [0.94140625, 2.0], [0.939453125, 2.0], [0.9375, 2.0], [0.935546875, 2.0], [0.93359375, 2.0], [0.931640625, 2.0], [0.9296875, 2.0], [0.927734375, 2.0], [0.92578125, 2.0], [0.923828125, 2.0], [0.921875, 2.0], [0.919921875, 2.0], [0.91796875, 2.0], [0.916015625, 2.0], [0.9140625, 2.0], [0.912109375, 2.0], [0.91015625, 2.0], [0.908203125, 2.0], [0.90625, 2.0], [0.904296875, 2.0], [0.90234375, 2.0], [0.900390625, 2.0], [0.8984375, 2.0], [0.896484375, 2.0], [0.89453125, 2.0], [0.892578125, 2.0], [0.890625, 2.0], [0.888671875, 2.0], [0.88671875, 2.0], [0.884765625, 2.0], [0.8828125, 2.0], [0.880859375, 2.0], [0.87890625, 2.0], [0.876953125, 2.0], [0.875, 2.0], [0.873046875, 2.0], [0.87109375, 2.0], [0.869140625, 2.0], [0.8671875, 2.0], [0.865234375, 2.0], [0.86328125, 2.0], [0.861328125, 2.0], [0.859375, 2.0], [0.857421875, 2.0], [0.85546875, 2.0], [0.853515625, 2.0], [0.8515625, 2.0], [0.849609375, 2.0], [0.84765625, 2.0], [0.845703125, 2.0], [0.84375, 2.0], [0.841796875, 2.0], [0.83984375, 2.0], [0.837890625, 2.0], [0.8359375, 2.0], [0.833984375, 2.0], [0.83203125, 2.0], [0.830078125, 2.0], [0.828125, 2.0], [0.826171875, 2.0], [0.82421875, 2.0], [0.822265625, 2.0], [0.8203125, 2.0], [0.818359375, 2.0], [0.81640625, 2.0], [0.814453125, 2.0], [0.8125, 2.0], [0.810546875, 2.0], [0.80859375, 2.0], [0.806640625, 2.0], [0.8046875, 2.0], [0.802734375, 2.0], [0.80078125, 2.0], [0.798828125, 2.0], [0.796875, 2.0], [0.794921875, 2.0], [0.79296875, 2.0], [0.791015625, 2.0], [0.7890625, 2.0], [0.787109375, 2.0], [0.78515625, 2.0], [0.783203125, 2.0], [0.78125, 2.0], [0.779296875, 2.0], [0.77734375, 2.0], [0.775390625, 2.0], [0.7734375, 2.0], [0.771484375, 2.0], [0.76953125, 2.0], [0.767578125, 2.0], [0.765625, 2.0], [0.763671875, 2.0], [0.76171875, 2.0], [0.759765625, 2.0], [0.7578125, 2.0], [0.755859375, 2.0], [0.75390625, 2.0], [0.751953125, 2.0], [0.75, 2.0], [0.748046875, 2.0], [0.74609375, 2.0], [0.744140625, 2.0], [0.7421875, 2.0], [0.740234375, 2.0], [0.73828125, 2.0], [0.736328125, 2.0], [0.734375, 2.0], [0.732421875, 2.0], [0.73046875, 2.0], [0.728515625, 2.0], [0.7265625, 2.0], [0.724609375, 2.0], [0.72265625, 2.0], [0.720703125, 2.0], [0.71875, 2.0], [0.716796875, 2.0], [0.71484375, 2.0], [0.712890625, 2.0], [0.7109375, 2.0], [0.708984375, 2.0], [0.70703125, 2.0], [0.705078125, 2.0], [0.703125, 2.0], [0.701171875, 2.0], [0.69921875, 2.0], [0.697265625, 2.0], [0.6953125, 2.0], [0.693359375, 2.0], [0.69140625, 2.0], [0.689453125, 2.0], [0.6875, 2.0], [0.685546875, 2.0], [0.68359375, 2.0], [0.681640625, 2.0], [0.6796875, 2.0], [0.677734375, 2.0], [0.67578125, 2.0], [0.673828125, 2.0], [0.671875, 2.0], [0.669921875, 2.0], [0.66796875, 2.0], [0.666015625, 2.0], [0.6640625, 2.0], [0.662109375, 2.0], [0.66015625, 2.0], [0.658203125, 2.0], [0.65625, 2.0], [0.654296875, 2.0], [0.65234375, 2.0], [0.650390625, 2.0], [0.6484375, 2.0], [0.646484375, 2.0], [0.64453125, 2.0], [0.642578125, 2.0], [0.640625, 2.0], [0.638671875, 2.0], [0.63671875, 2.0], [0.634765625, 2.0], [0.6328125, 2.0], [0.630859375, 2.0], [0.62890625, 2.0], [0.626953125, 2.0], [0.625, 2.0], [0.623046875, 2.0], [0.62109375, 2.0], [0.619140625, 2.0], [0.6171875, 2.0], [0.615234375, 2.0], [0.61328125, 2.0], [0.611328125, 2.0], [0.609375, 2.0], [0.607421875, 2.0], [0.60546875, 2.0], [0.603515625, 2.0], [0.6015625, 2.0], [0.599609375, 2.0], [0.59765625, 2.0], [0.595703125, 2.0], [0.59375, 2.0], [0.591796875, 2.0], [0.58984375, 2.0], [0.587890625, 2.0], [0.5859375, 2.0], [0.583984375, 2.0], [0.58203125, 2.0], [0.580078125, 2.0], [0.578125, 2.0], [0.576171875, 2.0], [0.57421875, 2.0], [0.572265625, 2.0], [0.5703125, 2.0], [0.568359375, 2.0], [0.56640625, 2.0], [0.564453125, 2.0], [0.5625, 2.0], [0.560546875, 2.0], [0.55859375, 2.0], [0.556640625, 2.0], [0.5546875, 2.0], [0.552734375, 2.0], [0.55078125, 2.0], [0.548828125, 2.0], [0.546875, 2.0], [0.544921875, 2.0], [0.54296875, 2.0], [0.541015625, 2.0], [0.5390625, 2.0], [0.537109375, 2.0], [0.53515625, 2.0], [0.533203125, 2.0], [0.53125, 2.0], [0.529296875, 2.0], [0.52734375, 2.0], [0.525390625, 2.0], [0.5234375, 2.0], [0.521484375, 2.0], [0.51953125, 2.0], [0.517578125, 2.0], [0.515625, 2.0], [0.513671875, 2.0], [0.51171875, 2.0], [0.509765625, 2.0], [0.5078125, 2.0], [0.505859375, 2.0], [0.50390625, 2.0], [0.501953125, 2.0], [0.5, 2.0], [0.498046875, 2.0], [0.49609375, 2.0], [0.494140625, 2.0], [0.4921875, 2.0], [0.490234375, 2.0], [0.48828125, 2.0], [0.486328125, 2.0], [0.484375, 2.0], [0.482421875, 2.0], [0.48046875, 2.0], [0.478515625, 2.0], [0.4765625, 2.0], [0.474609375, 2.0], [0.47265625, 2.0], [0.470703125, 2.0], [0.46875, 2.0], [0.466796875, 2.0], [0.46484375, 2.0], [0.462890625, 2.0], [0.4609375, 2.0], [0.458984375, 2.0], [0.45703125, 2.0], [0.455078125, 2.0], [0.453125, 2.0], [0.451171875, 2.0], [0.44921875, 2.0], [0.447265625, 2.0], [0.4453125, 2.0], [0.443359375, 2.0], [0.44140625, 2.0], [0.439453125, 2.0], [0.4375, 2.0], [0.435546875, 2.0], [0.43359375, 2.0], [0.431640625, 2.0], [0.4296875, 2.0], [0.427734375, 2.0], [0.42578125, 2.0], [0.423828125, 2.0], [0.421875, 2.0], [0.419921875, 2.0], [0.41796875, 2.0], [0.416015625, 2.0], [0.4140625, 2.0], [0.412109375, 2.0], [0.41015625, 2.0], [0.408203125, 2.0], [0.40625, 2.0], [0.404296875, 2.0], [0.40234375, 2.0], [0.400390625, 2.0], [0.3984375, 2.0], [0.396484375, 2.0], [0.39453125, 2.0], [0.392578125, 2.0], [0.390625, 2.0], [0.388671875, 2.0], [0.38671875, 2.0], [0.384765625, 2.0], [0.3828125, 2.0], [0.380859375, 2.0], [0.37890625, 2.0], [0.376953125, 2.0], [0.375, 2.0], [0.373046875, 2.0], [0.37109375, 2.0], [0.369140625, 2.0], [0.3671875, 2.0], [0.365234375, 2.0], [0.36328125, 2.0], [0.361328125, 2.0], [0.359375, 2.0], [0.357421875, 2.0], [0.35546875, 2.0], [0.353515625, 2.0], [0.3515625, 2.0], [0.349609375, 2.0], [0.34765625, 2.0], [0.345703125, 2.0], [0.34375, 2.0], [0.341796875, 2.0], [0.33984375, 2.0], [0.337890625, 2.0], [0.3359375, 2.0], [0.333984375, 2.0], [0.33203125, 2.0], [0.330078125, 2.0], [0.328125, 2.0], [0.326171875, 2.0], [0.32421875, 2.0], [0.322265625, 2.0], [0.3203125, 2.0], [0.318359375, 2.0], [0.31640625, 2.0], [0.314453125, 2.0], [0.3125, 2.0], [0.310546875, 2.0], [0.30859375, 2.0], [0.306640625, 2.0], [0.3046875, 2.0], [0.302734375, 2.0], [0.30078125, 2.0], [0.298828125, 2.0], [0.296875, 2.0], [0.294921875, 2.0], [0.29296875, 2.0], [0.291015625, 2.0], [0.2890625, 2.0], [0.287109375, 2.0], [0.28515625, 2.0], [0.283203125, 2.0], [0.28125, 2.0], [0.279296875, 2.0], [0.27734375, 2.0], [0.275390625, 2.0], [0.2734375, 2.0], [0.271484375, 2.0], [0.26953125, 2.0], [0.267578125, 2.0], [0.265625, 2.0], [0.263671875, 2.0], [0.26171875, 2.0], [0.259765625, 2.0], [0.2578125, 2.0], [0.255859375, 2.0], [0.25390625, 2.0], [0.251953125, 2.0], [0.25, 2.0], [0.248046875, 2.0], [0.24609375, 2.0], [0.244140625, 2.0], [0.2421875, 2.0], [0.240234375, 2.0], [0.23828125, 2.0], [0.236328125, 2.0], [0.234375, 2.0], [0.232421875, 2.0], [0.23046875, 2.0], [0.228515625, 2.0], [0.2265625, 2.0], [0.224609375, 2.0], [0.22265625, 2.0], [0.220703125, 2.0], [0.21875, 2.0], [0.216796875, 2.0], [0.21484375, 2.0], [0.212890625, 2.0], [0.2109375, 2.0], [0.208984375, 2.0], [0.20703125, 2.0], [0.205078125, 2.0], [0.203125, 2.0], [0.201171875, 2.0], [0.19921875, 2.0], [0.197265625, 2.0], [0.1953125, 2.0], [0.193359375, 2.0], [0.19140625, 2.0], [0.189453125, 2.0], [0.1875, 2.0], [0.185546875, 2.0], [0.18359375, 2.0], [0.181640625, 2.0], [0.1796875, 2.0], [0.177734375, 2.0], [0.17578125, 2.0], [0.173828125, 2.0], [0.171875, 2.0], [0.169921875, 2.0], [0.16796875, 2.0], [0.166015625, 2.0], [0.1640625, 2.0], [0.162109375, 2.0], [0.16015625, 2.0], [0.158203125, 2.0], [0.15625, 2.0], [0.154296875, 2.0], [0.15234375, 2.0], [0.150390625, 2.0], [0.1484375, 2.0], [0.146484375, 2.0], [0.14453125, 2.0], [0.142578125, 2.0], [0.140625, 2.0], [0.138671875, 2.0], [0.13671875, 2.0], [0.134765625, 2.0], [0.1328125, 2.0], [0.130859375, 2.0], [0.12890625, 2.0], [0.126953125, 2.0], [0.125, 2.0], [0.123046875, 2.0], [0.12109375, 2.0], [0.119140625, 2.0], [0.1171875, 2.0], [0.115234375, 2.0], [0.11328125, 2.0], [0.111328125, 2.0], [0.109375, 2.0], [0.107421875, 2.0], [0.10546875, 2.0], [0.103515625, 2.0], [0.1015625, 2.0], [0.099609375, 2.0], [0.09765625, 2.0], [0.095703125, 2.0], [0.09375, 2.0], [0.091796875, 2.0], [0.08984375, 2.0], [0.087890625, 2.0], [0.0859375, 2.0], [0.083984375, 2.0], [0.08203125, 2.0], [0.080078125, 2.0], [0.078125, 2.0], [0.076171875, 2.0], [0.07421875, 2.0], [0.072265625, 2.0], [0.0703125, 2.0], [0.068359375, 2.0], [0.06640625, 2.0], [0.064453125, 2.0], [0.0625, 2.0], [0.060546875, 2.0], [0.05859375, 2.0], [0.056640625, 2.0], [0.0546875, 2.0], [0.052734375, 2.0], [0.05078125, 2.0], [0.048828125, 2.0], [0.046875, 2.0], [0.044921875, 2.0], [0.04296875, 2.0], [0.041015625, 2.0], [0.0390625, 2.0], [0.037109375, 2.0], [0.03515625, 2.0], [0.033203125, 2.0], [0.03125, 2.0], [0.029296875, 2.0], [0.02734375, 2.0], [0.025390625, 2.0], [0.0234375, 2.0], [0.021484375, 2.0], [0.01953125, 2.0], [0.017578125, 2.0], [0.015625, 2.0], [0.013671875, 2.0], [0.01171875, 2.0], [0.009765625, 2.0], [0.0078125, 2.0], [0.005859375, 2.0], [0.00390625, 2.0], [0.001953125, 2.0], [0.0, 2.0], [0.0, 1.998046875], [0.0, 1.99609375], [0.0, 1.994140625], [0.0, 1.9921875], [0.0, 1.990234375], [0.0, 1.98828125], [0.0, 1.986328125], [0.0, 1.984375], [0.0, 1.982421875], [0.0, 1.98046875], [0.0, 1.978515625], [0.0, 1.9765625], [0.0, 1.974609375], [0.0, 1.97265625], [0.0, 1.970703125], [0.0, 1.96875], [0.0, 1.966796875], [0.0, 1.96484375], [0.0, 1.962890625], [0.0, 1.9609375], [0.0, 1.958984375], [0.0, 1.95703125], [0.0, 1.955078125], [0.0, 1.953125], [0.0, 1.951171875], [0.0, 1.94921875], [0.0, 1.947265625], [0.0, 1.9453125], [0.0, 1.943359375], [0.0, 1.94140625], [0.0, 1.939453125], [0.0, 1.9375], [0.0, 1.935546875], [0.0, 1.93359375], [0.0, 1.931640625], [0.0, 1.9296875], [0.0, 1.927734375], [0.0, 1.92578125], [0.0, 1.923828125], [0.0, 1.921875], [0.0, 1.919921875], [0.0, 1.91796875], [0.0, 1.916015625], [0.0, 1.9140625], [0.0, 1.912109375], [0.0, 1.91015625], [0.0, 1.908203125], [0.0, 1.90625], [0.0, 1.904296875], [0.0, 1.90234375], [0.0, 1.900390625], [0.0, 1.8984375], [0.0, 1.896484375], [0.0, 1.89453125], [0.0, 1.892578125], [0.0, 1.890625], [0.0, 1.888671875], [0.0, 1.88671875], [0.0, 1.884765625], [0.0, 1.8828125], [0.0, 1.880859375], [0.0, 1.87890625], [0.0, 1.876953125], [0.0, 1.875], [0.0, 1.873046875], [0.0, 1.87109375], [0.0, 1.869140625], [0.0, 1.8671875], [0.0, 1.865234375], [0.0, 1.86328125], [0.0, 1.861328125], [0.0, 1.859375], [0.0, 1.857421875], [0.0, 1.85546875], [0.0, 1.853515625], [0.0, 1.8515625], [0.0, 1.849609375], [0.0, 1.84765625], [0.0, 1.845703125], [0.0, 1.84375], [0.0, 1.841796875], [0.0, 1.83984375], [0.0, 1.837890625], [0.0, 1.8359375], [0.0, 1.833984375], [0.0, 1.83203125], [0.0, 1.830078125], [0.0, 1.828125], [0.0, 1.826171875], [0.0, 1.82421875], [0.0, 1.822265625], [0.0, 1.8203125], [0.0, 1.818359375], [0.0, 1.81640625], [0.0, 1.814453125], [0.0, 1.8125], [0.0, 1.810546875], [0.0, 1.80859375], [0.0, 1.806640625], [0.0, 1.8046875], [0.0, 1.802734375], [0.0, 1.80078125], [0.0, 1.798828125], [0.0, 1.796875], [0.0, 1.794921875], [0.0, 1.79296875], [0.0, 1.791015625], [0.0, 1.7890625], [0.0, 1.787109375], [0.0, 1.78515625], [0.0, 1.783203125], [0.0, 1.78125], [0.0, 1.779296875], [0.0, 1.77734375], [0.0, 1.775390625], [0.0, 1.7734375], [0.0, 1.771484375], [0.0, 1.76953125], [0.0, 1.767578125], [0.0, 1.765625], [0.0, 1.763671875], [0.0, 1.76171875], [0.0, 1.759765625], [0.0, 1.7578125], [0.0, 1.755859375], [0.0, 1.75390625], [0.0, 1.751953125], [0.0, 1.75], [0.0, 1.748046875], [0.0, 1.74609375], [0.0, 1.744140625], [0.0, 1.7421875], [0.0, 1.740234375], [0.0, 1.73828125], [0.0, 1.736328125], [0.0, 1.734375], [0.0, 1.732421875], [0.0, 1.73046875], [0.0, 1.728515625], [0.0, 1.7265625], [0.0, 1.724609375], [0.0, 1.72265625], [0.0, 1.720703125], [0.0, 1.71875], [0.0, 1.716796875], [0.0, 1.71484375], [0.0, 1.712890625], [0.0, 1.7109375], [0.0, 1.708984375], [0.0, 1.70703125], [0.0, 1.705078125], [0.0, 1.703125], [0.0, 1.701171875], [0.0, 1.69921875], [0.0, 1.697265625], [0.0, 1.6953125], [0.0, 1.693359375], [0.0, 1.69140625], [0.0, 1.689453125], [0.0, 1.6875], [0.0, 1.685546875], [0.0, 1.68359375], [0.0, 1.681640625], [0.0, 1.6796875], [0.0, 1.677734375], [0.0, 1.67578125], [0.0, 1.673828125], [0.0, 1.671875], [0.0, 1.669921875], [0.0, 1.66796875], [0.0, 1.666015625], [0.0, 1.6640625], [0.0, 1.662109375], [0.0, 1.66015625], [0.0, 1.658203125], [0.0, 1.65625], [0.0, 1.654296875], [0.0, 1.65234375], [0.0, 1.650390625], [0.0, 1.6484375], [0.0, 1.646484375], [0.0, 1.64453125], [0.0, 1.642578125], [0.0, 1.640625], [0.0, 1.638671875], [0.0, 1.63671875], [0.0, 1.634765625], [0.0, 1.6328125], [0.0, 1.630859375], [0.0, 1.62890625], [0.0, 1.626953125], [0.0, 1.625], [0.0, 1.623046875], [0.0, 1.62109375], [0.0, 1.619140625], [0.0, 1.6171875], [0.0, 1.615234375], [0.0, 1.61328125], [0.0, 1.611328125], [0.0, 1.609375], [0.0, 1.607421875], [0.0, 1.60546875], [0.0, 1.603515625], [0.0, 1.6015625], [0.0, 1.599609375], [0.0, 1.59765625], [0.0, 1.595703125], [0.0, 1.59375], [0.0, 1.591796875], [0.0, 1.58984375], [0.0, 1.587890625], [0.0, 1.5859375], [0.0, 1.583984375], [0.0, 1.58203125], [0.0, 1.580078125], [0.0, 1.578125], [0.0, 1.576171875], [0.0, 1.57421875], [0.0, 1.572265625], [0.0, 1.5703125], [0.0, 1.568359375], [0.0, 1.56640625], [0.0, 1.564453125], [0.0, 1.5625], [0.0, 1.560546875], [0.0, 1.55859375], [0.0, 1.556640625], [0.0, 1.5546875], [0.0, 1.552734375], [0.0, 1.55078125], [0.0, 1.548828125], [0.0, 1.546875], [0.0, 1.544921875], [0.0, 1.54296875], [0.0, 1.541015625], [0.0, 1.5390625], [0.0, 1.537109375], [0.0, 1.53515625], [0.0, 1.533203125], [0.0, 1.53125], [0.0, 1.529296875], [0.0, 1.52734375], [0.0, 1.525390625], [0.0, 1.5234375], [0.0, 1.521484375], [0.0, 1.51953125], [0.0, 1.517578125], [0.0, 1.515625], [0.0, 1.513671875], [0.0, 1.51171875], [0.0, 1.509765625], [0.0, 1.5078125], [0.0, 1.505859375], [0.0, 1.50390625], [0.0, 1.501953125], [0.0, 1.5], [0.0, 1.498046875], [0.0, 1.49609375], [0.0, 1.494140625], [0.0, 1.4921875], [0.0, 1.490234375], [0.0, 1.48828125], [0.0, 1.486328125], [0.0, 1.484375], [0.0, 1.482421875], [0.0, 1.48046875], [0.0, 1.478515625], [0.0, 1.4765625], [0.0, 1.474609375], [0.0, 1.47265625], [0.0, 1.470703125], [0.0, 1.46875], [0.0, 1.466796875], [0.0, 1.46484375], [0.0, 1.462890625], [0.0, 1.4609375], [0.0, 1.458984375], [0.0, 1.45703125], [0.0, 1.455078125], [0.0, 1.453125], [0.0, 1.451171875], [0.0, 1.44921875], [0.0, 1.447265625], [0.0, 1.4453125], [0.0, 1.443359375], [0.0, 1.44140625], [0.0, 1.439453125], [0.0, 1.4375], [0.0, 1.435546875], [0.0, 1.43359375], [0.0, 1.431640625], [0.0, 1.4296875], [0.0, 1.427734375], [0.0, 1.42578125], [0.0, 1.423828125], [0.0, 1.421875], [0.0, 1.419921875], [0.0, 1.41796875], [0.0, 1.416015625], [0.0, 1.4140625], [0.0, 1.412109375], [0.0, 1.41015625], [0.0, 1.408203125], [0.0, 1.40625], [0.0, 1.404296875], [0.0, 1.40234375], [0.0, 1.400390625], [0.0, 1.3984375], [0.0, 1.396484375], [0.0, 1.39453125], [0.0, 1.392578125], [0.0, 1.390625], [0.0, 1.388671875], [0.0, 1.38671875], [0.0, 1.384765625], [0.0, 1.3828125], [0.0, 1.380859375], [0.0, 1.37890625], [0.0, 1.376953125], [0.0, 1.375], [0.0, 1.373046875], [0.0, 1.37109375], [0.0, 1.369140625], [0.0, 1.3671875], [0.0, 1.365234375], [0.0, 1.36328125], [0.0, 1.361328125], [0.0, 1.359375], [0.0, 1.357421875], [0.0, 1.35546875], [0.0, 1.353515625], [0.0, 1.3515625], [0.0, 1.349609375], [0.0, 1.34765625], [0.0, 1.345703125], [0.0, 1.34375], [0.0, 1.341796875], [0.0, 1.33984375], [0.0, 1.337890625], [0.0, 1.3359375], [0.0, 1.333984375], [0.0, 1.33203125], [0.0, 1.330078125], [0.0, 1.328125], [0.0, 1.326171875], [0.0, 1.32421875], [0.0, 1.322265625], [0.0, 1.3203125], [0.0, 1.318359375], [0.0, 1.31640625], [0.0, 1.314453125], [0.0, 1.3125], [0.0, 1.310546875], [0.0, 1.30859375], [0.0, 1.306640625], [0.0, 1.3046875], [0.0, 1.302734375], [0.0, 1.30078125], [0.0, 1.298828125], [0.0, 1.296875], [0.0, 1.294921875], [0.0, 1.29296875], [0.0, 1.291015625], [0.0, 1.2890625], [0.0, 1.287109375], [0.0, 1.28515625], [0.0, 1.283203125], [0.0, 1.28125], [0.0, 1.279296875], [0.0, 1.27734375], [0.0, 1.275390625], [0.0, 1.2734375], [0.0, 1.271484375], [0.0, 1.26953125], [0.0, 1.267578125], [0.0, 1.265625], [0.0, 1.263671875], [0.0, 1.26171875], [0.0, 1.259765625], [0.0, 1.2578125], [0.0, 1.255859375], [0.0, 1.25390625], [0.0, 1.251953125], [0.0, 1.25], [0.0, 1.248046875], [0.0, 1.24609375], [0.0, 1.244140625], [0.0, 1.2421875], [0.0, 1.240234375], [0.0, 1.23828125], [0.0, 1.236328125], [0.0, 1.234375], [0.0, 1.232421875], [0.0, 1.23046875], [0.0, 1.228515625], [0.0, 1.2265625], [0.0, 1.224609375], [0.0, 1.22265625], [0.0, 1.220703125], [0.0, 1.21875], [0.0, 1.216796875], [0.0, 1.21484375], [0.0, 1.212890625], [0.0, 1.2109375], [0.0, 1.208984375], [0.0, 1.20703125], [0.0, 1.205078125], [0.0, 1.203125], [0.0, 1.201171875], [0.0, 1.19921875], [0.0, 1.197265625], [0.0, 1.1953125], [0.0, 1.193359375], [0.0, 1.19140625], [0.0, 1.189453125], [0.0, 1.1875], [0.0, 1.185546875], [0.0, 1.18359375], [0.0, 1.181640625], [0.0, 1.1796875], [0.0, 1.177734375], [0.0, 1.17578125], [0.0, 1.173828125], [0.0, 1.171875], [0.0, 1.169921875], [0.0, 1.16796875], [0.0, 1.166015625], [0.0, 1.1640625], [0.0, 1.162109375], [0.0, 1.16015625], [0.0, 1.158203125], [0.0, 1.15625], [0.0, 1.154296875], [0.0, 1.15234375], [0.0, 1.150390625], [0.0, 1.1484375], [0.0, 1.146484375], [0.0, 1.14453125], [0.0, 1.142578125], [0.0, 1.140625], [0.0, 1.138671875], [0.0, 1.13671875], [0.0, 1.134765625], [0.0, 1.1328125], [0.0, 1.130859375], [0.0, 1.12890625], [0.0, 1.126953125], [0.0, 1.125], [0.0, 1.123046875], [0.0, 1.12109375], [0.0, 1.119140625], [0.0, 1.1171875], [0.0, 1.115234375], [0.0, 1.11328125], [0.0, 1.111328125], [0.0, 1.109375], [0.0, 1.107421875], [0.0, 1.10546875], [0.0, 1.103515625], [0.0, 1.1015625], [0.0, 1.099609375], [0.0, 1.09765625], [0.0, 1.095703125], [0.0, 1.09375], [0.0, 1.091796875], [0.0, 1.08984375], [0.0, 1.087890625], [0.0, 1.0859375], [0.0, 1.083984375], [0.0, 1.08203125], [0.0, 1.080078125], [0.0, 1.078125], [0.0, 1.076171875], [0.0, 1.07421875], [0.0, 1.072265625], [0.0, 1.0703125], [0.0, 1.068359375], [0.0, 1.06640625], [0.0, 1.064453125], [0.0, 1.0625], [0.0, 1.060546875], [0.0, 1.05859375], [0.0, 1.056640625], [0.0, 1.0546875], [0.0, 1.052734375], [0.0, 1.05078125], [0.0, 1.048828125], [0.0, 1.046875], [0.0, 1.044921875], [0.0, 1.04296875], [0.0, 1.041015625], [0.0, 1.0390625], [0.0, 1.037109375], [0.0, 1.03515625], [0.0, 1.033203125], [0.0, 1.03125], [0.0, 1.029296875], [0.0, 1.02734375], [0.0, 1.025390625], [0.0, 1.0234375], [0.0, 1.021484375], [0.0, 1.01953125], [0.0, 1.017578125], [0.0, 1.015625], [0.0, 1.013671875], [0.0, 1.01171875], [0.0, 1.009765625], [0.0, 1.0078125], [0.0, 1.005859375], [0.0, 1.00390625], [0.0, 1.001953125], [0, 1]]]}}, {"type": "Feature", "id": "c1-1", "properties": {"id": "c1-1", "name": "cell 1,1", "value": 12.1215}, "geometry": {"type": "Polygon", "coordinates": [[[1.0, 1.0], [1.001953125, 1.0], [1.00390625, 1.0], [1.005859375, 1.0], [1.0078125, 1.0], [1.009765625, 1.0], [1.01171875, 1.0], [1.013671875, 1.0], [1.015625, 1.0], [1.017578125, 1.0], [1.01953125, 1.0], [1.021484375, 1.0], [1.0234375, 1.0], [1.025390625, 1.0], [1.02734375, 1.0], [1.029296875, 1.0], [1.03125, 1.0], [1.033203125, 1.0], [1.03515625, 1.0], [1.037109375, 1.0], [1.0390625, 1.0], [1.041015625, 1.0], [1.04296875, 1.0], [1.044921875, 1.0], [1.046875, 1.0], [1.048828125, 1.0], [1.05078125, 1.0], [1.052734375, 1.0], [1.0546875, 1.0], [1.056640625, 1.0], [1.05859375, 1.0], [1.060546875, 1.0], [1.0625, 1.0], [1.064453125, 1.0], [1.06640625, 1.0], [1.068359375, 1.0], [1.0703125, 1.0], [1.072265625, 1.0], [1.07421875, 1.0], [1.076171875, 1.0], [1.078125, 1.0], [1.080078125, 1.0], [1.08203125, 1.0], [1.083984375, 1.0], [1.0859375, 1.0], [1.087890625, 1.0], [1.08984375, 1.0], [1.091796875, 1.0], [1.09375, 1.0], [1.095703125, 1.0], [1.09765625, 1.0], [1.099609375, 1.0], [1.1015625, 1.0], [1.103515625, 1.0], [1.10546875, 1.0], [1.107421875, 1.0], [1.109375, 1.0], [1.111328125, 1.0], [1.11328125, 1.0], [1.115234375, 1.0], [1.1171875, 1.0], [1.119140625, 1.0], [1.12109375, 1.0], [1.123046875, 1.0], [1.125, 1.0], [1.126953125, 1.0], [1.12890625, 1.0], [1.130859375, 1.0], [1.1328125, 1.0], [1.134765625, 1.0], [1.13671875, 1.0], [1.138671875, 1.0], [1.140625, 1.0], [1.142578125, 1.0], [1.14453125, 1.0], [1.146484375, 1.0], [1.1484375, 1.0], [1.150390625, 1.0], [1.15234375, 1.0], [1.154296875, 1.0], [1.15625, 1.0], [1.158203125, 1.0], [1.16015625, 1.0], [1.162109375, 1.0], [1.1640625, 1.0], [1.166015625, 1.0], [1.16796875, 1.0], [1.169921875, 1.0], [1.171875, 1.0], [1.173828125, 1.0], [1.17578125, 1.0], [1.177734375, 1.0], [1.1796875, 1.0], [1.181640625, 1.0], [1.18359375, 1.0], [1.185546875, 1.0], [1.1875, 1.0], [1.189453125, 1.0], [1.19140625, 1.0], [1.193359375, 1.0], [1.1953125, 1.0], [1.197265625, 1.0], [1.19921875, 1.0], [1.201171875, 1.0], [1.203125, 1.0], [1.205078125, 1.0], [1.20703125, 1.0], [1.208984375, 1.0], [1.2109375, 1.0], [1.212890625, 1.0], [1.21484375, 1.0], [1.216796875, 1.0], [1.21875, 1.0], [1.220703125, 1.0], [1.22265625, 1.0], [1.224609375, 1.0], [1.2265625, 1.0], [1.228515625, 1.0], [1.23046875, 1.0], [1.232421875, 1.0], [1.234375, 1.0], [1.236328125, 1.0], [1.23828125, 1.0], [1.240234375, 1.0], [1.2421875, 1.0], [1.244140625, 1.0], [1.24609375, 1.0], [1.248046875, 1.0], [1.25, 1.0], [1.251953125, 1.0], [1.25390625, 1.0], [1.255859375, 1.0], [1.2578125, 1.0], [1.259765625, 1.0], [1.26171875, 1.0], [1.263671875, 1.0], [1.265625, 1.0], [1.267578125, 1.0], [1.26953125, 1.0], [1.271484375, 1.0], [1.2734375, 1.0], [1.275390625, 1.0], [1.27734375, 1.0], [1.279296875, 1.0], [1.28125, 1.0], [1.283203125, 1.0], [1.28515625, 1.0], [1.287109375, 1.0], [1.2890625, 1.0], [1.291015625, 1.0], [1.29296875, 1.0], [1.294921875, 1.0], [1.296875, 1.0], [1.298828125, 1.0], [1.30078125, 1.0], [1.302734375, 1.0], [1.3046875, 1.0], [1.306640625, 1.0], [1.30859375, 1.0], [1.310546875, 1.0], [1.3125, 1.0], [1.314453125, 1.0], [1.31640625, 1.0], [1.318359375, 1.0], [1.3203125, 1.0], [1.322265625, 1.0], [1.32421875, 1.0], [1.326171875, 1.0], [1.328125, 1.0], [1.330078125, 1.0], [1.33203125, 1.0], [1.333984375, 1.0], [1.3359375, 1.0], [1.337890625, 1.0], [1.33984375, 1.0], [1.341796875, 1.0], [1.34375, 1.0], [1.345703125, 1.0], [1.34765625, 1.0], [1.349609375, 1.0], [1.3515625, 1.0], [1.353515625, 1.0], [1.35546875, 1.0], [1.357421875, 1.0], [1.359375, 1.0], [1.361328125, 1.0], [1.36328125, 1.0], [1.365234375, 1.0], [1.3671875, 1.0], [1.369140625, 1.0], [1.37109375, 1.0], [1.373046875, 1.0], [1.375, 1.0], [1.376953125, 1.0], [1.37890625, 1.0], [1.380859375, 1.0], [1.3828125, 1.0], [1.384765625, 1.0], [1.38671875, 1.0], [1.388671875, 1.0], [1.390625, 1.0], [1.392578125, 1.0], [1.39453125, 1.0], [1.396484375, 1.0], [1.3984375, 1.0], [1.400390625, 1.0], [1.40234375, 1.0], [1.404296875, 1.0], [1.40625, 1.0], [1.408203125, 1.0], [1.41015625, 1.0], [1.412109375, 1.0], [1.4140625, 1.0], [1.416015625, 1.0], [1.41796875, 1.0], [1.419921875, 1.0], [1.421875, 1.0], [1.423828125, 1.0], [1.42578125, 1.0], [1.427734375, 1.0], [1.4296875, 1.0], [1.431640625, 1.0], [1.43359375, 1.0], [1.435546875, 1.0], [1.4375, 1.0], [1.439453125, 1.0], [1.44140625, 1.0], [1.443359375, 1.0], [1.4453125, 1.0], [1.447265625, 1.0], [1.44921875, 1.0], [1.451171875, 1.0], [1.453125, 1.0], [1.455078125, 1.0], [1.45703125, 1.0], [1.458984375, 1.0], [1.4609375, 1.0], [1.462890625, 1.0], [1.46484375, 1.0], [1.466796875, 1.0], [1.46875, 1.0], [1.470703125, 1.0], [1.47265625, 1.0], [1.474609375, 1.0], [1.4765625, 1.0], [1.478515625, 1.0], [1.48046875, 1.0], [1.482421875, 1.0], [1.484375, 1.0], [1.486328125, 1.0], [1.48828125, 1.0], [1.490234375, 1.0], [1.4921875, 1.0], [1.494140625, 1.0], [1.49609375, 1.0], [1.498046875, 1.0], [1.5, 1.0], [1.501953125, 1.0], [1.50390625, 1.0], [1.505859375, 1.0], [1.5078125, 1.0], [1.509765625, 1.0], [1.51171875, 1.0], [1.513671875, 1.0], [1.515625, 1.0], [1.517578125, 1.0], [1.51953125, 1.0], [1.521484375, 1.0], [1.5234375, 1.0], [1.525390625, 1.0], [1.52734375, 1.0], [1.529296875, 1.0], [1.53125, 1.0], [1.533203125, 1.0], [1.53515625, 1.0], [1.537109375, 1.0], [1.5390625, 1.0], [1.541015625, 1.0], [1.54296875, 1.0], [1.544921875, 1.0], [1.546875, 1.0], [1.548828125, 1.0], [1.55078125, 1.0], [1.552734375, 1.0], [1.5546875, 1.0], [1.556640625, 1.0], [1.55859375, 1.0], [1.560546875, 1.0], [1.5625, 1.0], [1.564453125, 1.0], [1.56640625, 1.0], [1.568359375, 1.0], [1.5703125, 1.0], [1.572265625, 1.0], [1.57421875, 1.0], [1.576171875, 1.0], [1.578125, 1.0], [1.580078125, 1.0], [1.58203125, 1.0], [1.583984375, 1.0], [1.5859375, 1.0], [1.587890625, 1.0], [1.58984375, 1.0], [1.591796875, 1.0], [1.59375, 1.0], [1.595703125, 1.0], [1.59765625, 1.0], [1.599609375, 1.0], [1.6015625, 1.0], [1.603515625, 1.0], [1.60546875, 1.0], [1.607421875, 1.0], [1.609375, 1.0], [1.611328125, 1.0], [1.61328125, 1.0], [1.615234375, 1.0], [1.6171875, 1.0], [1.619140625, 1.0], [1.62109375, 1.0], [1.623046875, 1.0], [1.625, 1.0], [1.626953125, 1.0], [1.62890625, 1.0], [1.630859375, 1.0], [1.6328125, 1.0], [1.634765625, 1.0], [1.63671875, 1.0], [1.638671875, 1.0], [1.640625, 1.0], [1.642578125, 1.0], [1.64453125, 1.0], [1.646484375, 1.0], [1.6484375, 1.0], [1.650390625, 1.0], [1.65234375, 1.0], [1.654296875, 1.0], [1.65625, 1.0], [1.658203125, 1.0], [1.66015625, 1.0], [1.662109375, 1.0], [1.6640625, 1.0], [1.666015625, 1.0], [1.66796875, 1.0], [1.669921875, 1.0], [1.671875, 1.0], [1.673828125, 1.0], [1.67578125, 1.0], [1.677734375, 1.0], [1.6796875, 1.0], [1.681640625, 1.0], [1.68359375, 1.0], [1.685546875, 1.0], [1.6875, 1.0], [1.689453125, 1.0], [1.69140625, 1.0], [1.693359375, 1.0], [1.6953125, 1.0], [1.697265625, 1.0], [1.69921875, 1.0], [1.701171875, 1.0], [1.703125, 1.0], [1.705078125, 1.0], [1.70703125, 1.0], [1.708984375, 1.0], [1.7109375, 1.0], [1.712890625, 1.0], [1.71484375, 1.0], [1.716796875, 1.0], [1.71875, 1.0], [1.720703125, 1.0], [1.72265625, 1.0], [1.724609375, 1.0], [1.7265625, 1.0], [1.728515625, 1.0], [1.73046875, 1.0], [1.732421875, 1.0], [1.734375, 1.0], [1.736328125, 1.0], [1.73828125, 1.0], [1.740234375, 1.0], [1.7421875, 1.0], [1.744140625, 1.0], [1.74609375, 1.0], [1.748046875, 1.0], [1.75, 1.0], [1.751953125, 1.0], [1.75390625, 1.0], [1.755859375, 1.0], [1.7578125, 1.0], [1.759765625, 1.0], [1.76171875, 1.0], [1.763671875, 1.0], [1.765625, 1.0], [1.767578125, 1.0], [1.76953125, 1.0], [1.771484375, 1.0], [1.7734375, 1.0], [1.775390625, 1.0], [1.77734375, 1.0], [1.779296875, 1.0], [1.78125, 1.0], [1.783203125, 1.0], [1.78515625, 1.0], [1.787109375, 1.0], [1.7890625, 1.0], [1.791015625, 1.0], [1.79296875, 1.0], [1.794921875, 1.0], [1.796875, 1.0], [1.798828125, 1.0], [1.80078125, 1.0], [1.802734375, 1.0], [1.8046875, 1.0], [1.806640625, 1.0], [1.80859375, 1.0], [1.810546875, 1.0], [1.8125, 1.0], [1.814453125, 1.0], [1.81640625, 1.0], [1.818359375, 1.0], [1.8203125, 1.0], [1.822265625, 1.0], [1.82421875, 1.0], [1.826171875, 1.0], [1.828125, 1.0], [1.830078125, 1.0], [1.83203125, 1.0], [1.833984375, 1.0], [1.8359375, 1.0], [1.837890625, 1.0], [1.83984375, 1.0], [1.841796875, 1.0], [1.84375, 1.0], [1.845703125, 1.0], [1.84765625, 1.0], [1.849609375, 1.0], [1.8515625, 1.0], [1.853515625, 1.0], [1.85546875, 1.0], [1.857421875, 1.0], [1.859375, 1.0], [1.861328125, 1.0], [1.86328125, 1.0], [1.865234375, 1.0], [1.8671875, 1.0], [1.869140625, 1.0], [1.87109375, 1.0], [1.873046875, 1.0], [1.875, 1.0], [1.876953125, 1.0], [1.87890625, 1.0], [1.880859375, 1.0], [1.8828125, 1.0], [1.884765625, 1.0], [1.88671875, 1.0], [1.888671875, 1.0], [1.890625, 1.0], [1.892578125, 1.0], [1.89453125, 1.0], [1.896484375, 1.0], [1.8984375, 1.0], [1.900390625, 1.0], [1.90234375, 1.0], [1.904296875, 1.0], [1.90625, 1.0], [1.908203125, 1.0], [1.91015625, 1.0], [1.912109375, 1.0], [1.9140625, 1.0], [1.916015625, 1.0], [1.91796875, 1.0], [1.919921875, 1.0], [1.921875, 1.0], [1.923828125, 1.0], [1.92578125, 1.0], [1.927734375, 1.0], [1.9296875, 1.0], [1.931640625, 1.0], [1.93359375, 1.0], [1.935546875, 1.0], [1.9375, 1.0], [1.939453125, 1.0], [1.94140625, 1.0], [1.943359375, 1.0], [1.9453125, 1.0], [1.947265625, 1.0], [1.94921875, 1.0], [1.951171875, 1.0], [1.953125, 1.0], [1.955078125, 1.0], [1.95703125, 1.0], [1.958984375, 1.0], [1.9609375, 1.0], [1.962890625, 1.0], [1.96484375, 1.0], [1.966796875, 1.0], [1.96875, 1.0], [1.970703125, 1.0], [1.97265625, 1.0], [1.974609375, 1.0], [1.9765625, 1.0], [1.978515625, 1.0], [1.98046875, 1.0], [1.982421875, 1.0], [1.984375, 1.0], [1.986328125, 1.0], [1.98828125, 1.0], [1.990234375, 1.0], [1.9921875, 1.0], [1.994140625, 1.0], [1.99609375, 1.0], [1.998046875, 1.0], [2.0, 1.0], [2.0, 1.001953125], [2.0, 1.00390625], [2.0, 1.005859375], [2.0, 1.0078125], [2.0, 1.009765625], [2.0, 1.01171875], [2.0, 1.013671875], [2.0, 1.015625], [2.0, 1.017578125], [2.0, 1.01953125], [2.0, 1.021484375], [2.0, 1.0234375], [2.0, 1.025390625], [2.0, 1.02734375], [2.0, 1.029296875], [2.0, 1.03125], [2.0, 1.033203125], [2.0, 1.03515625], [2.0, 1.037109375], [2.0, 1.0390625], [2.0, 1.041015625], [2.0, 1.04296875], [2.0, 1.044921875], [2.0, 1.046875], [2.0, 1.048828125], [2.0, 1.05078125], [2.0, 1.052734375], [2.0, 1.0546875], [2.0, 1.056640625], [2.0, 1.05859375], [2.0, 1.060546875], [2.0, 1.0625], [2.0, 1.064453125], [2.0, 1.06640625], [2.0, 1.068359375], [2.0, 1.0703125], [2.0, 1.072265625], [2.0, 1.07421875], [2.0, 1.076171875], [2.0, 1.078125], [2.0, 1.080078125], [2.0, 1.08203125], [2.0, 1.083984375], [2.0, 1.0859375], [2.0, 1.087890625], [2.0, 1.08984375], [2.0, 1.091796875], [2.0, 1.09375], [2.0, 1.095703125], [2.0, 1.09765625], [2.0, 1.099609375], [2.0, 1.1015625], [2.0, 1.103515625], [2.0, 1.10546875], [2.0, 1.107421875], [2.0, 1.109375], [2.0, 1.111328125], [2.0, 1.11328125], [2.0, 1.115234375], [2.0, 1.1171875], [2.0, 1.119140625], [2.0, 1.12109375], [2.0, 1.123046875], [2.0, 1.125], [2.0, 1.126953125], [2.0, 1.12890625], [2.0, 1.130859375], [2.0, 1.1328125], [2.0, 1.134765625], [2.0, 1.13671875], [2.0, 1.138671875], [2.0, 1.140625], [2.0, 1.142578125], [2.0, 1.14453125], [2.0, 1.146484375], [2.0, 1.1484375], [2.0, 1.150390625], [2.0, 1.15234375], [2.0, 1.154296875], [2.0, 1.15625], [2.0, 1.158203125], [2.0, 1.16015625], [2.0, 1.162109375], [2.0, 1.1640625], [2.0, 1.166015625], [2.0, 1.16796875], [2.0, 1.169921875], [2.0, 1.171875], [2.0, 1.173828125], [2.0, 1.17578125], [2.0, 1.177734375], [2.0, 1.1796875], [2.0, 1.181640625], [2.0, 1.18359375], [2.0, 1.185546875], [2.0, 1.1875], [2.0, 1.189453125], [2.0, 1.19140625], [2.0, 1.193359375], [2.0, 1.1953125], [2.0, 1.197265625], [2.0, 1.19921875], [2.0, 1.201171875], [2.0, 1.203125], [2.0, 1.205078125], [2.0, 1.20703125], [2.0, 1.208984375], [2.0, 1.2109375], [2.0, 1.212890625], [2.0, 1.21484375], [2.0, 1.216796875], [2.0, 1.21875], [2.0, 1.220703125], [2.0, 1.22265625], [2.0, 1.224609375], [2.0, 1.2265625], [2.0, 1.228515625], [2.0, 1.23046875], [2.0, 1.232421875], [2.0, 1.234375], [2.0, 1.236328125], [2.0, 1.23828125], [2.0, 1.240234375], [2.0, 1.2421875], [2.0, 1.244140625], [2.0, 1.24609375], [2.0, 1.248046875], [2.0, 1.25], [2.0, 1.251953125], [2.0, 1.25390625], [2.0, 1.255859375], [2.0, 1.2578125], [2.0, 1.259765625], [2.0, 1.26171875], [2.0, 1.263671875], [2.0, 1.265625], [2.0, 1.267578125], [2.0, 1.26953125], [2.0, 1.271484375], [2.0, 1.2734375], [2.0, 1.275390625], [2.0, 1.27734375], [2.0, 1.279296875], [2.0, 1.28125], [2.0, 1.283203125], [2.0, 1.28515625], [2.0, 1.287109375], [2.0, 1.2890625], [2.0, 1.291015625], [2.0, 1.29296875], [2.0, 1.294921875], [2.0, 1.296875], [2.0, 1.298828125], [2.0, 1.30078125], [2.0, 1.302734375], [2.0, 1.3046875], [2.0, 1.306640625], [2.0, 1.30859375], [2.0, 1.310546875], [2.0, 1.3125], [2.0, 1.314453125], [2.0, 1.31640625], [2.0, 1.318359375], [2.0, 1.3203125], [2.0, 1.322265625], [2.0, 1.32421875], [2.0, 1.326171875], [2.0, 1.328125], [2.0, 1.330078125], [2.0, 1.33203125], [2.0, 1.333984375], [2.0, 1.3359375], [2.0, 1.337890625], [2.0, 1.33984375], [2.0, 1.341796875], [2.0, 1.34375], [2.0, 1.345703125], [2.0, 1.34765625], [2.0, 1.349609375], [2.0, 1.3515625], [2.0, 1.353515625], [2.0, 1.35546875], [2.0, 1.357421875], [2.0, 1.359375], [2.0, 1.361328125], [2.0, 1.36328125], [2.0, 1.365234375], [2.0, 1.3671875], [2.0, 1.369140625], [2.0, 1.37109375], [2.0, 1.373046875], [2.0, 1.375], [2.0, 1.376953125], [2.0, 1.37890625], [2.0, 1.380859375], [2.0, 1.3828125], [2.0, 1.384765625], [2.0, 1.38671875], [2.0, 1.388671875], [2.0, 1.390625], [2.0, 1.392578125], [2.0, 1.39453125], [2.0, 1.396484375], [2.0, 1.3984375], [2.0, 1.400390625], [2.0, 1.40234375], [2.0, 1.404296875], [2.0, 1.40625], [2.0, 1.408203125], [2.0, 1.41015625], [2.0, 1.412109375], [2.0, 1.4140625], [2.0, 1.416015625], [2.0, 1.41796875], [2.0, 1.419921875], [2.0, 1.421875], [2.0, 1.423828125], [2.0, 1.42578125], [2.0, 1.427734375], [2.0, 1.4296875], [2.0, 1.431640625], [2.0, 1.43359375], [2.0, 1.435546875], [2.0, 1.4375], [2.0, 1.439453125], [2.0, 1.44140625], [2.0, 1.443359375], [2.0, 1.4453125], [2.0, 1.447265625], [2.0, 1.44921875], [2.0, 1.451171875], [2.0, 1.453125], [2.0, 1.455078125], [2.0, 1.45703125], [2.0, 1.458984375], [2.0, 1.4609375], [2.0, 1.462890625], [2.0, 1.46484375], [2.0, 1.466796875], [2.0, 1.46875], [2.0, 1.470703125], [2.0, 1.47265625], [2.0, 1.474609375], [2.0, 1.4765625], [2.0, 1.478515625], [2.0, 1.48046875], [2.0, 1.482421875], [2.0, 1.484375], [2.0, 1.486328125], [2.0, 1.48828125], [2.0, 1.490234375], [2.0, 1.4921875], [2.0, 1.494140625], [2.0, 1.49609375], [2.0, 1.498046875], [2.0, 1.5], [2.0, 1.501953125], [2.0, 1.50390625], [2.0, 1.505859375], [2.0, 1.5078125], [2.0, 1.509765625], [2.0, 1.51171875], [2.0, 1.513671875], [2.0, 1.515625], [2.0, 1.517578125], [2.0, 1.51953125], [2.0, 1.521484375], [2.0, 1.5234375], [2.0, 1.525390625], [2.0, 1.52734375], [2.0, 1.529296875], [2.0, 1.53125], [2.0, 1.533203125], [2.0, 1.53515625], [2.0, 1.537109375], [2.0, 1.5390625], [2.0, 1.541015625], [2.0, 1.54296875], [2.0, 1.544921875], [2.0, 1.546875], [2.0, 1.548828125], [2.0, 1.55078125], [2.0, 1.552734375], [2.0, 1.5546875], [2.0, 1.556640625], [2.0, 1.55859375], [2.0, 1.560546875], [2.0, 1.5625], [2.0, 1.564453125], [2.0, 1.56640625], [2.0, 1.568359375], [2.0, 1.5703125], [2.0, 1.572265625], [2.0, 1.57421875], [2.0, 1.576171875], [2.0, 1.578125], [2.0, 1.580078125], [2.0, 1.58203125], [2.0, 1.583984375], [2.0, 1.5859375], [2.0, 1.587890625], [2.0, 1.58984375], [2.0, 1.591796875], [2.0, 1.59375], [2.0, 1.595703125], [2.0, 1.59765625], [2.0, 1.599609375], [2.0, 1.6015625], [2.0, 1.603515625], [2.0, 1.60546875], [2.0, 1.607421875], [2.0, 1.609375], [2.0, 1.611328125], [2.0, 1.61328125], [2.0, 1.615234375], [2.0, 1.6171875], [2.0, 1.619140625], [2.0, 1.62109375], [2.0, 1.623046875], [2.0, 1.625], [2.0, 1.626953125], [2.0, 1.62890625], [2.0, 1.630859375], [2.0, 1.6328125], [2.0, 1.634765625], [2.0, 1.63671875], [2.0, 1.638671875], [2.0, 1.640625], [2.0, 1.642578125], [2.0, 1.64453125], [2.0, 1.646484375], [2.0, 1.6484375], [2.0, 1.650390625], [2.0, 1.65234375], [2.0, 1.654296875], [2.0, 1.65625], [2.0, 1.658203125], [2.0, 1.66015625], [2.0, 1.662109375], [2.0, 1.6640625], [2.0, 1.666015625], [2.0, 1.66796875], [2.0, 1.669921875], [2.0, 1.671875], [2.0, 1.673828125], [2.0, 1.67578125], [2.0, 1.677734375], [2.0, 1.6796875], [2.0, 1.681640625], [2.0, 1.68359375], [2.0, 1.685546875], [2.0, 1.6875], [2.0, 1.689453125], [2.0, 1.69140625], [2.0, 1.693359375], [2.0, 1.6953125], [2.0, 1.697265625], [2.0, 1.69921875], [2.0, 1.701171875], [2.0, 1.703125], [2.0, 1.705078125], [2.0, 1.70703125], [2.0, 1.708984375], [2.0, 1.7109375], [2.0, 1.712890625], [2.0, 1.71484375], [2.0, 1.716796875], [2.0, 1.71875], [2.0, 1.720703125], [2.0, 1.72265625], [2.0, 1.724609375], [2.0, 1.7265625], [2.0, 1.728515625], [2.0, 1.73046875], [2.0, 1.732421875], [2.0, 1.734375], [2.0, 1.736328125], [2.0, 1.73828125], [2.0, 1.740234375], [2.0, 1.7421875], [2.0, 1.744140625], [2.0, 1.74609375], [2.0, 1.748046875], [2.0, 1.75], [2.0, 1.751953125], [2.0, 1.75390625], [2.0, 1.755859375], [2.0, 1.7578125], [2.0, 1.759765625], [2.0, 1.76171875], [2.0, 1.763671875], [2.0, 1.765625], [2.0, 1.767578125], [2.0, 1.76953125], [2.0, 1.771484375], [2.0, 1.7734375], [2.0, 1.775390625], [2.0, 1.77734375], [2.0, 1.779296875], [2.0, 1.78125], [2.0, 1.783203125], [2.0, 1.78515625], [2.0, 1.787109375], [2.0, 1.7890625], [2.0, 1.791015625], [2.0, 1.79296875], [2.0, 1.794921875], [2.0, 1.796875], [2.0, 1.798828125], [2.0, 1.80078125], [2.0, 1.802734375], [2.0, 1.8046875], [2.0, 1.806640625], [2.0, 1.80859375], [2.0, 1.810546875], [2.0, 1.8125], [2.0, 1.814453125], [2.0, 1.81640625], [2.0, 1.818359375], [2.0, 1.8203125], [2.0, 1.822265625], [2.0, 1.82421875], [2.0, 1.826171875], [2.0, 1.828125], [2.0, 1.830078125], [2.0, 1.83203125], [2.0, 1.833984375], [2.0, 1.8359375], [2.0, 1.837890625], [2.0, 1.83984375], [2.0, 1.841796875], [2.0, 1.84375], [2.0, 1.845703125], [2.0, 1.84765625], [2.0, 1.849609375], [2.0, 1.8515625], [2.0, 1.853515625], [2.0, 1.85546875], [2.0, 1.857421875], [2.0, 1.859375], [2.0, 1.861328125], [2.0, 1.86328125], [2.0, 1.865234375], [2.0, 1.8671875], [2.0, 1.869140625], [2.0, 1.87109375], [2.0, 1.873046875], [2.0, 1.875], [2.0, 1.876953125], [2.0, 1.87890625], [2.0, 1.880859375], [2.0, 1.8828125], [2.0, 1.884765625], [2.0, 1.88671875], [2.0, 1.888671875], [2.0, 1.890625], [2.0, 1.892578125], [2.0, 1.89453125], [2.0, 1.896484375], [2.0, 1.8984375], [2.0, 1.900390625], [2.0, 1.90234375], [2.0, 1.904296875], [2.0, 1.90625], [2.0, 1.908203125], [2.0, 1.91015625], [2.0, 1.912109375], [2.0, 1.9140625], [2.0, 1.916015625], [2.0, 1.91796875], [2.0, 1.919921875], [2.0, 1.921875], [2.0, 1.923828125], [2.0, 1.92578125], [2.0, 1.927734375], [2.0, 1.9296875], [2.0, 1.931640625], [2.0, 1.93359375], [2.0, 1.935546875], [2.0, 1.9375], [2.0, 1.939453125], [2.0, 1.94140625], [2.0, 1.943359375], [2.0, 1.9453125], [2.0, 1.947265625], [2.0, 1.94921875], [2.0, 1.951171875], [2.0, 1.953125], [2.0, 1.955078125], [2.0, 1.95703125], [2.0, 1.958984375], [2.0, 1.9609375], [2.0, 1.962890625], [2.0, 1.96484375], [2.0, 1.966796875], [2.0, 1.96875], [2.0, 1.970703125], [2.0, 1.97265625], [2.0, 1.974609375], [2.0, 1.9765625], [2.0, 1.978515625], [2.0, 1.98046875], [2.0, 1.982421875], [2.0, 1.984375], [2.0, 1.986328125], [2.0, 1.98828125], [2.0, 1.990234375], [2.0, 1.9921875], [2.0, 1.994140625], [2.0, 1.99609375], [2.0, 1.998046875], [2.0, 2.0], [1.998046875, 2.0], [1.99609375, 2.0], [1.994140625, 2.0], [1.9921875, 2.0], [1.990234375, 2.0], [1.98828125, 2.0], [1.986328125, 2.0], [1.984375, 2.0], [1.982421875, 2.0], [1.98046875, 2.0], [1.978515625, 2.0], [1.9765625, 2.0], [1.974609375, 2.0], [1.97265625, 2.0], [1.970703125, 2.0], [1.96875, 2.0], [1.966796875, 2.0], [1.96484375, 2.0], [1.962890625, 2.0], [1.9609375, 2.0], [1.958984375, 2.0], [1.95703125, 2.0], [1.955078125, 2.0], [1.953125, 2.0], [1.951171875, 2.0], [1.94921875, 2.0], [1.947265625, 2.0], [1.9453125, 2.0], [1.943359375, 2.0], [1.94140625, 2.0], [1.939453125, 2.0], [1.9375, 2.0], [1.935546875, 2.0], [1.93359375, 2.0], [1.931640625, 2.0], [1.9296875, 2.0], [1.927734375, 2.0], [1.92578125, 2.0], [1.923828125, 2.0], [1.921875, 2.0], [1.919921875, 2.0], [1.91796875, 2.0], [1.916015625, 2.0], [1.9140625, 2.0], [1.912109375, 2.0], [1.91015625, 2.0], [1.908203125, 2.0], [1.90625, 2.0], [1.904296875, 2.0], [1.90234375, 2.0], [1.900390625, 2.0], [1.8984375, 2.0], [1.896484375, 2.0], [1.89453125, 2.0], [1.892578125, 2.0], [1.890625, 2.0], [1.888671875, 2.0], [1.88671875, 2.0], [1.884765625, 2.0], [1.8828125, 2.0], [1.880859375, 2.0], [1.87890625, 2.0], [1.876953125, 2.0], [1.875, 2.0], [1.873046875, 2.0], [1.87109375, 2.0], [1.869140625, 2.0], [1.8671875, 2.0], [1.865234375, 2.0], [1.86328125, 2.0], [1.861328125, 2.0], [1.859375, 2.0], [1.857421875, 2.0], [1.85546875, 2.0], [1.853515625, 2.0], [1.8515625, 2.0], [1.849609375, 2.0], [1.84765625, 2.0], [1.845703125, 2.0], [1.84375, 2.0], [1.841796875, 2.0], [1.83984375, 2.0], [1.837890625, 2.0], [1.8359375, 2.0], [1.833984375, 2.0], [1.83203125, 2.0], [1.830078125, 2.0], [1.828125, 2.0], [1.826171875, 2.0], [1.82421875, 2.0], [1.822265625, 2.0], [1.8203125, 2.0], [1.818359375, 2.0], [1.81640625, 2.0], [1.814453125, 2.0], [1.8125, 2.0], [1.810546875, 2.0], [1.80859375, 2.0], [1.806640625, 2.0], [1.8046875, 2.0], [1.802734375, 2.0], [1.80078125, 2.0], [1.798828125, 2.0], [1.796875, 2.0], [1.794921875, 2.0], [1.79296875, 2.0], [1.791015625, 2.0], [1.7890625, 2.0], [1.787109375, 2.0], [1.78515625, 2.0], [1.783203125, 2.0], [1.78125, 2.0], [1.779296875, 2.0], [1.77734375, 2.0], [1.775390625, 2.0], [1.7734375, 2.0], [1.771484375, 2.0], [1.76953125, 2.0], [1.767578125, 2.0], [1.765625, 2.0], [1.763671875, 2.0], [1.76171875, 2.0], [1.759765625, 2.0], [1.7578125, 2.0], [1.755859375, 2.0], [1.75390625, 2.0], [1.751953125, 2.0], [1.75, 2.0], [1.748046875, 2.0], [1.74609375, 2.0], [1.744140625, 2.0], [1.7421875, 2.0], [1.740234375, 2.0], [1.73828125, 2.0], [1.736328125, 2.0], [1.734375, 2.0], [1.732421875, 2.0], [1.73046875, 2.0], [1.728515625, 2.0], [1.7265625, 2.0], [1.724609375, 2.0], [1.72265625, 2.0], [1.720703125, 2.0], [1.71875, 2.0], [1.716796875, 2.0], [1.71484375, 2.0], [1.712890625, 2.0], [1.7109375, 2.0], [1.708984375, 2.0], [1.70703125, 2.0], [1.705078125, 2.0], [1.703125, 2.0], [1.701171875, 2.0], [1.69921875, 2.0], [1.697265625, 2.0], [1.6953125, 2.0], [1.693359375, 2.0], [1.69140625, 2.0], [1.689453125, 2.0], [1.6875, 2.0], [1.685546875, 2.0], [1.68359375, 2.0], [1.681640625, 2.0], [1.6796875, 2.0], [1.677734375, 2.0], [1.67578125, 2.0], [1.673828125, 2.0], [1.671875, 2.0], [1.669921875, 2.0], [1.66796875, 2.0], [1.666015625, 2.0], [1.6640625, 2.0], [1.662109375, 2.0], [1.66015625, 2.0], [1.658203125, 2.0], [1.65625, 2.0], [1.654296875, 2.0], [1.65234375, 2.0], [1.650390625, 2.0], [1.6484375, 2.0], [1.646484375, 2.0], [1.64453125, 2.0], [1.642578125, 2.0], [1.640625, 2.0], [1.638671875, 2.0], [1.63671875, 2.0], [1.634765625, 2.0], [1.6328125, 2.0], [1.630859375, 2.0], [1.62890625, 2.0], [1.626953125, 2.0], [1.625, 2.0], [1.623046875, 2.0], [1.62109375, 2.0], [1.619140625, 2.0], [1.6171875, 2.0], [1.615234375, 2.0], [1.61328125, 2.0], [1.611328125, 2.0], [1.609375, 2.0], [1.607421875, 2.0], [1.60546875, 2.0], [1.603515625, 2.0], [1.6015625, 2.0], [1.599609375, 2.0], [1.59765625, 2.0], [1.595703125, 2.0], [1.59375, 2.0], [1.591796875, 2.0], [1.58984375, 2.0], [1.587890625, 2.0], [1.5859375, 2.0], [1.583984375, 2.0], [1.58203125, 2.0], [1.580078125, 2.0], [1.578125, 2.0], [1.576171875, 2.0], [1.57421875, 2.0], [1.572265625, 2.0], [1.5703125, 2.0], [1.568359375, 2.0], [1.56640625, 2.0], [1.564453125, 2.0], [1.5625, 2.0], [1.560546875, 2.0], [1.55859375, 2.0], [1.556640625, 2.0], [1.5546875, 2.0], [1.552734375, 2.0], [1.55078125, 2.0], [1.548828125, 2.0], [1.546875, 2.0], [1.544921875, 2.0], [1.54296875, 2.0], [1.541015625, 2.0], [1.5390625, 2.0], [1.537109375, 2.0], [1.53515625, 2.0], [1.533203125, 2.0], [1.53125, 2.0], [1.529296875, 2.0], [1.52734375, 2.0], [1.525390625, 2.0], [1.5234375, 2.0], [1.521484375, 2.0], [1.51953125, 2.0], [1.517578125, 2.0], [1.515625, 2.0], [1.513671875, 2.0], [1.51171875, 2.0], [1.509765625, 2.0], [1.5078125, 2.0], [1.505859375, 2.0], [1.50390625, 2.0], [1.501953125, 2.0], [1.5, 2.0], [1.498046875, 2.0], [1.49609375, 2.0], [1.494140625, 2.0], [1.4921875, 2.0], [1.490234375, 2.0], [1.48828125, 2.0], [1.486328125, 2.0], [1.484375, 2.0], [1.482421875, 2.0], [1.48046875, 2.0], [1.478515625, 2.0], [1.4765625, 2.0], [1.474609375, 2.0], [1.47265625, 2.0], [1.470703125, 2.0], [1.46875, 2.0], [1.466796875, 2.0], [1.46484375, 2.0], [1.462890625, 2.0], [1.4609375, 2.0], [1.458984375, 2.0], [1.45703125, 2.0], [1.455078125, 2.0], [1.453125, 2.0], [1.451171875, 2.0], [1.44921875, 2.0], [1.447265625, 2.0], [1.4453125, 2.0], [1.443359375, 2.0], [1.44140625, 2.0], [1.439453125, 2.0], [1.4375, 2.0], [1.435546875, 2.0], [1.43359375, 2.0], [1.431640625, 2.0], [1.4296875, 2.0], [1.427734375, 2.0], [1.42578125, 2.0], [1.423828125, 2.0], [1.421875, 2.0], [1.419921875, 2.0], [1.41796875, 2.0], [1.416015625, 2.0], [1.4140625, 2.0], [1.412109375, 2.0], [1.41015625, 2.0], [1.408203125, 2.0], [1.40625, 2.0], [1.404296875, 2.0], [1.40234375, 2.0], [1.400390625, 2.0], [1.3984375, 2.0], [1.396484375, 2.0], [1.39453125, 2.0], [1.392578125, 2.0], [1.390625, 2.0], [1.388671875, 2.0], [1.38671875, 2.0], [1.384765625, 2.0], [1.3828125, 2.0], [1.380859375, 2.0], [1.37890625, 2.0], [1.376953125, 2.0], [1.375, 2.0], [1.373046875, 2.0], [1.37109375, 2.0], [1.369140625, 2.0], [1.3671875, 2.0], [1.365234375, 2.0], [1.36328125, 2.0], [1.361328125, 2.0], [1.359375, 2.0], [1.357421875, 2.0], [1.35546875, 2.0], [1.353515625, 2.0], [1.3515625, 2.0], [1.349609375, 2.0], [1.34765625, 2.0], [1.345703125, 2.0], [1.34375, 2.0], [1.341796875, 2.0], [1.33984375, 2.0], [1.337890625, 2.0], [1.3359375, 2.0], [1.333984375, 2.0], [1.33203125, 2.0], [1.330078125, 2.0], [1.328125, 2.0], [1.326171875, 2.0], [1.32421875, 2.0], [1.322265625, 2.0], [1.3203125, 2.0], [1.318359375, 2.0], [1.31640625, 2.0], [1.314453125, 2.0], [1.3125, 2.0], [1.310546875, 2.0], [1.30859375, 2.0], [1.306640625, 2.0], [1.3046875, 2.0], [1.302734375, 2.0], [1.30078125, 2.0], [1.298828125, 2.0], [1.296875, 2.0], [1.294921875, 2.0], [1.29296875, 2.0], [1.291015625, 2.0], [1.2890625, 2.0], [1.287109375, 2.0], [1.28515625, 2.0], [1.283203125, 2.0], [1.28125, 2.0], [1.279296875, 2.0], [1.27734375, 2.0], [1.275390625, 2.0], [1.2734375, 2.0], [1.271484375, 2.0], [1.26953125, 2.0], [1.267578125, 2.0], [1.265625, 2.0], [1.263671875, 2.0], [1.26171875, 2.0], [1.259765625, 2.0], [1.2578125, 2.0], [1.255859375, 2.0], [1.25390625, 2.0], [1.251953125, 2.0], [1.25, 2.0], [1.248046875, 2.0], [1.24609375, 2.0], [1.244140625, 2.0], [1.2421875, 2.0], [1.240234375, 2.0], [1.23828125, 2.0], [1.236328125, 2.0], [1.234375, 2.0], [1.232421875, 2.0], [1.23046875, 2.0], [1.228515625, 2.0], [1.2265625, 2.0], [1.224609375, 2.0], [1.22265625, 2.0], [1.220703125, 2.0], [1.21875, 2.0], [1.216796875, 2.0], [1.21484375, 2.0], [1.212890625, 2.0], [1.2109375, 2.0], [1.208984375, 2.0], [1.20703125, 2.0], [1.205078125, 2.0], [1.203125, 2.0], [1.201171875, 2.0], [1.19921875, 2.0], [1.197265625, 2.0], [1.1953125, 2.0], [1.193359375, 2.0], [1.19140625, 2.0], [1.189453125, 2.0], [1.1875, 2.0], [1.185546875, 2.0], [1.18359375, 2.0], [1.181640625, 2.0], [1.1796875, 2.0], [1.177734375, 2.0], [1.17578125, 2.0], [1.173828125, 2.0], [1.171875, 2.0], [1.169921875, 2.0], [1.16796875, 2.0], [1.166015625, 2.0], [1.1640625, 2.0], [1.162109375, 2.0], [1.16015625, 2.0], [1.158203125, 2.0], [1.15625, 2.0], [1.154296875, 2.0], [1.15234375, 2.0], [1.150390625, 2.0], [1.1484375, 2.0], [1.146484375, 2.0], [1.14453125, 2.0], [1.142578125, 2.0], [1.140625, 2.0], [1.138671875, 2.0], [1.13671875, 2.0], [1.134765625, 2.0], [1.1328125, 2.0], [1.130859375, 2.0], [1.12890625, 2.0], [1.126953125, 2.0], [1.125, 2.0], [1.123046875, 2.0], [1.12109375, 2.0], [1.119140625, 2.0], [1.1171875, 2.0], [1.115234375, 2.0], [1.11328125, 2.0], [1.111328125, 2.0], [1.109375, 2.0], [1.107421875, 2.0], [1.10546875, 2.0], [1.103515625, 2.0], [1.1015625, 2.0], [1.099609375, 2.0], [1.09765625, 2.0], [1.095703125, 2.0], [1.09375, 2.0], [1.091796875, 2.0], [1.08984375, 2.0], [1.087890625, 2.0], [1.0859375, 2.0], [1.083984375, 2.0], [1.08203125, 2.0], [1.080078125, 2.0], [1.078125, 2.0], [1.076171875, 2.0], [1.07421875, 2.0], [1.072265625, 2.0], [1.0703125, 2.0], [1.068359375, 2.0], [1.06640625, 2.0], [1.064453125, 2.0], [1.0625, 2.0], [1.060546875, 2.0], [1.05859375, 2.0], [1.056640625, 2.0], [1.0546875, 2.0], [1.052734375, 2.0], [1.05078125, 2.0], [1.048828125, 2.0], [1.046875, 2.0], [1.044921875, 2.0], [1.04296875, 2.0], [1.041015625, 2.0], [1.0390625, 2.0], [1.037109375, 2.0], [1.03515625, 2.0], [1.033203125, 2.0], [1.03125, 2.0], [1.029296875, 2.0], [1.02734375, 2.0], [1.025390625, 2.0], [1.0234375, 2.0], [1.021484375, 2.0], [1.01953125, 2.0], [1.017578125, 2.0], [1.015625, 2.0], [1.013671875, 2.0], [1.01171875, 2.0], [1.009765625, 2.0], [1.0078125, 2.0], [1.005859375, 2.0], [1.00390625, 2.0], [1.001953125, 2.0], [1.0, 2.0], [1.0, 1.998046875], [1.0, 1.99609375], [1.0, 1.994140625], [1.0, 1.9921875], [1.0, 1.990234375], [1.0, 1.98828125], [1.0, 1.986328125], [1.0, 1.984375], [1.0, 1.982421875], [1.0, 1.98046875], [1.0, 1.978515625], [1.0, 1.9765625], [1.0, 1.974609375], [1.0, 1.97265625], [1.0, 1.970703125], [1.0, 1.96875], [1.0, 1.966796875], [1.0, 1.96484375], [1.0, 1.962890625], [1.0, 1.9609375], [1.0, 1.958984375], [1.0, 1.95703125], [1.0, 1.955078125], [1.0, 1.953125], [1.0, 1.951171875], [1.0, 1.94921875], [1.0, 1.947265625], [1.0, 1.9453125], [1.0, 1.943359375], [1.0, 1.94140625], [1.0, 1.939453125], [1.0, 1.9375], [1.0, 1.935546875], [1.0, 1.93359375], [1.0, 1.931640625], [1.0, 1.9296875], [1.0, 1.927734375], [1.0, 1.92578125], [1.0, 1.923828125], [1.0, 1.921875], [1.0, 1.919921875], [1.0, 1.91796875], [1.0, 1.916015625], [1.0, 1.9140625], [1.0, 1.912109375], [1.0, 1.91015625], [1.0, 1.908203125], [1.0, 1.90625], [1.0, 1.904296875], [1.0, 1.90234375], [1.0, 1.900390625], [1.0, 1.8984375], [1.0, 1.896484375], [1.0, 1.89453125], [1.0, 1.892578125], [1.0, 1.890625], [1.0, 1.888671875], [1.0, 1.88671875], [1.0, 1.884765625], [1.0, 1.8828125], [1.0, 1.880859375], [1.0, 1.87890625], [1.0, 1.876953125], [1.0, 1.875], [1.0, 1.873046875], [1.0, 1.87109375], [1.0, 1.869140625], [1.0, 1.8671875], [1.0, 1.865234375], [1.0, 1.86328125], [1.0, 1.861328125], [1.0, 1.859375], [1.0, 1.857421875], [1.0, 1.85546875], [1.0, 1.853515625], [1.0, 1.8515625], [1.0, 1.849609375], [1.0, 1.84765625], [1.0, 1.845703125], [1.0, 1.84375], [1.0, 1.841796875], [1.0, 1.83984375], [1.0, 1.837890625], [1.0, 1.8359375], [1.0, 1.833984375], [1.0, 1.83203125], [1.0, 1.830078125], [1.0, 1.828125], [1.0, 1.826171875], [1.0, 1.82421875], [1.0, 1.822265625], [1.0, 1.8203125], [1.0, 1.818359375], [1.0, 1.81640625], [1.0, 1.814453125], [1.0, 1.8125], [1.0, 1.810546875], [1.0, 1.80859375], [1.0, 1.806640625], [1.0, 1.8046875], [1.0, 1.802734375], [1.0, 1.80078125], [1.0, 1.798828125], [1.0, 1.796875], [1.0, 1.794921875], [1.0, 1.79296875], [1.0, 1.791015625], [1.0, 1.7890625], [1.0, 1.787109375], [1.0, 1.78515625], [1.0, 1.783203125], [1.0, 1.78125], [1.0, 1.779296875], [1.0, 1.77734375], [1.0, 1.775390625], [1.0, 1.7734375], [1.0, 1.771484375], [1.0, 1.76953125], [1.0, 1.767578125], [1.0, 1.765625], [1.0, 1.763671875], [1.0, 1.76171875], [1.0, 1.759765625], [1.0, 1.7578125], [1.0, 1.755859375], [1.0, 1.75390625], [1.0, 1.751953125], [1.0, 1.75], [1.0, 1.748046875], [1.0, 1.74609375], [1.0, 1.744140625], [1.0, 1.7421875], [1.0, 1.740234375], [1.0, 1.73828125], [1.0, 1.736328125], [1.0, 1.734375], [1.0, 1.732421875], [1.0, 1.73046875], [1.0, 1.728515625], [1.0, 1.7265625], [1.0, 1.724609375], [1.0, 1.72265625], [1.0, 1.720703125], [1.0, 1.71875], [1.0, 1.716796875], [1.0, 1.71484375], [1.0, 1.712890625], [1.0, 1.7109375], [1.0, 1.708984375], [1.0, 1.70703125], [1.0, 1.705078125], [1.0, 1.703125], [1.0, 1.701171875], [1.0, 1.69921875], [1.0, 1.697265625], [1.0, 1.6953125], [1.0, 1.693359375], [1.0, 1.69140625], [1.0, 1.689453125], [1.0, 1.6875], [1.0, 1.685546875], [1.0, 1.68359375], [1.0, 1.681640625], [1.0, 1.6796875], [1.0, 1.677734375], [1.0, 1.67578125], [1.0, 1.673828125], [1.0, 1.671875], [1.0, 1.669921875], [1.0, 1.66796875], [1.0, 1.666015625], [1.0, 1.6640625], [1.0, 1.662109375], [1.0, 1.66015625], [1.0, 1.658203125], [1.0, 1.65625], [1.0, 1.654296875], [1.0, 1.65234375], [1.0, 1.650390625], [1.0, 1.6484375], [1.0, 1.646484375], [1.0, 1.64453125], [1.0, 1.642578125], [1.0, 1.640625], [1.0, 1.638671875], [1.0, 1.63671875], [1.0, 1.634765625], [1.0, 1.6328125], [1.0, 1.630859375], [1.0, 1.62890625], [1.0, 1.626953125], [1.0, 1.625], [1.0, 1.623046875], [1.0, 1.62109375], [1.0, 1.619140625], [1.0, 1.6171875], [1.0, 1.615234375], [1.0, 1.61328125], [1.0, 1.611328125], [1.0, 1.609375], [1.0, 1.607421875], [1.0, 1.60546875], [1.0, 1.603515625], [1.0, 1.6015625], [1.0, 1.599609375], [1.0, 1.59765625], [1.0, 1.595703125], [1.0, 1.59375], [1.0, 1.591796875], [1.0, 1.58984375], [1.0, 1.587890625], [1.0, 1.5859375], [1.0, 1.583984375], [1.0, 1.58203125], [1.0, 1.580078125], [1.0, 1.578125], [1.0, 1.576171875], [1.0, 1.57421875], [1.0, 1.572265625], [1.0, 1.5703125], [1.0, 1.568359375], [1.0, 1.56640625], [1.0, 1.564453125], [1.0, 1.5625], [1.0, 1.560546875], [1.0, 1.55859375], [1.0, 1.556640625], [1.0, 1.5546875], [1.0, 1.552734375], [1.0, 1.55078125], [1.0, 1.548828125], [1.0, 1.546875], [1.0, 1.544921875], [1.0, 1.54296875], [1.0, 1.541015625], [1.0, 1.5390625], [1.0, 1.537109375], [1.0, 1.53515625], [1.0, 1.533203125], [1.0, 1.53125], [1.0, 1.529296875], [1.0, 1.52734375], [1.0, 1.525390625], [1.0, 1.5234375], [1.0, 1.521484375], [1.0, 1.51953125], [1.0, 1.517578125], [1.0, 1.515625], [1.0, 1.513671875], [1.0, 1.51171875], [1.0, 1.509765625], [1.0, 1.5078125], [1.0, 1.505859375], [1.0, 1.50390625], [1.0, 1.501953125], [1.0, 1.5], [1.0, 1.498046875], [1.0, 1.49609375], [1.0, 1.494140625], [1.0, 1.4921875], [1.0, 1.490234375], [1.0, 1.48828125], [1.0, 1.486328125], [1.0, 1.484375], [1.0, 1.482421875], [1.0, 1.48046875], [1.0, 1.478515625], [1.0, 1.4765625], [1.0, 1.474609375], [1.0, 1.47265625], [1.0, 1.470703125], [1.0, 1.46875], [1.0, 1.466796875], [1.0, 1.46484375], [1.0, 1.462890625], [1.0, 1.4609375], [1.0, 1.458984375], [1.0, 1.45703125], [1.0, 1.455078125], [1.0, 1.453125], [1.0, 1.451171875], [1.0, 1.44921875], [1.0, 1.447265625], [1.0, 1.4453125], [1.0, 1.443359375], [1.0, 1.44140625], [1.0, 1.439453125], [1.0, 1.4375], [1.0, 1.435546875], [1.0, 1.43359375], [1.0, 1.431640625], [1.0, 1.4296875], [1.0, 1.427734375], [1.0, 1.42578125], [1.0, 1.423828125], [1.0, 1.421875], [1.0, 1.419921875], [1.0, 1.41796875], [1.0, 1.416015625], [1.0, 1.4140625], [1.0, 1.412109375], [1.0, 1.41015625], [1.0, 1.408203125], [1.0, 1.40625], [1.0, 1.404296875], [1.0, 1.40234375], [1.0, 1.400390625], [1.0, 1.3984375], [1.0, 1.396484375], [1.0, 1.39453125], [1.0, 1.392578125], [1.0, 1.390625], [1.0, 1.388671875], [1.0, 1.38671875], [1.0, 1.384765625], [1.0, 1.3828125], [1.0, 1.380859375], [1.0, 1.37890625], [1.0, 1.376953125], [1.0, 1.375], [1.0, 1.373046875], [1.0, 1.37109375], [1.0, 1.369140625], [1.0, 1.3671875], [1.0, 1.365234375], [1.0, 1.36328125], [1.0, 1.361328125], [1.0, 1.359375], [1.0, 1.357421875], [1.0, 1.35546875], [1.0, 1.353515625], [1.0, 1.3515625], [1.0, 1.349609375], [1.0, 1.34765625], [1.0, 1.345703125], [1.0, 1.34375], [1.0, 1.341796875], [1.0, 1.33984375], [1.0, 1.337890625], [1.0, 1.3359375], [1.0, 1.333984375], [1.0, 1.33203125], [1.0, 1.330078125], [1.0, 1.328125], [1.0, 1.326171875], [1.0, 1.32421875], [1.0, 1.322265625], [1.0, 1.3203125], [1.0, 1.318359375], [1.0, 1.31640625], [1.0, 1.314453125], [1.0, 1.3125], [1.0, 1.310546875], [1.0, 1.30859375], [1.0, 1.306640625], [1.0, 1.3046875], [1.0, 1.302734375], [1.0, 1.30078125], [1.0, 1.298828125], [1.0, 1.296875], [1.0, 1.294921875], [1.0, 1.29296875], [1.0, 1.291015625], [1.0, 1.2890625], [1.0, 1.287109375], [1.0, 1.28515625], [1.0, 1.283203125], [1.0, 1.28125], [1.0, 1.279296875], [1.0, 1.27734375], [1.0, 1.275390625], [1.0, 1.2734375], [1.0, 1.271484375], [1.0, 1.26953125], [1.0, 1.267578125], [1.0, 1.265625], [1.0, 1.263671875], [1.0, 1.26171875], [1.0, 1.259765625], [1.0, 1.2578125], [1.0, 1.255859375], [1.0, 1.25390625], [1.0, 1.251953125], [1.0, 1.25], [1.0, 1.248046875], [1.0, 1.24609375], [1.0, 1.244140625], [1.0, 1.2421875], [1.0, 1.240234375], [1.0, 1.23828125], [1.0, 1.236328125], [1.0, 1.234375], [1.0, 1.232421875], [1.0, 1.23046875], [1.0, 1.228515625], [1.0, 1.2265625], [1.0, 1.224609375], [1.0, 1.22265625], [1.0, 1.220703125], [1.0, 1.21875], [1.0, 1.216796875], [1.0, 1.21484375], [1.0, 1.212890625], [1.0, 1.2109375], [1.0, 1.208984375], [1.0, 1.20703125], [1.0, 1.205078125], [1.0, 1.203125], [1.0, 1.201171875], [1.0, 1.19921875], [1.0, 1.197265625], [1.0, 1.1953125], [1.0, 1.193359375], [1.0, 1.19140625], [1.0, 1.189453125], [1.0, 1.1875], [1.0, 1.185546875], [1.0, 1.18359375], [1.0, 1.181640625], [1.0, 1.1796875], [1.0, 1.177734375], [1.0, 1.17578125], [1.0, 1.173828125], [1.0, 1.171875], [1.0, 1.169921875], [1.0, 1.16796875], [1.0, 1.166015625], [1.0, 1.1640625], [1.0, 1.162109375], [1.0, 1.16015625], [1.0, 1.158203125], [1.0, 1.15625], [1.0, 1.154296875], [1.0, 1.15234375], [1.0, 1.150390625], [1.0, 1.1484375], [1.0, 1.146484375], [1.0, 1.14453125], [1.0, 1.142578125], [1.0, 1.140625], [1.0, 1.138671875], [1.0, 1.13671875], [1.0, 1.134765625], [1.0, 1.1328125], [1.0, 1.130859375], [1.0, 1.12890625], [1.0, 1.126953125], [1.0, 1.125], [1.0, 1.123046875], [1.0, 1.12109375], [1.0, 1.119140625], [1.0, 1.1171875], [1.0, 1.115234375], [1.0, 1.11328125], [1.0, 1.111328125], [1.0, 1.109375], [1.0, 1.107421875], [1.0, 1.10546875], [1.0, 1.103515625], [1.0, 1.1015625], [1.0, 1.099609375], [1.0, 1.09765625], [1.0, 1.095703125], [1.0, 1.09375], [1.0, 1.091796875], [1.0, 1.08984375], [1.0, 1.087890625], [1.0, 1.0859375], [1.0, 1.083984375], [1.0, 1.08203125], [1.0, 1.080078125], [1.0, 1.078125], [1.0, 1.076171875], [1.0, 1.07421875], [1.0, 1.072265625], [1.0, 1.0703125], [1.0, 1.068359375], [1.0, 1.06640625], [1.0, 1.064453125], [1.0, 1.0625], [1.0, 1.060546875], [1.0, 1.05859375], [1.0, 1.056640625], [1.0, 1.0546875], [1.0, 1.052734375], [1.0, 1.05078125], [1.0, 1.048828125], [1.0, 1.046875], [1.0, 1.044921875], [1.0, 1.04296875], [1.0, 1.041015625], [1.0, 1.0390625], [1.0, 1.037109375], [1.0, 1.03515625], [1.0, 1.033203125], [1.0, 1.03125], [1.0, 1.029296875], [1.0, 1.02734375], [1.0, 1.025390625], [1.0, 1.0234375], [1.0, 1.021484375], [1.0, 1.01953125], [1.0, 1.017578125], [1.0, 1.015625], [1.0, 1.013671875], [1.0, 1.01171875], [1.0, 1.009765625], [1.0, 1.0078125], [1.0, 1.005859375], [1.0, 1.00390625], [1.0, 1.001953125], [1, 1]]]}}, {"type": "Feature", "id": "c2-1", "properties": {"id": "c2-1", "name": "cell 2,1", "value": 22.0917}, "geometry": {"type": "Polygon", "coordinates": [[[2.0, 1.0], [2.001953125, 1.0], [2.00390625, 1.0], [2.005859375, 1.0], [2.0078125, 1.0], [2.009765625, 1.0], [2.01171875, 1.0], [2.013671875, 1.0], [2.015625, 1.0], [2.017578125, 1.0], [2.01953125, 1.0], [2.021484375, 1.0], [2.0234375, 1.0], [2.025390625, 1.0], [2.02734375, 1.0], [2.029296875, 1.0], [2.03125, 1.0], [2.033203125, 1.0], [2.03515625, 1.0], [2.037109375, 1.0], [2.0390625, 1.0], [2.041015625, 1.0], [2.04296875, 1.0], [2.044921875, 1.0], [2.046875, 1.0], [2.048828125, 1.0], [2.05078125, 1.0], [2.052734375, 1.0], [2.0546875, 1.0], [2.056640625, 1.0], [2.05859375, 1.0], [2.060546875, 1.0], [2.0625, 1.0], [2.064453125, 1.0], [2.06640625, 1.0], [2.068359375, 1.0], [2.0703125, 1.0], [2.072265625, 1.0], [2.07421875, 1.0], [2.076171875, 1.0], [2.078125, 1.0], [2.080078125, 1.0], [2.08203125, 1.0], [2.083984375, 1.0], [2.0859375, 1.0], [2.087890625, 1.0], [2.08984375, 1.0], [2.091796875, 1.0], [2.09375, 1.0], [2.095703125, 1.0], [2.09765625, 1.0], [2.099609375, 1.0], [2.1015625, 1.0], [2.103515625, 1.0], [2.10546875, 1.0], [2.107421875, 1.0], [2.109375, 1.0], [2.111328125, 1.0], [2.11328125, 1.0], [2.115234375, 1.0], [2.1171875, 1.0], [2.119140625, 1.0], [2.12109375, 1.0], [2.123046875, 1.0], [2.125, 1.0], [2.126953125, 1.0], [2.12890625, 1.0], [2.130859375, 1.0], [2.1328125, 1.0], [2.134765625, 1.0], [2.13671875, 1.0], [2.138671875, 1.0], [2.140625, 1.0], [2.142578125, 1.0], [2.14453125, 1.0], [2.146484375, 1.0], [2.1484375, 1.0], [2.150390625, 1.0], [2.15234375, 1.0], [2.154296875, 1.0], [2.15625, 1.0], [2.158203125, 1.0], [2.16015625, 1.0], [2.162109375, 1.0], [2.1640625, 1.0], [2.166015625, 1.0], [2.16796875, 1.0], [2.169921875, 1.0], [2.171875, 1.0], [2.173828125, 1.0], [2.17578125, 1.0], [2.177734375, 1.0], [2.1796875, 1.0], [2.181640625, 1.0], [2.18359375, 1.0], [2.185546875, 1.0], [2.1875, 1.0], [2.189453125, 1.0], [2.19140625, 1.0], [2.193359375, 1.0], [2.1953125, 1.0], [2.197265625, 1.0], [2.19921875, 1.0], [2.201171875, 1.0], [2.203125, 1.0], [2.205078125, 1.0], [2.20703125, 1.0], [2.208984375, 1.0], [2.2109375, 1.0], [2.212890625, 1.0], [2.21484375, 1.0], [2.216796875, 1.0], [2.21875, 1.0], [2.220703125, 1.0], [2.22265625, 1.0], [2.224609375, 1.0], [2.2265625, 1.0], [2.228515625, 1.0], [2.23046875, 1.0], [2.232421875, 1.0], [2.234375, 1.0], [2.236328125, 1.0], [2.23828125, 1.0], [2.240234375, 1.0], [2.2421875, 1.0], [2.244140625, 1.0], [2.24609375, 1.0], [2.248046875, 1.0], [2.25, 1.0], [2.251953125, 1.0], [2.25390625, 1.0], [2.255859375, 1.0], [2.2578125, 1.0], [2.259765625, 1.0], [2.26171875, 1.0], [2.263671875, 1.0], [2.265625, 1.0], [2.267578125, 1.0], [2.26953125, 1.0], [2.271484375, 1.0], [2.2734375, 1.0], [2.275390625, 1.0], [2.27734375, 1.0], [2.279296875, 1.0], [2.28125, 1.0], [2.283203125, 1.0], [2.28515625, 1.0], [2.287109375, 1.0], [2.2890625, 1.0], [2.291015625, 1.0], [2.29296875, 1.0], [2.294921875, 1.0], [2.296875, 1.0], [2.298828125, 1.0], [2.30078125, 1.0], [2.302734375, 1.0], [2.3046875, 1.0], [2.306640625, 1.0], [2.30859375, 1.0], [2.310546875, 1.0], [2.3125, 1.0], [2.314453125, 1.0], [2.31640625, 1.0], [2.318359375, 1.0], [2.3203125, 1.0], [2.322265625, 1.0], [2.32421875, 1.0], [2.326171875, 1.0], [2.328125, 1.0], [2.330078125, 1.0], [2.33203125, 1.0], [2.333984375, 1.0], [2.3359375, 1.0], [2.337890625, 1.0], [2.33984375, 1.0], [2.341796875, 1.0], [2.34375, 1.0], [2.345703125, 1.0], [2.34765625, 1.0], [2.349609375, 1.0], [2.3515625, 1.0], [2.353515625, 1.0], [2.35546875, 1.0], [2.357421875, 1.0], [2.359375, 1.0], [2.361328125, 1.0], [2.36328125, 1.0], [2.365234375, 1.0], [2.3671875, 1.0], [2.369140625, 1.0], [2.37109375, 1.0], [2.373046875, 1.0], [2.375, 1.0], [2.376953125, 1.0], [2.37890625, 1.0], [2.380859375, 1.0], [2.3828125, 1.0], [2.384765625, 1.0], [2.38671875, 1.0], [2.388671875, 1.0], [2.390625, 1.0], [2.392578125, 1.0], [2.39453125, 1.0], [2.396484375, 1.0], [2.3984375, 1.0], [2.400390625, 1.0], [2.40234375, 1.0], [2.404296875, 1.0], [2.40625, 1.0], [2.408203125, 1.0], [2.41015625, 1.0], [2.412109375, 1.0], [2.4140625, 1.0], [2.416015625, 1.0], [2.41796875, 1.0], [2.419921875, 1.0], [2.421875, 1.0], [2.423828125, 1.0], [2.42578125, 1.0], [2.427734375, 1.0], [2.4296875, 1.0], [2.431640625, 1.0], [2.43359375, 1.0], [2.435546875, 1.0], [2.4375, 1.0], [2.439453125, 1.0], [2.44140625, 1.0], [2.443359375, 1.0], [2.4453125, 1.0], [2.447265625, 1.0], [2.44921875, 1.0], [2.451171875, 1.0], [2.453125, 1.0], [2.455078125, 1.0], [2.45703125, 1.0], [2.458984375, 1.0], [2.4609375, 1.0], [2.462890625, 1.0], [2.46484375, 1.0], [2.466796875, 1.0], [2.46875, 1.0], [2.470703125, 1.0], [2.47265625, 1.0], [2.474609375, 1.0], [2.4765625, 1.0], [2.478515625, 1.0], [2.48046875, 1.0], [2.482421875, 1.0], [2.484375, 1.0], [2.486328125, 1.0], [2.48828125, 1.0], [2.490234375, 1.0], [2.4921875, 1.0], [2.494140625, 1.0], [2.49609375, 1.0], [2.498046875, 1.0], [2.5, 1.0], [2.501953125, 1.0], [2.50390625, 1.0], [2.505859375, 1.0], [2.5078125, 1.0], [2.509765625, 1.0], [2.51171875, 1.0], [2.513671875, 1.0], [2.515625, 1.0], [2.517578125, 1.0], [2.51953125, 1.0], [2.521484375, 1.0], [2.5234375, 1.0], [2.525390625, 1.0], [2.52734375, 1.0], [2.529296875, 1.0], [2.53125, 1.0], [2.533203125, 1.0], [2.53515625, 1.0], [2.537109375, 1.0], [2.5390625, 1.0], [2.541015625, 1.0], [2.54296875, 1.0], [2.544921875, 1.0], [2.546875, 1.0], [2.548828125, 1.0], [2.55078125, 1.0], [2.552734375, 1.0], [2.5546875, 1.0], [2.556640625, 1.0], [2.55859375, 1.0], [2.560546875, 1.0], [2.5625, 1.0], [2.564453125, 1.0], [2.56640625, 1.0], [2.568359375, 1.0], [2.5703125, 1.0], [2.572265625, 1.0], [2.57421875, 1.0], [2.576171875, 1.0], [2.578125, 1.0], [2.580078125, 1.0], [2.58203125, 1.0], [2.583984375, 1.0], [2.5859375, 1.0], [2.587890625, 1.0], [2.58984375, 1.0], [2.591796875, 1.0], [2.59375, 1.0], [2.595703125, 1.0], [2.59765625, 1.0], [2.599609375, 1.0], [2.6015625, 1.0], [2.603515625, 1.0], [2.60546875, 1.0], [2.607421875, 1.0], [2.609375, 1.0], [2.611328125, 1.0], [2.61328125, 1.0], [2.615234375, 1.0], [2.6171875, 1.0], [2.619140625, 1.0], [2.62109375, 1.0], [2.623046875, 1.0], [2.625, 1.0], [2.626953125, 1.0], [2.62890625, 1.0], [2.630859375, 1.0], [2.6328125, 1.0], [2.634765625, 1.0], [2.63671875, 1.0], [2.638671875, 1.0], [2.640625, 1.0], [2.642578125, 1.0], [2.64453125, 1.0], [2.646484375, 1.0], [2.6484375, 1.0], [2.650390625, 1.0], [2.65234375, 1.0], [2.654296875, 1.0], [2.65625, 1.0], [2.658203125, 1.0], [2.66015625, 1.0], [2.662109375, 1.0], [2.6640625, 1.0], [2.666015625, 1.0], [2.66796875, 1.0], [2.669921875, 1.0], [2.671875, 1.0], [2.673828125, 1.0], [2.67578125, 1.0], [2.677734375, 1.0], [2.6796875, 1.0], [2.681640625, 1.0], [2.68359375, 1.0], [2.685546875, 1.0], [2.6875, 1.0], [2.689453125, 1.0], [2.69140625, 1.0], [2.693359375, 1.0], [2.6953125, 1.0], [2.697265625, 1.0], [2.69921875, 1.0], [2.701171875, 1.0], [2.703125, 1.0], [2.705078125, 1.0], [2.70703125, 1.0], [2.708984375, 1.0], [2.7109375, 1.0], [2.712890625, 1.0], [2.71484375, 1.0], [2.716796875, 1.0], [2.71875, 1.0], [2.720703125, 1.0], [2.72265625, 1.0], [2.724609375, 1.0], [2.7265625, 1.0], [2.728515625, 1.0], [2.73046875, 1.0], [2.732421875, 1.0], [2.734375, 1.0], [2.736328125, 1.0], [2.73828125, 1.0], [2.740234375, 1.0], [2.7421875, 1.0], [2.744140625, 1.0], [2.74609375, 1.0], [2.748046875, 1.0], [2.75, 1.0], [2.751953125, 1.0], [2.75390625, 1.0], [2.755859375, 1.0], [2.7578125, 1.0], [2.759765625, 1.0], [2.76171875, 1.0], [2.763671875, 1.0], [2.765625, 1.0], [2.767578125, 1.0], [2.76953125, 1.0], [2.771484375, 1.0], [2.7734375, 1.0], [2.775390625, 1.0], [2.77734375, 1.0], [2.779296875, 1.0], [2.78125, 1.0], [2.783203125, 1.0], [2.78515625, 1.0], [2.787109375, 1.0], [2.7890625, 1.0], [2.791015625, 1.0], [2.79296875, 1.0], [2.794921875, 1.0], [2.796875, 1.0], [2.798828125, 1.0], [2.80078125, 1.0], [2.802734375, 1.0], [2.8046875, 1.0], [2.806640625, 1.0], [2.80859375, 1.0], [2.810546875, 1.0], [2.8125, 1.0], [2.814453125, 1.0], [2.81640625, 1.0], [2.818359375, 1.0], [2.8203125, 1.0], [2.822265625, 1.0], [2.82421875, 1.0], [2.826171875, 1.0], [2.828125, 1.0], [2.830078125, 1.0], [2.83203125, 1.0], [2.833984375, 1.0], [2.8359375, 1.0], [2.837890625, 1.0], [2.83984375, 1.0], [2.841796875, 1.0], [2.84375, 1.0], [2.845703125, 1.0], [2.84765625, 1.0], [2.849609375, 1.0], [2.8515625, 1.0], [2.853515625, 1.0], [2.85546875, 1.0], [2.857421875, 1.0], [2.859375, 1.0], [2.861328125, 1.0], [2.86328125, 1.0], [2.865234375, 1.0], [2.8671875, 1.0], [2.869140625, 1.0], [2.87109375, 1.0], [2.873046875, 1.0], [2.875, 1.0], [2.876953125, 1.0], [2.87890625, 1.0], [2.880859375, 1.0], [2.8828125, 1.0], [2.884765625, 1.0], [2.88671875, 1.0], [2.888671875, 1.0], [2.890625, 1.0], [2.892578125, 1.0], [2.89453125, 1.0], [2.896484375, 1.0], [2.8984375, 1.0], [2.900390625, 1.0], [2.90234375, 1.0], [2.904296875, 1.0], [2.90625, 1.0], [2.908203125, 1.0], [2.91015625, 1.0], [2.912109375, 1.0], [2.9140625, 1.0], [2.916015625, 1.0], [2.91796875, 1.0], [2.919921875, 1.0], [2.921875, 1.0], [2.923828125, 1.0], [2.92578125, 1.0], [2.927734375, 1.0], [2.9296875, 1.0], [2.931640625, 1.0], [2.93359375, 1.0], [2.935546875, 1.0], [2.9375, 1.0], [2.939453125, 1.0], [2.94140625, 1.0], [2.943359375, 1.0], [2.9453125, 1.0], [2.947265625, 1.0], [2.94921875, 1.0], [2.951171875, 1.0], [2.953125, 1.0], [2.955078125, 1.0], [2.95703125, 1.0], [2.958984375, 1.0], [2.9609375, 1.0], [2.962890625, 1.0], [2.96484375, 1.0], [2.966796875, 1.0], [2.96875, 1.0], [2.970703125, 1.0], [2.97265625, 1.0], [2.974609375, 1.0], [2.9765625, 1.0], [2.978515625, 1.0], [2.98046875, 1.0], [2.982421875, 1.0], [2.984375, 1.0], [2.986328125, 1.0], [2.98828125, 1.0], [2.990234375, 1.0], [2.9921875, 1.0], [2.994140625, 1.0], [2.99609375, 1.0], [2.998046875, 1.0], [3.0, 1.0], [3.0, 1.001953125], [3.0, 1.00390625], [3.0, 1.005859375], [3.0, 1.0078125], [3.0, 1.009765625], [3.0, 1.01171875], [3.0, 1.013671875], [3.0, 1.015625], [3.0, 1.017578125], [3.0, 1.01953125], [3.0, 1.021484375], [3.0, 1.0234375], [3.0, 1.025390625], [3.0, 1.02734375], [3.0, 1.029296875], [3.0, 1.03125], [3.0, 1.033203125], [3.0, 1.03515625], [3.0, 1.037109375], [3.0, 1.0390625], [3.0, 1.041015625], [3.0, 1.04296875], [3.0, 1.044921875], [3.0, 1.046875], [3.0, 1.048828125], [3.0, 1.05078125], [3.0, 1.052734375], [3.0, 1.0546875], [3.0, 1.056640625], [3.0, 1.05859375], [3.0, 1.060546875], [3.0, 1.0625], [3.0, 1.064453125], [3.0, 1.06640625], [3.0, 1.068359375], [3.0, 1.0703125], [3.0, 1.072265625], [3.0, 1.07421875], [3.0, 1.076171875], [3.0, 1.078125], [3.0, 1.080078125], [3.0, 1.08203125], [3.0, 1.083984375], [3.0, 1.0859375], [3.0, 1.087890625], [3.0, 1.08984375], [3.0, 1.091796875], [3.0, 1.09375], [3.0, 1.095703125], [3.0, 1.09765625], [3.0, 1.099609375], [3.0, 1.1015625], [3.0, 1.103515625], [3.0, 1.10546875], [3.0, 1.107421875], [3.0, 1.109375], [3.0, 1.111328125], [3.0, 1.11328125], [3.0, 1.115234375], [3.0, 1.1171875], [3.0, 1.119140625], [3.0, 1.12109375], [3.0, 1.123046875], [3.0, 1.125], [3.0, 1.126953125], [3.0, 1.12890625], [3.0, 1.130859375], [3.0, 1.1328125], [3.0, 1.134765625], [3.0, 1.13671875], [3.0, 1.138671875], [3.0, 1.140625], [3.0, 1.142578125], [3.0, 1.14453125], [3.0, 1.146484375], [3.0, 1.1484375], [3.0, 1.150390625], [3.0, 1.15234375], [3.0, 1.154296875], [3.0, 1.15625], [3.0, 1.158203125], [3.0, 1.16015625], [3.0, 1.162109375], [3.0, 1.1640625], [3.0, 1.166015625], [3.0, 1.16796875], [3.0, 1.169921875], [3.0, 1.171875], [3.0, 1.173828125], [3.0, 1.17578125], [3.0, 1.177734375], [3.0, 1.1796875], [3.0, 1.181640625], [3.0, 1.18359375], [3.0, 1.185546875], [3.0, 1.1875], [3.0, 1.189453125], [3.0, 1.19140625], [3.0, 1.193359375], [3.0, 1.1953125], [3.0, 1.197265625], [3.0, 1.19921875], [3.0, 1.201171875], [3.0, 1.203125], [3.0, 1.205078125], [3.0, 1.20703125], [3.0, 1.208984375], [3.0, 1.2109375], [3.0, 1.212890625], [3.0, 1.21484375], [3.0, 1.216796875], [3.0, 1.21875], [3.0, 1.220703125], [3.0, 1.22265625], [3.0, 1.224609375], [3.0, 1.2265625], [3.0, 1.228515625], [3.0, 1.23046875], [3.0, 1.232421875], [3.0, 1.234375], [3.0, 1.236328125], [3.0, 1.23828125], [3.0, 1.240234375], [3.0, 1.2421875], [3.0, 1.244140625], [3.0, 1.24609375], [3.0, 1.248046875], [3.0, 1.25], [3.0, 1.251953125], [3.0, 1.25390625], [3.0, 1.255859375], [3.0, 1.2578125], [3.0, 1.259765625], [3.0, 1.26171875], [3.0, 1.263671875], [3.0, 1.265625], [3.0, 1.267578125], [3.0, 1.26953125], [3.0, 1.271484375], [3.0, 1.2734375], [3.0, 1.275390625], [3.0, 1.27734375], [3.0, 1.279296875], [3.0, 1.28125], [3.0, 1.283203125], [3.0, 1.28515625], [3.0, 1.287109375], [3.0, 1.2890625], [3.0, 1.291015625], [3.0, 1.29296875], [3.0, 1.294921875], [3.0, 1.296875], [3.0, 1.298828125], [3.0, 1.30078125], [3.0, 1.302734375], [3.0, 1.3046875], [3.0, 1.306640625], [3.0, 1.30859375], [3.0, 1.310546875], [3.0, 1.3125], [3.0, 1.314453125], [3.0, 1.31640625], [3.0, 1.318359375], [3.0, 1.3203125], [3.0, 1.322265625], [3.0, 1.32421875], [3.0, 1.326171875], [3.0, 1.328125], [3.0, 1.330078125], [3.0, 1.33203125], [3.0, 1.333984375], [3.0, 1.3359375], [3.0, 1.337890625], [3.0, 1.33984375], [3.0, 1.341796875], [3.0, 1.34375], [3.0, 1.345703125], [3.0, 1.34765625], [3.0, 1.349609375], [3.0, 1.3515625], [3.0, 1.353515625], [3.0, 1.35546875], [3.0, 1.357421875], [3.0, 1.359375], [3.0, 1.361328125], [3.0, 1.36328125], [3.0, 1.365234375], [3.0, 1.3671875], [3.0, 1.369140625], [3.0, 1.37109375], [3.0, 1.373046875], [3.0, 1.375], [3.0, 1.376953125], [3.0, 1.37890625], [3.0, 1.380859375], [3.0, 1.3828125], [3.0, 1.384765625], [3.0, 1.38671875], [3.0, 1.388671875], [3.0, 1.390625], [3.0, 1.392578125], [3.0, 1.39453125], [3.0, 1.396484375], [3.0, 1.3984375], [3.0, 1.400390625], [3.0, 1.40234375], [3.0, 1.404296875], [3.0, 1.40625], [3.0, 1.408203125], [3.0, 1.41015625], [3.0, 1.412109375], [3.0, 1.4140625], [3.0, 1.416015625], [3.0, 1.41796875], [3.0, 1.419921875], [3.0, 1.421875], [3.0, 1.423828125], [3.0, 1.42578125], [3.0, 1.427734375], [3.0, 1.4296875], [3.0, 1.431640625], [3.0, 1.43359375], [3.0, 1.435546875], [3.0, 1.4375], [3.0, 1.439453125], [3.0, 1.44140625], [3.0, 1.443359375], [3.0, 1.4453125], [3.0, 1.447265625], [3.0, 1.44921875], [3.0, 1.451171875], [3.0, 1.453125], [3.0, 1.455078125], [3.0, 1.45703125], [3.0, 1.458984375], [3.0, 1.4609375], [3.0, 1.462890625], [3.0, 1.46484375], [3.0, 1.466796875], [3.0, 1.46875], [3.0, 1.470703125], [3.0, 1.47265625], [3.0, 1.474609375], [3.0, 1.4765625], [3.0, 1.478515625], [3.0, 1.48046875], [3.0, 1.482421875], [3.0, 1.484375], [3.0, 1.486328125], [3.0, 1.48828125], [3.0, 1.490234375], [3.0, 1.4921875], [3.0, 1.494140625], [3.0, 1.49609375], [3.0, 1.498046875], [3.0, 1.5], [3.0, 1.501953125], [3.0, 1.50390625], [3.0, 1.505859375], [3.0, 1.5078125], [3.0, 1.509765625], [3.0, 1.51171875], [3.0, 1.513671875], [3.0, 1.515625], [3.0, 1.517578125], [3.0, 1.51953125], [3.0, 1.521484375], [3.0, 1.5234375], [3.0, 1.525390625], [3.0, 1.52734375], [3.0, 1.529296875], [3.0, 1.53125], [3.0, 1.533203125], [3.0, 1.53515625], [3.0, 1.537109375], [3.0, 1.5390625], [3.0, 1.541015625], [3.0, 1.54296875], [3.0, 1.544921875], [3.0, 1.546875], [3.0, 1.548828125], [3.0, 1.55078125], [3.0, 1.552734375], [3.0, 1.5546875], [3.0, 1.556640625], [3.0, 1.55859375], [3.0, 1.560546875], [3.0, 1.5625], [3.0, 1.564453125], [3.0, 1.56640625], [3.0, 1.568359375], [3.0, 1.5703125], [3.0, 1.572265625], [3.0, 1.57421875], [3.0, 1.576171875], [3.0, 1.578125], [3.0, 1.580078125], [3.0, 1.58203125], [3.0, 1.583984375], [3.0, 1.5859375], [3.0, 1.587890625], [3.0, 1.58984375], [3.0, 1.591796875], [3.0, 1.59375], [3.0, 1.595703125], [3.0, 1.59765625], [3.0, 1.599609375], [3.0, 1.6015625], [3.0, 1.603515625], [3.0, 1.60546875], [3.0, 1.607421875], [3.0, 1.609375], [3.0, 1.611328125], [3.0, 1.61328125], [3.0, 1.615234375], [3.0, 1.6171875], [3.0, 1.619140625], [3.0, 1.62109375], [3.0, 1.623046875], [3.0, 1.625], [3.0, 1.626953125], [3.0, 1.62890625], [3.0, 1.630859375], [3.0, 1.6328125], [3.0, 1.634765625], [3.0, 1.63671875], [3.0, 1.638671875], [3.0, 1.640625], [3.0, 1.642578125], [3.0, 1.64453125], [3.0, 1.646484375], [3.0, 1.6484375], [3.0, 1.650390625], [3.0, 1.65234375], [3.0, 1.654296875], [3.0, 1.65625], [3.0, 1.658203125], [3.0, 1.66015625], [3.0, 1.662109375], [3.0, 1.6640625], [3.0, 1.666015625], [3.0, 1.66796875], [3.0, 1.669921875], [3.0, 1.671875], [3.0, 1.673828125], [3.0, 1.67578125], [3.0, 1.677734375], [3.0, 1.6796875], [3.0, 1.681640625], [3.0, 1.68359375], [3.0, 1.685546875], [3.0, 1.6875], [3.0, 1.689453125], [3.0, 1.69140625], [3.0, 1.693359375], [3.0, 1.6953125], [3.0, 1.697265625], [3.0, 1.69921875], [3.0, 1.701171875], [3.0, 1.703125], [3.0, 1.705078125], [3.0, 1.70703125], [3.0, 1.708984375], [3.0, 1.7109375], [3.0, 1.712890625], [3.0, 1.71484375], [3.0, 1.716796875], [3.0, 1.71875], [3.0, 1.720703125], [3.0, 1.72265625], [3.0, 1.724609375], [3.0, 1.7265625], [3.0, 1.728515625], [3.0, 1.73046875], [3.0, 1.732421875], [3.0, 1.734375], [3.0, 1.736328125], [3.0, 1.73828125], [3.0, 1.740234375], [3.0, 1.7421875], [3.0, 1.744140625], [3.0, 1.74609375], [3.0, 1.748046875], [3.0, 1.75], [3.0, 1.751953125], [3.0, 1.75390625], [3.0, 1.755859375], [3.0, 1.7578125], [3.0, 1.759765625], [3.0, 1.76171875], [3.0, 1.763671875], [3.0, 1.765625], [3.0, 1.767578125], [3.0, 1.76953125], [3.0, 1.771484375], [3.0, 1.7734375], [3.0, 1.775390625], [3.0, 1.77734375], [3.0, 1.779296875], [3.0, 1.78125], [3.0, 1.783203125], [3.0, 1.78515625], [3.0, 1.787109375], [3.0, 1.7890625], [3.0, 1.791015625], [3.0, 1.79296875], [3.0, 1.794921875], [3.0, 1.796875], [3.0, 1.798828125], [3.0, 1.80078125], [3.0, 1.802734375], [3.0, 1.8046875], [3.0, 1.806640625], [3.0, 1.80859375], [3.0, 1.810546875], [3.0, 1.8125], [3.0, 1.814453125], [3.0, 1.81640625], [3.0, 1.818359375], [3.0, 1.8203125], [3.0, 1.822265625], [3.0, 1.82421875], [3.0, 1.826171875], [3.0, 1.828125], [3.0, 1.830078125], [3.0, 1.83203125], [3.0, 1.833984375], [3.0, 1.8359375], [3.0, 1.837890625], [3.0, 1.83984375], [3.0, 1.841796875], [3.0, 1.84375], [3.0, 1.845703125], [3.0, 1.84765625], [3.0, 1.849609375], [3.0, 1.8515625], [3.0, 1.853515625], [3.0, 1.85546875], [3.0, 1.857421875], [3.0, 1.859375], [3.0, 1.861328125], [3.0, 1.86328125], [3.0, 1.865234375], [3.0, 1.8671875], [3.0, 1.869140625], [3.0, 1.87109375], [3.0, 1.873046875], [3.0, 1.875], [3.0, 1.876953125], [3.0, 1.87890625], [3.0, 1.880859375], [3.0, 1.8828125], [3.0, 1.884765625], [3.0, 1.88671875], [3.0, 1.888671875], [3.0, 1.890625], [3.0, 1.892578125], [3.0, 1.89453125], [3.0, 1.896484375], [3.0, 1.8984375], [3.0, 1.900390625], [3.0, 1.90234375], [3.0, 1.904296875], [3.0, 1.90625], [3.0, 1.908203125], [3.0, 1.91015625], [3.0, 1.912109375], [3.0, 1.9140625], [3.0, 1.916015625], [3.0, 1.91796875], [3.0, 1.919921875], [3.0, 1.921875], [3.0, 1.923828125], [3.0, 1.92578125], [3.0, 1.927734375], [3.0, 1.9296875], [3.0, 1.931640625], [3.0, 1.93359375], [3.0, 1.935546875], [3.0, 1.9375], [3.0, 1.939453125], [3.0, 1.94140625], [3.0, 1.943359375], [3.0, 1.9453125], [3.0, 1.947265625], [3.0, 1.94921875], [3.0, 1.951171875], [3.0, 1.953125], [3.0, 1.955078125], [3.0, 1.95703125], [3.0, 1.958984375], [3.0, 1.9609375], [3.0, 1.962890625], [3.0, 1.96484375], [3.0, 1.966796875], [3.0, 1.96875], [3.0, 1.970703125], [3.0, 1.97265625], [3.0, 1.974609375], [3.0, 1.9765625], [3.0, 1.978515625], [3.0, 1.98046875], [3.0, 1.982421875], [3.0, 1.984375], [3.0, 1.986328125], [3.0, 1.98828125], [3.0, 1.990234375], [3.0, 1.9921875], [3.0, 1.994140625], [3.0, 1.99609375], [3.0, 1.998046875], [3.0, 2.0], [2.998046875, 2.0], [2.99609375, 2.0], [2.994140625, 2.0], [2.9921875, 2.0], [2.990234375, 2.0], [2.98828125, 2.0], [2.986328125, 2.0], [2.984375, 2.0], [2.982421875, 2.0], [2.98046875, 2.0], [2.978515625, 2.0], [2.9765625, 2.0], [2.974609375, 2.0], [2.97265625, 2.0], [2.970703125, 2.0], [2.96875, 2.0], [2.966796875, 2.0], [2.96484375, 2.0], [2.962890625, 2.0], [2.9609375, 2.0], [2.958984375, 2.0], [2.95703125, 2.0], [2.955078125, 2.0], [2.953125, 2.0], [2.951171875, 2.0], [2.94921875, 2.0], [2.947265625, 2.0], [2.9453125, 2.0], [2.943359375, 2.0], [2.94140625, 2.0], [2.939453125, 2.0], [2.9375, 2.0], [2.935546875, 2.0], [2.93359375, 2.0], [2.931640625, 2.0], [2.9296875, 2.0], [2.927734375, 2.0], [2.92578125, 2.0], [2.923828125, 2.0], [2.921875, 2.0], [2.919921875, 2.0], [2.91796875, 2.0], [2.916015625, 2.0], [2.9140625, 2.0], [2.912109375, 2.0], [2.91015625, 2.0], [2.908203125, 2.0], [2.90625, 2.0], [2.904296875, 2.0], [2.90234375, 2.0], [2.900390625, 2.0], [2.8984375, 2.0], [2.896484375, 2.0], [2.89453125, 2.0], [2.892578125, 2.0], [2.890625, 2.0], [2.888671875, 2.0], [2.88671875, 2.0], [2.884765625, 2.0], [2.8828125, 2.0], [2.880859375, 2.0], [2.87890625, 2.0], [2.876953125, 2.0], [2.875, 2.0], [2.873046875, 2.0], [2.87109375, 2.0], [2.869140625, 2.0], [2.8671875, 2.0], [2.865234375, 2.0], [2.86328125, 2.0], [2.861328125, 2.0], [2.859375, 2.0], [2.857421875, 2.0], [2.85546875, 2.0], [2.853515625, 2.0], [2.8515625, 2.0], [2.849609375, 2.0], [2.84765625, 2.0], [2.845703125, 2.0], [2.84375, 2.0], [2.841796875, 2.0], [2.83984375, 2.0], [2.837890625, 2.0], [2.8359375, 2.0], [2.833984375, 2.0], [2.83203125, 2.0], [2.830078125, 2.0], [2.828125, 2.0], [2.826171875, 2.0], [2.82421875, 2.0], [2.822265625, 2.0], [2.8203125, 2.0], [2.818359375, 2.0], [2.81640625, 2.0], [2.814453125, 2.0], [2.8125, 2.0], [2.810546875, 2.0], [2.80859375, 2.0], [2.806640625, 2.0], [2.8046875, 2.0], [2.802734375, 2.0], [2.80078125, 2.0], [2.798828125, 2.0], [2.796875, 2.0], [2.794921875, 2.0], [2.79296875, 2.0], [2.791015625, 2.0], [2.7890625, 2.0], [2.787109375, 2.0], [2.78515625, 2.0], [2.783203125, 2.0], [2.78125, 2.0], [2.779296875, 2.0], [2.77734375, 2.0], [2.775390625, 2.0], [2.7734375, 2.0], [2.771484375, 2.0], [2.76953125, 2.0], [2.767578125, 2.0], [2.765625, 2.0], [2.763671875, 2.0], [2.76171875, 2.0], [2.759765625, 2.0], [2.7578125, 2.0], [2.755859375, 2.0], [2.75390625, 2.0], [2.751953125, 2.0], [2.75, 2.0], [2.748046875, 2.0], [2.74609375, 2.0], [2.744140625, 2.0], [2.7421875, 2.0], [2.740234375, 2.0], [2.73828125, 2.0], [2.736328125, 2.0], [2.734375, 2.0], [2.732421875, 2.0], [2.73046875, 2.0], [2.728515625, 2.0], [2.7265625, 2.0], [2.724609375, 2.0], [2.72265625, 2.0], [2.720703125, 2.0], [2.71875, 2.0], [2.716796875, 2.0], [2.71484375, 2.0], [2.712890625, 2.0], [2.7109375, 2.0], [2.708984375, 2.0], [2.70703125, 2.0], [2.705078125, 2.0], [2.703125, 2.0], [2.701171875, 2.0], [2.69921875, 2.0], [2.697265625, 2.0], [2.6953125, 2.0], [2.693359375, 2.0], [2.69140625, 2.0], [2.689453125, 2.0], [2.6875, 2.0], [2.685546875, 2.0], [2.68359375, 2.0], [2.681640625, 2.0], [2.6796875, 2.0], [2.677734375, 2.0], [2.67578125, 2.0], [2.673828125, 2.0], [2.671875, 2.0], [2.669921875, 2.0], [2.66796875, 2.0], [2.666015625, 2.0], [2.6640625, 2.0], [2.662109375, 2.0], [2.66015625, 2.0], [2.658203125, 2.0], [2.65625, 2.0], [2.654296875, 2.0], [2.65234375, 2.0], [2.650390625, 2.0], [2.6484375, 2.0], [2.646484375, 2.0], [2.64453125, 2.0], [2.642578125, 2.0], [2.640625, 2.0], [2.638671875, 2.0], [2.63671875, 2.0], [2.634765625, 2.0], [2.6328125, 2.0], [2.630859375, 2.0], [2.62890625, 2.0], [2.626953125, 2.0], [2.625, 2.0], [2.623046875, 2.0], [2.62109375, 2.0], [2.619140625, 2.0], [2.6171875, 2.0], [2.615234375, 2.0], [2.61328125, 2.0], [2.611328125, 2.0], [2.609375, 2.0], [2.607421875, 2.0], [2.60546875, 2.0], [2.603515625, 2.0], [2.6015625, 2.0], [2.599609375, 2.0], [2.59765625, 2.0], [2.595703125, 2.0], [2.59375, 2.0], [2.591796875, 2.0], [2.58984375, 2.0], [2.587890625, 2.0], [2.5859375, 2.0], [2.583984375, 2.0], [2.58203125, 2.0], [2.580078125, 2.0], [2.578125, 2.0], [2.576171875, 2.0], [2.57421875, 2.0], [2.572265625, 2.0], [2.5703125, 2.0], [2.568359375, 2.0], [2.56640625, 2.0], [2.564453125, 2.0], [2.5625, 2.0], [2.560546875, 2.0], [2.55859375, 2.0], [2.556640625, 2.0], [2.5546875, 2.0], [2.552734375, 2.0], [2.55078125, 2.0], [2.548828125, 2.0], [2.546875, 2.0], [2.544921875, 2.0], [2.54296875, 2.0], [2.541015625, 2.0], [2.5390625, 2.0], [2.537109375, 2.0], [2.53515625, 2.0], [2.533203125, 2.0], [2.53125, 2.0], [2.529296875, 2.0], [2.52734375, 2.0], [2.525390625, 2.0], [2.5234375, 2.0], [2.521484375, 2.0], [2.51953125, 2.0], [2.517578125, 2.0], [2.515625, 2.0], [2.513671875, 2.0], [2.51171875, 2.0], [2.509765625, 2.0], [2.5078125, 2.0], [2.505859375, 2.0], [2.50390625, 2.0], [2.501953125, 2.0], [2.5, 2.0], [2.498046875, 2.0], [2.49609375, 2.0], [2.494140625, 2.0], [2.4921875, 2.0], [2.490234375, 2.0], [2.48828125, 2.0], [2.486328125, 2.0], [2.484375, 2.0], [2.482421875, 2.0], [2.48046875, 2.0], [2.478515625, 2.0], [2.4765625, 2.0], [2.474609375, 2.0], [2.47265625, 2.0], [2.470703125, 2.0], [2.46875, 2.0], [2.466796875, 2.0], [2.46484375, 2.0], [2.462890625, 2.0], [2.4609375, 2.0], [2.458984375, 2.0], [2.45703125, 2.0], [2.455078125, 2.0], [2.453125, 2.0], [2.451171875, 2.0], [2.44921875, 2.0], [2.447265625, 2.0], [2.4453125, 2.0], [2.443359375, 2.0], [2.44140625, 2.0], [2.439453125, 2.0], [2.4375, 2.0], [2.435546875, 2.0], [2.43359375, 2.0], [2.431640625, 2.0], [2.4296875, 2.0], [2.427734375, 2.0], [2.42578125, 2.0], [2.423828125, 2.0], [2.421875, 2.0], [2.419921875, 2.0], [2.41796875, 2.0], [2.416015625, 2.0], [2.4140625, 2.0], [2.412109375, 2.0], [2.41015625, 2.0], [2.408203125, 2.0], [2.40625, 2.0], [2.404296875, 2.0], [2.40234375, 2.0], [2.400390625, 2.0], [2.3984375, 2.0], [2.396484375, 2.0], [2.39453125, 2.0], [2.392578125, 2.0], [2.390625, 2.0], [2.388671875, 2.0], [2.38671875, 2.0], [2.384765625, 2.0], [2.3828125, 2.0], [2.380859375, 2.0], [2.37890625, 2.0], [2.376953125, 2.0], [2.375, 2.0], [2.373046875, 2.0], [2.37109375, 2.0], [2.369140625, 2.0], [2.3671875, 2.0], [2.365234375, 2.0], [2.36328125, 2.0], [2.361328125, 2.0], [2.359375, 2.0], [2.357421875, 2.0], [2.35546875, 2.0], [2.353515625, 2.0], [2.3515625, 2.0], [2.349609375, 2.0], [2.34765625, 2.0], [2.345703125, 2.0], [2.34375, 2.0], [2.341796875, 2.0], [2.33984375, 2.0], [2.337890625, 2.0], [2.3359375, 2.0], [2.333984375, 2.0], [2.33203125, 2.0], [2.330078125, 2.0], [2.328125, 2.0], [2.326171875, 2.0], [2.32421875, 2.0], [2.322265625, 2.0], [2.3203125, 2.0], [2.318359375, 2.0], [2.31640625, 2.0], [2.314453125, 2.0], [2.3125, 2.0], [2.310546875, 2.0], [2.30859375, 2.0], [2.306640625, 2.0], [2.3046875, 2.0], [2.302734375, 2.0], [2.30078125, 2.0], [2.298828125, 2.0], [2.296875, 2.0], [2.294921875, 2.0], [2.29296875, 2.0], [2.291015625, 2.0], [2.2890625, 2.0], [2.287109375, 2.0], [2.28515625, 2.0], [2.283203125, 2.0], [2.28125, 2.0], [2.279296875, 2.0], [2.27734375, 2.0], [2.275390625, 2.0], [2.2734375, 2.0], [2.271484375, 2.0], [2.26953125, 2.0], [2.267578125, 2.0], [2.265625, 2.0], [2.263671875, 2.0], [2.26171875, 2.0], [2.259765625, 2.0], [2.2578125, 2.0], [2.255859375, 2.0], [2.25390625, 2.0], [2.251953125, 2.0], [2.25, 2.0], [2.248046875, 2.0], [2.24609375, 2.0], [2.244140625, 2.0], [2.2421875, 2.0], [2.240234375, 2.0], [2.23828125, 2.0], [2.236328125, 2.0], [2.234375, 2.0], [2.232421875, 2.0], [2.23046875, 2.0], [2.228515625, 2.0], [2.2265625, 2.0], [2.224609375, 2.0], [2.22265625, 2.0], [2.220703125, 2.0], [2.21875, 2.0], [2.216796875, 2.0], [2.21484375, 2.0], [2.212890625, 2.0], [2.2109375, 2.0], [2.208984375, 2.0], [2.20703125, 2.0], [2.205078125, 2.0], [2.203125, 2.0], [2.201171875, 2.0], [2.19921875, 2.0], [2.197265625, 2.0], [2.1953125, 2.0], [2.193359375, 2.0], [2.19140625, 2.0], [2.189453125, 2.0], [2.1875, 2.0], [2.185546875, 2.0], [2.18359375, 2.0], [2.181640625, 2.0], [2.1796875, 2.0], [2.177734375, 2.0], [2.17578125, 2.0], [2.173828125, 2.0], [2.171875, 2.0], [2.169921875, 2.0], [2.16796875, 2.0], [2.166015625, 2.0], [2.1640625, 2.0], [2.162109375, 2.0], [2.16015625, 2.0], [2.158203125, 2.0], [2.15625, 2.0], [2.154296875, 2.0], [2.15234375, 2.0], [2.150390625, 2.0], [2.1484375, 2.0], [2.146484375, 2.0], [2.14453125, 2.0], [2.142578125, 2.0], [2.140625, 2.0], [2.138671875, 2.0], [2.13671875, 2.0], [2.134765625, 2.0], [2.1328125, 2.0], [2.130859375, 2.0], [2.12890625, 2.0], [2.126953125, 2.0], [2.125, 2.0], [2.123046875, 2.0], [2.12109375, 2.0], [2.119140625, 2.0], [2.1171875, 2.0], [2.115234375, 2.0], [2.11328125, 2.0], [2.111328125, 2.0], [2.109375, 2.0], [2.107421875, 2.0], [2.10546875, 2.0], [2.103515625, 2.0], [2.1015625, 2.0], [2.099609375, 2.0], [2.09765625, 2.0], [2.095703125, 2.0], [2.09375, 2.0], [2.091796875, 2.0], [2.08984375, 2.0], [2.087890625, 2.0], [2.0859375, 2.0], [2.083984375, 2.0], [2.08203125, 2.0], [2.080078125, 2.0], [2.078125, 2.0], [2.076171875, 2.0], [2.07421875, 2.0], [2.072265625, 2.0], [2.0703125, 2.0], [2.068359375, 2.0], [2.06640625, 2.0], [2.064453125, 2.0], [2.0625, 2.0], [2.060546875, 2.0], [2.05859375, 2.0], [2.056640625, 2.0], [2.0546875, 2.0], [2.052734375, 2.0], [2.05078125, 2.0], [2.048828125, 2.0], [2.046875, 2.0], [2.044921875, 2.0], [2.04296875, 2.0], [2.041015625, 2.0], [2.0390625, 2.0], [2.037109375, 2.0], [2.03515625, 2.0], [2.033203125, 2.0], [2.03125, 2.0], [2.029296875, 2.0], [2.02734375, 2.0], [2.025390625, 2.0], [2.0234375, 2.0], [2.021484375, 2.0], [2.01953125, 2.0], [2.017578125, 2.0], [2.015625, 2.0], [2.013671875, 2.0], [2.01171875, 2.0], [2.009765625, 2.0], [2.0078125, 2.0], [2.005859375, 2.0], [2.00390625, 2.0], [2.001953125, 2.0], [2.0, 2.0], [2.0, 1.998046875], [2.0, 1.99609375], [2.0, 1.994140625], [2.0, 1.9921875], [2.0, 1.990234375], [2.0, 1.98828125], [2.0, 1.986328125], [2.0, 1.984375], [2.0, 1.982421875], [2.0, 1.98046875], [2.0, 1.978515625], [2.0, 1.9765625], [2.0, 1.974609375], [2.0, 1.97265625], [2.0, 1.970703125], [2.0, 1.96875], [2.0, 1.966796875], [2.0, 1.96484375], [2.0, 1.962890625], [2.0, 1.9609375], [2.0, 1.958984375], [2.0, 1.95703125], [2.0, 1.955078125], [2.0, 1.953125], [2.0, 1.951171875], [2.0, 1.94921875], [2.0, 1.947265625], [2.0, 1.9453125], [2.0, 1.943359375], [2.0, 1.94140625], [2.0, 1.939453125], [2.0, 1.9375], [2.0, 1.935546875], [2.0, 1.93359375], [2.0, 1.931640625], [2.0, 1.9296875], [2.0, 1.927734375], [2.0, 1.92578125], [2.0, 1.923828125], [2.0, 1.921875], [2.0, 1.919921875], [2.0, 1.91796875], [2.0, 1.916015625], [2.0, 1.9140625], [2.0, 1.912109375], [2.0, 1.91015625], [2.0, 1.908203125], [2.0, 1.90625], [2.0, 1.904296875], [2.0, 1.90234375], [2.0, 1.900390625], [2.0, 1.8984375], [2.0, 1.896484375], [2.0, 1.89453125], [2.0, 1.892578125], [2.0, 1.890625], [2.0, 1.888671875], [2.0, 1.88671875], [2.0, 1.884765625], [2.0, 1.8828125], [2.0, 1.880859375], [2.0, 1.87890625], [2.0, 1.876953125], [2.0, 1.875], [2.0, 1.873046875], [2.0, 1.87109375], [2.0, 1.869140625], [2.0, 1.8671875], [2.0, 1.865234375], [2.0, 1.86328125], [2.0, 1.861328125], [2.0, 1.859375], [2.0, 1.857421875], [2.0, 1.85546875], [2.0, 1.853515625], [2.0, 1.8515625], [2.0, 1.849609375], [2.0, 1.84765625], [2.0, 1.845703125], [2.0, 1.84375], [2.0, 1.841796875], [2.0, 1.83984375], [2.0, 1.837890625], [2.0, 1.8359375], [2.0, 1.833984375], [2.0, 1.83203125], [2.0, 1.830078125], [2.0, 1.828125], [2.0, 1.826171875], [2.0, 1.82421875], [2.0, 1.822265625], [2.0, 1.8203125], [2.0, 1.818359375], [2.0, 1.81640625], [2.0, 1.814453125], [2.0, 1.8125], [2.0, 1.810546875], [2.0, 1.80859375], [2.0, 1.806640625], [2.0, 1.8046875], [2.0, 1.802734375], [2.0, 1.80078125], [2.0, 1.798828125], [2.0, 1.796875], [2.0, 1.794921875], [2.0, 1.79296875], [2.0, 1.791015625], [2.0, 1.7890625], [2.0, 1.787109375], [2.0, 1.78515625], [2.0, 1.783203125], [2.0, 1.78125], [2.0, 1.779296875], [2.0, 1.77734375], [2.0, 1.775390625], [2.0, 1.7734375], [2.0, 1.771484375], [2.0, 1.76953125], [2.0, 1.767578125], [2.0, 1.765625], [2.0, 1.763671875], [2.0, 1.76171875], [2.0, 1.759765625], [2.0, 1.7578125], [2.0, 1.755859375], [2.0, 1.75390625], [2.0, 1.751953125], [2.0, 1.75], [2.0, 1.748046875], [2.0, 1.74609375], [2.0, 1.744140625], [2.0, 1.7421875], [2.0, 1.740234375], [2.0, 1.73828125], [2.0, 1.736328125], [2.0, 1.734375], [2.0, 1.732421875], [2.0, 1.73046875], [2.0, 1.728515625], [2.0, 1.7265625], [2.0, 1.724609375], [2.0, 1.72265625], [2.0, 1.720703125], [2.0, 1.71875], [2.0, 1.716796875], [2.0, 1.71484375], [2.0, 1.712890625], [2.0, 1.7109375], [2.0, 1.708984375], [2.0, 1.70703125], [2.0, 1.705078125], [2.0, 1.703125], [2.0, 1.701171875], [2.0, 1.69921875], [2.0, 1.697265625], [2.0, 1.6953125], [2.0, 1.693359375], [2.0, 1.69140625], [2.0, 1.689453125], [2.0, 1.6875], [2.0, 1.685546875], [2.0, 1.68359375], [2.0, 1.681640625], [2.0, 1.6796875], [2.0, 1.677734375], [2.0, 1.67578125], [2.0, 1.673828125], [2.0, 1.671875], [2.0, 1.669921875], [2.0, 1.66796875], [2.0, 1.666015625], [2.0, 1.6640625], [2.0, 1.662109375], [2.0, 1.66015625], [2.0, 1.658203125], [2.0, 1.65625], [2.0, 1.654296875], [2.0, 1.65234375], [2.0, 1.650390625], [2.0, 1.6484375], [2.0, 1.646484375], [2.0, 1.64453125], [2.0, 1.642578125], [2.0, 1.640625], [2.0, 1.638671875], [2.0, 1.63671875], [2.0, 1.634765625], [2.0, 1.6328125], [2.0, 1.630859375], [2.0, 1.62890625], [2.0, 1.626953125], [2.0, 1.625], [2.0, 1.623046875], [2.0, 1.62109375], [2.0, 1.619140625], [2.0, 1.6171875], [2.0, 1.615234375], [2.0, 1.61328125], [2.0, 1.611328125], [2.0, 1.609375], [2.0, 1.607421875], [2.0, 1.60546875], [2.0, 1.603515625], [2.0, 1.6015625], [2.0, 1.599609375], [2.0, 1.59765625], [2.0, 1.595703125], [2.0, 1.59375], [2.0, 1.591796875], [2.0, 1.58984375], [2.0, 1.587890625], [2.0, 1.5859375], [2.0, 1.583984375], [2.0, 1.58203125], [2.0, 1.580078125], [2.0, 1.578125], [2.0, 1.576171875], [2.0, 1.57421875], [2.0, 1.572265625], [2.0, 1.5703125], [2.0, 1.568359375], [2.0, 1.56640625], [2.0, 1.564453125], [2.0, 1.5625], [2.0, 1.560546875], [2.0, 1.55859375], [2.0, 1.556640625], [2.0, 1.5546875], [2.0, 1.552734375], [2.0, 1.55078125], [2.0, 1.548828125], [2.0, 1.546875], [2.0, 1.544921875], [2.0, 1.54296875], [2.0, 1.541015625], [2.0, 1.5390625], [2.0, 1.537109375], [2.0, 1.53515625], [2.0, 1.533203125], [2.0, 1.53125], [2.0, 1.529296875], [2.0, 1.52734375], [2.0, 1.525390625], [2.0, 1.5234375], [2.0, 1.521484375], [2.0, 1.51953125], [2.0, 1.517578125], [2.0, 1.515625], [2.0, 1.513671875], [2.0, 1.51171875], [2.0, 1.509765625], [2.0, 1.5078125], [2.0, 1.505859375], [2.0, 1.50390625], [2.0, 1.501953125], [2.0, 1.5], [2.0, 1.498046875], [2.0, 1.49609375], [2.0, 1.494140625], [2.0, 1.4921875], [2.0, 1.490234375], [2.0, 1.48828125], [2.0, 1.486328125], [2.0, 1.484375], [2.0, 1.482421875], [2.0, 1.48046875], [2.0, 1.478515625], [2.0, 1.4765625], [2.0, 1.474609375], [2.0, 1.47265625], [2.0, 1.470703125], [2.0, 1.46875], [2.0, 1.466796875], [2.0, 1.46484375], [2.0, 1.462890625], [2.0, 1.4609375], [2.0, 1.458984375], [2.0, 1.45703125], [2.0, 1.455078125], [2.0, 1.453125], [2.0, 1.451171875], [2.0, 1.44921875], [2.0, 1.447265625], [2.0, 1.4453125], [2.0, 1.443359375], [2.0, 1.44140625], [2.0, 1.439453125], [2.0, 1.4375], [2.0, 1.435546875], [2.0, 1.43359375], [2.0, 1.431640625], [2.0, 1.4296875], [2.0, 1.427734375], [2.0, 1.42578125], [2.0, 1.423828125], [2.0, 1.421875], [2.0, 1.419921875], [2.0, 1.41796875], [2.0, 1.416015625], [2.0, 1.4140625], [2.0, 1.412109375], [2.0, 1.41015625], [2.0, 1.408203125], [2.0, 1.40625], [2.0, 1.404296875], [2.0, 1.40234375], [2.0, 1.400390625], [2.0, 1.3984375], [2.0, 1.396484375], [2.0, 1.39453125], [2.0, 1.392578125], [2.0, 1.390625], [2.0, 1.388671875], [2.0, 1.38671875], [2.0, 1.384765625], [2.0, 1.3828125], [2.0, 1.380859375], [2.0, 1.37890625], [2.0, 1.376953125], [2.0, 1.375], [2.0, 1.373046875], [2.0, 1.37109375], [2.0, 1.369140625], [2.0, 1.3671875], [2.0, 1.365234375], [2.0, 1.36328125], [2.0, 1.361328125], [2.0, 1.359375], [2.0, 1.357421875], [2.0, 1.35546875], [2.0, 1.353515625], [2.0, 1.3515625], [2.0, 1.349609375], [2.0, 1.34765625], [2.0, 1.345703125], [2.0, 1.34375], [2.0, 1.341796875], [2.0, 1.33984375], [2.0, 1.337890625], [2.0, 1.3359375], [2.0, 1.333984375], [2.0, 1.33203125], [2.0, 1.330078125], [2.0, 1.328125], [2.0, 1.326171875], [2.0, 1.32421875], [2.0, 1.322265625], [2.0, 1.3203125], [2.0, 1.318359375], [2.0, 1.31640625], [2.0, 1.314453125], [2.0, 1.3125], [2.0, 1.310546875], [2.0, 1.30859375], [2.0, 1.306640625], [2.0, 1.3046875], [2.0, 1.302734375], [2.0, 1.30078125], [2.0, 1.298828125], [2.0, 1.296875], [2.0, 1.294921875], [2.0, 1.29296875], [2.0, 1.291015625], [2.0, 1.2890625], [2.0, 1.287109375], [2.0, 1.28515625], [2.0, 1.283203125], [2.0, 1.28125], [2.0, 1.279296875], [2.0, 1.27734375], [2.0, 1.275390625], [2.0, 1.2734375], [2.0, 1.271484375], [2.0, 1.26953125], [2.0, 1.267578125], [2.0, 1.265625], [2.0, 1.263671875], [2.0, 1.26171875], [2.0, 1.259765625], [2.0, 1.2578125], [2.0, 1.255859375], [2.0, 1.25390625], [2.0, 1.251953125], [2.0, 1.25], [2.0, 1.248046875], [2.0, 1.24609375], [2.0, 1.244140625], [2.0, 1.2421875], [2.0, 1.240234375], [2.0, 1.23828125], [2.0, 1.236328125], [2.0, 1.234375], [2.0, 1.232421875], [2.0, 1.23046875], [2.0, 1.228515625], [2.0, 1.2265625], [2.0, 1.224609375], [2.0, 1.22265625], [2.0, 1.220703125], [2.0, 1.21875], [2.0, 1.216796875], [2.0, 1.21484375], [2.0, 1.212890625], [2.0, 1.2109375], [2.0, 1.208984375], [2.0, 1.20703125], [2.0, 1.205078125], [2.0, 1.203125], [2.0, 1.201171875], [2.0, 1.19921875], [2.0, 1.197265625], [2.0, 1.1953125], [2.0, 1.193359375], [2.0, 1.19140625], [2.0, 1.189453125], [2.0, 1.1875], [2.0, 1.185546875], [2.0, 1.18359375], [2.0, 1.181640625], [2.0, 1.1796875], [2.0, 1.177734375], [2.0, 1.17578125], [2.0, 1.173828125], [2.0, 1.171875], [2.0, 1.169921875], [2.0, 1.16796875], [2.0, 1.166015625], [2.0, 1.1640625], [2.0, 1.162109375], [2.0, 1.16015625], [2.0, 1.158203125], [2.0, 1.15625], [2.0, 1.154296875], [2.0, 1.15234375], [2.0, 1.150390625], [2.0, 1.1484375], [2.0, 1.146484375], [2.0, 1.14453125], [2.0, 1.142578125], [2.0, 1.140625], [2.0, 1.138671875], [2.0, 1.13671875], [2.0, 1.134765625], [2.0, 1.1328125], [2.0, 1.130859375], [2.0, 1.12890625], [2.0, 1.126953125], [2.0, 1.125], [2.0, 1.123046875], [2.0, 1.12109375], [2.0, 1.119140625], [2.0, 1.1171875], [2.0, 1.115234375], [2.0, 1.11328125], [2.0, 1.111328125], [2.0, 1.109375], [2.0, 1.107421875], [2.0, 1.10546875], [2.0, 1.103515625], [2.0, 1.1015625], [2.0, 1.099609375], [2.0, 1.09765625], [2.0, 1.095703125], [2.0, 1.09375], [2.0, 1.091796875], [2.0, 1.08984375], [2.0, 1.087890625], [2.0, 1.0859375], [2.0, 1.083984375], [2.0, 1.08203125], [2.0, 1.080078125], [2.0, 1.078125], [2.0, 1.076171875], [2.0, 1.07421875], [2.0, 1.072265625], [2.0, 1.0703125], [2.0, 1.068359375], [2.0, 1.06640625], [2.0, 1.064453125], [2.0, 1.0625], [2.0, 1.060546875], [2.0, 1.05859375], [2.0, 1.056640625], [2.0, 1.0546875], [2.0, 1.052734375], [2.0, 1.05078125], [2.0, 1.048828125], [2.0, 1.046875], [2.0, 1.044921875], [2.0, 1.04296875], [2.0, 1.041015625], [2.0, 1.0390625], [2.0, 1.037109375], [2.0, 1.03515625], [2.0, 1.033203125], [2.0, 1.03125], [2.0, 1.029296875], [2.0, 1.02734375], [2.0, 1.025390625], [2.0, 1.0234375], [2.0, 1.021484375], [2.0, 1.01953125], [2.0, 1.017578125], [2.0, 1.015625], [2.0, 1.013671875], [2.0, 1.01171875], [2.0, 1.009765625], [2.0, 1.0078125], [2.0, 1.005859375], [2.0, 1.00390625], [2.0, 1.001953125], [2, 1]]]}}, {"type": "Feature", "id": "c3-1", "properties": {"id": "c3-1", "name": "cell 3,1", "value": 12.1215}, "geometry": {"type": "Polygon", "coordinates": [[[3.0, 1.0], [3.001953125, 1.0], [3.00390625, 1.0], [3.005859375, 1.0], [3.0078125, 1.0], [3.009765625, 1.0], [3.01171875, 1.0], [3.013671875, 1.0], [3.015625, 1.0], [3.017578125, 1.0], [3.01953125, 1.0], [3.021484375, 1.0], [3.0234375, 1.0], [3.025390625, 1.0], [3.02734375, 1.0], [3.029296875, 1.0], [3.03125, 1.0], [3.033203125, 1.0], [3.03515625, 1.0], [3.037109375, 1.0], [3.0390625, 1.0], [3.041015625, 1.0], [3.04296875, 1.0], [3.044921875, 1.0], [3.046875, 1.0], [3.048828125, 1.0], [3.05078125, 1.0], [3.052734375, 1.0], [3.0546875, 1.0], [3.056640625, 1.0], [3.05859375, 1.0], [3.060546875, 1.0], [3.0625, 1.0], [3.064453125, 1.0], [3.06640625, 1.0], [3.068359375, 1.0], [3.0703125, 1.0], [3.072265625, 1.0], [3.07421875, 1.0], [3.076171875, 1.0], [3.078125, 1.0], [3.080078125, 1.0], [3.08203125, 1.0], [3.083984375, 1.0], [3.0859375, 1.0], [3.087890625, 1.0], [3.08984375, 1.0], [3.091796875, 1.0], [3.09375, 1.0], [3.095703125, 1.0], [3.09765625, 1.0], [3.099609375, 1.0], [3.1015625, 1.0], [3.103515625, 1.0], [3.10546875, 1.0], [3.107421875, 1.0], [3.109375, 1.0], [3.111328125, 1.0], [3.11328125, 1.0], [3.115234375, 1.0], [3.1171875, 1.0], [3.119140625, 1.0], [3.12109375, 1.0], [3.123046875, 1.0], [3.125, 1.0], [3.126953125, 1.0], [3.12890625, 1.0], [3.130859375, 1.0], [3.1328125, 1.0], [3.134765625, 1.0], [3.13671875, 1.0], [3.138671875, 1.0], [3.140625, 1.0], [3.142578125, 1.0], [3.14453125, 1.0], [3.146484375, 1.0], [3.1484375, 1.0], [3.150390625, 1.0], [3.15234375, 1.0], [3.154296875, 1.0], [3.15625, 1.0], [3.158203125, 1.0], [3.16015625, 1.0], [3.162109375, 1.0], [3.1640625, 1.0], [3.166015625, 1.0], [3.16796875, 1.0], [3.169921875, 1.0], [3.171875, 1.0], [3.173828125, 1.0], [3.17578125, 1.0], [3.177734375, 1.0], [3.1796875, 1.0], [3.181640625, 1.0], [3.18359375, 1.0], [3.185546875, 1.0], [3.1875, 1.0], [3.189453125, 1.0], [3.19140625, 1.0], [3.193359375, 1.0], [3.1953125, 1.0], [3.197265625, 1.0], [3.19921875, 1.0], [3.201171875, 1.0], [3.203125, 1.0], [3.205078125, 1.0], [3.20703125, 1.0], [3.208984375, 1.0], [3.2109375, 1.0], [3.212890625, 1.0], [3.21484375, 1.0], [3.216796875, 1.0], [3.21875, 1.0], [3.220703125, 1.0], [3.22265625, 1.0], [3.224609375, 1.0], [3.2265625, 1.0], [3.228515625, 1.0], [3.23046875, 1.0], [3.232421875, 1.0], [3.234375, 1.0], [3.236328125, 1.0], [3.23828125, 1.0], [3.240234375, 1.0], [3.2421875, 1.0], [3.244140625, 1.0], [3.24609375, 1.0], [3.248046875, 1.0], [3.25, 1.0], [3.251953125, 1.0], [3.25390625, 1.0], [3.255859375, 1.0], [3.2578125, 1.0], [3.259765625, 1.0], [3.26171875, 1.0], [3.263671875, 1.0], [3.265625, 1.0], [3.267578125, 1.0], [3.26953125, 1.0], [3.271484375, 1.0], [3.2734375, 1.0], [3.275390625, 1.0], [3.27734375, 1.0], [3.279296875, 1.0], [3.28125, 1.0], [3.283203125, 1.0], [3.28515625, 1.0], [3.287109375, 1.0], [3.2890625, 1.0], [3.291015625, 1.0], [3.29296875, 1.0], [3.294921875, 1.0], [3.296875, 1.0], [3.298828125, 1.0], [3.30078125, 1.0], [3.302734375, 1.0], [3.3046875, 1.0], [3.306640625, 1.0], [3.30859375, 1.0], [3.310546875, 1.0], [3.3125, 1.0], [3.314453125, 1.0], [3.31640625, 1.0], [3.318359375, 1.0], [3.3203125, 1.0], [3.322265625, 1.0], [3.32421875, 1.0], [3.326171875, 1.0], [3.328125, 1.0], [3.330078125, 1.0], [3.33203125, 1.0], [3.333984375, 1.0], [3.3359375, 1.0], [3.337890625, 1.0], [3.33984375, 1.0], [3.341796875, 1.0], [3.34375, 1.0], [3.345703125, 1.0], [3.34765625, 1.0], [3.349609375, 1.0], [3.3515625, 1.0], [3.353515625, 1.0], [3.35546875, 1.0], [3.357421875, 1.0], [3.359375, 1.0], [3.361328125, 1.0], [3.36328125, 1.0], [3.365234375, 1.0], [3.3671875, 1.0], [3.369140625, 1.0], [3.37109375, 1.0], [3.373046875, 1.0], [3.375, 1.0], [3.376953125, 1.0], [3.37890625, 1.0], [3.380859375, 1.0], [3.3828125, 1.0], [3.384765625, 1.0], [3.38671875, 1.0], [3.388671875, 1.0], [3.390625, 1.0], [3.392578125, 1.0], [3.39453125, 1.0], [3.396484375, 1.0], [3.3984375, 1.0], [3.400390625, 1.0], [3.40234375, 1.0], [3.404296875, 1.0], [3.40625, 1.0], [3.408203125, 1.0], [3.41015625, 1.0], [3.412109375, 1.0], [3.4140625, 1.0], [3.416015625, 1.0], [3.41796875, 1.0], [3.419921875, 1.0], [3.421875, 1.0], [3.423828125, 1.0], [3.42578125, 1.0], [3.427734375, 1.0], [3.4296875, 1.0], [3.431640625, 1.0], [3.43359375, 1.0], [3.435546875, 1.0], [3.4375, 1.0], [3.439453125, 1.0], [3.44140625, 1.0], [3.443359375, 1.0], [3.4453125, 1.0], [3.447265625, 1.0], [3.44921875, 1.0], [3.451171875, 1.0], [3.453125, 1.0], [3.455078125, 1.0], [3.45703125, 1.0], [3.458984375, 1.0], [3.4609375, 1.0], [3.462890625, 1.0], [3.46484375, 1.0], [3.466796875, 1.0], [3.46875, 1.0], [3.470703125, 1.0], [3.47265625, 1.0], [3.474609375, 1.0], [3.4765625, 1.0], [3.478515625, 1.0], [3.48046875, 1.0], [3.482421875, 1.0], [3.484375, 1.0], [3.486328125, 1.0], [3.48828125, 1.0], [3.490234375, 1.0], [3.4921875, 1.0], [3.494140625, 1.0], [3.49609375, 1.0], [3.498046875, 1.0], [3.5, 1.0], [3.501953125, 1.0], [3.50390625, 1.0], [3.505859375, 1.0], [3.5078125, 1.0], [3.509765625, 1.0], [3.51171875, 1.0], [3.513671875, 1.0], [3.515625, 1.0], [3.517578125, 1.0], [3.51953125, 1.0], [3.521484375, 1.0], [3.5234375, 1.0], [3.525390625, 1.0], [3.52734375, 1.0], [3.529296875, 1.0], [3.53125, 1.0], [3.533203125, 1.0], [3.53515625, 1.0], [3.537109375, 1.0], [3.5390625, 1.0], [3.541015625, 1.0], [3.54296875, 1.0], [3.544921875, 1.0], [3.546875, 1.0], [3.548828125, 1.0], [3.55078125, 1.0], [3.552734375, 1.0], [3.5546875, 1.0], [3.556640625, 1.0], [3.55859375, 1.0], [3.560546875, 1.0], [3.5625, 1.0], [3.564453125, 1.0], [3.56640625, 1.0], [3.568359375, 1.0], [3.5703125, 1.0], [3.572265625, 1.0], [3.57421875, 1.0], [3.576171875, 1.0], [3.578125, 1.0], [3.580078125, 1.0], [3.58203125, 1.0], [3.583984375, 1.0], [3.5859375, 1.0], [3.587890625, 1.0], [3.58984375, 1.0], [3.591796875, 1.0], [3.59375, 1.0], [3.595703125, 1.0], [3.59765625, 1.0], [3.599609375, 1.0], [3.6015625, 1.0], [3.603515625, 1.0], [3.60546875, 1.0], [3.607421875, 1.0], [3.609375, 1.0], [3.611328125, 1.0], [3.61328125, 1.0], [3.615234375, 1.0], [3.6171875, 1.0], [3.619140625, 1.0], [3.62109375, 1.0], [3.623046875, 1.0], [3.625, 1.0], [3.626953125, 1.0], [3.62890625, 1.0], [3.630859375, 1.0], [3.6328125, 1.0], [3.634765625, 1.0], [3.63671875, 1.0], [3.638671875, 1.0], [3.640625, 1.0], [3.642578125, 1.0], [3.64453125, 1.0], [3.646484375, 1.0], [3.6484375, 1.0], [3.650390625, 1.0], [3.65234375, 1.0], [3.654296875, 1.0], [3.65625, 1.0], [3.658203125, 1.0], [3.66015625, 1.0], [3.662109375, 1.0], [3.6640625, 1.0], [3.666015625, 1.0], [3.66796875, 1.0], [3.669921875, 1.0], [3.671875, 1.0], [3.673828125, 1.0], [3.67578125, 1.0], [3.677734375, 1.0], [3.6796875, 1.0], [3.681640625, 1.0], [3.68359375, 1.0], [3.685546875, 1.0], [3.6875, 1.0], [3.689453125, 1.0], [3.69140625, 1.0], [3.693359375, 1.0], [3.6953125, 1.0], [3.697265625, 1.0], [3.69921875, 1.0], [3.701171875, 1.0], [3.703125, 1.0], [3.705078125, 1.0], [3.70703125, 1.0], [3.708984375, 1.0], [3.7109375, 1.0], [3.712890625, 1.0], [3.71484375, 1.0], [3.716796875, 1.0], [3.71875, 1.0], [3.720703125, 1.0], [3.72265625, 1.0], [3.724609375, 1.0], [3.7265625, 1.0], [3.728515625, 1.0], [3.73046875, 1.0], [3.732421875, 1.0], [3.734375, 1.0], [3.736328125, 1.0], [3.73828125, 1.0], [3.740234375, 1.0], [3.7421875, 1.0], [3.744140625, 1.0], [3.74609375, 1.0], [3.748046875, 1.0], [3.75, 1.0], [3.751953125, 1.0], [3.75390625, 1.0], [3.755859375, 1.0], [3.7578125, 1.0], [3.759765625, 1.0], [3.76171875, 1.0], [3.763671875, 1.0], [3.765625, 1.0], [3.767578125, 1.0], [3.76953125, 1.0], [3.771484375, 1.0], [3.7734375, 1.0], [3.775390625, 1.0], [3.77734375, 1.0], [3.779296875, 1.0], [3.78125, 1.0], [3.783203125, 1.0], [3.78515625, 1.0], [3.787109375, 1.0], [3.7890625, 1.0], [3.791015625, 1.0], [3.79296875, 1.0], [3.794921875, 1.0], [3.796875, 1.0], [3.798828125, 1.0], [3.80078125, 1.0], [3.802734375, 1.0], [3.8046875, 1.0], [3.806640625, 1.0], [3.80859375, 1.0], [3.810546875, 1.0], [3.8125, 1.0], [3.814453125, 1.0], [3.81640625, 1.0], [3.818359375, 1.0], [3.8203125, 1.0], [3.822265625, 1.0], [3.82421875, 1.0], [3.826171875, 1.0], [3.828125, 1.0], [3.830078125, 1.0], [3.83203125, 1.0], [3.833984375, 1.0], [3.8359375, 1.0], [3.837890625, 1.0], [3.83984375, 1.0], [3.841796875, 1.0], [3.84375, 1.0], [3.845703125, 1.0], [3.84765625, 1.0], [3.849609375, 1.0], [3.8515625, 1.0], [3.853515625, 1.0], [3.85546875, 1.0], [3.857421875, 1.0], [3.859375, 1.0], [3.861328125, 1.0], [3.86328125, 1.0], [3.865234375, 1.0], [3.8671875, 1.0], [3.869140625, 1.0], [3.87109375, 1.0], [3.873046875, 1.0], [3.875, 1.0], [3.876953125, 1.0], [3.87890625, 1.0], [3.880859375, 1.0], [3.8828125, 1.0], [3.884765625, 1.0], [3.88671875, 1.0], [3.888671875, 1.0], [3.890625, 1.0], [3.892578125, 1.0], [3.89453125, 1.0], [3.896484375, 1.0], [3.8984375, 1.0], [3.900390625, 1.0], [3.90234375, 1.0], [3.904296875, 1.0], [3.90625, 1.0], [3.908203125, 1.0], [3.91015625, 1.0], [3.912109375, 1.0], [3.9140625, 1.0], [3.916015625, 1.0], [3.91796875, 1.0], [3.919921875, 1.0], [3.921875, 1.0], [3.923828125, 1.0], [3.92578125, 1.0], [3.927734375, 1.0], [3.9296875, 1.0], [3.931640625, 1.0], [3.93359375, 1.0], [3.935546875, 1.0], [3.9375, 1.0], [3.939453125, 1.0], [3.94140625, 1.0], [3.943359375, 1.0], [3.9453125, 1.0], [3.947265625, 1.0], [3.94921875, 1.0], [3.951171875, 1.0], [3.953125, 1.0], [3.955078125, 1.0], [3.95703125, 1.0], [3.958984375, 1.0], [3.9609375, 1.0], [3.962890625, 1.0], [3.96484375, 1.0], [3.966796875, 1.0], [3.96875, 1.0], [3.970703125, 1.0], [3.97265625, 1.0], [3.974609375, 1.0], [3.9765625, 1.0], [3.978515625, 1.0], [3.98046875, 1.0], [3.982421875, 1.0], [3.984375, 1.0], [3.986328125, 1.0], [3.98828125, 1.0], [3.990234375, 1.0], [3.9921875, 1.0], [3.994140625, 1.0], [3.99609375, 1.0], [3.998046875, 1.0], [4.0, 1.0], [4.0, 1.001953125], [4.0, 1.00390625], [4.0, 1.005859375], [4.0, 1.0078125], [4.0, 1.009765625], [4.0, 1.01171875], [4.0, 1.013671875], [4.0, 1.015625], [4.0, 1.017578125], [4.0, 1.01953125], [4.0, 1.021484375], [4.0, 1.0234375], [4.0, 1.025390625], [4.0, 1.02734375], [4.0, 1.029296875], [4.0, 1.03125], [4.0, 1.033203125], [4.0, 1.03515625], [4.0, 1.037109375], [4.0, 1.0390625], [4.0, 1.041015625], [4.0, 1.04296875], [4.0, 1.044921875], [4.0, 1.046875], [4.0, 1.048828125], [4.0, 1.05078125], [4.0, 1.052734375], [4.0, 1.0546875], [4.0, 1.056640625], [4.0, 1.05859375], [4.0, 1.060546875], [4.0, 1.0625], [4.0, 1.064453125], [4.0, 1.06640625], [4.0, 1.068359375], [4.0, 1.0703125], [4.0, 1.072265625], [4.0, 1.07421875], [4.0, 1.076171875], [4.0, 1.078125], [4.0, 1.080078125], [4.0, 1.08203125], [4.0, 1.083984375], [4.0, 1.0859375], [4.0, 1.087890625], [4.0, 1.08984375], [4.0, 1.091796875], [4.0, 1.09375], [4.0, 1.095703125], [4.0, 1.09765625], [4.0, 1.099609375], [4.0, 1.1015625], [4.0, 1.103515625], [4.0, 1.10546875], [4.0, 1.107421875], [4.0, 1.109375], [4.0, 1.111328125], [4.0, 1.11328125], [4.0, 1.115234375], [4.0, 1.1171875], [4.0, 1.119140625], [4.0, 1.12109375], [4.0, 1.123046875], [4.0, 1.125], [4.0, 1.126953125], [4.0, 1.12890625], [4.0, 1.130859375], [4.0, 1.1328125], [4.0, 1.134765625], [4.0, 1.13671875], [4.0, 1.138671875], [4.0, 1.140625], [4.0, 1.142578125], [4.0, 1.14453125], [4.0, 1.146484375], [4.0, 1.1484375], [4.0, 1.150390625], [4.0, 1.15234375], [4.0, 1.154296875], [4.0, 1.15625], [4.0, 1.158203125], [4.0, 1.16015625], [4.0, 1.162109375], [4.0, 1.1640625], [4.0, 1.166015625], [4.0, 1.16796875], [4.0, 1.169921875], [4.0, 1.171875], [4.0, 1.173828125], [4.0, 1.17578125], [4.0, 1.177734375], [4.0, 1.1796875], [4.0, 1.181640625], [4.0, 1.18359375], [4.0, 1.185546875], [4.0, 1.1875], [4.0, 1.189453125], [4.0, 1.19140625], [4.0, 1.193359375], [4.0, 1.1953125], [4.0, 1.197265625], [4.0, 1.19921875], [4.0, 1.201171875], [4.0, 1.203125], [4.0, 1.205078125], [4.0, 1.20703125], [4.0, 1.208984375], [4.0, 1.2109375], [4.0, 1.212890625], [4.0, 1.21484375], [4.0, 1.216796875], [4.0, 1.21875], [4.0, 1.220703125], [4.0, 1.22265625], [4.0, 1.224609375], [4.0, 1.2265625], [4.0, 1.228515625], [4.0, 1.23046875], [4.0, 1.232421875], [4.0, 1.234375], [4.0, 1.236328125], [4.0, 1.23828125], [4.0, 1.240234375], [4.0, 1.2421875], [4.0, 1.244140625], [4.0, 1.24609375], [4.0, 1.248046875], [4.0, 1.25], [4.0, 1.251953125], [4.0, 1.25390625], [4.0, 1.255859375], [4.0, 1.2578125], [4.0, 1.259765625], [4.0, 1.26171875], [4.0, 1.263671875], [4.0, 1.265625], [4.0, 1.267578125], [4.0, 1.26953125], [4.0, 1.271484375], [4.0, 1.2734375], [4.0, 1.275390625], [4.0, 1.27734375], [4.0, 1.279296875], [4.0, 1.28125], [4.0, 1.283203125], [4.0, 1.28515625], [4.0, 1.287109375], [4.0, 1.2890625], [4.0, 1.291015625], [4.0, 1.29296875], [4.0, 1.294921875], [4.0, 1.296875], [4.0, 1.298828125], [4.0, 1.30078125], [4.0, 1.302734375], [4.0, 1.3046875], [4.0, 1.306640625], [4.0, 1.30859375], [4.0, 1.310546875], [4.0, 1.3125], [4.0, 1.314453125], [4.0, 1.31640625], [4.0, 1.318359375], [4.0, 1.3203125], [4.0, 1.322265625], [4.0, 1.32421875], [4.0, 1.326171875], [4.0, 1.328125], [4.0, 1.330078125], [4.0, 1.33203125], [4.0, 1.333984375], [4.0, 1.3359375], [4.0, 1.337890625], [4.0, 1.33984375], [4.0, 1.341796875], [4.0, 1.34375], [4.0, 1.345703125], [4.0, 1.34765625], [4.0, 1.349609375], [4.0, 1.3515625], [4.0, 1.353515625], [4.0, 1.35546875], [4.0, 1.357421875], [4.0, 1.359375], [4.0, 1.361328125], [4.0, 1.36328125], [4.0, 1.365234375], [4.0, 1.3671875], [4.0, 1.369140625], [4.0, 1.37109375], [4.0, 1.373046875], [4.0, 1.375], [4.0, 1.376953125], [4.0, 1.37890625], [4.0, 1.380859375], [4.0, 1.3828125], [4.0, 1.384765625], [4.0, 1.38671875], [4.0, 1.388671875], [4.0, 1.390625], [4.0, 1.392578125], [4.0, 1.39453125], [4.0, 1.396484375], [4.0, 1.3984375], [4.0, 1.400390625], [4.0, 1.40234375], [4.0, 1.404296875], [4.0, 1.40625], [4.0, 1.408203125], [4.0, 1.41015625], [4.0, 1.412109375], [4.0, 1.4140625], [4.0, 1.416015625], [4.0, 1.41796875], [4.0, 1.419921875], [4.0, 1.421875], [4.0, 1.423828125], [4.0, 1.42578125], [4.0, 1.427734375], [4.0, 1.4296875], [4.0, 1.431640625], [4.0, 1.43359375], [4.0, 1.435546875], [4.0, 1.4375], [4.0, 1.439453125], [4.0, 1.44140625], [4.0, 1.443359375], [4.0, 1.4453125], [4.0, 1.447265625], [4.0, 1.44921875], [4.0, 1.451171875], [4.0, 1.453125], [4.0, 1.455078125], [4.0, 1.45703125], [4.0, 1.458984375], [4.0, 1.4609375], [4.0, 1.462890625], [4.0, 1.46484375], [4.0, 1.466796875], [4.0, 1.46875], [4.0, 1.470703125], [4.0, 1.47265625], [4.0, 1.474609375], [4.0, 1.4765625], [4.0, 1.478515625], [4.0, 1.48046875], [4.0, 1.482421875], [4.0, 1.484375], [4.0, 1.486328125], [4.0, 1.48828125], [4.0, 1.490234375], [4.0, 1.4921875], [4.0, 1.494140625], [4.0, 1.49609375], [4.0, 1.498046875], [4.0, 1.5], [4.0, 1.501953125], [4.0, 1.50390625], [4.0, 1.505859375], [4.0, 1.5078125], [4.0, 1.509765625], [4.0, 1.51171875], [4.0, 1.513671875], [4.0, 1.515625], [4.0, 1.517578125], [4.0, 1.51953125], [4.0, 1.521484375], [4.0, 1.5234375], [4.0, 1.525390625], [4.0, 1.52734375], [4.0, 1.529296875], [4.0, 1.53125], [4.0, 1.533203125], [4.0, 1.53515625], [4.0, 1.537109375], [4.0, 1.5390625], [4.0, 1.541015625], [4.0, 1.54296875], [4.0, 1.544921875], [4.0, 1.546875], [4.0, 1.548828125], [4.0, 1.55078125], [4.0, 1.552734375], [4.0, 1.5546875], [4.0, 1.556640625], [4.0, 1.55859375], [4.0, 1.560546875], [4.0, 1.5625], [4.0, 1.564453125], [4.0, 1.56640625], [4.0, 1.568359375], [4.0, 1.5703125], [4.0, 1.572265625], [4.0, 1.57421875], [4.0, 1.576171875], [4.0, 1.578125], [4.0, 1.580078125], [4.0, 1.58203125], [4.0, 1.583984375], [4.0, 1.5859375], [4.0, 1.587890625], [4.0, 1.58984375], [4.0, 1.591796875], [4.0, 1.59375], [4.0, 1.595703125], [4.0, 1.59765625], [4.0, 1.599609375], [4.0, 1.6015625], [4.0, 1.603515625], [4.0, 1.60546875], [4.0, 1.607421875], [4.0, 1.609375], [4.0, 1.611328125], [4.0, 1.61328125], [4.0, 1.615234375], [4.0, 1.6171875], [4.0, 1.619140625], [4.0, 1.62109375], [4.0, 1.623046875], [4.0, 1.625], [4.0, 1.626953125], [4.0, 1.62890625], [4.0, 1.630859375], [4.0, 1.6328125], [4.0, 1.634765625], [4.0, 1.63671875], [4.0, 1.638671875], [4.0, 1.640625], [4.0, 1.642578125], [4.0, 1.64453125], [4.0, 1.646484375], [4.0, 1.6484375], [4.0, 1.650390625], [4.0, 1.65234375], [4.0, 1.654296875], [4.0, 1.65625], [4.0, 1.658203125], [4.0, 1.66015625], [4.0, 1.662109375], [4.0, 1.6640625], [4.0, 1.666015625], [4.0, 1.66796875], [4.0, 1.669921875], [4.0, 1.671875], [4.0, 1.673828125], [4.0, 1.67578125], [4.0, 1.677734375], [4.0, 1.6796875], [4.0, 1.681640625], [4.0, 1.68359375], [4.0, 1.685546875], [4.0, 1.6875], [4.0, 1.689453125], [4.0, 1.69140625], [4.0, 1.693359375], [4.0, 1.6953125], [4.0, 1.697265625], [4.0, 1.69921875], [4.0, 1.701171875], [4.0, 1.703125], [4.0, 1.705078125], [4.0, 1.70703125], [4.0, 1.708984375], [4.0, 1.7109375], [4.0, 1.712890625], [4.0, 1.71484375], [4.0, 1.716796875], [4.0, 1.71875], [4.0, 1.720703125], [4.0, 1.72265625], [4.0, 1.724609375], [4.0, 1.7265625], [4.0, 1.728515625], [4.0, 1.73046875], [4.0, 1.732421875], [4.0, 1.734375], [4.0, 1.736328125], [4.0, 1.73828125], [4.0, 1.740234375], [4.0, 1.7421875], [4.0, 1.744140625], [4.0, 1.74609375], [4.0, 1.748046875], [4.0, 1.75], [4.0, 1.751953125], [4.0, 1.75390625], [4.0, 1.755859375], [4.0, 1.7578125], [4.0, 1.759765625], [4.0, 1.76171875], [4.0, 1.763671875], [4.0, 1.765625], [4.0, 1.767578125], [4.0, 1.76953125], [4.0, 1.771484375], [4.0, 1.7734375], [4.0, 1.775390625], [4.0, 1.77734375], [4.0, 1.779296875], [4.0, 1.78125], [4.0, 1.783203125], [4.0, 1.78515625], [4.0, 1.787109375], [4.0, 1.7890625], [4.0, 1.791015625], [4.0, 1.79296875], [4.0, 1.794921875], [4.0, 1.796875], [4.0, 1.798828125], [4.0, 1.80078125], [4.0, 1.802734375], [4.0, 1.8046875], [4.0, 1.806640625], [4.0, 1.80859375], [4.0, 1.810546875], [4.0, 1.8125], [4.0, 1.814453125], [4.0, 1.81640625], [4.0, 1.818359375], [4.0, 1.8203125], [4.0, 1.822265625], [4.0, 1.82421875], [4.0, 1.826171875], [4.0, 1.828125], [4.0, 1.830078125], [4.0, 1.83203125], [4.0, 1.833984375], [4.0, 1.8359375], [4.0, 1.837890625], [4.0, 1.83984375], [4.0, 1.841796875], [4.0, 1.84375], [4.0, 1.845703125], [4.0, 1.84765625], [4.0, 1.849609375], [4.0, 1.8515625], [4.0, 1.853515625], [4.0, 1.85546875], [4.0, 1.857421875], [4.0, 1.859375], [4.0, 1.861328125], [4.0, 1.86328125], [4.0, 1.865234375], [4.0, 1.8671875], [4.0, 1.869140625], [4.0, 1.87109375], [4.0, 1.873046875], [4.0, 1.875], [4.0, 1.876953125], [4.0, 1.87890625], [4.0, 1.880859375], [4.0, 1.8828125], [4.0, 1.884765625], [4.0, 1.88671875], [4.0, 1.888671875], [4.0, 1.890625], [4.0, 1.892578125], [4.0, 1.89453125], [4.0, 1.896484375], [4.0, 1.8984375], [4.0, 1.900390625], [4.0, 1.90234375], [4.0, 1.904296875], [4.0, 1.90625], [4.0, 1.908203125], [4.0, 1.91015625], [4.0, 1.912109375], [4.0, 1.9140625], [4.0, 1.916015625], [4.0, 1.91796875], [4.0, 1.919921875], [4.0, 1.921875], [4.0, 1.923828125], [4.0, 1.92578125], [4.0, 1.927734375], [4.0, 1.9296875], [4.0, 1.931640625], [4.0, 1.93359375], [4.0, 1.935546875], [4.0, 1.9375], [4.0, 1.939453125], [4.0, 1.94140625], [4.0, 1.943359375], [4.0, 1.9453125], [4.0, 1.947265625], [4.0, 1.94921875], [4.0, 1.951171875], [4.0, 1.953125], [4.0, 1.955078125], [4.0, 1.95703125], [4.0, 1.958984375], [4.0, 1.9609375], [4.0, 1.962890625], [4.0, 1.96484375], [4.0, 1.966796875], [4.0, 1.96875], [4.0, 1.970703125], [4.0, 1.97265625], [4.0, 1.974609375], [4.0, 1.9765625], [4.0, 1.978515625], [4.0, 1.98046875], [4.0, 1.982421875], [4.0, 1.984375], [4.0, 1.986328125], [4.0, 1.98828125], [4.0, 1.990234375], [4.0, 1.9921875], [4.0, 1.994140625], [4.0, 1.99609375], [4.0, 1.998046875], [4.0, 2.0], [3.998046875, 2.0], [3.99609375, 2.0], [3.994140625, 2.0], [3.9921875, 2.0], [3.990234375, 2.0], [3.98828125, 2.0], [3.986328125, 2.0], [3.984375, 2.0], [3.982421875, 2.0], [3.98046875, 2.0], [3.978515625, 2.0], [3.9765625, 2.0], [3.974609375, 2.0], [3.97265625, 2.0], [3.970703125, 2.0], [3.96875, 2.0], [3.966796875, 2.0], [3.96484375, 2.0], [3.962890625, 2.0], [3.9609375, 2.0], [3.958984375, 2.0], [3.95703125, 2.0], [3.955078125, 2.0], [3.953125, 2.0], [3.951171875, 2.0], [3.94921875, 2.0], [3.947265625, 2.0], [3.9453125, 2.0], [3.943359375, 2.0], [3.94140625, 2.0], [3.939453125, 2.0], [3.9375, 2.0], [3.935546875, 2.0], [3.93359375, 2.0], [3.931640625, 2.0], [3.9296875, 2.0], [3.927734375, 2.0], [3.92578125, 2.0], [3.923828125, 2.0], [3.921875, 2.0], [3.919921875, 2.0], [3.91796875, 2.0], [3.916015625, 2.0], [3.9140625, 2.0], [3.912109375, 2.0], [3.91015625, 2.0], [3.908203125, 2.0], [3.90625, 2.0], [3.904296875, 2.0], [3.90234375, 2.0], [3.900390625, 2.0], [3.8984375, 2.0], [3.896484375, 2.0], [3.89453125, 2.0], [3.892578125, 2.0], [3.890625, 2.0], [3.888671875, 2.0], [3.88671875, 2.0], [3.884765625, 2.0], [3.8828125, 2.0], [3.880859375, 2.0], [3.87890625, 2.0], [3.876953125, 2.0], [3.875, 2.0], [3.873046875, 2.0], [3.87109375, 2.0], [3.869140625, 2.0], [3.8671875, 2.0], [3.865234375, 2.0], [3.86328125, 2.0], [3.861328125, 2.0], [3.859375, 2.0], [3.857421875, 2.0], [3.85546875, 2.0], [3.853515625, 2.0], [3.8515625, 2.0], [3.849609375, 2.0], [3.84765625, 2.0], [3.845703125, 2.0], [3.84375, 2.0], [3.841796875, 2.0], [3.83984375, 2.0], [3.837890625, 2.0], [3.8359375, 2.0], [3.833984375, 2.0], [3.83203125, 2.0], [3.830078125, 2.0], [3.828125, 2.0], [3.826171875, 2.0], [3.82421875, 2.0], [3.822265625, 2.0], [3.8203125, 2.0], [3.818359375, 2.0], [3.81640625, 2.0], [3.814453125, 2.0], [3.8125, 2.0], [3.810546875, 2.0], [3.80859375, 2.0], [3.806640625, 2.0], [3.8046875, 2.0], [3.802734375, 2.0], [3.80078125, 2.0], [3.798828125, 2.0], [3.796875, 2.0], [3.794921875, 2.0], [3.79296875, 2.0], [3.791015625, 2.0], [3.7890625, 2.0], [3.787109375, 2.0], [3.78515625, 2.0], [3.783203125, 2.0], [3.78125, 2.0], [3.779296875, 2.0], [3.77734375, 2.0], [3.775390625, 2.0], [3.7734375, 2.0], [3.771484375, 2.0], [3.76953125, 2.0], [3.767578125, 2.0], [3.765625, 2.0], [3.763671875, 2.0], [3.76171875, 2.0], [3.759765625, 2.0], [3.7578125, 2.0], [3.755859375, 2.0], [3.75390625, 2.0], [3.751953125, 2.0], [3.75, 2.0], [3.748046875, 2.0], [3.74609375, 2.0], [3.744140625, 2.0], [3.7421875, 2.0], [3.740234375, 2.0], [3.73828125, 2.0], [3.736328125, 2.0], [3.734375, 2.0], [3.732421875, 2.0], [3.73046875, 2.0], [3.728515625, 2.0], [3.7265625, 2.0], [3.724609375, 2.0], [3.72265625, 2.0], [3.720703125, 2.0], [3.71875, 2.0], [3.716796875, 2.0], [3.71484375, 2.0], [3.712890625, 2.0], [3.7109375, 2.0], [3.708984375, 2.0], [3.70703125, 2.0], [3.705078125, 2.0], [3.703125, 2.0], [3.701171875, 2.0], [3.69921875, 2.0], [3.697265625, 2.0], [3.6953125, 2.0], [3.693359375, 2.0], [3.69140625, 2.0], [3.689453125, 2.0], [3.6875, 2.0], [3.685546875, 2.0], [3.68359375, 2.0], [3.681640625, 2.0], [3.6796875, 2.0], [3.677734375, 2.0], [3.67578125, 2.0], [3.673828125, 2.0], [3.671875, 2.0], [3.669921875, 2.0], [3.66796875, 2.0], [3.666015625, 2.0], [3.6640625, 2.0], [3.662109375, 2.0], [3.66015625, 2.0], [3.658203125, 2.0], [3.65625, 2.0], [3.654296875, 2.0], [3.65234375, 2.0], [3.650390625, 2.0], [3.6484375, 2.0], [3.646484375, 2.0], [3.64453125, 2.0], [3.642578125, 2.0], [3.640625, 2.0], [3.638671875, 2.0], [3.63671875, 2.0], [3.634765625, 2.0], [3.6328125, 2.0], [3.630859375, 2.0], [3.62890625, 2.0], [3.626953125, 2.0], [3.625, 2.0], [3.623046875, 2.0], [3.62109375, 2.0], [3.619140625, 2.0], [3.6171875, 2.0], [3.615234375, 2.0], [3.61328125, 2.0], [3.611328125, 2.0], [3.609375, 2.0], [3.607421875, 2.0], [3.60546875, 2.0], [3.603515625, 2.0], [3.6015625, 2.0], [3.599609375, 2.0], [3.59765625, 2.0], [3.595703125, 2.0], [3.59375, 2.0], [3.591796875, 2.0], [3.58984375, 2.0], [3.587890625, 2.0], [3.5859375, 2.0], [3.583984375, 2.0], [3.58203125, 2.0], [3.580078125, 2.0], [3.578125, 2.0], [3.576171875, 2.0], [3.57421875, 2.0], [3.572265625, 2.0], [3.5703125, 2.0], [3.568359375, 2.0], [3.56640625, 2.0], [3.564453125, 2.0], [3.5625, 2.0], [3.560546875, 2.0], [3.55859375, 2.0], [3.556640625, 2.0], [3.5546875, 2.0], [3.552734375, 2.0], [3.55078125, 2.0], [3.548828125, 2.0], [3.546875, 2.0], [3.544921875, 2.0], [3.54296875, 2.0], [3.541015625, 2.0], [3.5390625, 2.0], [3.537109375, 2.0], [3.53515625, 2.0], [3.533203125, 2.0], [3.53125, 2.0], [3.529296875, 2.0], [3.52734375, 2.0], [3.525390625, 2.0], [3.5234375, 2.0], [3.521484375, 2.0], [3.51953125, 2.0], [3.517578125, 2.0], [3.515625, 2.0], [3.513671875, 2.0], [3.51171875, 2.0], [3.509765625, 2.0], [3.5078125, 2.0], [3.505859375, 2.0], [3.50390625, 2.0], [3.501953125, 2.0], [3.5, 2.0], [3.498046875, 2.0], [3.49609375, 2.0], [3.494140625, 2.0], [3.4921875, 2.0], [3.490234375, 2.0], [3.48828125, 2.0], [3.486328125, 2.0], [3.484375, 2.0], [3.482421875, 2.0], [3.48046875, 2.0], [3.478515625, 2.0], [3.4765625, 2.0], [3.474609375, 2.0], [3.47265625, 2.0], [3.470703125, 2.0], [3.46875, 2.0], [3.466796875, 2.0], [3.46484375, 2.0], [3.462890625, 2.0], [3.4609375, 2.0], [3.458984375, 2.0], [3.45703125, 2.0], [3.455078125, 2.0], [3.453125, 2.0], [3.451171875, 2.0], [3.44921875, 2.0], [3.447265625, 2.0], [3.4453125, 2.0], [3.443359375, 2.0], [3.44140625, 2.0], [3.439453125, 2.0], [3.4375, 2.0], [3.435546875, 2.0], [3.43359375, 2.0], [3.431640625, 2.0], [3.4296875, 2.0], [3.427734375, 2.0], [3.42578125, 2.0], [3.423828125, 2.0], [3.421875, 2.0], [3.419921875, 2.0], [3.41796875, 2.0], [3.416015625, 2.0], [3.4140625, 2.0], [3.412109375, 2.0], [3.41015625, 2.0], [3.408203125, 2.0], [3.40625, 2.0], [3.404296875, 2.0], [3.40234375, 2.0], [3.400390625, 2.0], [3.3984375, 2.0], [3.396484375, 2.0], [3.39453125, 2.0], [3.392578125, 2.0], [3.390625, 2.0], [3.388671875, 2.0], [3.38671875, 2.0], [3.384765625, 2.0], [3.3828125, 2.0], [3.380859375, 2.0], [3.37890625, 2.0], [3.376953125, 2.0], [3.375, 2.0], [3.373046875, 2.0], [3.37109375, 2.0], [3.369140625, 2.0], [3.3671875, 2.0], [3.365234375, 2.0], [3.36328125, 2.0], [3.361328125, 2.0], [3.359375, 2.0], [3.357421875, 2.0], [3.35546875, 2.0], [3.353515625, 2.0], [3.3515625, 2.0], [3.349609375, 2.0], [3.34765625, 2.0], [3.345703125, 2.0], [3.34375, 2.0], [3.341796875, 2.0], [3.33984375, 2.0], [3.337890625, 2.0], [3.3359375, 2.0], [3.333984375, 2.0], [3.33203125, 2.0], [3.330078125, 2.0], [3.328125, 2.0], [3.326171875, 2.0], [3.32421875, 2.0], [3.322265625, 2.0], [3.3203125, 2.0], [3.318359375, 2.0], [3.31640625, 2.0], [3.314453125, 2.0], [3.3125, 2.0], [3.310546875, 2.0], [3.30859375, 2.0], [3.306640625, 2.0], [3.3046875, 2.0], [3.302734375, 2.0], [3.30078125, 2.0], [3.298828125, 2.0], [3.296875, 2.0], [3.294921875, 2.0], [3.29296875, 2.0], [3.291015625, 2.0], [3.2890625, 2.0], [3.287109375, 2.0], [3.28515625, 2.0], [3.283203125, 2.0], [3.28125, 2.0], [3.279296875, 2.0], [3.27734375, 2.0], [3.275390625, 2.0], [3.2734375, 2.0], [3.271484375, 2.0], [3.26953125, 2.0], [3.267578125, 2.0], [3.265625, 2.0], [3.263671875, 2.0], [3.26171875, 2.0], [3.259765625, 2.0], [3.2578125, 2.0], [3.255859375, 2.0], [3.25390625, 2.0], [3.251953125, 2.0], [3.25, 2.0], [3.248046875, 2.0], [3.24609375, 2.0], [3.244140625, 2.0], [3.2421875, 2.0], [3.240234375, 2.0], [3.23828125, 2.0], [3.236328125, 2.0], [3.234375, 2.0], [3.232421875, 2.0], [3.23046875, 2.0], [3.228515625, 2.0], [3.2265625, 2.0], [3.224609375, 2.0], [3.22265625, 2.0], [3.220703125, 2.0], [3.21875, 2.0], [3.216796875, 2.0], [3.21484375, 2.0], [3.212890625, 2.0], [3.2109375, 2.0], [3.208984375, 2.0], [3.20703125, 2.0], [3.205078125, 2.0], [3.203125, 2.0], [3.201171875, 2.0], [3.19921875, 2.0], [3.197265625, 2.0], [3.1953125, 2.0], [3.193359375, 2.0], [3.19140625, 2.0], [3.189453125, 2.0], [3.1875, 2.0], [3.185546875, 2.0], [3.18359375, 2.0], [3.181640625, 2.0], [3.1796875, 2.0], [3.177734375, 2.0], [3.17578125, 2.0], [3.173828125, 2.0], [3.171875, 2.0], [3.169921875, 2.0], [3.16796875, 2.0], [3.166015625, 2.0], [3.1640625, 2.0], [3.162109375, 2.0], [3.16015625, 2.0], [3.158203125, 2.0], [3.15625, 2.0], [3.154296875, 2.0], [3.15234375, 2.0], [3.150390625, 2.0], [3.1484375, 2.0], [3.146484375, 2.0], [3.14453125, 2.0], [3.142578125, 2.0], [3.140625, 2.0], [3.138671875, 2.0], [3.13671875, 2.0], [3.134765625, 2.0], [3.1328125, 2.0], [3.130859375, 2.0], [3.12890625, 2.0], [3.126953125, 2.0], [3.125, 2.0], [3.123046875, 2.0], [3.12109375, 2.0], [3.119140625, 2.0], [3.1171875, 2.0], [3.115234375, 2.0], [3.11328125, 2.0], [3.111328125, 2.0], [3.109375, 2.0], [3.107421875, 2.0], [3.10546875, 2.0], [3.103515625, 2.0], [3.1015625, 2.0], [3.099609375, 2.0], [3.09765625, 2.0], [3.095703125, 2.0], [3.09375, 2.0], [3.091796875, 2.0], [3.08984375, 2.0], [3.087890625, 2.0], [3.0859375, 2.0], [3.083984375, 2.0], [3.08203125, 2.0], [3.080078125, 2.0], [3.078125, 2.0], [3.076171875, 2.0], [3.07421875, 2.0], [3.072265625, 2.0], [3.0703125, 2.0], [3.068359375, 2.0], [3.06640625, 2.0], [3.064453125, 2.0], [3.0625, 2.0], [3.060546875, 2.0], [3.05859375, 2.0], [3.056640625, 2.0], [3.0546875, 2.0], [3.052734375, 2.0], [3.05078125, 2.0], [3.048828125, 2.0], [3.046875, 2.0], [3.044921875, 2.0], [3.04296875, 2.0], [3.041015625, 2.0], [3.0390625, 2.0], [3.037109375, 2.0], [3.03515625, 2.0], [3.033203125, 2.0], [3.03125, 2.0], [3.029296875, 2.0], [3.02734375, 2.0], [3.025390625, 2.0], [3.0234375, 2.0], [3.021484375, 2.0], [3.01953125, 2.0], [3.017578125, 2.0], [3.015625, 2.0], [3.013671875, 2.0], [3.01171875, 2.0], [3.009765625, 2.0], [3.0078125, 2.0], [3.005859375, 2.0], [3.00390625, 2.0], [3.001953125, 2.0], [3.0, 2.0], [3.0, 1.998046875], [3.0, 1.99609375], [3.0, 1.994140625], [3.0, 1.9921875], [3.0, 1.990234375], [3.0, 1.98828125], [3.0, 1.986328125], [3.0, 1.984375], [3.0, 1.982421875], [3.0, 1.98046875], [3.0, 1.978515625], [3.0, 1.9765625], [3.0, 1.974609375], [3.0, 1.97265625], [3.0, 1.970703125], [3.0, 1.96875], [3.0, 1.966796875], [3.0, 1.96484375], [3.0, 1.962890625], [3.0, 1.9609375], [3.0, 1.958984375], [3.0, 1.95703125], [3.0, 1.955078125], [3.0, 1.953125], [3.0, 1.951171875], [3.0, 1.94921875], [3.0, 1.947265625], [3.0, 1.9453125], [3.0, 1.943359375], [3.0, 1.94140625], [3.0, 1.939453125], [3.0, 1.9375], [3.0, 1.935546875], [3.0, 1.93359375], [3.0, 1.931640625], [3.0, 1.9296875], [3.0, 1.927734375], [3.0, 1.92578125], [3.0, 1.923828125], [3.0, 1.921875], [3.0, 1.919921875], [3.0, 1.91796875], [3.0, 1.916015625], [3.0, 1.9140625], [3.0, 1.912109375], [3.0, 1.91015625], [3.0, 1.908203125], [3.0, 1.90625], [3.0, 1.904296875], [3.0, 1.90234375], [3.0, 1.900390625], [3.0, 1.8984375], [3.0, 1.896484375], [3.0, 1.89453125], [3.0, 1.892578125], [3.0, 1.890625], [3.0, 1.888671875], [3.0, 1.88671875], [3.0, 1.884765625], [3.0, 1.8828125], [3.0, 1.880859375], [3.0, 1.87890625], [3.0, 1.876953125], [3.0, 1.875], [3.0, 1.873046875], [3.0, 1.87109375], [3.0, 1.869140625], [3.0, 1.8671875], [3.0, 1.865234375], [3.0, 1.86328125], [3.0, 1.861328125], [3.0, 1.859375], [3.0, 1.857421875], [3.0, 1.85546875], [3.0, 1.853515625], [3.0, 1.8515625], [3.0, 1.849609375], [3.0, 1.84765625], [3.0, 1.845703125], [3.0, 1.84375], [3.0, 1.841796875], [3.0, 1.83984375], [3.0, 1.837890625], [3.0, 1.8359375], [3.0, 1.833984375], [3.0, 1.83203125], [3.0, 1.830078125], [3.0, 1.828125], [3.0, 1.826171875], [3.0, 1.82421875], [3.0, 1.822265625], [3.0, 1.8203125], [3.0, 1.818359375], [3.0, 1.81640625], [3.0, 1.814453125], [3.0, 1.8125], [3.0, 1.810546875], [3.0, 1.80859375], [3.0, 1.806640625], [3.0, 1.8046875], [3.0, 1.802734375], [3.0, 1.80078125], [3.0, 1.798828125], [3.0, 1.796875], [3.0, 1.794921875], [3.0, 1.79296875], [3.0, 1.791015625], [3.0, 1.7890625], [3.0, 1.787109375], [3.0, 1.78515625], [3.0, 1.783203125], [3.0, 1.78125], [3.0, 1.779296875], [3.0, 1.77734375], [3.0, 1.775390625], [3.0, 1.7734375], [3.0, 1.771484375], [3.0, 1.76953125], [3.0, 1.767578125], [3.0, 1.765625], [3.0, 1.763671875], [3.0, 1.76171875], [3.0, 1.759765625], [3.0, 1.7578125], [3.0, 1.755859375], [3.0, 1.75390625], [3.0, 1.751953125], [3.0, 1.75], [3.0, 1.748046875], [3.0, 1.74609375], [3.0, 1.744140625], [3.0, 1.7421875], [3.0, 1.740234375], [3.0, 1.73828125], [3.0, 1.736328125], [3.0, 1.734375], [3.0, 1.732421875], [3.0, 1.73046875], [3.0, 1.728515625], [3.0, 1.7265625], [3.0, 1.724609375], [3.0, 1.72265625], [3.0, 1.720703125], [3.0, 1.71875], [3.0, 1.716796875], [3.0, 1.71484375], [3.0, 1.712890625], [3.0, 1.7109375], [3.0, 1.708984375], [3.0, 1.70703125], [3.0, 1.705078125], [3.0, 1.703125], [3.0, 1.701171875], [3.0, 1.69921875], [3.0, 1.697265625], [3.0, 1.6953125], [3.0, 1.693359375], [3.0, 1.69140625], [3.0, 1.689453125], [3.0, 1.6875], [3.0, 1.685546875], [3.0, 1.68359375], [3.0, 1.681640625], [3.0, 1.6796875], [3.0, 1.677734375], [3.0, 1.67578125], [3.0, 1.673828125], [3.0, 1.671875], [3.0, 1.669921875], [3.0, 1.66796875], [3.0, 1.666015625], [3.0, 1.6640625], [3.0, 1.662109375], [3.0, 1.66015625], [3.0, 1.658203125], [3.0, 1.65625], [3.0, 1.654296875], [3.0, 1.65234375], [3.0, 1.650390625], [3.0, 1.6484375], [3.0, 1.646484375], [3.0, 1.64453125], [3.0, 1.642578125], [3.0, 1.640625], [3.0, 1.638671875], [3.0, 1.63671875], [3.0, 1.634765625], [3.0, 1.6328125], [3.0, 1.630859375], [3.0, 1.62890625], [3.0, 1.626953125], [3.0, 1.625], [3.0, 1.623046875], [3.0, 1.62109375], [3.0, 1.619140625], [3.0, 1.6171875], [3.0, 1.615234375], [3.0, 1.61328125], [3.0, 1.611328125], [3.0, 1.609375], [3.0, 1.607421875], [3.0, 1.60546875], [3.0, 1.603515625], [3.0, 1.6015625], [3.0, 1.599609375], [3.0, 1.59765625], [3.0, 1.595703125], [3.0, 1.59375], [3.0, 1.591796875], [3.0, 1.58984375], [3.0, 1.587890625], [3.0, 1.5859375], [3.0, 1.583984375], [3.0, 1.58203125], [3.0, 1.580078125], [3.0, 1.578125], [3.0, 1.576171875], [3.0, 1.57421875], [3.0, 1.572265625], [3.0, 1.5703125], [3.0, 1.568359375], [3.0, 1.56640625], [3.0, 1.564453125], [3.0, 1.5625], [3.0, 1.560546875], [3.0, 1.55859375], [3.0, 1.556640625], [3.0, 1.5546875], [3.0, 1.552734375], [3.0, 1.55078125], [3.0, 1.548828125], [3.0, 1.546875], [3.0, 1.544921875], [3.0, 1.54296875], [3.0, 1.541015625], [3.0, 1.5390625], [3.0, 1.537109375], [3.0, 1.53515625], [3.0, 1.533203125], [3.0, 1.53125], [3.0, 1.529296875], [3.0, 1.52734375], [3.0, 1.525390625], [3.0, 1.5234375], [3.0, 1.521484375], [3.0, 1.51953125], [3.0, 1.517578125], [3.0, 1.515625], [3.0, 1.513671875], [3.0, 1.51171875], [3.0, 1.509765625], [3.0, 1.5078125], [3.0, 1.505859375], [3.0, 1.50390625], [3.0, 1.501953125], [3.0, 1.5], [3.0, 1.498046875], [3.0, 1.49609375], [3.0, 1.494140625], [3.0, 1.4921875], [3.0, 1.490234375], [3.0, 1.48828125], [3.0, 1.486328125], [3.0, 1.484375], [3.0, 1.482421875], [3.0, 1.48046875], [3.0, 1.478515625], [3.0, 1.4765625], [3.0, 1.474609375], [3.0, 1.47265625], [3.0, 1.470703125], [3.0, 1.46875], [3.0, 1.466796875], [3.0, 1.46484375], [3.0, 1.462890625], [3.0, 1.4609375], [3.0, 1.458984375], [3.0, 1.45703125], [3.0, 1.455078125], [3.0, 1.453125], [3.0, 1.451171875], [3.0, 1.44921875], [3.0, 1.447265625], [3.0, 1.4453125], [3.0, 1.443359375], [3.0, 1.44140625], [3.0, 1.439453125], [3.0, 1.4375], [3.0, 1.435546875], [3.0, 1.43359375], [3.0, 1.431640625], [3.0, 1.4296875], [3.0, 1.427734375], [3.0, 1.42578125], [3.0, 1.423828125], [3.0, 1.421875], [3.0, 1.419921875], [3.0, 1.41796875], [3.0, 1.416015625], [3.0, 1.4140625], [3.0, 1.412109375], [3.0, 1.41015625], [3.0, 1.408203125], [3.0, 1.40625], [3.0, 1.404296875], [3.0, 1.40234375], [3.0, 1.400390625], [3.0, 1.3984375], [3.0, 1.396484375], [3.0, 1.39453125], [3.0, 1.392578125], [3.0, 1.390625], [3.0, 1.388671875], [3.0, 1.38671875], [3.0, 1.384765625], [3.0, 1.3828125], [3.0, 1.380859375], [3.0, 1.37890625], [3.0, 1.376953125], [3.0, 1.375], [3.0, 1.373046875], [3.0, 1.37109375], [3.0, 1.369140625], [3.0, 1.3671875], [3.0, 1.365234375], [3.0, 1.36328125], [3.0, 1.361328125], [3.0, 1.359375], [3.0, 1.357421875], [3.0, 1.35546875], [3.0, 1.353515625], [3.0, 1.3515625], [3.0, 1.349609375], [3.0, 1.34765625], [3.0, 1.345703125], [3.0, 1.34375], [3.0, 1.341796875], [3.0, 1.33984375], [3.0, 1.337890625], [3.0, 1.3359375], [3.0, 1.333984375], [3.0, 1.33203125], [3.0, 1.330078125], [3.0, 1.328125], [3.0, 1.326171875], [3.0, 1.32421875], [3.0, 1.322265625], [3.0, 1.3203125], [3.0, 1.318359375], [3.0, 1.31640625], [3.0, 1.314453125], [3.0, 1.3125], [3.0, 1.310546875], [3.0, 1.30859375], [3.0, 1.306640625], [3.0, 1.3046875], [3.0, 1.302734375], [3.0, 1.30078125], [3.0, 1.298828125], [3.0, 1.296875], [3.0, 1.294921875], [3.0, 1.29296875], [3.0, 1.291015625], [3.0, 1.2890625], [3.0, 1.287109375], [3.0, 1.28515625], [3.0, 1.283203125], [3.0, 1.28125], [3.0, 1.279296875], [3.0, 1.27734375], [3.0, 1.275390625], [3.0, 1.2734375], [3.0, 1.271484375], [3.0, 1.26953125], [3.0, 1.267578125], [3.0, 1.265625], [3.0, 1.263671875], [3.0, 1.26171875], [3.0, 1.259765625], [3.0, 1.2578125], [3.0, 1.255859375], [3.0, 1.25390625], [3.0, 1.251953125], [3.0, 1.25], [3.0, 1.248046875], [3.0, 1.24609375], [3.0, 1.244140625], [3.0, 1.2421875], [3.0, 1.240234375], [3.0, 1.23828125], [3.0, 1.236328125], [3.0, 1.234375], [3.0, 1.232421875], [3.0, 1.23046875], [3.0, 1.228515625], [3.0, 1.2265625], [3.0, 1.224609375], [3.0, 1.22265625], [3.0, 1.220703125], [3.0, 1.21875], [3.0, 1.216796875], [3.0, 1.21484375], [3.0, 1.212890625], [3.0, 1.2109375], [3.0, 1.208984375], [3.0, 1.20703125], [3.0, 1.205078125], [3.0, 1.203125], [3.0, 1.201171875], [3.0, 1.19921875], [3.0, 1.197265625], [3.0, 1.1953125], [3.0, 1.193359375], [3.0, 1.19140625], [3.0, 1.189453125], [3.0, 1.1875], [3.0, 1.185546875], [3.0, 1.18359375], [3.0, 1.181640625], [3.0, 1.1796875], [3.0, 1.177734375], [3.0, 1.17578125], [3.0, 1.173828125], [3.0, 1.171875], [3.0, 1.169921875], [3.0, 1.16796875], [3.0, 1.166015625], [3.0, 1.1640625], [3.0, 1.162109375], [3.0, 1.16015625], [3.0, 1.158203125], [3.0, 1.15625], [3.0, 1.154296875], [3.0, 1.15234375], [3.0, 1.150390625], [3.0, 1.1484375], [3.0, 1.146484375], [3.0, 1.14453125], [3.0, 1.142578125], [3.0, 1.140625], [3.0, 1.138671875], [3.0, 1.13671875], [3.0, 1.134765625], [3.0, 1.1328125], [3.0, 1.130859375], [3.0, 1.12890625], [3.0, 1.126953125], [3.0, 1.125], [3.0, 1.123046875], [3.0, 1.12109375], [3.0, 1.119140625], [3.0, 1.1171875], [3.0, 1.115234375], [3.0, 1.11328125], [3.0, 1.111328125], [3.0, 1.109375], [3.0, 1.107421875], [3.0, 1.10546875], [3.0, 1.103515625], [3.0, 1.1015625], [3.0, 1.099609375], [3.0, 1.09765625], [3.0, 1.095703125], [3.0, 1.09375], [3.0, 1.091796875], [3.0, 1.08984375], [3.0, 1.087890625], [3.0, 1.0859375], [3.0, 1.083984375], [3.0, 1.08203125], [3.0, 1.080078125], [3.0, 1.078125], [3.0, 1.076171875], [3.0, 1.07421875], [3.0, 1.072265625], [3.0, 1.0703125], [3.0, 1.068359375], [3.0, 1.06640625], [3.0, 1.064453125], [3.0, 1.0625], [3.0, 1.060546875], [3.0, 1.05859375], [3.0, 1.056640625], [3.0, 1.0546875], [3.0, 1.052734375], [3.0, 1.05078125], [3.0, 1.048828125], [3.0, 1.046875], [3.0, 1.044921875], [3.0, 1.04296875], [3.0, 1.041015625], [3.0, 1.0390625], [3.0, 1.037109375], [3.0, 1.03515625], [3.0, 1.033203125], [3.0, 1.03125], [3.0, 1.029296875], [3.0, 1.02734375], [3.0, 1.025390625], [3.0, 1.0234375], [3.0, 1.021484375], [3.0, 1.01953125], [3.0, 1.017578125], [3.0, 1.015625], [3.0, 1.013671875], [3.0, 1.01171875], [3.0, 1.009765625], [3.0, 1.0078125], [3.0, 1.005859375], [3.0, 1.00390625], [3.0, 1.001953125], [3, 1]]]}}, {"type": "Feature", "id": "c4-1", "properties": {"id": "c4-1", "name": "cell 4,1", "value": 2.6305}, "geometry": {"type": "Polygon", "coordinates": [[[4.0, 1.0], [4.001953125, 1.0], [4.00390625, 1.0], [4.005859375, 1.0], [4.0078125, 1.0], [4.009765625, 1.0], [4.01171875, 1.0], [4.013671875, 1.0], [4.015625, 1.0], [4.017578125, 1.0], [4.01953125, 1.0], [4.021484375, 1.0], [4.0234375, 1.0], [4.025390625, 1.0], [4.02734375, 1.0], [4.029296875, 1.0], [4.03125, 1.0], [4.033203125, 1.0], [4.03515625, 1.0], [4.037109375, 1.0], [4.0390625, 1.0], [4.041015625, 1.0], [4.04296875, 1.0], [4.044921875, 1.0], [4.046875, 1.0], [4.048828125, 1.0], [4.05078125, 1.0], [4.052734375, 1.0], [4.0546875, 1.0], [4.056640625, 1.0], [4.05859375, 1.0], [4.060546875, 1.0], [4.0625, 1.0], [4.064453125, 1.0], [4.06640625, 1.0], [4.068359375, 1.0], [4.0703125, 1.0], [4.072265625, 1.0], [4.07421875, 1.0], [4.076171875, 1.0], [4.078125, 1.0], [4.080078125, 1.0], [4.08203125, 1.0], [4.083984375, 1.0], [4.0859375, 1.0], [4.087890625, 1.0], [4.08984375, 1.0], [4.091796875, 1.0], [4.09375, 1.0], [4.095703125, 1.0], [4.09765625, 1.0], [4.099609375, 1.0], [4.1015625, 1.0], [4.103515625, 1.0], [4.10546875, 1.0], [4.107421875, 1.0], [4.109375, 1.0], [4.111328125, 1.0], [4.11328125, 1.0], [4.115234375, 1.0], [4.1171875, 1.0], [4.119140625, 1.0], [4.12109375, 1.0], [4.123046875, 1.0], [4.125, 1.0], [4.126953125, 1.0], [4.12890625, 1.0], [4.130859375, 1.0], [4.1328125, 1.0], [4.134765625, 1.0], [4.13671875, 1.0], [4.138671875, 1.0], [4.140625, 1.0], [4.142578125, 1.0], [4.14453125, 1.0], [4.146484375, 1.0], [4.1484375, 1.0], [4.150390625, 1.0], [4.15234375, 1.0], [4.154296875, 1.0], [4.15625, 1.0], [4.158203125, 1.0], [4.16015625, 1.0], [4.162109375, 1.0], [4.1640625, 1.0], [4.166015625, 1.0], [4.16796875, 1.0], [4.169921875, 1.0], [4.171875, 1.0], [4.173828125, 1.0], [4.17578125, 1.0], [4.177734375, 1.0], [4.1796875, 1.0], [4.181640625, 1.0], [4.18359375, 1.0], [4.185546875, 1.0], [4.1875, 1.0], [4.189453125, 1.0], [4.19140625, 1.0], [4.193359375, 1.0], [4.1953125, 1.0], [4.197265625, 1.0], [4.19921875, 1.0], [4.201171875, 1.0], [4.203125, 1.0], [4.205078125, 1.0], [4.20703125, 1.0], [4.208984375, 1.0], [4.2109375, 1.0], [4.212890625, 1.0], [4.21484375, 1.0], [4.216796875, 1.0], [4.21875, 1.0], [4.220703125, 1.0], [4.22265625, 1.0], [4.224609375, 1.0], [4.2265625, 1.0], [4.228515625, 1.0], [4.23046875, 1.0], [4.232421875, 1.0], [4.234375, 1.0], [4.236328125, 1.0], [4.23828125, 1.0], [4.240234375, 1.0], [4.2421875, 1.0], [4.244140625, 1.0], [4.24609375, 1.0], [4.248046875, 1.0], [4.25, 1.0], [4.251953125, 1.0], [4.25390625, 1.0], [4.255859375, 1.0], [4.2578125, 1.0], [4.259765625, 1.0], [4.26171875, 1.0], [4.263671875, 1.0], [4.265625, 1.0], [4.267578125, 1.0], [4.26953125, 1.0], [4.271484375, 1.0], [4.2734375, 1.0], [4.275390625, 1.0], [4.27734375, 1.0], [4.279296875, 1.0], [4.28125, 1.0], [4.283203125, 1.0], [4.28515625, 1.0], [4.287109375, 1.0], [4.2890625, 1.0], [4.291015625, 1.0], [4.29296875, 1.0], [4.294921875, 1.0], [4.296875, 1.0], [4.298828125, 1.0], [4.30078125, 1.0], [4.302734375, 1.0], [4.3046875, 1.0], [4.306640625, 1.0], [4.30859375, 1.0], [4.310546875, 1.0], [4.3125, 1.0], [4.314453125, 1.0], [4.31640625, 1.0], [4.318359375, 1.0], [4.3203125, 1.0], [4.322265625, 1.0], [4.32421875, 1.0], [4.326171875, 1.0], [4.328125, 1.0], [4.330078125, 1.0], [4.33203125, 1.0], [4.333984375, 1.0], [4.3359375, 1.0], [4.337890625, 1.0], [4.33984375, 1.0], [4.341796875, 1.0], [4.34375, 1.0], [4.345703125, 1.0], [4.34765625, 1.0], [4.349609375, 1.0], [4.3515625, 1.0], [4.353515625, 1.0], [4.35546875, 1.0], [4.357421875, 1.0], [4.359375, 1.0], [4.361328125, 1.0], [4.36328125, 1.0], [4.365234375, 1.0], [4.3671875, 1.0], [4.369140625, 1.0], [4.37109375, 1.0], [4.373046875, 1.0], [4.375, 1.0], [4.376953125, 1.0], [4.37890625, 1.0], [4.380859375, 1.0], [4.3828125, 1.0], [4.384765625, 1.0], [4.38671875, 1.0], [4.388671875, 1.0], [4.390625, 1.0], [4.392578125, 1.0], [4.39453125, 1.0], [4.396484375, 1.0], [4.3984375, 1.0], [4.400390625, 1.0], [4.40234375, 1.0], [4.404296875, 1.0], [4.40625, 1.0], [4.408203125, 1.0], [4.41015625, 1.0], [4.412109375, 1.0], [4.4140625, 1.0], [4.416015625, 1.0], [4.41796875, 1.0], [4.419921875, 1.0], [4.421875, 1.0], [4.423828125, 1.0], [4.42578125, 1.0], [4.427734375, 1.0], [4.4296875, 1.0], [4.431640625, 1.0], [4.43359375, 1.0], [4.435546875, 1.0], [4.4375, 1.0], [4.439453125, 1.0], [4.44140625, 1.0], [4.443359375, 1.0], [4.4453125, 1.0], [4.447265625, 1.0], [4.44921875, 1.0], [4.451171875, 1.0], [4.453125, 1.0], [4.455078125, 1.0], [4.45703125, 1.0], [4.458984375, 1.0], [4.4609375, 1.0], [4.462890625, 1.0], [4.46484375, 1.0], [4.466796875, 1.0], [4.46875, 1.0], [4.470703125, 1.0], [4.47265625, 1.0], [4.474609375, 1.0], [4.4765625, 1.0], [4.478515625, 1.0], [4.48046875, 1.0], [4.482421875, 1.0], [4.484375, 1.0], [4.486328125, 1.0], [4.48828125, 1.0], [4.490234375, 1.0], [4.4921875, 1.0], [4.494140625, 1.0], [4.49609375, 1.0], [4.498046875, 1.0], [4.5, 1.0], [4.501953125, 1.0], [4.50390625, 1.0], [4.505859375, 1.0], [4.5078125, 1.0], [4.509765625, 1.0], [4.51171875, 1.0], [4.513671875, 1.0], [4.515625, 1.0], [4.517578125, 1.0], [4.51953125, 1.0], [4.521484375, 1.0], [4.5234375, 1.0], [4.525390625, 1.0], [4.52734375, 1.0], [4.529296875, 1.0], [4.53125, 1.0], [4.533203125, 1.0], [4.53515625, 1.0], [4.537109375, 1.0], [4.5390625, 1.0], [4.541015625, 1.0], [4.54296875, 1.0], [4.544921875, 1.0], [4.546875, 1.0], [4.548828125, 1.0], [4.55078125, 1.0], [4.552734375, 1.0], [4.5546875, 1.0], [4.556640625, 1.0], [4.55859375, 1.0], [4.560546875, 1.0], [4.5625, 1.0], [4.564453125, 1.0], [4.56640625, 1.0], [4.568359375, 1.0], [4.5703125, 1.0], [4.572265625, 1.0], [4.57421875, 1.0], [4.576171875, 1.0], [4.578125, 1.0], [4.580078125, 1.0], [4.58203125, 1.0], [4.583984375, 1.0], [4.5859375, 1.0], [4.587890625, 1.0], [4.58984375, 1.0], [4.591796875, 1.0], [4.59375, 1.0], [4.595703125, 1.0], [4.59765625, 1.0], [4.599609375, 1.0], [4.6015625, 1.0], [4.603515625, 1.0], [4.60546875, 1.0], [4.607421875, 1.0], [4.609375, 1.0], [4.611328125, 1.0], [4.61328125, 1.0], [4.615234375, 1.0], [4.6171875, 1.0], [4.619140625, 1.0], [4.62109375, 1.0], [4.623046875, 1.0], [4.625, 1.0], [4.626953125, 1.0], [4.62890625, 1.0], [4.630859375, 1.0], [4.6328125, 1.0], [4.634765625, 1.0], [4.63671875, 1.0], [4.638671875, 1.0], [4.640625, 1.0], [4.642578125, 1.0], [4.64453125, 1.0], [4.646484375, 1.0], [4.6484375, 1.0], [4.650390625, 1.0], [4.65234375, 1.0], [4.654296875, 1.0], [4.65625, 1.0], [4.658203125, 1.0], [4.66015625, 1.0], [4.662109375, 1.0], [4.6640625, 1.0], [4.666015625, 1.0], [4.66796875, 1.0], [4.669921875, 1.0], [4.671875, 1.0], [4.673828125, 1.0], [4.67578125, 1.0], [4.677734375, 1.0], [4.6796875, 1.0], [4.681640625, 1.0], [4.68359375, 1.0], [4.685546875, 1.0], [4.6875, 1.0], [4.689453125, 1.0], [4.69140625, 1.0], [4.693359375, 1.0], [4.6953125, 1.0], [4.697265625, 1.0], [4.69921875, 1.0], [4.701171875, 1.0], [4.703125, 1.0], [4.705078125, 1.0], [4.70703125, 1.0], [4.708984375, 1.0], [4.7109375, 1.0], [4.712890625, 1.0], [4.71484375, 1.0], [4.716796875, 1.0], [4.71875, 1.0], [4.720703125, 1.0], [4.72265625, 1.0], [4.724609375, 1.0], [4.7265625, 1.0], [4.728515625, 1.0], [4.73046875, 1.0], [4.732421875, 1.0], [4.734375, 1.0], [4.736328125, 1.0], [4.73828125, 1.0], [4.740234375, 1.0], [4.7421875, 1.0], [4.744140625, 1.0], [4.74609375, 1.0], [4.748046875, 1.0], [4.75, 1.0], [4.751953125, 1.0], [4.75390625, 1.0], [4.755859375, 1.0], [4.7578125, 1.0], [4.759765625, 1.0], [4.76171875, 1.0], [4.763671875, 1.0], [4.765625, 1.0], [4.767578125, 1.0], [4.76953125, 1.0], [4.771484375, 1.0], [4.7734375, 1.0], [4.775390625, 1.0], [4.77734375, 1.0], [4.779296875, 1.0], [4.78125, 1.0], [4.783203125, 1.0], [4.78515625, 1.0], [4.787109375, 1.0], [4.7890625, 1.0], [4.791015625, 1.0], [4.79296875, 1.0], [4.794921875, 1.0], [4.796875, 1.0], [4.798828125, 1.0], [4.80078125, 1.0], [4.802734375, 1.0], [4.8046875, 1.0], [4.806640625, 1.0], [4.80859375, 1.0], [4.810546875, 1.0], [4.8125, 1.0], [4.814453125, 1.0], [4.81640625, 1.0], [4.818359375, 1.0], [4.8203125, 1.0], [4.822265625, 1.0], [4.82421875, 1.0], [4.826171875, 1.0], [4.828125, 1.0], [4.830078125, 1.0], [4.83203125, 1.0], [4.833984375, 1.0], [4.8359375, 1.0], [4.837890625, 1.0], [4.83984375, 1.0], [4.841796875, 1.0], [4.84375, 1.0], [4.845703125, 1.0], [4.84765625, 1.0], [4.849609375, 1.0], [4.8515625, 1.0], [4.853515625, 1.0], [4.85546875, 1.0], [4.857421875, 1.0], [4.859375, 1.0], [4.861328125, 1.0], [4.86328125, 1.0], [4.865234375, 1.0], [4.8671875, 1.0], [4.869140625, 1.0], [4.87109375, 1.0], [4.873046875, 1.0], [4.875, 1.0], [4.876953125, 1.0], [4.87890625, 1.0], [4.880859375, 1.0], [4.8828125, 1.0], [4.884765625, 1.0], [4.88671875, 1.0], [4.888671875, 1.0], [4.890625, 1.0], [4.892578125, 1.0], [4.89453125, 1.0], [4.896484375, 1.0], [4.8984375, 1.0], [4.900390625, 1.0], [4.90234375, 1.0], [4.904296875, 1.0], [4.90625, 1.0], [4.908203125, 1.0], [4.91015625, 1.0], [4.912109375, 1.0], [4.9140625, 1.0], [4.916015625, 1.0], [4.91796875, 1.0], [4.919921875, 1.0], [4.921875, 1.0], [4.923828125, 1.0], [4.92578125, 1.0], [4.927734375, 1.0], [4.9296875, 1.0], [4.931640625, 1.0], [4.93359375, 1.0], [4.935546875, 1.0], [4.9375, 1.0], [4.939453125, 1.0], [4.94140625, 1.0], [4.943359375, 1.0], [4.9453125, 1.0], [4.947265625, 1.0], [4.94921875, 1.0], [4.951171875, 1.0], [4.953125, 1.0], [4.955078125, 1.0], [4.95703125, 1.0], [4.958984375, 1.0], [4.9609375, 1.0], [4.962890625, 1.0], [4.96484375, 1.0], [4.966796875, 1.0], [4.96875, 1.0], [4.970703125, 1.0], [4.97265625, 1.0], [4.974609375, 1.0], [4.9765625, 1.0], [4.978515625, 1.0], [4.98046875, 1.0], [4.982421875, 1.0], [4.984375, 1.0], [4.986328125, 1.0], [4.98828125, 1.0], [4.990234375, 1.0], [4.9921875, 1.0], [4.994140625, 1.0], [4.99609375, 1.0], [4.998046875, 1.0], [5.0, 1.0], [5.0, 1.001953125], [5.0, 1.00390625], [5.0, 1.005859375], [5.0, 1.0078125], [5.0, 1.009765625], [5.0, 1.01171875], [5.0, 1.013671875], [5.0, 1.015625], [5.0, 1.017578125], [5.0, 1.01953125], [5.0, 1.021484375], [5.0, 1.0234375], [5.0, 1.025390625], [5.0, 1.02734375], [5.0, 1.029296875], [5.0, 1.03125], [5.0, 1.033203125], [5.0, 1.03515625], [5.0, 1.037109375], [5.0, 1.0390625], [5.0, 1.041015625], [5.0, 1.04296875], [5.0, 1.044921875], [5.0, 1.046875], [5.0, 1.048828125], [5.0, 1.05078125], [5.0, 1.052734375], [5.0, 1.0546875], [5.0, 1.056640625], [5.0, 1.05859375], [5.0, 1.060546875], [5.0, 1.0625], [5.0, 1.064453125], [5.0, 1.06640625], [5.0, 1.068359375], [5.0, 1.0703125], [5.0, 1.072265625], [5.0, 1.07421875], [5.0, 1.076171875], [5.0, 1.078125], [5.0, 1.080078125], [5.0, 1.08203125], [5.0, 1.083984375], [5.0, 1.0859375], [5.0, 1.087890625], [5.0, 1.08984375], [5.0, 1.091796875], [5.0, 1.09375], [5.0, 1.095703125], [5.0, 1.09765625], [5.0, 1.099609375], [5.0, 1.1015625], [5.0, 1.103515625], [5.0, 1.10546875], [5.0, 1.107421875], [5.0, 1.109375], [5.0, 1.111328125], [5.0, 1.11328125], [5.0, 1.115234375], [5.0, 1.1171875], [5.0, 1.119140625], [5.0, 1.12109375], [5.0, 1.123046875], [5.0, 1.125], [5.0, 1.126953125], [5.0, 1.12890625], [5.0, 1.130859375], [5.0, 1.1328125], [5.0, 1.134765625], [5.0, 1.13671875], [5.0, 1.138671875], [5.0, 1.140625], [5.0, 1.142578125], [5.0, 1.14453125], [5.0, 1.146484375], [5.0, 1.1484375], [5.0, 1.150390625], [5.0, 1.15234375], [5.0, 1.154296875], [5.0, 1.15625], [5.0, 1.158203125], [5.0, 1.16015625], [5.0, 1.162109375], [5.0, 1.1640625], [5.0, 1.166015625], [5.0, 1.16796875], [5.0, 1.169921875], [5.0, 1.171875], [5.0, 1.173828125], [5.0, 1.17578125], [5.0, 1.177734375], [5.0, 1.1796875], [5.0, 1.181640625], [5.0, 1.18359375], [5.0, 1.185546875], [5.0, 1.1875], [5.0, 1.189453125], [5.0, 1.19140625], [5.0, 1.193359375], [5.0, 1.1953125], [5.0, 1.197265625], [5.0, 1.19921875], [5.0, 1.201171875], [5.0, 1.203125], [5.0, 1.205078125], [5.0, 1.20703125], [5.0, 1.208984375], [5.0, 1.2109375], [5.0, 1.212890625], [5.0, 1.21484375], [5.0, 1.216796875], [5.0, 1.21875], [5.0, 1.220703125], [5.0, 1.22265625], [5.0, 1.224609375], [5.0, 1.2265625], [5.0, 1.228515625], [5.0, 1.23046875], [5.0, 1.232421875], [5.0, 1.234375], [5.0, 1.236328125], [5.0, 1.23828125], [5.0, 1.240234375], [5.0, 1.2421875], [5.0, 1.244140625], [5.0, 1.24609375], [5.0, 1.248046875], [5.0, 1.25], [5.0, 1.251953125], [5.0, 1.25390625], [5.0, 1.255859375], [5.0, 1.2578125], [5.0, 1.259765625], [5.0, 1.26171875], [5.0, 1.263671875], [5.0, 1.265625], [5.0, 1.267578125], [5.0, 1.26953125], [5.0, 1.271484375], [5.0, 1.2734375], [5.0, 1.275390625], [5.0, 1.27734375], [5.0, 1.279296875], [5.0, 1.28125], [5.0, 1.283203125], [5.0, 1.28515625], [5.0, 1.287109375], [5.0, 1.2890625], [5.0, 1.291015625], [5.0, 1.29296875], [5.0, 1.294921875], [5.0, 1.296875], [5.0, 1.298828125], [5.0, 1.30078125], [5.0, 1.302734375], [5.0, 1.3046875], [5.0, 1.306640625], [5.0, 1.30859375], [5.0, 1.310546875], [5.0, 1.3125], [5.0, 1.314453125], [5.0, 1.31640625], [5.0, 1.318359375], [5.0, 1.3203125], [5.0, 1.322265625], [5.0, 1.32421875], [5.0, 1.326171875], [5.0, 1.328125], [5.0, 1.330078125], [5.0, 1.33203125], [5.0, 1.333984375], [5.0, 1.3359375], [5.0, 1.337890625], [5.0, 1.33984375], [5.0, 1.341796875], [5.0, 1.34375], [5.0, 1.345703125], [5.0, 1.34765625], [5.0, 1.349609375], [5.0, 1.3515625], [5.0, 1.353515625], [5.0, 1.35546875], [5.0, 1.357421875], [5.0, 1.359375], [5.0, 1.361328125], [5.0, 1.36328125], [5.0, 1.365234375], [5.0, 1.3671875], [5.0, 1.369140625], [5.0, 1.37109375], [5.0, 1.373046875], [5.0, 1.375], [5.0, 1.376953125], [5.0, 1.37890625], [5.0, 1.380859375], [5.0, 1.3828125], [5.0, 1.384765625], [5.0, 1.38671875], [5.0, 1.388671875], [5.0, 1.390625], [5.0, 1.392578125], [5.0, 1.39453125], [5.0, 1.396484375], [5.0, 1.3984375], [5.0, 1.400390625], [5.0, 1.40234375], [5.0, 1.404296875], [5.0, 1.40625], [5.0, 1.408203125], [5.0, 1.41015625], [5.0, 1.412109375], [5.0, 1.4140625], [5.0, 1.416015625], [5.0, 1.41796875], [5.0, 1.419921875], [5.0, 1.421875], [5.0, 1.423828125], [5.0, 1.42578125], [5.0, 1.427734375], [5.0, 1.4296875], [5.0, 1.431640625], [5.0, 1.43359375], [5.0, 1.435546875], [5.0, 1.4375], [5.0, 1.439453125], [5.0, 1.44140625], [5.0, 1.443359375], [5.0, 1.4453125], [5.0, 1.447265625], [5.0, 1.44921875], [5.0, 1.451171875], [5.0, 1.453125], [5.0, 1.455078125], [5.0, 1.45703125], [5.0, 1.458984375], [5.0, 1.4609375], [5.0, 1.462890625], [5.0, 1.46484375], [5.0, 1.466796875], [5.0, 1.46875], [5.0, 1.470703125], [5.0, 1.47265625], [5.0, 1.474609375], [5.0, 1.4765625], [5.0, 1.478515625], [5.0, 1.48046875], [5.0, 1.482421875], [5.0, 1.484375], [5.0, 1.486328125], [5.0, 1.48828125], [5.0, 1.490234375], [5.0, 1.4921875], [5.0, 1.494140625], [5.0, 1.49609375], [5.0, 1.498046875], [5.0, 1.5], [5.0, 1.501953125], [5.0, 1.50390625], [5.0, 1.505859375], [5.0, 1.5078125], [5.0, 1.509765625], [5.0, 1.51171875], [5.0, 1.513671875], [5.0, 1.515625], [5.0, 1.517578125], [5.0, 1.51953125], [5.0, 1.521484375], [5.0, 1.5234375], [5.0, 1.525390625], [5.0, 1.52734375], [5.0, 1.529296875], [5.0, 1.53125], [5.0, 1.533203125], [5.0, 1.53515625], [5.0, 1.537109375], [5.0, 1.5390625], [5.0, 1.541015625], [5.0, 1.54296875], [5.0, 1.544921875], [5.0, 1.546875], [5.0, 1.548828125], [5.0, 1.55078125], [5.0, 1.552734375], [5.0, 1.5546875], [5.0, 1.556640625], [5.0, 1.55859375], [5.0, 1.560546875], [5.0, 1.5625], [5.0, 1.564453125], [5.0, 1.56640625], [5.0, 1.568359375], [5.0, 1.5703125], [5.0, 1.572265625], [5.0, 1.57421875], [5.0, 1.576171875], [5.0, 1.578125], [5.0, 1.580078125], [5.0, 1.58203125], [5.0, 1.583984375], [5.0, 1.5859375], [5.0, 1.587890625], [5.0, 1.58984375], [5.0, 1.591796875], [5.0, 1.59375], [5.0, 1.595703125], [5.0, 1.59765625], [5.0, 1.599609375], [5.0, 1.6015625], [5.0, 1.603515625], [5.0, 1.60546875], [5.0, 1.607421875], [5.0, 1.609375], [5.0, 1.611328125], [5.0, 1.61328125], [5.0, 1.615234375], [5.0, 1.6171875], [5.0, 1.619140625], [5.0, 1.62109375], [5.0, 1.623046875], [5.0, 1.625], [5.0, 1.626953125], [5.0, 1.62890625], [5.0, 1.630859375], [5.0, 1.6328125], [5.0, 1.634765625], [5.0, 1.63671875], [5.0, 1.638671875], [5.0, 1.640625], [5.0, 1.642578125], [5.0, 1.64453125], [5.0, 1.646484375], [5.0, 1.6484375], [5.0, 1.650390625], [5.0, 1.65234375], [5.0, 1.654296875], [5.0, 1.65625], [5.0, 1.658203125], [5.0, 1.66015625], [5.0, 1.662109375], [5.0, 1.6640625], [5.0, 1.666015625], [5.0, 1.66796875], [5.0, 1.669921875], [5.0, 1.671875], [5.0, 1.673828125], [5.0, 1.67578125], [5.0, 1.677734375], [5.0, 1.6796875], [5.0, 1.681640625], [5.0, 1.68359375], [5.0, 1.685546875], [5.0, 1.6875], [5.0, 1.689453125], [5.0, 1.69140625], [5.0, 1.693359375], [5.0, 1.6953125], [5.0, 1.697265625], [5.0, 1.69921875], [5.0, 1.701171875], [5.0, 1.703125], [5.0, 1.705078125], [5.0, 1.70703125], [5.0, 1.708984375], [5.0, 1.7109375], [5.0, 1.712890625], [5.0, 1.71484375], [5.0, 1.716796875], [5.0, 1.71875], [5.0, 1.720703125], [5.0, 1.72265625], [5.0, 1.724609375], [5.0, 1.7265625], [5.0, 1.728515625], [5.0, 1.73046875], [5.0, 1.732421875], [5.0, 1.734375], [5.0, 1.736328125], [5.0, 1.73828125], [5.0, 1.740234375], [5.0, 1.7421875], [5.0, 1.744140625], [5.0, 1.74609375], [5.0, 1.748046875], [5.0, 1.75], [5.0, 1.751953125], [5.0, 1.75390625], [5.0, 1.755859375], [5.0, 1.7578125], [5.0, 1.759765625], [5.0, 1.76171875], [5.0, 1.763671875], [5.0, 1.765625], [5.0, 1.767578125], [5.0, 1.76953125], [5.0, 1.771484375], [5.0, 1.7734375], [5.0, 1.775390625], [5.0, 1.77734375], [5.0, 1.779296875], [5.0, 1.78125], [5.0, 1.783203125], [5.0, 1.78515625], [5.0, 1.787109375], [5.0, 1.7890625], [5.0, 1.791015625], [5.0, 1.79296875], [5.0, 1.794921875], [5.0, 1.796875], [5.0, 1.798828125], [5.0, 1.80078125], [5.0, 1.802734375], [5.0, 1.8046875], [5.0, 1.806640625], [5.0, 1.80859375], [5.0, 1.810546875], [5.0, 1.8125], [5.0, 1.814453125], [5.0, 1.81640625], [5.0, 1.818359375], [5.0, 1.8203125], [5.0, 1.822265625], [5.0, 1.82421875], [5.0, 1.826171875], [5.0, 1.828125], [5.0, 1.830078125], [5.0, 1.83203125], [5.0, 1.833984375], [5.0, 1.8359375], [5.0, 1.837890625], [5.0, 1.83984375], [5.0, 1.841796875], [5.0, 1.84375], [5.0, 1.845703125], [5.0, 1.84765625], [5.0, 1.849609375], [5.0, 1.8515625], [5.0, 1.853515625], [5.0, 1.85546875], [5.0, 1.857421875], [5.0, 1.859375], [5.0, 1.861328125], [5.0, 1.86328125], [5.0, 1.865234375], [5.0, 1.8671875], [5.0, 1.869140625], [5.0, 1.87109375], [5.0, 1.873046875], [5.0, 1.875], [5.0, 1.876953125], [5.0, 1.87890625], [5.0, 1.880859375], [5.0, 1.8828125], [5.0, 1.884765625], [5.0, 1.88671875], [5.0, 1.888671875], [5.0, 1.890625], [5.0, 1.892578125], [5.0, 1.89453125], [5.0, 1.896484375], [5.0, 1.8984375], [5.0, 1.900390625], [5.0, 1.90234375], [5.0, 1.904296875], [5.0, 1.90625], [5.0, 1.908203125], [5.0, 1.91015625], [5.0, 1.912109375], [5.0, 1.9140625], [5.0, 1.916015625], [5.0, 1.91796875], [5.0, 1.919921875], [5.0, 1.921875], [5.0, 1.923828125], [5.0, 1.92578125], [5.0, 1.927734375], [5.0, 1.9296875], [5.0, 1.931640625], [5.0, 1.93359375], [5.0, 1.935546875], [5.0, 1.9375], [5.0, 1.939453125], [5.0, 1.94140625], [5.0, 1.943359375], [5.0, 1.9453125], [5.0, 1.947265625], [5.0, 1.94921875], [5.0, 1.951171875], [5.0, 1.953125], [5.0, 1.955078125], [5.0, 1.95703125], [5.0, 1.958984375], [5.0, 1.9609375], [5.0, 1.962890625], [5.0, 1.96484375], [5.0, 1.966796875], [5.0, 1.96875], [5.0, 1.970703125], [5.0, 1.97265625], [5.0, 1.974609375], [5.0, 1.9765625], [5.0, 1.978515625], [5.0, 1.98046875], [5.0, 1.982421875], [5.0, 1.984375], [5.0, 1.986328125], [5.0, 1.98828125], [5.0, 1.990234375], [5.0, 1.9921875], [5.0, 1.994140625], [5.0, 1.99609375], [5.0, 1.998046875], [5.0, 2.0], [4.998046875, 2.0], [4.99609375, 2.0], [4.994140625, 2.0], [4.9921875, 2.0], [4.990234375, 2.0], [4.98828125, 2.0], [4.986328125, 2.0], [4.984375, 2.0], [4.982421875, 2.0], [4.98046875, 2.0], [4.978515625, 2.0], [4.9765625, 2.0], [4.974609375, 2.0], [4.97265625, 2.0], [4.970703125, 2.0], [4.96875, 2.0], [4.966796875, 2.0], [4.96484375, 2.0], [4.962890625, 2.0], [4.9609375, 2.0], [4.958984375, 2.0], [4.95703125, 2.0], [4.955078125, 2.0], [4.953125, 2.0], [4.951171875, 2.0], [4.94921875, 2.0], [4.947265625, 2.0], [4.9453125, 2.0], [4.943359375, 2.0], [4.94140625, 2.0], [4.939453125, 2.0], [4.9375, 2.0], [4.935546875, 2.0], [4.93359375, 2.0], [4.931640625, 2.0], [4.9296875, 2.0], [4.927734375, 2.0], [4.92578125, 2.0], [4.923828125, 2.0], [4.921875, 2.0], [4.919921875, 2.0], [4.91796875, 2.0], [4.916015625, 2.0], [4.9140625, 2.0], [4.912109375, 2.0], [4.91015625, 2.0], [4.908203125, 2.0], [4.90625, 2.0], [4.904296875, 2.0], [4.90234375, 2.0], [4.900390625, 2.0], [4.8984375, 2.0], [4.896484375, 2.0], [4.89453125, 2.0], [4.892578125, 2.0], [4.890625, 2.0], [4.888671875, 2.0], [4.88671875, 2.0], [4.884765625, 2.0], [4.8828125, 2.0], [4.880859375, 2.0], [4.87890625, 2.0], [4.876953125, 2.0], [4.875, 2.0], [4.873046875, 2.0], [4.87109375, 2.0], [4.869140625, 2.0], [4.8671875, 2.0], [4.865234375, 2.0], [4.86328125, 2.0], [4.861328125, 2.0], [4.859375, 2.0], [4.857421875, 2.0], [4.85546875, 2.0], [4.853515625, 2.0], [4.8515625, 2.0], [4.849609375, 2.0], [4.84765625, 2.0], [4.845703125, 2.0], [4.84375, 2.0], [4.841796875, 2.0], [4.83984375, 2.0], [4.837890625, 2.0], [4.8359375, 2.0], [4.833984375, 2.0], [4.83203125, 2.0], [4.830078125, 2.0], [4.828125, 2.0], [4.826171875, 2.0], [4.82421875, 2.0], [4.822265625, 2.0], [4.8203125, 2.0], [4.818359375, 2.0], [4.81640625, 2.0], [4.814453125, 2.0], [4.8125, 2.0], [4.810546875, 2.0], [4.80859375, 2.0], [4.806640625, 2.0], [4.8046875, 2.0], [4.802734375, 2.0], [4.80078125, 2.0], [4.798828125, 2.0], [4.796875, 2.0], [4.794921875, 2.0], [4.79296875, 2.0], [4.791015625, 2.0], [4.7890625, 2.0], [4.787109375, 2.0], [4.78515625, 2.0], [4.783203125, 2.0], [4.78125, 2.0], [4.779296875, 2.0], [4.77734375, 2.0], [4.775390625, 2.0], [4.7734375, 2.0], [4.771484375, 2.0], [4.76953125, 2.0], [4.767578125, 2.0], [4.765625, 2.0], [4.763671875, 2.0], [4.76171875, 2.0], [4.759765625, 2.0], [4.7578125, 2.0], [4.755859375, 2.0], [4.75390625, 2.0], [4.751953125, 2.0], [4.75, 2.0], [4.748046875, 2.0], [4.74609375, 2.0], [4.744140625, 2.0], [4.7421875, 2.0], [4.740234375, 2.0], [4.73828125, 2.0], [4.736328125, 2.0], [4.734375, 2.0], [4.732421875, 2.0], [4.73046875, 2.0], [4.728515625, 2.0], [4.7265625, 2.0], [4.724609375, 2.0], [4.72265625, 2.0], [4.720703125, 2.0], [4.71875, 2.0], [4.716796875, 2.0], [4.71484375, 2.0], [4.712890625, 2.0], [4.7109375, 2.0], [4.708984375, 2.0], [4.70703125, 2.0], [4.705078125, 2.0], [4.703125, 2.0], [4.701171875, 2.0], [4.69921875, 2.0], [4.697265625, 2.0], [4.6953125, 2.0], [4.693359375, 2.0], [4.69140625, 2.0], [4.689453125, 2.0], [4.6875, 2.0], [4.685546875, 2.0], [4.68359375, 2.0], [4.681640625, 2.0], [4.6796875, 2.0], [4.677734375, 2.0], [4.67578125, 2.0], [4.673828125, 2.0], [4.671875, 2.0], [4.669921875, 2.0], [4.66796875, 2.0], [4.666015625, 2.0], [4.6640625, 2.0], [4.662109375, 2.0], [4.66015625, 2.0], [4.658203125, 2.0], [4.65625, 2.0], [4.654296875, 2.0], [4.65234375, 2.0], [4.650390625, 2.0], [4.6484375, 2.0], [4.646484375, 2.0], [4.64453125, 2.0], [4.642578125, 2.0], [4.640625, 2.0], [4.638671875, 2.0], [4.63671875, 2.0], [4.634765625, 2.0], [4.6328125, 2.0], [4.630859375, 2.0], [4.62890625, 2.0], [4.626953125, 2.0], [4.625, 2.0], [4.623046875, 2.0], [4.62109375, 2.0], [4.619140625, 2.0], [4.6171875, 2.0], [4.615234375, 2.0], [4.61328125, 2.0], [4.611328125, 2.0], [4.609375, 2.0], [4.607421875, 2.0], [4.60546875, 2.0], [4.603515625, 2.0], [4.6015625, 2.0], [4.599609375, 2.0], [4.59765625, 2.0], [4.595703125, 2.0], [4.59375, 2.0], [4.591796875, 2.0], [4.58984375, 2.0], [4.587890625, 2.0], [4.5859375, 2.0], [4.583984375, 2.0], [4.58203125, 2.0], [4.580078125, 2.0], [4.578125, 2.0], [4.576171875, 2.0], [4.57421875, 2.0], [4.572265625, 2.0], [4.5703125, 2.0], [4.568359375, 2.0], [4.56640625, 2.0], [4.564453125, 2.0], [4.5625, 2.0], [4.560546875, 2.0], [4.55859375, 2.0], [4.556640625, 2.0], [4.5546875, 2.0], [4.552734375, 2.0], [4.55078125, 2.0], [4.548828125, 2.0], [4.546875, 2.0], [4.544921875, 2.0], [4.54296875, 2.0], [4.541015625, 2.0], [4.5390625, 2.0], [4.537109375, 2.0], [4.53515625, 2.0], [4.533203125, 2.0], [4.53125, 2.0], [4.529296875, 2.0], [4.52734375, 2.0], [4.525390625, 2.0], [4.5234375, 2.0], [4.521484375, 2.0], [4.51953125, 2.0], [4.517578125, 2.0], [4.515625, 2.0], [4.513671875, 2.0], [4.51171875, 2.0], [4.509765625, 2.0], [4.5078125, 2.0], [4.505859375, 2.0], [4.50390625, 2.0], [4.501953125, 2.0], [4.5, 2.0], [4.498046875, 2.0], [4.49609375, 2.0], [4.494140625, 2.0], [4.4921875, 2.0], [4.490234375, 2.0], [4.48828125, 2.0], [4.486328125, 2.0], [4.484375, 2.0], [4.482421875, 2.0], [4.48046875, 2.0], [4.478515625, 2.0], [4.4765625, 2.0], [4.474609375, 2.0], [4.47265625, 2.0], [4.470703125, 2.0], [4.46875, 2.0], [4.466796875, 2.0], [4.46484375, 2.0], [4.462890625, 2.0], [4.4609375, 2.0], [4.458984375, 2.0], [4.45703125, 2.0], [4.455078125, 2.0], [4.453125, 2.0], [4.451171875, 2.0], [4.44921875, 2.0], [4.447265625, 2.0], [4.4453125, 2.0], [4.443359375, 2.0], [4.44140625, 2.0], [4.439453125, 2.0], [4.4375, 2.0], [4.435546875, 2.0], [4.43359375, 2.0], [4.431640625, 2.0], [4.4296875, 2.0], [4.427734375, 2.0], [4.42578125, 2.0], [4.423828125, 2.0], [4.421875, 2.0], [4.419921875, 2.0], [4.41796875, 2.0], [4.416015625, 2.0], [4.4140625, 2.0], [4.412109375, 2.0], [4.41015625, 2.0], [4.408203125, 2.0], [4.40625, 2.0], [4.404296875, 2.0], [4.40234375, 2.0], [4.400390625, 2.0], [4.3984375, 2.0], [4.396484375, 2.0], [4.39453125, 2.0], [4.392578125, 2.0], [4.390625, 2.0], [4.388671875, 2.0], [4.38671875, 2.0], [4.384765625, 2.0], [4.3828125, 2.0], [4.380859375, 2.0], [4.37890625, 2.0], [4.376953125, 2.0], [4.375, 2.0], [4.373046875, 2.0], [4.37109375, 2.0], [4.369140625, 2.0], [4.3671875, 2.0], [4.365234375, 2.0], [4.36328125, 2.0], [4.361328125, 2.0], [4.359375, 2.0], [4.357421875, 2.0], [4.35546875, 2.0], [4.353515625, 2.0], [4.3515625, 2.0], [4.349609375, 2.0], [4.34765625, 2.0], [4.345703125, 2.0], [4.34375, 2.0], [4.341796875, 2.0], [4.33984375, 2.0], [4.337890625, 2.0], [4.3359375, 2.0], [4.333984375, 2.0], [4.33203125, 2.0], [4.330078125, 2.0], [4.328125, 2.0], [4.326171875, 2.0], [4.32421875, 2.0], [4.322265625, 2.0], [4.3203125, 2.0], [4.318359375, 2.0], [4.31640625, 2.0], [4.314453125, 2.0], [4.3125, 2.0], [4.310546875, 2.0], [4.30859375, 2.0], [4.306640625, 2.0], [4.3046875, 2.0], [4.302734375, 2.0], [4.30078125, 2.0], [4.298828125, 2.0], [4.296875, 2.0], [4.294921875, 2.0], [4.29296875, 2.0], [4.291015625, 2.0], [4.2890625, 2.0], [4.287109375, 2.0], [4.28515625, 2.0], [4.283203125, 2.0], [4.28125, 2.0], [4.279296875, 2.0], [4.27734375, 2.0], [4.275390625, 2.0], [4.2734375, 2.0], [4.271484375, 2.0], [4.26953125, 2.0], [4.267578125, 2.0], [4.265625, 2.0], [4.263671875, 2.0], [4.26171875, 2.0], [4.259765625, 2.0], [4.2578125, 2.0], [4.255859375, 2.0], [4.25390625, 2.0], [4.251953125, 2.0], [4.25, 2.0], [4.248046875, 2.0], [4.24609375, 2.0], [4.244140625, 2.0], [4.2421875, 2.0], [4.240234375, 2.0], [4.23828125, 2.0], [4.236328125, 2.0], [4.234375, 2.0], [4.232421875, 2.0], [4.23046875, 2.0], [4.228515625, 2.0], [4.2265625, 2.0], [4.224609375, 2.0], [4.22265625, 2.0], [4.220703125, 2.0], [4.21875, 2.0], [4.216796875, 2.0], [4.21484375, 2.0], [4.212890625, 2.0], [4.2109375, 2.0], [4.208984375, 2.0], [4.20703125, 2.0], [4.205078125, 2.0], [4.203125, 2.0], [4.201171875, 2.0], [4.19921875, 2.0], [4.197265625, 2.0], [4.1953125, 2.0], [4.193359375, 2.0], [4.19140625, 2.0], [4.189453125, 2.0], [4.1875, 2.0], [4.185546875, 2.0], [4.18359375, 2.0], [4.181640625, 2.0], [4.1796875, 2.0], [4.177734375, 2.0], [4.17578125, 2.0], [4.173828125, 2.0], [4.171875, 2.0], [4.169921875, 2.0], [4.16796875, 2.0], [4.166015625, 2.0], [4.1640625, 2.0], [4.162109375, 2.0], [4.16015625, 2.0], [4.158203125, 2.0], [4.15625, 2.0], [4.154296875, 2.0], [4.15234375, 2.0], [4.150390625, 2.0], [4.1484375, 2.0], [4.146484375, 2.0], [4.14453125, 2.0], [4.142578125, 2.0], [4.140625, 2.0], [4.138671875, 2.0], [4.13671875, 2.0], [4.134765625, 2.0], [4.1328125, 2.0], [4.130859375, 2.0], [4.12890625, 2.0], [4.126953125, 2.0], [4.125, 2.0], [4.123046875, 2.0], [4.12109375, 2.0], [4.119140625, 2.0], [4.1171875, 2.0], [4.115234375, 2.0], [4.11328125, 2.0], [4.111328125, 2.0], [4.109375, 2.0], [4.107421875, 2.0], [4.10546875, 2.0], [4.103515625, 2.0], [4.1015625, 2.0], [4.099609375, 2.0], [4.09765625, 2.0], [4.095703125, 2.0], [4.09375, 2.0], [4.091796875, 2.0], [4.08984375, 2.0], [4.087890625, 2.0], [4.0859375, 2.0], [4.083984375, 2.0], [4.08203125, 2.0], [4.080078125, 2.0], [4.078125, 2.0], [4.076171875, 2.0], [4.07421875, 2.0], [4.072265625, 2.0], [4.0703125, 2.0], [4.068359375, 2.0], [4.06640625, 2.0], [4.064453125, 2.0], [4.0625, 2.0], [4.060546875, 2.0], [4.05859375, 2.0], [4.056640625, 2.0], [4.0546875, 2.0], [4.052734375, 2.0], [4.05078125, 2.0], [4.048828125, 2.0], [4.046875, 2.0], [4.044921875, 2.0], [4.04296875, 2.0], [4.041015625, 2.0], [4.0390625, 2.0], [4.037109375, 2.0], [4.03515625, 2.0], [4.033203125, 2.0], [4.03125, 2.0], [4.029296875, 2.0], [4.02734375, 2.0], [4.025390625, 2.0], [4.0234375, 2.0], [4.021484375, 2.0], [4.01953125, 2.0], [4.017578125, 2.0], [4.015625, 2.0], [4.013671875, 2.0], [4.01171875, 2.0], [4.009765625, 2.0], [4.0078125, 2.0], [4.005859375, 2.0], [4.00390625, 2.0], [4.001953125, 2.0], [4.0, 2.0], [4.0, 1.998046875], [4.0, 1.99609375], [4.0, 1.994140625], [4.0, 1.9921875], [4.0, 1.990234375], [4.0, 1.98828125], [4.0, 1.986328125], [4.0, 1.984375], [4.0, 1.982421875], [4.0, 1.98046875], [4.0, 1.978515625], [4.0, 1.9765625], [4.0, 1.974609375], [4.0, 1.97265625], [4.0, 1.970703125], [4.0, 1.96875], [4.0, 1.966796875], [4.0, 1.96484375], [4.0, 1.962890625], [4.0, 1.9609375], [4.0, 1.958984375], [4.0, 1.95703125], [4.0, 1.955078125], [4.0, 1.953125], [4.0, 1.951171875], [4.0, 1.94921875], [4.0, 1.947265625], [4.0, 1.9453125], [4.0, 1.943359375], [4.0, 1.94140625], [4.0, 1.939453125], [4.0, 1.9375], [4.0, 1.935546875], [4.0, 1.93359375], [4.0, 1.931640625], [4.0, 1.9296875], [4.0, 1.927734375], [4.0, 1.92578125], [4.0, 1.923828125], [4.0, 1.921875], [4.0, 1.919921875], [4.0, 1.91796875], [4.0, 1.916015625], [4.0, 1.9140625], [4.0, 1.912109375], [4.0, 1.91015625], [4.0, 1.908203125], [4.0, 1.90625], [4.0, 1.904296875], [4.0, 1.90234375], [4.0, 1.900390625], [4.0, 1.8984375], [4.0, 1.896484375], [4.0, 1.89453125], [4.0, 1.892578125], [4.0, 1.890625], [4.0, 1.888671875], [4.0, 1.88671875], [4.0, 1.884765625], [4.0, 1.8828125], [4.0, 1.880859375], [4.0, 1.87890625], [4.0, 1.876953125], [4.0, 1.875], [4.0, 1.873046875], [4.0, 1.87109375], [4.0, 1.869140625], [4.0, 1.8671875], [4.0, 1.865234375], [4.0, 1.86328125], [4.0, 1.861328125], [4.0, 1.859375], [4.0, 1.857421875], [4.0, 1.85546875], [4.0, 1.853515625], [4.0, 1.8515625], [4.0, 1.849609375], [4.0, 1.84765625], [4.0, 1.845703125], [4.0, 1.84375], [4.0, 1.841796875], [4.0, 1.83984375], [4.0, 1.837890625], [4.0, 1.8359375], [4.0, 1.833984375], [4.0, 1.83203125], [4.0, 1.830078125], [4.0, 1.828125], [4.0, 1.826171875], [4.0, 1.82421875], [4.0, 1.822265625], [4.0, 1.8203125], [4.0, 1.818359375], [4.0, 1.81640625], [4.0, 1.814453125], [4.0, 1.8125], [4.0, 1.810546875], [4.0, 1.80859375], [4.0, 1.806640625], [4.0, 1.8046875], [4.0, 1.802734375], [4.0, 1.80078125], [4.0, 1.798828125], [4.0, 1.796875], [4.0, 1.794921875], [4.0, 1.79296875], [4.0, 1.791015625], [4.0, 1.7890625], [4.0, 1.787109375], [4.0, 1.78515625], [4.0, 1.783203125], [4.0, 1.78125], [4.0, 1.779296875], [4.0, 1.77734375], [4.0, 1.775390625], [4.0, 1.7734375], [4.0, 1.771484375], [4.0, 1.76953125], [4.0, 1.767578125], [4.0, 1.765625], [4.0, 1.763671875], [4.0, 1.76171875], [4.0, 1.759765625], [4.0, 1.7578125], [4.0, 1.755859375], [4.0, 1.75390625], [4.0, 1.751953125], [4.0, 1.75], [4.0, 1.748046875], [4.0, 1.74609375], [4.0, 1.744140625], [4.0, 1.7421875], [4.0, 1.740234375], [4.0, 1.73828125], [4.0, 1.736328125], [4.0, 1.734375], [4.0, 1.732421875], [4.0, 1.73046875], [4.0, 1.728515625], [4.0, 1.7265625], [4.0, 1.724609375], [4.0, 1.72265625], [4.0, 1.720703125], [4.0, 1.71875], [4.0, 1.716796875], [4.0, 1.71484375], [4.0, 1.712890625], [4.0, 1.7109375], [4.0, 1.708984375], [4.0, 1.70703125], [4.0, 1.705078125], [4.0, 1.703125], [4.0, 1.701171875], [4.0, 1.69921875], [4.0, 1.697265625], [4.0, 1.6953125], [4.0, 1.693359375], [4.0, 1.69140625], [4.0, 1.689453125], [4.0, 1.6875], [4.0, 1.685546875], [4.0, 1.68359375], [4.0, 1.681640625], [4.0, 1.6796875], [4.0, 1.677734375], [4.0, 1.67578125], [4.0, 1.673828125], [4.0, 1.671875], [4.0, 1.669921875], [4.0, 1.66796875], [4.0, 1.666015625], [4.0, 1.6640625], [4.0, 1.662109375], [4.0, 1.66015625], [4.0, 1.658203125], [4.0, 1.65625], [4.0, 1.654296875], [4.0, 1.65234375], [4.0, 1.650390625], [4.0, 1.6484375], [4.0, 1.646484375], [4.0, 1.64453125], [4.0, 1.642578125], [4.0, 1.640625], [4.0, 1.638671875], [4.0, 1.63671875], [4.0, 1.634765625], [4.0, 1.6328125], [4.0, 1.630859375], [4.0, 1.62890625], [4.0, 1.626953125], [4.0, 1.625], [4.0, 1.623046875], [4.0, 1.62109375], [4.0, 1.619140625], [4.0, 1.6171875], [4.0, 1.615234375], [4.0, 1.61328125], [4.0, 1.611328125], [4.0, 1.609375], [4.0, 1.607421875], [4.0, 1.60546875], [4.0, 1.603515625], [4.0, 1.6015625], [4.0, 1.599609375], [4.0, 1.59765625], [4.0, 1.595703125], [4.0, 1.59375], [4.0, 1.591796875], [4.0, 1.58984375], [4.0, 1.587890625], [4.0, 1.5859375], [4.0, 1.583984375], [4.0, 1.58203125], [4.0, 1.580078125], [4.0, 1.578125], [4.0, 1.576171875], [4.0, 1.57421875], [4.0, 1.572265625], [4.0, 1.5703125], [4.0, 1.568359375], [4.0, 1.56640625], [4.0, 1.564453125], [4.0, 1.5625], [4.0, 1.560546875], [4.0, 1.55859375], [4.0, 1.556640625], [4.0, 1.5546875], [4.0, 1.552734375], [4.0, 1.55078125], [4.0, 1.548828125], [4.0, 1.546875], [4.0, 1.544921875], [4.0, 1.54296875], [4.0, 1.541015625], [4.0, 1.5390625], [4.0, 1.537109375], [4.0, 1.53515625], [4.0, 1.533203125], [4.0, 1.53125], [4.0, 1.529296875], [4.0, 1.52734375], [4.0, 1.525390625], [4.0, 1.5234375], [4.0, 1.521484375], [4.0, 1.51953125], [4.0, 1.517578125], [4.0, 1.515625], [4.0, 1.513671875], [4.0, 1.51171875], [4.0, 1.509765625], [4.0, 1.5078125], [4.0, 1.505859375], [4.0, 1.50390625], [4.0, 1.501953125], [4.0, 1.5], [4.0, 1.498046875], [4.0, 1.49609375], [4.0, 1.494140625], [4.0, 1.4921875], [4.0, 1.490234375], [4.0, 1.48828125], [4.0, 1.486328125], [4.0, 1.484375], [4.0, 1.482421875], [4.0, 1.48046875], [4.0, 1.478515625], [4.0, 1.4765625], [4.0, 1.474609375], [4.0, 1.47265625], [4.0, 1.470703125], [4.0, 1.46875], [4.0, 1.466796875], [4.0, 1.46484375], [4.0, 1.462890625], [4.0, 1.4609375], [4.0, 1.458984375], [4.0, 1.45703125], [4.0, 1.455078125], [4.0, 1.453125], [4.0, 1.451171875], [4.0, 1.44921875], [4.0, 1.447265625], [4.0, 1.4453125], [4.0, 1.443359375], [4.0, 1.44140625], [4.0, 1.439453125], [4.0, 1.4375], [4.0, 1.435546875], [4.0, 1.43359375], [4.0, 1.431640625], [4.0, 1.4296875], [4.0, 1.427734375], [4.0, 1.42578125], [4.0, 1.423828125], [4.0, 1.421875], [4.0, 1.419921875], [4.0, 1.41796875], [4.0, 1.416015625], [4.0, 1.4140625], [4.0, 1.412109375], [4.0, 1.41015625], [4.0, 1.408203125], [4.0, 1.40625], [4.0, 1.404296875], [4.0, 1.40234375], [4.0, 1.400390625], [4.0, 1.3984375], [4.0, 1.396484375], [4.0, 1.39453125], [4.0, 1.392578125], [4.0, 1.390625], [4.0, 1.388671875], [4.0, 1.38671875], [4.0, 1.384765625], [4.0, 1.3828125], [4.0, 1.380859375], [4.0, 1.37890625], [4.0, 1.376953125], [4.0, 1.375], [4.0, 1.373046875], [4.0, 1.37109375], [4.0, 1.369140625], [4.0, 1.3671875], [4.0, 1.365234375], [4.0, 1.36328125], [4.0, 1.361328125], [4.0, 1.359375], [4.0, 1.357421875], [4.0, 1.35546875], [4.0, 1.353515625], [4.0, 1.3515625], [4.0, 1.349609375], [4.0, 1.34765625], [4.0, 1.345703125], [4.0, 1.34375], [4.0, 1.341796875], [4.0, 1.33984375], [4.0, 1.337890625], [4.0, 1.3359375], [4.0, 1.333984375], [4.0, 1.33203125], [4.0, 1.330078125], [4.0, 1.328125], [4.0, 1.326171875], [4.0, 1.32421875], [4.0, 1.322265625], [4.0, 1.3203125], [4.0, 1.318359375], [4.0, 1.31640625], [4.0, 1.314453125], [4.0, 1.3125], [4.0, 1.310546875], [4.0, 1.30859375], [4.0, 1.306640625], [4.0, 1.3046875], [4.0, 1.302734375], [4.0, 1.30078125], [4.0, 1.298828125], [4.0, 1.296875], [4.0, 1.294921875], [4.0, 1.29296875], [4.0, 1.291015625], [4.0, 1.2890625], [4.0, 1.287109375], [4.0, 1.28515625], [4.0, 1.283203125], [4.0, 1.28125], [4.0, 1.279296875], [4.0, 1.27734375], [4.0, 1.275390625], [4.0, 1.2734375], [4.0, 1.271484375], [4.0, 1.26953125], [4.0, 1.267578125], [4.0, 1.265625], [4.0, 1.263671875], [4.0, 1.26171875], [4.0, 1.259765625], [4.0, 1.2578125], [4.0, 1.255859375], [4.0, 1.25390625], [4.0, 1.251953125], [4.0, 1.25], [4.0, 1.248046875], [4.0, 1.24609375], [4.0, 1.244140625], [4.0, 1.2421875], [4.0, 1.240234375], [4.0, 1.23828125], [4.0, 1.236328125], [4.0, 1.234375], [4.0, 1.232421875], [4.0, 1.23046875], [4.0, 1.228515625], [4.0, 1.2265625], [4.0, 1.224609375], [4.0, 1.22265625], [4.0, 1.220703125], [4.0, 1.21875], [4.0, 1.216796875], [4.0, 1.21484375], [4.0, 1.212890625], [4.0, 1.2109375], [4.0, 1.208984375], [4.0, 1.20703125], [4.0, 1.205078125], [4.0, 1.203125], [4.0, 1.201171875], [4.0, 1.19921875], [4.0, 1.197265625], [4.0, 1.1953125], [4.0, 1.193359375], [4.0, 1.19140625], [4.0, 1.189453125], [4.0, 1.1875], [4.0, 1.185546875], [4.0, 1.18359375], [4.0, 1.181640625], [4.0, 1.1796875], [4.0, 1.177734375], [4.0, 1.17578125], [4.0, 1.173828125], [4.0, 1.171875], [4.0, 1.169921875], [4.0, 1.16796875], [4.0, 1.166015625], [4.0, 1.1640625], [4.0, 1.162109375], [4.0, 1.16015625], [4.0, 1.158203125], [4.0, 1.15625], [4.0, 1.154296875], [4.0, 1.15234375], [4.0, 1.150390625], [4.0, 1.1484375], [4.0, 1.146484375], [4.0, 1.14453125], [4.0, 1.142578125], [4.0, 1.140625], [4.0, 1.138671875], [4.0, 1.13671875], [4.0, 1.134765625], [4.0, 1.1328125], [4.0, 1.130859375], [4.0, 1.12890625], [4.0, 1.126953125], [4.0, 1.125], [4.0, 1.123046875], [4.0, 1.12109375], [4.0, 1.119140625], [4.0, 1.1171875], [4.0, 1.115234375], [4.0, 1.11328125], [4.0, 1.111328125], [4.0, 1.109375], [4.0, 1.107421875], [4.0, 1.10546875], [4.0, 1.103515625], [4.0, 1.1015625], [4.0, 1.099609375], [4.0, 1.09765625], [4.0, 1.095703125], [4.0, 1.09375], [4.0, 1.091796875], [4.0, 1.08984375], [4.0, 1.087890625], [4.0, 1.0859375], [4.0, 1.083984375], [4.0, 1.08203125], [4.0, 1.080078125], [4.0, 1.078125], [4.0, 1.076171875], [4.0, 1.07421875], [4.0, 1.072265625], [4.0, 1.0703125], [4.0, 1.068359375], [4.0, 1.06640625], [4.0, 1.064453125], [4.0, 1.0625], [4.0, 1.060546875], [4.0, 1.05859375], [4.0, 1.056640625], [4.0, 1.0546875], [4.0, 1.052734375], [4.0, 1.05078125], [4.0, 1.048828125], [4.0, 1.046875], [4.0, 1.044921875], [4.0, 1.04296875], [4.0, 1.041015625], [4.0, 1.0390625], [4.0, 1.037109375], [4.0, 1.03515625], [4.0, 1.033203125], [4.0, 1.03125], [4.0, 1.029296875], [4.0, 1.02734375], [4.0, 1.025390625], [4.0, 1.0234375], [4.0, 1.021484375], [4.0, 1.01953125], [4.0, 1.017578125], [4.0, 1.015625], [4.0, 1.013671875], [4.0, 1.01171875], [4.0, 1.009765625], [4.0, 1.0078125], [4.0, 1.005859375], [4.0, 1.00390625], [4.0, 1.001953125], [4, 1]]]}}, {"type": "Feature", "id": "c0-2", "properties": {"id": "c0-2", "name": "cell 0,2", "value": 4.0922}, "geometry": {"type": "Polygon", "coordinates": [[[0.0, 2.0], [0.001953125, 2.0], [0.00390625, 2.0], [0.005859375, 2.0], [0.0078125, 2.0], [0.009765625, 2.0], [0.01171875, 2.0], [0.013671875, 2.0], [0.015625, 2.0], [0.017578125, 2.0], [0.01953125, 2.0], [0.021484375, 2.0], [0.0234375, 2.0], [0.025390625, 2.0], [0.02734375, 2.0], [0.029296875, 2.0], [0.03125, 2.0], [0.033203125, 2.0], [0.03515625, 2.0], [0.037109375, 2.0], [0.0390625, 2.0], [0.041015625, 2.0], [0.04296875, 2.0], [0.044921875, 2.0], [0.046875, 2.0], [0.048828125, 2.0], [0.05078125, 2.0], [0.052734375, 2.0], [0.0546875, 2.0], [0.056640625, 2.0], [0.05859375, 2.0], [0.060546875, 2.0], [0.0625, 2.0], [0.064453125, 2.0], [0.06640625, 2.0], [0.068359375, 2.0], [0.0703125, 2.0], [0.072265625, 2.0], [0.07421875, 2.0], [0.076171875, 2.0], [0.078125, 2.0], [0.080078125, 2.0], [0.08203125, 2.0], [0.083984375, 2.0], [0.0859375, 2.0], [0.087890625, 2.0], [0.08984375, 2.0], [0.091796875, 2.0], [0.09375, 2.0], [0.095703125, 2.0], [0.09765625, 2.0], [0.099609375, 2.0], [0.1015625, 2.0], [0.103515625, 2.0], [0.10546875, 2.0], [0.107421875, 2.0], [0.109375, 2.0], [0.111328125, 2.0], [0.11328125, 2.0], [0.115234375, 2.0], [0.1171875, 2.0], [0.119140625, 2.0], [0.12109375, 2.0], [0.123046875, 2.0], [0.125, 2.0], [0.126953125, 2.0], [0.12890625, 2.0], [0.130859375, 2.0], [0.1328125, 2.0], [0.134765625, 2.0], [0.13671875, 2.0], [0.138671875, 2.0], [0.140625, 2.0], [0.142578125, 2.0], [0.14453125, 2.0], [0.146484375, 2.0], [0.1484375, 2.0], [0.150390625, 2.0], [0.15234375, 2.0], [0.154296875, 2.0], [0.15625, 2.0], [0.158203125, 2.0], [0.16015625, 2.0], [0.162109375, 2.0], [0.1640625, 2.0], [0.166015625, 2.0], [0.16796875, 2.0], [0.169921875, 2.0], [0.171875, 2.0], [0.173828125, 2.0], [0.17578125, 2.0], [0.177734375, 2.0], [0.1796875, 2.0], [0.181640625, 2.0], [0.18359375, 2.0], [0.185546875, 2.0], [0.1875, 2.0], [0.189453125, 2.0], [0.19140625, 2.0], [0.193359375, 2.0], [0.1953125, 2.0], [0.197265625, 2.0], [0.19921875, 2.0], [0.201171875, 2.0], [0.203125, 2.0], [0.205078125, 2.0], [0.20703125, 2.0], [0.208984375, 2.0], [0.2109375, 2.0], [0.212890625, 2.0], [0.21484375, 2.0], [0.216796875, 2.0], [0.21875, 2.0], [0.220703125, 2.0], [0.22265625, 2.0], [0.224609375, 2.0], [0.2265625, 2.0], [0.228515625, 2.0], [0.23046875, 2.0], [0.232421875, 2.0], [0.234375, 2.0], [0.236328125, 2.0], [0.23828125, 2.0], [0.240234375, 2.0], [0.2421875, 2.0], [0.244140625, 2.0], [0.24609375, 2.0], [0.248046875, 2.0], [0.25, 2.0], [0.251953125, 2.0], [0.25390625, 2.0], [0.255859375, 2.0], [0.2578125, 2.0], [0.259765625, 2.0], [0.26171875, 2.0], [0.263671875, 2.0], [0.265625, 2.0], [0.267578125, 2.0], [0.26953125, 2.0], [0.271484375, 2.0], [0.2734375, 2.0], [0.275390625, 2.0], [0.27734375, 2.0], [0.279296875, 2.0], [0.28125, 2.0], [0.283203125, 2.0], [0.28515625, 2.0], [0.287109375, 2.0], [0.2890625, 2.0], [0.291015625, 2.0], [0.29296875, 2.0], [0.294921875, 2.0], [0.296875, 2.0], [0.298828125, 2.0], [0.30078125, 2.0], [0.302734375, 2.0], [0.3046875, 2.0], [0.306640625, 2.0], [0.30859375, 2.0], [0.310546875, 2.0], [0.3125, 2.0], [0.314453125, 2.0], [0.31640625, 2.0], [0.318359375, 2.0], [0.3203125, 2.0], [0.322265625, 2.0], [0.32421875, 2.0], [0.326171875, 2.0], [0.328125, 2.0], [0.330078125, 2.0], [0.33203125, 2.0], [0.333984375, 2.0], [0.3359375, 2.0], [0.337890625, 2.0], [0.33984375, 2.0], [0.341796875, 2.0], [0.34375, 2.0], [0.345703125, 2.0], [0.34765625, 2.0], [0.349609375, 2.0], [0.3515625, 2.0], [0.353515625, 2.0], [0.35546875, 2.0], [0.357421875, 2.0], [0.359375, 2.0], [0.361328125, 2.0], [0.36328125, 2.0], [0.365234375, 2.0], [0.3671875, 2.0], [0.369140625, 2.0], [0.37109375, 2.0], [0.373046875, 2.0], [0.375, 2.0], [0.376953125, 2.0], [0.37890625, 2.0], [0.380859375, 2.0], [0.3828125, 2.0], [0.384765625, 2.0], [0.38671875, 2.0], [0.388671875, 2.0], [0.390625, 2.0], [0.392578125, 2.0], [0.39453125, 2.0], [0.396484375, 2.0], [0.3984375, 2.0], [0.400390625, 2.0], [0.40234375, 2.0], [0.404296875, 2.0], [0.40625, 2.0], [0.408203125, 2.0], [0.41015625, 2.0], [0.412109375, 2.0], [0.4140625, 2.0], [0.416015625, 2.0], [0.41796875, 2.0], [0.419921875, 2.0], [0.421875, 2.0], [0.423828125, 2.0], [0.42578125, 2.0], [0.427734375, 2.0], [0.4296875, 2.0], [0.431640625, 2.0], [0.43359375, 2.0], [0.435546875, 2.0], [0.4375, 2.0], [0.439453125, 2.0], [0.44140625, 2.0], [0.443359375, 2.0], [0.4453125, 2.0], [0.447265625, 2.0], [0.44921875, 2.0], [0.451171875, 2.0], [0.453125, 2.0], [0.455078125, 2.0], [0.45703125, 2.0], [0.458984375, 2.0], [0.4609375, 2.0], [0.462890625, 2.0], [0.46484375, 2.0], [0.466796875, 2.0], [0.46875, 2.0], [0.470703125, 2.0], [0.47265625, 2.0], [0.474609375, 2.0], [0.4765625, 2.0], [0.478515625, 2.0], [0.48046875, 2.0], [0.482421875, 2.0], [0.484375, 2.0], [0.486328125, 2.0], [0.48828125, 2.0], [0.490234375, 2.0], [0.4921875, 2.0], [0.494140625, 2.0], [0.49609375, 2.0], [0.498046875, 2.0], [0.5, 2.0], [0.501953125, 2.0], [0.50390625, 2.0], [0.505859375, 2.0], [0.5078125, 2.0], [0.509765625, 2.0], [0.51171875, 2.0], [0.513671875, 2.0], [0.515625, 2.0], [0.517578125, 2.0], [0.51953125, 2.0], [0.521484375, 2.0], [0.5234375, 2.0], [0.525390625, 2.0], [0.52734375, 2.0], [0.529296875, 2.0], [0.53125, 2.0], [0.533203125, 2.0], [0.53515625, 2.0], [0.537109375, 2.0], [0.5390625, 2.0], [0.541015625, 2.0], [0.54296875, 2.0], [0.544921875, 2.0], [0.546875, 2.0], [0.548828125, 2.0], [0.55078125, 2.0], [0.552734375, 2.0], [0.5546875, 2.0], [0.556640625, 2.0], [0.55859375, 2.0], [0.560546875, 2.0], [0.5625, 2.0], [0.564453125, 2.0], [0.56640625, 2.0], [0.568359375, 2.0], [0.5703125, 2.0], [0.572265625, 2.0], [0.57421875, 2.0], [0.576171875, 2.0], [0.578125, 2.0], [0.580078125, 2.0], [0.58203125, 2.0], [0.583984375, 2.0], [0.5859375, 2.0], [0.587890625, 2.0], [0.58984375, 2.0], [0.591796875, 2.0], [0.59375, 2.0], [0.595703125, 2.0], [0.59765625, 2.0], [0.599609375, 2.0], [0.6015625, 2.0], [0.603515625, 2.0], [0.60546875, 2.0], [0.607421875, 2.0], [0.609375, 2.0], [0.611328125, 2.0], [0.61328125, 2.0], [0.615234375, 2.0], [0.6171875, 2.0], [0.619140625, 2.0], [0.62109375, 2.0], [0.623046875, 2.0], [0.625, 2.0], [0.626953125, 2.0], [0.62890625, 2.0], [0.630859375, 2.0], [0.6328125, 2.0], [0.634765625, 2.0], [0.63671875, 2.0], [0.638671875, 2.0], [0.640625, 2.0], [0.642578125, 2.0], [0.64453125, 2.0], [0.646484375, 2.0], [0.6484375, 2.0], [0.650390625, 2.0], [0.65234375, 2.0], [0.654296875, 2.0], [0.65625, 2.0], [0.658203125, 2.0], [0.66015625, 2.0], [0.662109375, 2.0], [0.6640625, 2.0], [0.666015625, 2.0], [0.66796875, 2.0], [0.669921875, 2.0], [0.671875, 2.0], [0.673828125, 2.0], [0.67578125, 2.0], [0.677734375, 2.0], [0.6796875, 2.0], [0.681640625, 2.0], [0.68359375, 2.0], [0.685546875, 2.0], [0.6875, 2.0], [0.689453125, 2.0], [0.69140625, 2.0], [0.693359375, 2.0], [0.6953125, 2.0], [0.697265625, 2.0], [0.69921875, 2.0], [0.701171875, 2.0], [0.703125, 2.0], [0.705078125, 2.0], [0.70703125, 2.0], [0.708984375, 2.0], [0.7109375, 2.0], [0.712890625, 2.0], [0.71484375, 2.0], [0.716796875, 2.0], [0.71875, 2.0], [0.720703125, 2.0], [0.72265625, 2.0], [0.724609375, 2.0], [0.7265625, 2.0], [0.728515625, 2.0], [0.73046875, 2.0], [0.732421875, 2.0], [0.734375, 2.0], [0.736328125, 2.0], [0.73828125, 2.0], [0.740234375, 2.0], [0.7421875, 2.0], [0.744140625, 2.0], [0.74609375, 2.0], [0.748046875, 2.0], [0.75, 2.0], [0.751953125, 2.0], [0.75390625, 2.0], [0.755859375, 2.0], [0.7578125, 2.0], [0.759765625, 2.0], [0.76171875, 2.0], [0.763671875, 2.0], [0.765625, 2.0], [0.767578125, 2.0], [0.76953125, 2.0], [0.771484375, 2.0], [0.7734375, 2.0], [0.775390625, 2.0], [0.77734375, 2.0], [0.779296875, 2.0], [0.78125, 2.0], [0.783203125, 2.0], [0.78515625, 2.0], [0.787109375, 2.0], [0.7890625, 2.0], [0.791015625, 2.0], [0.79296875, 2.0], [0.794921875, 2.0], [0.796875, 2.0], [0.798828125, 2.0], [0.80078125, 2.0], [0.802734375, 2.0], [0.8046875, 2.0], [0.806640625, 2.0], [0.80859375, 2.0], [0.810546875, 2.0], [0.8125, 2.0], [0.814453125, 2.0], [0.81640625, 2.0], [0.818359375, 2.0], [0.8203125, 2.0], [0.822265625, 2.0], [0.82421875, 2.0], [0.826171875, 2.0], [0.828125, 2.0], [0.830078125, 2.0], [0.83203125, 2.0], [0.833984375, 2.0], [0.8359375, 2.0], [0.837890625, 2.0], [0.83984375, 2.0], [0.841796875, 2.0], [0.84375, 2.0], [0.845703125, 2.0], [0.84765625, 2.0], [0.849609375, 2.0], [0.8515625, 2.0], [0.853515625, 2.0], [0.85546875, 2.0], [0.857421875, 2.0], [0.859375, 2.0], [0.861328125, 2.0], [0.86328125, 2.0], [0.865234375, 2.0], [0.8671875, 2.0], [0.869140625, 2.0], [0.87109375, 2.0], [0.873046875, 2.0], [0.875, 2.0], [0.876953125, 2.0], [0.87890625, 2.0], [0.880859375, 2.0], [0.8828125, 2.0], [0.884765625, 2.0], [0.88671875, 2.0], [0.888671875, 2.0], [0.890625, 2.0], [0.892578125, 2.0], [0.89453125, 2.0], [0.896484375, 2.0], [0.8984375, 2.0], [0.900390625, 2.0], [0.90234375, 2.0], [0.904296875, 2.0], [0.90625, 2.0], [0.908203125, 2.0], [0.91015625, 2.0], [0.912109375, 2.0], [0.9140625, 2.0], [0.916015625, 2.0], [0.91796875, 2.0], [0.919921875, 2.0], [0.921875, 2.0], [0.923828125, 2.0], [0.92578125, 2.0], [0.927734375, 2.0], [0.9296875, 2.0], [0.931640625, 2.0], [0.93359375, 2.0], [0.935546875, 2.0], [0.9375, 2.0], [0.939453125, 2.0], [0.94140625, 2.0], [0.943359375, 2.0], [0.9453125, 2.0], [0.947265625, 2.0], [0.94921875, 2.0], [0.951171875, 2.0], [0.953125, 2.0], [0.955078125, 2.0], [0.95703125, 2.0], [0.958984375, 2.0], [0.9609375, 2.0], [0.962890625, 2.0], [0.96484375, 2.0], [0.966796875, 2.0], [0.96875, 2.0], [0.970703125, 2.0], [0.97265625, 2.0], [0.974609375, 2.0], [0.9765625, 2.0], [0.978515625, 2.0], [0.98046875, 2.0], [0.982421875, 2.0], [0.984375, 2.0], [0.986328125, 2.0], [0.98828125, 2.0], [0.990234375, 2.0], [0.9921875, 2.0], [0.994140625, 2.0], [0.99609375, 2.0], [0.998046875, 2.0], [1.0, 2.0], [1.0, 2.001953125], [1.0, 2.00390625], [1.0, 2.005859375], [1.0, 2.0078125], [1.0, 2.009765625], [1.0, 2.01171875], [1.0, 2.013671875], [1.0, 2.015625], [1.0, 2.017578125], [1.0, 2.01953125], [1.0, 2.021484375], [1.0, 2.0234375], [1.0, 2.025390625], [1.0, 2.02734375], [1.0, 2.029296875], [1.0, 2.03125], [1.0, 2.033203125], [1.0, 2.03515625], [1.0, 2.037109375], [1.0, 2.0390625], [1.0, 2.041015625], [1.0, 2.04296875], [1.0, 2.044921875], [1.0, 2.046875], [1.0, 2.048828125], [1.0, 2.05078125], [1.0, 2.052734375], [1.0, 2.0546875], [1.0, 2.056640625], [1.0, 2.05859375], [1.0, 2.060546875], [1.0, 2.0625], [1.0, 2.064453125], [1.0, 2.06640625], [1.0, 2.068359375], [1.0, 2.0703125], [1.0, 2.072265625], [1.0, 2.07421875], [1.0, 2.076171875], [1.0, 2.078125], [1.0, 2.080078125], [1.0, 2.08203125], [1.0, 2.083984375], [1.0, 2.0859375], [1.0, 2.087890625], [1.0, 2.08984375], [1.0, 2.091796875], [1.0, 2.09375], [1.0, 2.095703125], [1.0, 2.09765625], [1.0, 2.099609375], [1.0, 2.1015625], [1.0, 2.103515625], [1.0, 2.10546875], [1.0, 2.107421875], [1.0, 2.109375], [1.0, 2.111328125], [1.0, 2.11328125], [1.0, 2.115234375], [1.0, 2.1171875], [1.0, 2.119140625], [1.0, 2.12109375], [1.0, 2.123046875], [1.0, 2.125], [1.0, 2.126953125], [1.0, 2.12890625], [1.0, 2.130859375], [1.0, 2.1328125], [1.0, 2.134765625], [1.0, 2.13671875], [1.0, 2.138671875], [1.0, 2.140625], [1.0, 2.142578125], [1.0, 2.14453125], [1.0, 2.146484375], [1.0, 2.1484375], [1.0, 2.150390625], [1.0, 2.15234375], [1.0, 2.154296875], [1.0, 2.15625], [1.0, 2.158203125], [1.0, 2.16015625], [1.0, 2.162109375], [1.0, 2.1640625], [1.0, 2.166015625], [1.0, 2.16796875], [1.0, 2.169921875], [1.0, 2.171875], [1.0, 2.173828125], [1.0, 2.17578125], [1.0, 2.177734375], [1.0, 2.1796875], [1.0, 2.181640625], [1.0, 2.18359375], [1.0, 2.185546875], [1.0, 2.1875], [1.0, 2.189453125], [1.0, 2.19140625], [1.0, 2.193359375], [1.0, 2.1953125], [1.0, 2.197265625], [1.0, 2.19921875], [1.0, 2.201171875], [1.0, 2.203125], [1.0, 2.205078125], [1.0, 2.20703125], [1.0, 2.208984375], [1.0, 2.2109375], [1.0, 2.212890625], [1.0, 2.21484375], [1.0, 2.216796875], [1.0, 2.21875], [1.0, 2.220703125], [1.0, 2.22265625], [1.0, 2.224609375], [1.0, 2.2265625], [1.0, 2.228515625], [1.0, 2.23046875], [1.0, 2.232421875], [1.0, 2.234375], [1.0, 2.236328125], [1.0, 2.23828125], [1.0, 2.240234375], [1.0, 2.2421875], [1.0, 2.244140625], [1.0, 2.24609375], [1.0, 2.248046875], [1.0, 2.25], [1.0, 2.251953125], [1.0, 2.25390625], [1.0, 2.255859375], [1.0, 2.2578125], [1.0, 2.259765625], [1.0, 2.26171875], [1.0, 2.263671875], [1.0, 2.265625], [1.0, 2.267578125], [1.0, 2.26953125], [1.0, 2.271484375], [1.0, 2.2734375], [1.0, 2.275390625], [1.0, 2.27734375], [1.0, 2.279296875], [1.0, 2.28125], [1.0, 2.283203125], [1.0, 2.28515625], [1.0, 2.287109375], [1.0, 2.2890625], [1.0, 2.291015625], [1.0, 2.29296875], [1.0, 2.294921875], [1.0, 2.296875], [1.0, 2.298828125], [1.0, 2.30078125], [1.0, 2.302734375], [1.0, 2.3046875], [1.0, 2.306640625], [1.0, 2.30859375], [1.0, 2.310546875], [1.0, 2.3125], [1.0, 2.314453125], [1.0, 2.31640625], [1.0, 2.318359375], [1.0, 2.3203125], [1.0, 2.322265625], [1.0, 2.32421875], [1.0, 2.326171875], [1.0, 2.328125], [1.0, 2.330078125], [1.0, 2.33203125], [1.0, 2.333984375], [1.0, 2.3359375], [1.0, 2.337890625], [1.0, 2.33984375], [1.0, 2.341796875], [1.0, 2.34375], [1.0, 2.345703125], [1.0, 2.34765625], [1.0, 2.349609375], [1.0, 2.3515625], [1.0, 2.353515625], [1.0, 2.35546875], [1.0, 2.357421875], [1.0, 2.359375], [1.0, 2.361328125], [1.0, 2.36328125], [1.0, 2.365234375], [1.0, 2.3671875], [1.0, 2.369140625], [1.0, 2.37109375], [1.0, 2.373046875], [1.0, 2.375], [1.0, 2.376953125], [1.0, 2.37890625], [1.0, 2.380859375], [1.0, 2.3828125], [1.0, 2.384765625], [1.0, 2.38671875], [1.0, 2.388671875], [1.0, 2.390625], [1.0, 2.392578125], [1.0, 2.39453125], [1.0, 2.396484375], [1.0, 2.3984375], [1.0, 2.400390625], [1.0, 2.40234375], [1.0, 2.404296875], [1.0, 2.40625], [1.0, 2.408203125], [1.0, 2.41015625], [1.0, 2.412109375], [1.0, 2.4140625], [1.0, 2.416015625], [1.0, 2.41796875], [1.0, 2.419921875], [1.0, 2.421875], [1.0, 2.423828125], [1.0, 2.42578125], [1.0, 2.427734375], [1.0, 2.4296875], [1.0, 2.431640625], [1.0, 2.43359375], [1.0, 2.435546875], [1.0, 2.4375], [1.0, 2.439453125], [1.0, 2.44140625], [1.0, 2.443359375], [1.0, 2.4453125], [1.0, 2.447265625], [1.0, 2.44921875], [1.0, 2.451171875], [1.0, 2.453125], [1.0, 2.455078125], [1.0, 2.45703125], [1.0, 2.458984375], [1.0, 2.4609375], [1.0, 2.462890625], [1.0, 2.46484375], [1.0, 2.466796875], [1.0, 2.46875], [1.0, 2.470703125], [1.0, 2.47265625], [1.0, 2.474609375], [1.0, 2.4765625], [1.0, 2.478515625], [1.0, 2.48046875], [1.0, 2.482421875], [1.0, 2.484375], [1.0, 2.486328125], [1.0, 2.48828125], [1.0, 2.490234375], [1.0, 2.4921875], [1.0, 2.494140625], [1.0, 2.49609375], [1.0, 2.498046875], [1.0, 2.5], [1.0, 2.501953125], [1.0, 2.50390625], [1.0, 2.505859375], [1.0, 2.5078125], [1.0, 2.509765625], [1.0, 2.51171875], [1.0, 2.513671875], [1.0, 2.515625], [1.0, 2.517578125], [1.0, 2.51953125], [1.0, 2.521484375], [1.0, 2.5234375], [1.0, 2.525390625], [1.0, 2.52734375], [1.0, 2.529296875], [1.0, 2.53125], [1.0, 2.533203125], [1.0, 2.53515625], [1.0, 2.537109375], [1.0, 2.5390625], [1.0, 2.541015625], [1.0, 2.54296875], [1.0, 2.544921875], [1.0, 2.546875], [1.0, 2.548828125], [1.0, 2.55078125], [1.0, 2.552734375], [1.0, 2.5546875], [1.0, 2.556640625], [1.0, 2.55859375], [1.0, 2.560546875], [1.0, 2.5625], [1.0, 2.564453125], [1.0, 2.56640625], [1.0, 2.568359375], [1.0, 2.5703125], [1.0, 2.572265625], [1.0, 2.57421875], [1.0, 2.576171875], [1.0, 2.578125], [1.0, 2.580078125], [1.0, 2.58203125], [1.0, 2.583984375], [1.0, 2.5859375], [1.0, 2.587890625], [1.0, 2.58984375], [1.0, 2.591796875], [1.0, 2.59375], [1.0, 2.595703125], [1.0, 2.59765625], [1.0, 2.599609375], [1.0, 2.6015625], [1.0, 2.603515625], [1.0, 2.60546875], [1.0, 2.607421875], [1.0, 2.609375], [1.0, 2.611328125], [1.0, 2.61328125], [1.0, 2.615234375], [1.0, 2.6171875], [1.0, 2.619140625], [1.0, 2.62109375], [1.0, 2.623046875], [1.0, 2.625], [1.0, 2.626953125], [1.0, 2.62890625], [1.0, 2.630859375], [1.0, 2.6328125], [1.0, 2.634765625], [1.0, 2.63671875], [1.0, 2.638671875], [1.0, 2.640625], [1.0, 2.642578125], [1.0, 2.64453125], [1.0, 2.646484375], [1.0, 2.6484375], [1.0, 2.650390625], [1.0, 2.65234375], [1.0, 2.654296875], [1.0, 2.65625], [1.0, 2.658203125], [1.0, 2.66015625], [1.0, 2.662109375], [1.0, 2.6640625], [1.0, 2.666015625], [1.0, 2.66796875], [1.0, 2.669921875], [1.0, 2.671875], [1.0, 2.673828125], [1.0, 2.67578125], [1.0, 2.677734375], [1.0, 2.6796875], [1.0, 2.681640625], [1.0, 2.68359375], [1.0, 2.685546875], [1.0, 2.6875], [1.0, 2.689453125], [1.0, 2.69140625], [1.0, 2.693359375], [1.0, 2.6953125], [1.0, 2.697265625], [1.0, 2.69921875], [1.0, 2.701171875], [1.0, 2.703125], [1.0, 2.705078125], [1.0, 2.70703125], [1.0, 2.708984375], [1.0, 2.7109375], [1.0, 2.712890625], [1.0, 2.71484375], [1.0, 2.716796875], [1.0, 2.71875], [1.0, 2.720703125], [1.0, 2.72265625], [1.0, 2.724609375], [1.0, 2.7265625], [1.0, 2.728515625], [1.0, 2.73046875], [1.0, 2.732421875], [1.0, 2.734375], [1.0, 2.736328125], [1.0, 2.73828125], [1.0, 2.740234375], [1.0, 2.7421875], [1.0, 2.744140625], [1.0, 2.74609375], [1.0, 2.748046875], [1.0, 2.75], [1.0, 2.751953125], [1.0, 2.75390625], [1.0, 2.755859375], [1.0, 2.7578125], [1.0, 2.759765625], [1.0, 2.76171875], [1.0, 2.763671875], [1.0, 2.765625], [1.0, 2.767578125], [1.0, 2.76953125], [1.0, 2.771484375], [1.0, 2.7734375], [1.0, 2.775390625], [1.0, 2.77734375], [1.0, 2.779296875], [1.0, 2.78125], [1.0, 2.783203125], [1.0, 2.78515625], [1.0, 2.787109375], [1.0, 2.7890625], [1.0, 2.791015625], [1.0, 2.79296875], [1.0, 2.794921875], [1.0, 2.796875], [1.0, 2.798828125], [1.0, 2.80078125], [1.0, 2.802734375], [1.0, 2.8046875], [1.0, 2.806640625], [1.0, 2.80859375], [1.0, 2.810546875], [1.0, 2.8125], [1.0, 2.814453125], [1.0, 2.81640625], [1.0, 2.818359375], [1.0, 2.8203125], [1.0, 2.822265625], [1.0, 2.82421875], [1.0, 2.826171875], [1.0, 2.828125], [1.0, 2.830078125], [1.0, 2.83203125], [1.0, 2.833984375], [1.0, 2.8359375], [1.0, 2.837890625], [1.0, 2.83984375], [1.0, 2.841796875], [1.0, 2.84375], [1.0, 2.845703125], [1.0, 2.84765625], [1.0, 2.849609375], [1.0, 2.8515625], [1.0, 2.853515625], [1.0, 2.85546875], [1.0, 2.857421875], [1.0, 2.859375], [1.0, 2.861328125], [1.0, 2.86328125], [1.0, 2.865234375], [1.0, 2.8671875], [1.0, 2.869140625], [1.0, 2.87109375], [1.0, 2.873046875], [1.0, 2.875], [1.0, 2.876953125], [1.0, 2.87890625], [1.0, 2.880859375], [1.0, 2.8828125], [1.0, 2.884765625], [1.0, 2.88671875], [1.0, 2.888671875], [1.0, 2.890625], [1.0, 2.892578125], [1.0, 2.89453125], [1.0, 2.896484375], [1.0, 2.8984375], [1.0, 2.900390625], [1.0, 2.90234375], [1.0, 2.904296875], [1.0, 2.90625], [1.0, 2.908203125], [1.0, 2.91015625], [1.0, 2.912109375], [1.0, 2.9140625], [1.0, 2.916015625], [1.0, 2.91796875], [1.0, 2.919921875], [1.0, 2.921875], [1.0, 2.923828125], [1.0, 2.92578125], [1.0, 2.927734375], [1.0, 2.9296875], [1.0, 2.931640625], [1.0, 2.93359375], [1.0, 2.935546875], [1.0, 2.9375], [1.0, 2.939453125], [1.0, 2.94140625], [1.0, 2.943359375], [1.0, 2.9453125], [1.0, 2.947265625], [1.0, 2.94921875], [1.0, 2.951171875], [1.0, 2.953125], [1.0, 2.955078125], [1.0, 2.95703125], [1.0, 2.958984375], [1.0, 2.9609375], [1.0, 2.962890625], [1.0, 2.96484375], [1.0, 2.966796875], [1.0, 2.96875], [1.0, 2.970703125], [1.0, 2.97265625], [1.0, 2.974609375], [1.0, 2.9765625], [1.0, 2.978515625], [1.0, 2.98046875], [1.0, 2.982421875], [1.0, 2.984375], [1.0, 2.986328125], [1.0, 2.98828125], [1.0, 2.990234375], [1.0, 2.9921875], [1.0, 2.994140625], [1.0, 2.99609375], [1.0, 2.998046875], [1.0, 3.0], [0.998046875, 3.0], [0.99609375, 3.0], [0.994140625, 3.0], [0.9921875, 3.0], [0.990234375, 3.0], [0.98828125, 3.0], [0.986328125, 3.0], [0.984375, 3.0], [0.982421875, 3.0], [0.98046875, 3.0], [0.978515625, 3.0], [0.9765625, 3.0], [0.974609375, 3.0], [0.97265625, 3.0], [0.970703125, 3.0], [0.96875, 3.0], [0.966796875, 3.0], [0.96484375, 3.0], [0.962890625, 3.0], [0.9609375, 3.0], [0.958984375, 3.0], [0.95703125, 3.0], [0.955078125, 3.0], [0.953125, 3.0], [0.951171875, 3.0], [0.94921875, 3.0], [0.947265625, 3.0], [0.9453125, 3.0], [0.943359375, 3.0], [0.94140625, 3.0], [0.939453125, 3.0], [0.9375, 3.0], [0.935546875, 3.0], [0.93359375, 3.0], [0.931640625, 3.0], [0.9296875, 3.0], [0.927734375, 3.0], [0.92578125, 3.0], [0.923828125, 3.0], [0.921875, 3.0], [0.919921875, 3.0], [0.91796875, 3.0], [0.916015625, 3.0], [0.9140625, 3.0], [0.912109375, 3.0], [0.91015625, 3.0], [0.908203125, 3.0], [0.90625, 3.0], [0.904296875, 3.0], [0.90234375, 3.0], [0.900390625, 3.0], [0.8984375, 3.0], [0.896484375, 3.0], [0.89453125, 3.0], [0.892578125, 3.0], [0.890625, 3.0], [0.888671875, 3.0], [0.88671875, 3.0], [0.884765625, 3.0], [0.8828125, 3.0], [0.880859375, 3.0], [0.87890625, 3.0], [0.876953125, 3.0], [0.875, 3.0], [0.873046875, 3.0], [0.87109375, 3.0], [0.869140625, 3.0], [0.8671875, 3.0], [0.865234375, 3.0], [0.86328125, 3.0], [0.861328125, 3.0], [0.859375, 3.0], [0.857421875, 3.0], [0.85546875, 3.0], [0.853515625, 3.0], [0.8515625, 3.0], [0.849609375, 3.0], [0.84765625, 3.0], [0.845703125, 3.0], [0.84375, 3.0], [0.841796875, 3.0], [0.83984375, 3.0], [0.837890625, 3.0], [0.8359375, 3.0], [0.833984375, 3.0], [0.83203125, 3.0], [0.830078125, 3.0], [0.828125, 3.0], [0.826171875, 3.0], [0.82421875, 3.0], [0.822265625, 3.0], [0.8203125, 3.0], [0.818359375, 3.0], [0.81640625, 3.0], [0.814453125, 3.0], [0.8125, 3.0], [0.810546875, 3.0], [0.80859375, 3.0], [0.806640625, 3.0], [0.8046875, 3.0], [0.802734375, 3.0], [0.80078125, 3.0], [0.798828125, 3.0], [0.796875, 3.0], [0.794921875, 3.0], [0.79296875, 3.0], [0.791015625, 3.0], [0.7890625, 3.0], [0.787109375, 3.0], [0.78515625, 3.0], [0.783203125, 3.0], [0.78125, 3.0], [0.779296875, 3.0], [0.77734375, 3.0], [0.775390625, 3.0], [0.7734375, 3.0], [0.771484375, 3.0], [0.76953125, 3.0], [0.767578125, 3.0], [0.765625, 3.0], [0.763671875, 3.0], [0.76171875, 3.0], [0.759765625, 3.0], [0.7578125, 3.0], [0.755859375, 3.0], [0.75390625, 3.0], [0.751953125, 3.0], [0.75, 3.0], [0.748046875, 3.0], [0.74609375, 3.0], [0.744140625, 3.0], [0.7421875, 3.0], [0.740234375, 3.0], [0.73828125, 3.0], [0.736328125, 3.0], [0.734375, 3.0], [0.732421875, 3.0], [0.73046875, 3.0], [0.728515625, 3.0], [0.7265625, 3.0], [0.724609375, 3.0], [0.72265625, 3.0], [0.720703125, 3.0], [0.71875, 3.0], [0.716796875, 3.0], [0.71484375, 3.0], [0.712890625, 3.0], [0.7109375, 3.0], [0.708984375, 3.0], [0.70703125, 3.0], [0.705078125, 3.0], [0.703125, 3.0], [0.701171875, 3.0], [0.69921875, 3.0], [0.697265625, 3.0], [0.6953125, 3.0], [0.693359375, 3.0], [0.69140625, 3.0], [0.689453125, 3.0], [0.6875, 3.0], [0.685546875, 3.0], [0.68359375, 3.0], [0.681640625, 3.0], [0.6796875, 3.0], [0.677734375, 3.0], [0.67578125, 3.0], [0.673828125, 3.0], [0.671875, 3.0], [0.669921875, 3.0], [0.66796875, 3.0], [0.666015625, 3.0], [0.6640625, 3.0], [0.662109375, 3.0], [0.66015625, 3.0], [0.658203125, 3.0], [0.65625, 3.0], [0.654296875, 3.0], [0.65234375, 3.0], [0.650390625, 3.0], [0.6484375, 3.0], [0.646484375, 3.0], [0.64453125, 3.0], [0.642578125, 3.0], [0.640625, 3.0], [0.638671875, 3.0], [0.63671875, 3.0], [0.634765625, 3.0], [0.6328125, 3.0], [0.630859375, 3.0], [0.62890625, 3.0], [0.626953125, 3.0], [0.625, 3.0], [0.623046875, 3.0], [0.62109375, 3.0], [0.619140625, 3.0], [0.6171875, 3.0], [0.615234375, 3.0], [0.61328125, 3.0], [0.611328125, 3.0], [0.609375, 3.0], [0.607421875, 3.0], [0.60546875, 3.0], [0.603515625, 3.0], [0.6015625, 3.0], [0.599609375, 3.0], [0.59765625, 3.0], [0.595703125, 3.0], [0.59375, 3.0], [0.591796875, 3.0], [0.58984375, 3.0], [0.587890625, 3.0], [0.5859375, 3.0], [0.583984375, 3.0], [0.58203125, 3.0], [0.580078125, 3.0], [0.578125, 3.0], [0.576171875, 3.0], [0.57421875, 3.0], [0.572265625, 3.0], [0.5703125, 3.0], [0.568359375, 3.0], [0.56640625, 3.0], [0.564453125, 3.0], [0.5625, 3.0], [0.560546875, 3.0], [0.55859375, 3.0], [0.556640625, 3.0], [0.5546875, 3.0], [0.552734375, 3.0], [0.55078125, 3.0], [0.548828125, 3.0], [0.546875, 3.0], [0.544921875, 3.0], [0.54296875, 3.0], [0.541015625, 3.0], [0.5390625, 3.0], [0.537109375, 3.0], [0.53515625, 3.0], [0.533203125, 3.0], [0.53125, 3.0], [0.529296875, 3.0], [0.52734375, 3.0], [0.525390625, 3.0], [0.5234375, 3.0], [0.521484375, 3.0], [0.51953125, 3.0], [0.517578125, 3.0], [0.515625, 3.0], [0.513671875, 3.0], [0.51171875, 3.0], [0.509765625, 3.0], [0.5078125, 3.0], [0.505859375, 3.0], [0.50390625, 3.0], [0.501953125, 3.0], [0.5, 3.0], [0.498046875, 3.0], [0.49609375, 3.0], [0.494140625, 3.0], [0.4921875, 3.0], [0.490234375, 3.0], [0.48828125, 3.0], [0.486328125, 3.0], [0.484375, 3.0], [0.482421875, 3.0], [0.48046875, 3.0], [0.478515625, 3.0], [0.4765625, 3.0], [0.474609375, 3.0], [0.47265625, 3.0], [0.470703125, 3.0], [0.46875, 3.0], [0.466796875, 3.0], [0.46484375, 3.0], [0.462890625, 3.0], [0.4609375, 3.0], [0.458984375, 3.0], [0.45703125, 3.0], [0.455078125, 3.0], [0.453125, 3.0], [0.451171875, 3.0], [0.44921875, 3.0], [0.447265625, 3.0], [0.4453125, 3.0], [0.443359375, 3.0], [0.44140625, 3.0], [0.439453125, 3.0], [0.4375, 3.0], [0.435546875, 3.0], [0.43359375, 3.0], [0.431640625, 3.0], [0.4296875, 3.0], [0.427734375, 3.0], [0.42578125, 3.0], [0.423828125, 3.0], [0.421875, 3.0], [0.419921875, 3.0], [0.41796875, 3.0], [0.416015625, 3.0], [0.4140625, 3.0], [0.412109375, 3.0], [0.41015625, 3.0], [0.408203125, 3.0], [0.40625, 3.0], [0.404296875, 3.0], [0.40234375, 3.0], [0.400390625, 3.0], [0.3984375, 3.0], [0.396484375, 3.0], [0.39453125, 3.0], [0.392578125, 3.0], [0.390625, 3.0], [0.388671875, 3.0], [0.38671875, 3.0], [0.384765625, 3.0], [0.3828125, 3.0], [0.380859375, 3.0], [0.37890625, 3.0], [0.376953125, 3.0], [0.375, 3.0], [0.373046875, 3.0], [0.37109375, 3.0], [0.369140625, 3.0], [0.3671875, 3.0], [0.365234375, 3.0], [0.36328125, 3.0], [0.361328125, 3.0], [0.359375, 3.0], [0.357421875, 3.0], [0.35546875, 3.0], [0.353515625, 3.0], [0.3515625, 3.0], [0.349609375, 3.0], [0.34765625, 3.0], [0.345703125, 3.0], [0.34375, 3.0], [0.341796875, 3.0], [0.33984375, 3.0], [0.337890625, 3.0], [0.3359375, 3.0], [0.333984375, 3.0], [0.33203125, 3.0], [0.330078125, 3.0], [0.328125, 3.0], [0.326171875, 3.0], [0.32421875, 3.0], [0.322265625, 3.0], [0.3203125, 3.0], [0.318359375, 3.0], [0.31640625, 3.0], [0.314453125, 3.0], [0.3125, 3.0], [0.310546875, 3.0], [0.30859375, 3.0], [0.306640625, 3.0], [0.3046875, 3.0], [0.302734375, 3.0], [0.30078125, 3.0], [0.298828125, 3.0], [0.296875, 3.0], [0.294921875, 3.0], [0.29296875, 3.0], [0.291015625, 3.0], [0.2890625, 3.0], [0.287109375, 3.0], [0.28515625, 3.0], [0.283203125, 3.0], [0.28125, 3.0], [0.279296875, 3.0], [0.27734375, 3.0], [0.275390625, 3.0], [0.2734375, 3.0], [0.271484375, 3.0], [0.26953125, 3.0], [0.267578125, 3.0], [0.265625, 3.0], [0.263671875, 3.0], [0.26171875, 3.0], [0.259765625, 3.0], [0.2578125, 3.0], [0.255859375, 3.0], [0.25390625, 3.0], [0.251953125, 3.0], [0.25, 3.0], [0.248046875, 3.0], [0.24609375, 3.0], [0.244140625, 3.0], [0.2421875, 3.0], [0.240234375, 3.0], [0.23828125, 3.0], [0.236328125, 3.0], [0.234375, 3.0], [0.232421875, 3.0], [0.23046875, 3.0], [0.228515625, 3.0], [0.2265625, 3.0], [0.224609375, 3.0], [0.22265625, 3.0], [0.220703125, 3.0], [0.21875, 3.0], [0.216796875, 3.0], [0.21484375, 3.0], [0.212890625, 3.0], [0.2109375, 3.0], [0.208984375, 3.0], [0.20703125, 3.0], [0.205078125, 3.0], [0.203125, 3.0], [0.201171875, 3.0], [0.19921875, 3.0], [0.197265625, 3.0], [0.1953125, 3.0], [0.193359375, 3.0], [0.19140625, 3.0], [0.189453125, 3.0], [0.1875, 3.0], [0.185546875, 3.0], [0.18359375, 3.0], [0.181640625, 3.0], [0.1796875, 3.0], [0.177734375, 3.0], [0.17578125, 3.0], [0.173828125, 3.0], [0.171875, 3.0], [0.169921875, 3.0], [0.16796875, 3.0], [0.166015625, 3.0], [0.1640625, 3.0], [0.162109375, 3.0], [0.16015625, 3.0], [0.158203125, 3.0], [0.15625, 3.0], [0.154296875, 3.0], [0.15234375, 3.0], [0.150390625, 3.0], [0.1484375, 3.0], [0.146484375, 3.0], [0.14453125, 3.0], [0.142578125, 3.0], [0.140625, 3.0], [0.138671875, 3.0], [0.13671875, 3.0], [0.134765625, 3.0], [0.1328125, 3.0], [0.130859375, 3.0], [0.12890625, 3.0], [0.126953125, 3.0], [0.125, 3.0], [0.123046875, 3.0], [0.12109375, 3.0], [0.119140625, 3.0], [0.1171875, 3.0], [0.115234375, 3.0], [0.11328125, 3.0], [0.111328125, 3.0], [0.109375, 3.0], [0.107421875, 3.0], [0.10546875, 3.0], [0.103515625, 3.0], [0.1015625, 3.0], [0.099609375, 3.0], [0.09765625, 3.0], [0.095703125, 3.0], [0.09375, 3.0], [0.091796875, 3.0], [0.08984375, 3.0], [0.087890625, 3.0], [0.0859375, 3.0], [0.083984375, 3.0], [0.08203125, 3.0], [0.080078125, 3.0], [0.078125, 3.0], [0.076171875, 3.0], [0.07421875, 3.0], [0.072265625, 3.0], [0.0703125, 3.0], [0.068359375, 3.0], [0.06640625, 3.0], [0.064453125, 3.0], [0.0625, 3.0], [0.060546875, 3.0], [0.05859375, 3.0], [0.056640625, 3.0], [0.0546875, 3.0], [0.052734375, 3.0], [0.05078125, 3.0], [0.048828125, 3.0], [0.046875, 3.0], [0.044921875, 3.0], [0.04296875, 3.0], [0.041015625, 3.0], [0.0390625, 3.0], [0.037109375, 3.0], [0.03515625, 3.0], [0.033203125, 3.0], [0.03125, 3.0], [0.029296875, 3.0], [0.02734375, 3.0], [0.025390625, 3.0], [0.0234375, 3.0], [0.021484375, 3.0], [0.01953125, 3.0], [0.017578125, 3.0], [0.015625, 3.0], [0.013671875, 3.0], [0.01171875, 3.0], [0.009765625, 3.0], [0.0078125, 3.0], [0.005859375, 3.0], [0.00390625, 3.0], [0.001953125, 3.0], [0.0, 3.0], [0.0, 2.998046875], [0.0, 2.99609375], [0.0, 2.994140625], [0.0, 2.9921875], [0.0, 2.990234375], [0.0, 2.98828125], [0.0, 2.986328125], [0.0, 2.984375], [0.0, 2.982421875], [0.0, 2.98046875], [0.0, 2.978515625], [0.0, 2.9765625], [0.0, 2.974609375], [0.0, 2.97265625], [0.0, 2.970703125], [0.0, 2.96875], [0.0, 2.966796875], [0.0, 2.96484375], [0.0, 2.962890625], [0.0, 2.9609375], [0.0, 2.958984375], [0.0, 2.95703125], [0.0, 2.955078125], [0.0, 2.953125], [0.0, 2.951171875], [0.0, 2.94921875], [0.0, 2.947265625], [0.0, 2.9453125], [0.0, 2.943359375], [0.0, 2.94140625], [0.0, 2.939453125], [0.0, 2.9375], [0.0, 2.935546875], [0.0, 2.93359375], [0.0, 2.931640625], [0.0, 2.9296875], [0.0, 2.927734375], [0.0, 2.92578125], [0.0, 2.923828125], [0.0, 2.921875], [0.0, 2.919921875], [0.0, 2.91796875], [0.0, 2.916015625], [0.0, 2.9140625], [0.0, 2.912109375], [0.0, 2.91015625], [0.0, 2.908203125], [0.0, 2.90625], [0.0, 2.904296875], [0.0, 2.90234375], [0.0, 2.900390625], [0.0, 2.8984375], [0.0, 2.896484375], [0.0, 2.89453125], [0.0, 2.892578125], [0.0, 2.890625], [0.0, 2.888671875], [0.0, 2.88671875], [0.0, 2.884765625], [0.0, 2.8828125], [0.0, 2.880859375], [0.0, 2.87890625], [0.0, 2.876953125], [0.0, 2.875], [0.0, 2.873046875], [0.0, 2.87109375], [0.0, 2.869140625], [0.0, 2.8671875], [0.0, 2.865234375], [0.0, 2.86328125], [0.0, 2.861328125], [0.0, 2.859375], [0.0, 2.857421875], [0.0, 2.85546875], [0.0, 2.853515625], [0.0, 2.8515625], [0.0, 2.849609375], [0.0, 2.84765625], [0.0, 2.845703125], [0.0, 2.84375], [0.0, 2.841796875], [0.0, 2.83984375], [0.0, 2.837890625], [0.0, 2.8359375], [0.0, 2.833984375], [0.0, 2.83203125], [0.0, 2.830078125], [0.0, 2.828125], [0.0, 2.826171875], [0.0, 2.82421875], [0.0, 2.822265625], [0.0, 2.8203125], [0.0, 2.818359375], [0.0, 2.81640625], [0.0, 2.814453125], [0.0, 2.8125], [0.0, 2.810546875], [0.0, 2.80859375], [0.0, 2.806640625], [0.0, 2.8046875], [0.0, 2.802734375], [0.0, 2.80078125], [0.0, 2.798828125], [0.0, 2.796875], [0.0, 2.794921875], [0.0, 2.79296875], [0.0, 2.791015625], [0.0, 2.7890625], [0.0, 2.787109375], [0.0, 2.78515625], [0.0, 2.783203125], [0.0, 2.78125], [0.0, 2.779296875], [0.0, 2.77734375], [0.0, 2.775390625], [0.0, 2.7734375], [0.0, 2.771484375], [0.0, 2.76953125], [0.0, 2.767578125], [0.0, 2.765625], [0.0, 2.763671875], [0.0, 2.76171875], [0.0, 2.759765625], [0.0, 2.7578125], [0.0, 2.755859375], [0.0, 2.75390625], [0.0, 2.751953125], [0.0, 2.75], [0.0, 2.748046875], [0.0, 2.74609375], [0.0, 2.744140625], [0.0, 2.7421875], [0.0, 2.740234375], [0.0, 2.73828125], [0.0, 2.736328125], [0.0, 2.734375], [0.0, 2.732421875], [0.0, 2.73046875], [0.0, 2.728515625], [0.0, 2.7265625], [0.0, 2.724609375], [0.0, 2.72265625], [0.0, 2.720703125], [0.0, 2.71875], [0.0, 2.716796875], [0.0, 2.71484375], [0.0, 2.712890625], [0.0, 2.7109375], [0.0, 2.708984375], [0.0, 2.70703125], [0.0, 2.705078125], [0.0, 2.703125], [0.0, 2.701171875], [0.0, 2.69921875], [0.0, 2.697265625], [0.0, 2.6953125], [0.0, 2.693359375], [0.0, 2.69140625], [0.0, 2.689453125], [0.0, 2.6875], [0.0, 2.685546875], [0.0, 2.68359375], [0.0, 2.681640625], [0.0, 2.6796875], [0.0, 2.677734375], [0.0, 2.67578125], [0.0, 2.673828125], [0.0, 2.671875], [0.0, 2.669921875], [0.0, 2.66796875], [0.0, 2.666015625], [0.0, 2.6640625], [0.0, 2.662109375], [0.0, 2.66015625], [0.0, 2.658203125], [0.0, 2.65625], [0.0, 2.654296875], [0.0, 2.65234375], [0.0, 2.650390625], [0.0, 2.6484375], [0.0, 2.646484375], [0.0, 2.64453125], [0.0, 2.642578125], [0.0, 2.640625], [0.0, 2.638671875], [0.0, 2.63671875], [0.0, 2.634765625], [0.0, 2.6328125], [0.0, 2.630859375], [0.0, 2.62890625], [0.0, 2.626953125], [0.0, 2.625], [0.0, 2.623046875], [0.0, 2.62109375], [0.0, 2.619140625], [0.0, 2.6171875], [0.0, 2.615234375], [0.0, 2.61328125], [0.0, 2.611328125], [0.0, 2.609375], [0.0, 2.607421875], [0.0, 2.60546875], [0.0, 2.603515625], [0.0, 2.6015625], [0.0, 2.599609375], [0.0, 2.59765625], [0.0, 2.595703125], [0.0, 2.59375], [0.0, 2.591796875], [0.0, 2.58984375], [0.0, 2.587890625], [0.0, 2.5859375], [0.0, 2.583984375], [0.0, 2.58203125], [0.0, 2.580078125], [0.0, 2.578125], [0.0, 2.576171875], [0.0, 2.57421875], [0.0, 2.572265625], [0.0, 2.5703125], [0.0, 2.568359375], [0.0, 2.56640625], [0.0, 2.564453125], [0.0, 2.5625], [0.0, 2.560546875], [0.0, 2.55859375], [0.0, 2.556640625], [0.0, 2.5546875], [0.0, 2.552734375], [0.0, 2.55078125], [0.0, 2.548828125], [0.0, 2.546875], [0.0, 2.544921875], [0.0, 2.54296875], [0.0, 2.541015625], [0.0, 2.5390625], [0.0, 2.537109375], [0.0, 2.53515625], [0.0, 2.533203125], [0.0, 2.53125], [0.0, 2.529296875], [0.0, 2.52734375], [0.0, 2.525390625], [0.0, 2.5234375], [0.0, 2.521484375], [0.0, 2.51953125], [0.0, 2.517578125], [0.0, 2.515625], [0.0, 2.513671875], [0.0, 2.51171875], [0.0, 2.509765625], [0.0, 2.5078125], [0.0, 2.505859375], [0.0, 2.50390625], [0.0, 2.501953125], [0.0, 2.5], [0.0, 2.498046875], [0.0, 2.49609375], [0.0, 2.494140625], [0.0, 2.4921875], [0.0, 2.490234375], [0.0, 2.48828125], [0.0, 2.486328125], [0.0, 2.484375], [0.0, 2.482421875], [0.0, 2.48046875], [0.0, 2.478515625], [0.0, 2.4765625], [0.0, 2.474609375], [0.0, 2.47265625], [0.0, 2.470703125], [0.0, 2.46875], [0.0, 2.466796875], [0.0, 2.46484375], [0.0, 2.462890625], [0.0, 2.4609375], [0.0, 2.458984375], [0.0, 2.45703125], [0.0, 2.455078125], [0.0, 2.453125], [0.0, 2.451171875], [0.0, 2.44921875], [0.0, 2.447265625], [0.0, 2.4453125], [0.0, 2.443359375], [0.0, 2.44140625], [0.0, 2.439453125], [0.0, 2.4375], [0.0, 2.435546875], [0.0, 2.43359375], [0.0, 2.431640625], [0.0, 2.4296875], [0.0, 2.427734375], [0.0, 2.42578125], [0.0, 2.423828125], [0.0, 2.421875], [0.0, 2.419921875], [0.0, 2.41796875], [0.0, 2.416015625], [0.0, 2.4140625], [0.0, 2.412109375], [0.0, 2.41015625], [0.0, 2.408203125], [0.0, 2.40625], [0.0, 2.404296875], [0.0, 2.40234375], [0.0, 2.400390625], [0.0, 2.3984375], [0.0, 2.396484375], [0.0, 2.39453125], [0.0, 2.392578125], [0.0, 2.390625], [0.0, 2.388671875], [0.0, 2.38671875], [0.0, 2.384765625], [0.0, 2.3828125], [0.0, 2.380859375], [0.0, 2.37890625], [0.0, 2.376953125], [0.0, 2.375], [0.0, 2.373046875], [0.0, 2.37109375], [0.0, 2.369140625], [0.0, 2.3671875], [0.0, 2.365234375], [0.0, 2.36328125], [0.0, 2.361328125], [0.0, 2.359375], [0.0, 2.357421875], [0.0, 2.35546875], [0.0, 2.353515625], [0.0, 2.3515625], [0.0, 2.349609375], [0.0, 2.34765625], [0.0, 2.345703125], [0.0, 2.34375], [0.0, 2.341796875], [0.0, 2.33984375], [0.0, 2.337890625], [0.0, 2.3359375], [0.0, 2.333984375], [0.0, 2.33203125], [0.0, 2.330078125], [0.0, 2.328125], [0.0, 2.326171875], [0.0, 2.32421875], [0.0, 2.322265625], [0.0, 2.3203125], [0.0, 2.318359375], [0.0, 2.31640625], [0.0, 2.314453125], [0.0, 2.3125], [0.0, 2.310546875], [0.0, 2.30859375], [0.0, 2.306640625], [0.0, 2.3046875], [0.0, 2.302734375], [0.0, 2.30078125], [0.0, 2.298828125], [0.0, 2.296875], [0.0, 2.294921875], [0.0, 2.29296875], [0.0, 2.291015625], [0.0, 2.2890625], [0.0, 2.287109375], [0.0, 2.28515625], [0.0, 2.283203125], [0.0, 2.28125], [0.0, 2.279296875], [0.0, 2.27734375], [0.0, 2.275390625], [0.0, 2.2734375], [0.0, 2.271484375], [0.0, 2.26953125], [0.0, 2.267578125], [0.0, 2.265625], [0.0, 2.263671875], [0.0, 2.26171875], [0.0, 2.259765625], [0.0, 2.2578125], [0.0, 2.255859375], [0.0, 2.25390625], [0.0, 2.251953125], [0.0, 2.25], [0.0, 2.248046875], [0.0, 2.24609375], [0.0, 2.244140625], [0.0, 2.2421875], [0.0, 2.240234375], [0.0, 2.23828125], [0.0, 2.236328125], [0.0, 2.234375], [0.0, 2.232421875], [0.0, 2.23046875], [0.0, 2.228515625], [0.0, 2.2265625], [0.0, 2.224609375], [0.0, 2.22265625], [0.0, 2.220703125], [0.0, 2.21875], [0.0, 2.216796875], [0.0, 2.21484375], [0.0, 2.212890625], [0.0, 2.2109375], [0.0, 2.208984375], [0.0, 2.20703125], [0.0, 2.205078125], [0.0, 2.203125], [0.0, 2.201171875], [0.0, 2.19921875], [0.0, 2.197265625], [0.0, 2.1953125], [0.0, 2.193359375], [0.0, 2.19140625], [0.0, 2.189453125], [0.0, 2.1875], [0.0, 2.185546875], [0.0, 2.18359375], [0.0, 2.181640625], [0.0, 2.1796875], [0.0, 2.177734375], [0.0, 2.17578125], [0.0, 2.173828125], [0.0, 2.171875], [0.0, 2.169921875], [0.0, 2.16796875], [0.0, 2.166015625], [0.0, 2.1640625], [0.0, 2.162109375], [0.0, 2.16015625], [0.0, 2.158203125], [0.0, 2.15625], [0.0, 2.154296875], [0.0, 2.15234375], [0.0, 2.150390625], [0.0, 2.1484375], [0.0, 2.146484375], [0.0, 2.14453125], [0.0, 2.142578125], [0.0, 2.140625], [0.0, 2.138671875], [0.0, 2.13671875], [0.0, 2.134765625], [0.0, 2.1328125], [0.0, 2.130859375], [0.0, 2.12890625], [0.0, 2.126953125], [0.0, 2.125], [0.0, 2.123046875], [0.0, 2.12109375], [0.0, 2.119140625], [0.0, 2.1171875], [0.0, 2.115234375], [0.0, 2.11328125], [0.0, 2.111328125], [0.0, 2.109375], [0.0, 2.107421875], [0.0, 2.10546875], [0.0, 2.103515625], [0.0, 2.1015625], [0.0, 2.099609375], [0.0, 2.09765625], [0.0, 2.095703125], [0.0, 2.09375], [0.0, 2.091796875], [0.0, 2.08984375], [0.0, 2.087890625], [0.0, 2.0859375], [0.0, 2.083984375], [0.0, 2.08203125], [0.0, 2.080078125], [0.0, 2.078125], [0.0, 2.076171875], [0.0, 2.07421875], [0.0, 2.072265625], [0.0, 2.0703125], [0.0, 2.068359375], [0.0, 2.06640625], [0.0, 2.064453125], [0.0, 2.0625], [0.0, 2.060546875], [0.0, 2.05859375], [0.0, 2.056640625], [0.0, 2.0546875], [0.0, 2.052734375], [0.0, 2.05078125], [0.0, 2.048828125], [0.0, 2.046875], [0.0, 2.044921875], [0.0, 2.04296875], [0.0, 2.041015625], [0.0, 2.0390625], [0.0, 2.037109375], [0.0, 2.03515625], [0.0, 2.033203125], [0.0, 2.03125], [0.0, 2.029296875], [0.0, 2.02734375], [0.0, 2.025390625], [0.0, 2.0234375], [0.0, 2.021484375], [0.0, 2.01953125], [0.0, 2.017578125], [0.0, 2.015625], [0.0, 2.013671875], [0.0, 2.01171875], [0.0, 2.009765625], [0.0, 2.0078125], [0.0, 2.005859375], [0.0, 2.00390625], [0.0, 2.001953125], [0, 2]]]}}, {"type": "Feature", "id": "c1-2", "properties": {"id": "c1-2", "name": "cell 1,2", "value": 22.0917}, "geometry": {"type": "Polygon", "coordinates": [[[1.0, 2.0], [1.001953125, 2.0], [1.00390625, 2.0], [1.005859375, 2.0], [1.0078125, 2.0], [1.009765625, 2.0], [1.01171875, 2.0], [1.013671875, 2.0], [1.015625, 2.0], [1.017578125, 2.0], [1.01953125, 2.0], [1.021484375, 2.0], [1.0234375, 2.0], [1.025390625, 2.0], [1.02734375, 2.0], [1.029296875, 2.0], [1.03125, 2.0], [1.033203125, 2.0], [1.03515625, 2.0], [1.037109375, 2.0], [1.0390625, 2.0], [1.041015625, 2.0], [1.04296875, 2.0], [1.044921875, 2.0], [1.046875, 2.0], [1.048828125, 2.0], [1.05078125, 2.0], [1.052734375, 2.0], [1.0546875, 2.0], [1.056640625, 2.0], [1.05859375, 2.0], [1.060546875, 2.0], [1.0625, 2.0], [1.064453125, 2.0], [1.06640625, 2.0], [1.068359375, 2.0], [1.0703125, 2.0], [1.072265625, 2.0], [1.07421875, 2.0], [1.076171875, 2.0], [1.078125, 2.0], [1.080078125, 2.0], [1.08203125, 2.0], [1.083984375, 2.0], [1.0859375, 2.0], [1.087890625, 2.0], [1.08984375, 2.0], [1.091796875, 2.0], [1.09375, 2.0], [1.095703125, 2.0], [1.09765625, 2.0], [1.099609375, 2.0], [1.1015625, 2.0], [1.103515625, 2.0], [1.10546875, 2.0], [1.107421875, 2.0], [1.109375, 2.0], [1.111328125, 2.0], [1.11328125, 2.0], [1.115234375, 2.0], [1.1171875, 2.0], [1.119140625, 2.0], [1.12109375, 2.0], [1.123046875, 2.0], [1.125, 2.0], [1.126953125, 2.0], [1.12890625, 2.0], [1.130859375, 2.0], [1.1328125, 2.0], [1.134765625, 2.0], [1.13671875, 2.0], [1.138671875, 2.0], [1.140625, 2.0], [1.142578125, 2.0], [1.14453125, 2.0], [1.146484375, 2.0], [1.1484375, 2.0], [1.150390625, 2.0], [1.15234375, 2.0], [1.154296875, 2.0], [1.15625, 2.0], [1.158203125, 2.0], [1.16015625, 2.0], [1.162109375, 2.0], [1.1640625, 2.0], [1.166015625, 2.0], [1.16796875, 2.0], [1.169921875, 2.0], [1.171875, 2.0], [1.173828125, 2.0], [1.17578125, 2.0], [1.177734375, 2.0], [1.1796875, 2.0], [1.181640625, 2.0], [1.18359375, 2.0], [1.185546875, 2.0], [1.1875, 2.0], [1.189453125, 2.0], [1.19140625, 2.0], [1.193359375, 2.0], [1.1953125, 2.0], [1.197265625, 2.0], [1.19921875, 2.0], [1.201171875, 2.0], [1.203125, 2.0], [1.205078125, 2.0], [1.20703125, 2.0], [1.208984375, 2.0], [1.2109375, 2.0], [1.212890625, 2.0], [1.21484375, 2.0], [1.216796875, 2.0], [1.21875, 2.0], [1.220703125, 2.0], [1.22265625, 2.0], [1.224609375, 2.0], [1.2265625, 2.0], [1.228515625, 2.0], [1.23046875, 2.0], [1.232421875, 2.0], [1.234375, 2.0], [1.236328125, 2.0], [1.23828125, 2.0], [1.240234375, 2.0], [1.2421875, 2.0], [1.244140625, 2.0], [1.24609375, 2.0], [1.248046875, 2.0], [1.25, 2.0], [1.251953125, 2.0], [1.25390625, 2.0], [1.255859375, 2.0], [1.2578125, 2.0], [1.259765625, 2.0], [1.26171875, 2.0], [1.263671875, 2.0], [1.265625, 2.0], [1.267578125, 2.0], [1.26953125, 2.0], [1.271484375, 2.0], [1.2734375, 2.0], [1.275390625, 2.0], [1.27734375, 2.0], [1.279296875, 2.0], [1.28125, 2.0], [1.283203125, 2.0], [1.28515625, 2.0], [1.287109375, 2.0], [1.2890625, 2.0], [1.291015625, 2.0], [1.29296875, 2.0], [1.294921875, 2.0], [1.296875, 2.0], [1.298828125, 2.0], [1.30078125, 2.0], [1.302734375, 2.0], [1.3046875, 2.0], [1.306640625, 2.0], [1.30859375, 2.0], [1.310546875, 2.0], [1.3125, 2.0], [1.314453125, 2.0], [1.31640625, 2.0], [1.318359375, 2.0], [1.3203125, 2.0], [1.322265625, 2.0], [1.32421875, 2.0], [1.326171875, 2.0], [1.328125, 2.0], [1.330078125, 2.0], [1.33203125, 2.0], [1.333984375, 2.0], [1.3359375, 2.0], [1.337890625, 2.0], [1.33984375, 2.0], [1.341796875, 2.0], [1.34375, 2.0], [1.345703125, 2.0], [1.34765625, 2.0], [1.349609375, 2.0], [1.3515625, 2.0], [1.353515625, 2.0], [1.35546875, 2.0], [1.357421875, 2.0], [1.359375, 2.0], [1.361328125, 2.0], [1.36328125, 2.0], [1.365234375, 2.0], [1.3671875, 2.0], [1.369140625, 2.0], [1.37109375, 2.0], [1.373046875, 2.0], [1.375, 2.0], [1.376953125, 2.0], [1.37890625, 2.0], [1.380859375, 2.0], [1.3828125, 2.0], [1.384765625, 2.0], [1.38671875, 2.0], [1.388671875, 2.0], [1.390625, 2.0], [1.392578125, 2.0], [1.39453125, 2.0], [1.396484375, 2.0], [1.3984375, 2.0], [1.400390625, 2.0], [1.40234375, 2.0], [1.404296875, 2.0], [1.40625, 2.0], [1.408203125, 2.0], [1.41015625, 2.0], [1.412109375, 2.0], [1.4140625, 2.0], [1.416015625, 2.0], [1.41796875, 2.0], [1.419921875, 2.0], [1.421875, 2.0], [1.423828125, 2.0], [1.42578125, 2.0], [1.427734375, 2.0], [1.4296875, 2.0], [1.431640625, 2.0], [1.43359375, 2.0], [1.435546875, 2.0], [1.4375, 2.0], [1.439453125, 2.0], [1.44140625, 2.0], [1.443359375, 2.0], [1.4453125, 2.0], [1.447265625, 2.0], [1.44921875, 2.0], [1.451171875, 2.0], [1.453125, 2.0], [1.455078125, 2.0], [1.45703125, 2.0], [1.458984375, 2.0], [1.4609375, 2.0], [1.462890625, 2.0], [1.46484375, 2.0], [1.466796875, 2.0], [1.46875, 2.0], [1.470703125, 2.0], [1.47265625, 2.0], [1.474609375, 2.0], [1.4765625, 2.0], [1.478515625, 2.0], [1.48046875, 2.0], [1.482421875, 2.0], [1.484375, 2.0], [1.486328125, 2.0], [1.48828125, 2.0], [1.490234375, 2.0], [1.4921875, 2.0], [1.494140625, 2.0], [1.49609375, 2.0], [1.498046875, 2.0], [1.5, 2.0], [1.501953125, 2.0], [1.50390625, 2.0], [1.505859375, 2.0], [1.5078125, 2.0], [1.509765625, 2.0], [1.51171875, 2.0], [1.513671875, 2.0], [1.515625, 2.0], [1.517578125, 2.0], [1.51953125, 2.0], [1.521484375, 2.0], [1.5234375, 2.0], [1.525390625, 2.0], [1.52734375, 2.0], [1.529296875, 2.0], [1.53125, 2.0], [1.533203125, 2.0], [1.53515625, 2.0], [1.537109375, 2.0], [1.5390625, 2.0], [1.541015625, 2.0], [1.54296875, 2.0], [1.544921875, 2.0], [1.546875, 2.0], [1.548828125, 2.0], [1.55078125, 2.0], [1.552734375, 2.0], [1.5546875, 2.0], [1.556640625, 2.0], [1.55859375, 2.0], [1.560546875, 2.0], [1.5625, 2.0], [1.564453125, 2.0], [1.56640625, 2.0], [1.568359375, 2.0], [1.5703125, 2.0], [1.572265625, 2.0], [1.57421875, 2.0], [1.576171875, 2.0], [1.578125, 2.0], [1.580078125, 2.0], [1.58203125, 2.0], [1.583984375, 2.0], [1.5859375, 2.0], [1.587890625, 2.0], [1.58984375, 2.0], [1.591796875, 2.0], [1.59375, 2.0], [1.595703125, 2.0], [1.59765625, 2.0], [1.599609375, 2.0], [1.6015625, 2.0], [1.603515625, 2.0], [1.60546875, 2.0], [1.607421875, 2.0], [1.609375, 2.0], [1.611328125, 2.0], [1.61328125, 2.0], [1.615234375, 2.0], [1.6171875, 2.0], [1.619140625, 2.0], [1.62109375, 2.0], [1.623046875, 2.0], [1.625, 2.0], [1.626953125, 2.0], [1.62890625, 2.0], [1.630859375, 2.0], [1.6328125, 2.0], [1.634765625, 2.0], [1.63671875, 2.0], [1.638671875, 2.0], [1.640625, 2.0], [1.642578125, 2.0], [1.64453125, 2.0], [1.646484375, 2.0], [1.6484375, 2.0], [1.650390625, 2.0], [1.65234375, 2.0], [1.654296875, 2.0], [1.65625, 2.0], [1.658203125, 2.0], [1.66015625, 2.0], [1.662109375, 2.0], [1.6640625, 2.0], [1.666015625, 2.0], [1.66796875, 2.0], [1.669921875, 2.0], [1.671875, 2.0], [1.673828125, 2.0], [1.67578125, 2.0], [1.677734375, 2.0], [1.6796875, 2.0], [1.681640625, 2.0], [1.68359375, 2.0], [1.685546875, 2.0], [1.6875, 2.0], [1.689453125, 2.0], [1.69140625, 2.0], [1.693359375, 2.0], [1.6953125, 2.0], [1.697265625, 2.0], [1.69921875, 2.0], [1.701171875, 2.0], [1.703125, 2.0], [1.705078125, 2.0], [1.70703125, 2.0], [1.708984375, 2.0], [1.7109375, 2.0], [1.712890625, 2.0], [1.71484375, 2.0], [1.716796875, 2.0], [1.71875, 2.0], [1.720703125, 2.0], [1.72265625, 2.0], [1.724609375, 2.0], [1.7265625, 2.0], [1.728515625, 2.0], [1.73046875, 2.0], [1.732421875, 2.0], [1.734375, 2.0], [1.736328125, 2.0], [1.73828125, 2.0], [1.740234375, 2.0], [1.7421875, 2.0], [1.744140625, 2.0], [1.74609375, 2.0], [1.748046875, 2.0], [1.75, 2.0], [1.751953125, 2.0], [1.75390625, 2.0], [1.755859375, 2.0], [1.7578125, 2.0], [1.759765625, 2.0], [1.76171875, 2.0], [1.763671875, 2.0], [1.765625, 2.0], [1.767578125, 2.0], [1.76953125, 2.0], [1.771484375, 2.0], [1.7734375, 2.0], [1.775390625, 2.0], [1.77734375, 2.0], [1.779296875, 2.0], [1.78125, 2.0], [1.783203125, 2.0], [1.78515625, 2.0], [1.787109375, 2.0], [1.7890625, 2.0], [1.791015625, 2.0], [1.79296875, 2.0], [1.794921875, 2.0], [1.796875, 2.0], [1.798828125, 2.0], [1.80078125, 2.0], [1.802734375, 2.0], [1.8046875, 2.0], [1.806640625, 2.0], [1.80859375, 2.0], [1.810546875, 2.0], [1.8125, 2.0], [1.814453125, 2.0], [1.81640625, 2.0], [1.818359375, 2.0], [1.8203125, 2.0], [1.822265625, 2.0], [1.82421875, 2.0], [1.826171875, 2.0], [1.828125, 2.0], [1.830078125, 2.0], [1.83203125, 2.0], [1.833984375, 2.0], [1.8359375, 2.0], [1.837890625, 2.0], [1.83984375, 2.0], [1.841796875, 2.0], [1.84375, 2.0], [1.845703125, 2.0], [1.84765625, 2.0], [1.849609375, 2.0], [1.8515625, 2.0], [1.853515625, 2.0], [1.85546875, 2.0], [1.857421875, 2.0], [1.859375, 2.0], [1.861328125, 2.0], [1.86328125, 2.0], [1.865234375, 2.0], [1.8671875, 2.0], [1.869140625, 2.0], [1.87109375, 2.0], [1.873046875, 2.0], [1.875, 2.0], [1.876953125, 2.0], [1.87890625, 2.0], [1.880859375, 2.0], [1.8828125, 2.0], [1.884765625, 2.0], [1.88671875, 2.0], [1.888671875, 2.0], [1.890625, 2.0], [1.892578125, 2.0], [1.89453125, 2.0], [1.896484375, 2.0], [1.8984375, 2.0], [1.900390625, 2.0], [1.90234375, 2.0], [1.904296875, 2.0], [1.90625, 2.0], [1.908203125, 2.0], [1.91015625, 2.0], [1.912109375, 2.0], [1.9140625, 2.0], [1.916015625, 2.0], [1.91796875, 2.0], [1.919921875, 2.0], [1.921875, 2.0], [1.923828125, 2.0], [1.92578125, 2.0], [1.927734375, 2.0], [1.9296875, 2.0], [1.931640625, 2.0], [1.93359375, 2.0], [1.935546875, 2.0], [1.9375, 2.0], [1.939453125, 2.0], [1.94140625, 2.0], [1.943359375, 2.0], [1.9453125, 2.0], [1.947265625, 2.0], [1.94921875, 2.0], [1.951171875, 2.0], [1.953125, 2.0], [1.955078125, 2.0], [1.95703125, 2.0], [1.958984375, 2.0], [1.9609375, 2.0], [1.962890625, 2.0], [1.96484375, 2.0], [1.966796875, 2.0], [1.96875, 2.0], [1.970703125, 2.0], [1.97265625, 2.0], [1.974609375, 2.0], [1.9765625, 2.0], [1.978515625, 2.0], [1.98046875, 2.0], [1.982421875, 2.0], [1.984375, 2.0], [1.986328125, 2.0], [1.98828125, 2.0], [1.990234375, 2.0], [1.9921875, 2.0], [1.994140625, 2.0], [1.99609375, 2.0], [1.998046875, 2.0], [2.0, 2.0], [2.0, 2.001953125], [2.0, 2.00390625], [2.0, 2.005859375], [2.0, 2.0078125], [2.0, 2.009765625], [2.0, 2.01171875], [2.0, 2.013671875], [2.0, 2.015625], [2.0, 2.017578125], [2.0, 2.01953125], [2.0, 2.021484375], [2.0, 2.0234375], [2.0, 2.025390625], [2.0, 2.02734375], [2.0, 2.029296875], [2.0, 2.03125], [2.0, 2.033203125], [2.0, 2.03515625], [2.0, 2.037109375], [2.0, 2.0390625], [2.0, 2.041015625], [2.0, 2.04296875], [2.0, 2.044921875], [2.0, 2.046875], [2.0, 2.048828125], [2.0, 2.05078125], [2.0, 2.052734375], [2.0, 2.0546875], [2.0, 2.056640625], [2.0, 2.05859375], [2.0, 2.060546875], [2.0, 2.0625], [2.0, 2.064453125], [2.0, 2.06640625], [2.0, 2.068359375], [2.0, 2.0703125], [2.0, 2.072265625], [2.0, 2.07421875], [2.0, 2.076171875], [2.0, 2.078125], [2.0, 2.080078125], [2.0, 2.08203125], [2.0, 2.083984375], [2.0, 2.0859375], [2.0, 2.087890625], [2.0, 2.08984375], [2.0, 2.091796875], [2.0, 2.09375], [2.0, 2.095703125], [2.0, 2.09765625], [2.0, 2.099609375], [2.0, 2.1015625], [2.0, 2.103515625], [2.0, 2.10546875], [2.0, 2.107421875], [2.0, 2.109375], [2.0, 2.111328125], [2.0, 2.11328125], [2.0, 2.115234375], [2.0, 2.1171875], [2.0, 2.119140625], [2.0, 2.12109375], [2.0, 2.123046875], [2.0, 2.125], [2.0, 2.126953125], [2.0, 2.12890625], [2.0, 2.130859375], [2.0, 2.1328125], [2.0, 2.134765625], [2.0, 2.13671875], [2.0, 2.138671875], [2.0, 2.140625], [2.0, 2.142578125], [2.0, 2.14453125], [2.0, 2.146484375], [2.0, 2.1484375], [2.0, 2.150390625], [2.0, 2.15234375], [2.0, 2.154296875], [2.0, 2.15625], [2.0, 2.158203125], [2.0, 2.16015625], [2.0, 2.162109375], [2.0, 2.1640625], [2.0, 2.166015625], [2.0, 2.16796875], [2.0, 2.169921875], [2.0, 2.171875], [2.0, 2.173828125], [2.0, 2.17578125], [2.0, 2.177734375], [2.0, 2.1796875], [2.0, 2.181640625], [2.0, 2.18359375], [2.0, 2.185546875], [2.0, 2.1875], [2.0, 2.189453125], [2.0, 2.19140625], [2.0, 2.193359375], [2.0, 2.1953125], [2.0, 2.197265625], [2.0, 2.19921875], [2.0, 2.201171875], [2.0, 2.203125], [2.0, 2.205078125], [2.0, 2.20703125], [2.0, 2.208984375], [2.0, 2.2109375], [2.0, 2.212890625], [2.0, 2.21484375], [2.0, 2.216796875], [2.0, 2.21875], [2.0, 2.220703125], [2.0, 2.22265625], [2.0, 2.224609375], [2.0, 2.2265625], [2.0, 2.228515625], [2.0, 2.23046875], [2.0, 2.232421875], [2.0, 2.234375], [2.0, 2.236328125], [2.0, 2.23828125], [2.0, 2.240234375], [2.0, 2.2421875], [2.0, 2.244140625], [2.0, 2.24609375], [2.0, 2.248046875], [2.0, 2.25], [2.0, 2.251953125], [2.0, 2.25390625], [2.0, 2.255859375], [2.0, 2.2578125], [2.0, 2.259765625], [2.0, 2.26171875], [2.0, 2.263671875], [2.0, 2.265625], [2.0, 2.267578125], [2.0, 2.26953125], [2.0, 2.271484375], [2.0, 2.2734375], [2.0, 2.275390625], [2.0, 2.27734375], [2.0, 2.279296875], [2.0, 2.28125], [2.0, 2.283203125], [2.0, 2.28515625], [2.0, 2.287109375], [2.0, 2.2890625], [2.0, 2.291015625], [2.0, 2.29296875], [2.0, 2.294921875], [2.0, 2.296875], [2.0, 2.298828125], [2.0, 2.30078125], [2.0, 2.302734375], [2.0, 2.3046875], [2.0, 2.306640625], [2.0, 2.30859375], [2.0, 2.310546875], [2.0, 2.3125], [2.0, 2.314453125], [2.0, 2.31640625], [2.0, 2.318359375], [2.0, 2.3203125], [2.0, 2.322265625], [2.0, 2.32421875], [2.0, 2.326171875], [2.0, 2.328125], [2.0, 2.330078125], [2.0, 2.33203125], [2.0, 2.333984375], [2.0, 2.3359375], [2.0, 2.337890625], [2.0, 2.33984375], [2.0, 2.341796875], [2.0, 2.34375], [2.0, 2.345703125], [2.0, 2.34765625], [2.0, 2.349609375], [2.0, 2.3515625], [2.0, 2.353515625], [2.0, 2.35546875], [2.0, 2.357421875], [2.0, 2.359375], [2.0, 2.361328125], [2.0, 2.36328125], [2.0, 2.365234375], [2.0, 2.3671875], [2.0, 2.369140625], [2.0, 2.37109375], [2.0, 2.373046875], [2.0, 2.375], [2.0, 2.376953125], [2.0, 2.37890625], [2.0, 2.380859375], [2.0, 2.3828125], [2.0, 2.384765625], [2.0, 2.38671875], [2.0, 2.388671875], [2.0, 2.390625], [2.0, 2.392578125], [2.0, 2.39453125], [2.0, 2.396484375], [2.0, 2.3984375], [2.0, 2.400390625], [2.0, 2.40234375], [2.0, 2.404296875], [2.0, 2.40625], [2.0, 2.408203125], [2.0, 2.41015625], [2.0, 2.412109375], [2.0, 2.4140625], [2.0, 2.416015625], [2.0, 2.41796875], [2.0, 2.419921875], [2.0, 2.421875], [2.0, 2.423828125], [2.0, 2.42578125], [2.0, 2.427734375], [2.0, 2.4296875], [2.0, 2.431640625], [2.0, 2.43359375], [2.0, 2.435546875], [2.0, 2.4375], [2.0, 2.439453125], [2.0, 2.44140625], [2.0, 2.443359375], [2.0, 2.4453125], [2.0, 2.447265625], [2.0, 2.44921875], [2.0, 2.451171875], [2.0, 2.453125], [2.0, 2.455078125], [2.0, 2.45703125], [2.0, 2.458984375], [2.0, 2.4609375], [2.0, 2.462890625], [2.0, 2.46484375], [2.0, 2.466796875], [2.0, 2.46875], [2.0, 2.470703125], [2.0, 2.47265625], [2.0, 2.474609375], [2.0, 2.4765625], [2.0, 2.478515625], [2.0, 2.48046875], [2.0, 2.482421875], [2.0, 2.484375], [2.0, 2.486328125], [2.0, 2.48828125], [2.0, 2.490234375], [2.0, 2.4921875], [2.0, 2.494140625], [2.0, 2.49609375], [2.0, 2.498046875], [2.0, 2.5], [2.0, 2.501953125], [2.0, 2.50390625], [2.0, 2.505859375], [2.0, 2.5078125], [2.0, 2.509765625], [2.0, 2.51171875], [2.0, 2.513671875], [2.0, 2.515625], [2.0, 2.517578125], [2.0, 2.51953125], [2.0, 2.521484375], [2.0, 2.5234375], [2.0, 2.525390625], [2.0, 2.52734375], [2.0, 2.529296875], [2.0, 2.53125], [2.0, 2.533203125], [2.0, 2.53515625], [2.0, 2.537109375], [2.0, 2.5390625], [2.0, 2.541015625], [2.0, 2.54296875], [2.0, 2.544921875], [2.0, 2.546875], [2.0, 2.548828125], [2.0, 2.55078125], [2.0, 2.552734375], [2.0, 2.5546875], [2.0, 2.556640625], [2.0, 2.55859375], [2.0, 2.560546875], [2.0, 2.5625], [2.0, 2.564453125], [2.0, 2.56640625], [2.0, 2.568359375], [2.0, 2.5703125], [2.0, 2.572265625], [2.0, 2.57421875], [2.0, 2.576171875], [2.0, 2.578125], [2.0, 2.580078125], [2.0, 2.58203125], [2.0, 2.583984375], [2.0, 2.5859375], [2.0, 2.587890625], [2.0, 2.58984375], [2.0, 2.591796875], [2.0, 2.59375], [2.0, 2.595703125], [2.0, 2.59765625], [2.0, 2.599609375], [2.0, 2.6015625], [2.0, 2.603515625], [2.0, 2.60546875], [2.0, 2.607421875], [2.0, 2.609375], [2.0, 2.611328125], [2.0, 2.61328125], [2.0, 2.615234375], [2.0, 2.6171875], [2.0, 2.619140625], [2.0, 2.62109375], [2.0, 2.623046875], [2.0, 2.625], [2.0, 2.626953125], [2.0, 2.62890625], [2.0, 2.630859375], [2.0, 2.6328125], [2.0, 2.634765625], [2.0, 2.63671875], [2.0, 2.638671875], [2.0, 2.640625], [2.0, 2.642578125], [2.0, 2.64453125], [2.0, 2.646484375], [2.0, 2.6484375], [2.0, 2.650390625], [2.0, 2.65234375], [2.0, 2.654296875], [2.0, 2.65625], [2.0, 2.658203125], [2.0, 2.66015625], [2.0, 2.662109375], [2.0, 2.6640625], [2.0, 2.666015625], [2.0, 2.66796875], [2.0, 2.669921875], [2.0, 2.671875], [2.0, 2.673828125], [2.0, 2.67578125], [2.0, 2.677734375], [2.0, 2.6796875], [2.0, 2.681640625], [2.0, 2.68359375], [2.0, 2.685546875], [2.0, 2.6875], [2.0, 2.689453125], [2.0, 2.69140625], [2.0, 2.693359375], [2.0, 2.6953125], [2.0, 2.697265625], [2.0, 2.69921875], [2.0, 2.701171875], [2.0, 2.703125], [2.0, 2.705078125], [2.0, 2.70703125], [2.0, 2.708984375], [2.0, 2.7109375], [2.0, 2.712890625], [2.0, 2.71484375], [2.0, 2.716796875], [2.0, 2.71875], [2.0, 2.720703125], [2.0, 2.72265625], [2.0, 2.724609375], [2.0, 2.7265625], [2.0, 2.728515625], [2.0, 2.73046875], [2.0, 2.732421875], [2.0, 2.734375], [2.0, 2.736328125], [2.0, 2.73828125], [2.0, 2.740234375], [2.0, 2.7421875], [2.0, 2.744140625], [2.0, 2.74609375], [2.0, 2.748046875], [2.0, 2.75], [2.0, 2.751953125], [2.0, 2.75390625], [2.0, 2.755859375], [2.0, 2.7578125], [2.0, 2.759765625], [2.0, 2.76171875], [2.0, 2.763671875], [2.0, 2.765625], [2.0, 2.767578125], [2.0, 2.76953125], [2.0, 2.771484375], [2.0, 2.7734375], [2.0, 2.775390625], [2.0, 2.77734375], [2.0, 2.779296875], [2.0, 2.78125], [2.0, 2.783203125], [2.0, 2.78515625], [2.0, 2.787109375], [2.0, 2.7890625], [2.0, 2.791015625], [2.0, 2.79296875], [2.0, 2.794921875], [2.0, 2.796875], [2.0, 2.798828125], [2.0, 2.80078125], [2.0, 2.802734375], [2.0, 2.8046875], [2.0, 2.806640625], [2.0, 2.80859375], [2.0, 2.810546875], [2.0, 2.8125], [2.0, 2.814453125], [2.0, 2.81640625], [2.0, 2.818359375], [2.0, 2.8203125], [2.0, 2.822265625], [2.0, 2.82421875], [2.0, 2.826171875], [2.0, 2.828125], [2.0, 2.830078125], [2.0, 2.83203125], [2.0, 2.833984375], [2.0, 2.8359375], [2.0, 2.837890625], [2.0, 2.83984375], [2.0, 2.841796875], [2.0, 2.84375], [2.0, 2.845703125], [2.0, 2.84765625], [2.0, 2.849609375], [2.0, 2.8515625], [2.0, 2.853515625], [2.0, 2.85546875], [2.0, 2.857421875], [2.0, 2.859375], [2.0, 2.861328125], [2.0, 2.86328125], [2.0, 2.865234375], [2.0, 2.8671875], [2.0, 2.869140625], [2.0, 2.87109375], [2.0, 2.873046875], [2.0, 2.875], [2.0, 2.876953125], [2.0, 2.87890625], [2.0, 2.880859375], [2.0, 2.8828125], [2.0, 2.884765625], [2.0, 2.88671875], [2.0, 2.888671875], [2.0, 2.890625], [2.0, 2.892578125], [2.0, 2.89453125], [2.0, 2.896484375], [2.0, 2.8984375], [2.0, 2.900390625], [2.0, 2.90234375], [2.0, 2.904296875], [2.0, 2.90625], [2.0, 2.908203125], [2.0, 2.91015625], [2.0, 2.912109375], [2.0, 2.9140625], [2.0, 2.916015625], [2.0, 2.91796875], [2.0, 2.919921875], [2.0, 2.921875], [2.0, 2.923828125], [2.0, 2.92578125], [2.0, 2.927734375], [2.0, 2.9296875], [2.0, 2.931640625], [2.0, 2.93359375], [2.0, 2.935546875], [2.0, 2.9375], [2.0, 2.939453125], [2.0, 2.94140625], [2.0, 2.943359375], [2.0, 2.9453125], [2.0, 2.947265625], [2.0, 2.94921875], [2.0, 2.951171875], [2.0, 2.953125], [2.0, 2.955078125], [2.0, 2.95703125], [2.0, 2.958984375], [2.0, 2.9609375], [2.0, 2.962890625], [2.0, 2.96484375], [2.0, 2.966796875], [2.0, 2.96875], [2.0, 2.970703125], [2.0, 2.97265625], [2.0, 2.974609375], [2.0, 2.9765625], [2.0, 2.978515625], [2.0, 2.98046875], [2.0, 2.982421875], [2.0, 2.984375], [2.0, 2.986328125], [2.0, 2.98828125], [2.0, 2.990234375], [2.0, 2.9921875], [2.0, 2.994140625], [2.0, 2.99609375], [2.0, 2.998046875], [2.0, 3.0], [1.998046875, 3.0], [1.99609375, 3.0], [1.994140625, 3.0], [1.9921875, 3.0], [1.990234375, 3.0], [1.98828125, 3.0], [1.986328125, 3.0], [1.984375, 3.0], [1.982421875, 3.0], [1.98046875, 3.0], [1.978515625, 3.0], [1.9765625, 3.0], [1.974609375, 3.0], [1.97265625, 3.0], [1.970703125, 3.0], [1.96875, 3.0], [1.966796875, 3.0], [1.96484375, 3.0], [1.962890625, 3.0], [1.9609375, 3.0], [1.958984375, 3.0], [1.95703125, 3.0], [1.955078125, 3.0], [1.953125, 3.0], [1.951171875, 3.0], [1.94921875, 3.0], [1.947265625, 3.0], [1.9453125, 3.0], [1.943359375, 3.0], [1.94140625, 3.0], [1.939453125, 3.0], [1.9375, 3.0], [1.935546875, 3.0], [1.93359375, 3.0], [1.931640625, 3.0], [1.9296875, 3.0], [1.927734375, 3.0], [1.92578125, 3.0], [1.923828125, 3.0], [1.921875, 3.0], [1.919921875, 3.0], [1.91796875, 3.0], [1.916015625, 3.0], [1.9140625, 3.0], [1.912109375, 3.0], [1.91015625, 3.0], [1.908203125, 3.0], [1.90625, 3.0], [1.904296875, 3.0], [1.90234375, 3.0], [1.900390625, 3.0], [1.8984375, 3.0], [1.896484375, 3.0], [1.89453125, 3.0], [1.892578125, 3.0], [1.890625, 3.0], [1.888671875, 3.0], [1.88671875, 3.0], [1.884765625, 3.0], [1.8828125, 3.0], [1.880859375, 3.0], [1.87890625, 3.0], [1.876953125, 3.0], [1.875, 3.0], [1.873046875, 3.0], [1.87109375, 3.0], [1.869140625, 3.0], [1.8671875, 3.0], [1.865234375, 3.0], [1.86328125, 3.0], [1.861328125, 3.0], [1.859375, 3.0], [1.857421875, 3.0], [1.85546875, 3.0], [1.853515625, 3.0], [1.8515625, 3.0], [1.849609375, 3.0], [1.84765625, 3.0], [1.845703125, 3.0], [1.84375, 3.0], [1.841796875, 3.0], [1.83984375, 3.0], [1.837890625, 3.0], [1.8359375, 3.0], [1.833984375, 3.0], [1.83203125, 3.0], [1.830078125, 3.0], [1.828125, 3.0], [1.826171875, 3.0], [1.82421875, 3.0], [1.822265625, 3.0], [1.8203125, 3.0], [1.818359375, 3.0], [1.81640625, 3.0], [1.814453125, 3.0], [1.8125, 3.0], [1.810546875, 3.0], [1.80859375, 3.0], [1.806640625, 3.0], [1.8046875, 3.0], [1.802734375, 3.0], [1.80078125, 3.0], [1.798828125, 3.0], [1.796875, 3.0], [1.794921875, 3.0], [1.79296875, 3.0], [1.791015625, 3.0], [1.7890625, 3.0], [1.787109375, 3.0], [1.78515625, 3.0], [1.783203125, 3.0], [1.78125, 3.0], [1.779296875, 3.0], [1.77734375, 3.0], [1.775390625, 3.0], [1.7734375, 3.0], [1.771484375, 3.0], [1.76953125, 3.0], [1.767578125, 3.0], [1.765625, 3.0], [1.763671875, 3.0], [1.76171875, 3.0], [1.759765625, 3.0], [1.7578125, 3.0], [1.755859375, 3.0], [1.75390625, 3.0], [1.751953125, 3.0], [1.75, 3.0], [1.748046875, 3.0], [1.74609375, 3.0], [1.744140625, 3.0], [1.7421875, 3.0], [1.740234375, 3.0], [1.73828125, 3.0], [1.736328125, 3.0], [1.734375, 3.0], [1.732421875, 3.0], [1.73046875, 3.0], [1.728515625, 3.0], [1.7265625, 3.0], [1.724609375, 3.0], [1.72265625, 3.0], [1.720703125, 3.0], [1.71875, 3.0], [1.716796875, 3.0], [1.71484375, 3.0], [1.712890625, 3.0], [1.7109375, 3.0], [1.708984375, 3.0], [1.70703125, 3.0], [1.705078125, 3.0], [1.703125, 3.0], [1.701171875, 3.0], [1.69921875, 3.0], [1.697265625, 3.0], [1.6953125, 3.0], [1.693359375, 3.0], [1.69140625, 3.0], [1.689453125, 3.0], [1.6875, 3.0], [1.685546875, 3.0], [1.68359375, 3.0], [1.681640625, 3.0], [1.6796875, 3.0], [1.677734375, 3.0], [1.67578125, 3.0], [1.673828125, 3.0], [1.671875, 3.0], [1.669921875, 3.0], [1.66796875, 3.0], [1.666015625, 3.0], [1.6640625, 3.0], [1.662109375, 3.0], [1.66015625, 3.0], [1.658203125, 3.0], [1.65625, 3.0], [1.654296875, 3.0], [1.65234375, 3.0], [1.650390625, 3.0], [1.6484375, 3.0], [1.646484375, 3.0], [1.64453125, 3.0], [1.642578125, 3.0], [1.640625, 3.0], [1.638671875, 3.0], [1.63671875, 3.0], [1.634765625, 3.0], [1.6328125, 3.0], [1.630859375, 3.0], [1.62890625, 3.0], [1.626953125, 3.0], [1.625, 3.0], [1.623046875, 3.0], [1.62109375, 3.0], [1.619140625, 3.0], [1.6171875, 3.0], [1.615234375, 3.0], [1.61328125, 3.0], [1.611328125, 3.0], [1.609375, 3.0], [1.607421875, 3.0], [1.60546875, 3.0], [1.603515625, 3.0], [1.6015625, 3.0], [1.599609375, 3.0], [1.59765625, 3.0], [1.595703125, 3.0], [1.59375, 3.0], [1.591796875, 3.0], [1.58984375, 3.0], [1.587890625, 3.0], [1.5859375, 3.0], [1.583984375, 3.0], [1.58203125, 3.0], [1.580078125, 3.0], [1.578125, 3.0], [1.576171875, 3.0], [1.57421875, 3.0], [1.572265625, 3.0], [1.5703125, 3.0], [1.568359375, 3.0], [1.56640625, 3.0], [1.564453125, 3.0], [1.5625, 3.0], [1.560546875, 3.0], [1.55859375, 3.0], [1.556640625, 3.0], [1.5546875, 3.0], [1.552734375, 3.0], [1.55078125, 3.0], [1.548828125, 3.0], [1.546875, 3.0], [1.544921875, 3.0], [1.54296875, 3.0], [1.541015625, 3.0], [1.5390625, 3.0], [1.537109375, 3.0], [1.53515625, 3.0], [1.533203125, 3.0], [1.53125, 3.0], [1.529296875, 3.0], [1.52734375, 3.0], [1.525390625, 3.0], [1.5234375, 3.0], [1.521484375, 3.0], [1.51953125, 3.0], [1.517578125, 3.0], [1.515625, 3.0], [1.513671875, 3.0], [1.51171875, 3.0], [1.509765625, 3.0], [1.5078125, 3.0], [1.505859375, 3.0], [1.50390625, 3.0], [1.501953125, 3.0], [1.5, 3.0], [1.498046875, 3.0], [1.49609375, 3.0], [1.494140625, 3.0], [1.4921875, 3.0], [1.490234375, 3.0], [1.48828125, 3.0], [1.486328125, 3.0], [1.484375, 3.0], [1.482421875, 3.0], [1.48046875, 3.0], [1.478515625, 3.0], [1.4765625, 3.0], [1.474609375, 3.0], [1.47265625, 3.0], [1.470703125, 3.0], [1.46875, 3.0], [1.466796875, 3.0], [1.46484375, 3.0], [1.462890625, 3.0], [1.4609375, 3.0], [1.458984375, 3.0], [1.45703125, 3.0], [1.455078125, 3.0], [1.453125, 3.0], [1.451171875, 3.0], [1.44921875, 3.0], [1.447265625, 3.0], [1.4453125, 3.0], [1.443359375, 3.0], [1.44140625, 3.0], [1.439453125, 3.0], [1.4375, 3.0], [1.435546875, 3.0], [1.43359375, 3.0], [1.431640625, 3.0], [1.4296875, 3.0], [1.427734375, 3.0], [1.42578125, 3.0], [1.423828125, 3.0], [1.421875, 3.0], [1.419921875, 3.0], [1.41796875, 3.0], [1.416015625, 3.0], [1.4140625, 3.0], [1.412109375, 3.0], [1.41015625, 3.0], [1.408203125, 3.0], [1.40625, 3.0], [1.404296875, 3.0], [1.40234375, 3.0], [1.400390625, 3.0], [1.3984375, 3.0], [1.396484375, 3.0], [1.39453125, 3.0], [1.392578125, 3.0], [1.390625, 3.0], [1.388671875, 3.0], [1.38671875, 3.0], [1.384765625, 3.0], [1.3828125, 3.0], [1.380859375, 3.0], [1.37890625, 3.0], [1.376953125, 3.0], [1.375, 3.0], [1.373046875, 3.0], [1.37109375, 3.0], [1.369140625, 3.0], [1.3671875, 3.0], [1.365234375, 3.0], [1.36328125, 3.0], [1.361328125, 3.0], [1.359375, 3.0], [1.357421875, 3.0], [1.35546875, 3.0], [1.353515625, 3.0], [1.3515625, 3.0], [1.349609375, 3.0], [1.34765625, 3.0], [1.345703125, 3.0], [1.34375, 3.0], [1.341796875, 3.0], [1.33984375, 3.0], [1.337890625, 3.0], [1.3359375, 3.0], [1.333984375, 3.0], [1.33203125, 3.0], [1.330078125, 3.0], [1.328125, 3.0], [1.326171875, 3.0], [1.32421875, 3.0], [1.322265625, 3.0], [1.3203125, 3.0], [1.318359375, 3.0], [1.31640625, 3.0], [1.314453125, 3.0], [1.3125, 3.0], [1.310546875, 3.0], [1.30859375, 3.0], [1.306640625, 3.0], [1.3046875, 3.0], [1.302734375, 3.0], [1.30078125, 3.0], [1.298828125, 3.0], [1.296875, 3.0], [1.294921875, 3.0], [1.29296875, 3.0], [1.291015625, 3.0], [1.2890625, 3.0], [1.287109375, 3.0], [1.28515625, 3.0], [1.283203125, 3.0], [1.28125, 3.0], [1.279296875, 3.0], [1.27734375, 3.0], [1.275390625, 3.0], [1.2734375, 3.0], [1.271484375, 3.0], [1.26953125, 3.0], [1.267578125, 3.0], [1.265625, 3.0], [1.263671875, 3.0], [1.26171875, 3.0], [1.259765625, 3.0], [1.2578125, 3.0], [1.255859375, 3.0], [1.25390625, 3.0], [1.251953125, 3.0], [1.25, 3.0], [1.248046875, 3.0], [1.24609375, 3.0], [1.244140625, 3.0], [1.2421875, 3.0], [1.240234375, 3.0], [1.23828125, 3.0], [1.236328125, 3.0], [1.234375, 3.0], [1.232421875, 3.0], [1.23046875, 3.0], [1.228515625, 3.0], [1.2265625, 3.0], [1.224609375, 3.0], [1.22265625, 3.0], [1.220703125, 3.0], [1.21875, 3.0], [1.216796875, 3.0], [1.21484375, 3.0], [1.212890625, 3.0], [1.2109375, 3.0], [1.208984375, 3.0], [1.20703125, 3.0], [1.205078125, 3.0], [1.203125, 3.0], [1.201171875, 3.0], [1.19921875, 3.0], [1.197265625, 3.0], [1.1953125, 3.0], [1.193359375, 3.0], [1.19140625, 3.0], [1.189453125, 3.0], [1.1875, 3.0], [1.185546875, 3.0], [1.18359375, 3.0], [1.181640625, 3.0], [1.1796875, 3.0], [1.177734375, 3.0], [1.17578125, 3.0], [1.173828125, 3.0], [1.171875, 3.0], [1.169921875, 3.0], [1.16796875, 3.0], [1.166015625, 3.0], [1.1640625, 3.0], [1.162109375, 3.0], [1.16015625, 3.0], [1.158203125, 3.0], [1.15625, 3.0], [1.154296875, 3.0], [1.15234375, 3.0], [1.150390625, 3.0], [1.1484375, 3.0], [1.146484375, 3.0], [1.14453125, 3.0], [1.142578125, 3.0], [1.140625, 3.0], [1.138671875, 3.0], [1.13671875, 3.0], [1.134765625, 3.0], [1.1328125, 3.0], [1.130859375, 3.0], [1.12890625, 3.0], [1.126953125, 3.0], [1.125, 3.0], [1.123046875, 3.0], [1.12109375, 3.0], [1.119140625, 3.0], [1.1171875, 3.0], [1.115234375, 3.0], [1.11328125, 3.0], [1.111328125, 3.0], [1.109375, 3.0], [1.107421875, 3.0], [1.10546875, 3.0], [1.103515625, 3.0], [1.1015625, 3.0], [1.099609375, 3.0], [1.09765625, 3.0], [1.095703125, 3.0], [1.09375, 3.0], [1.091796875, 3.0], [1.08984375, 3.0], [1.087890625, 3.0], [1.0859375, 3.0], [1.083984375, 3.0], [1.08203125, 3.0], [1.080078125, 3.0], [1.078125, 3.0], [1.076171875, 3.0], [1.07421875, 3.0], [1.072265625, 3.0], [1.0703125, 3.0], [1.068359375, 3.0], [1.06640625, 3.0], [1.064453125, 3.0], [1.0625, 3.0], [1.060546875, 3.0], [1.05859375, 3.0], [1.056640625, 3.0], [1.0546875, 3.0], [1.052734375, 3.0], [1.05078125, 3.0], [1.048828125, 3.0], [1.046875, 3.0], [1.044921875, 3.0], [1.04296875, 3.0], [1.041015625, 3.0], [1.0390625, 3.0], [1.037109375, 3.0], [1.03515625, 3.0], [1.033203125, 3.0], [1.03125, 3.0], [1.029296875, 3.0], [1.02734375, 3.0], [1.025390625, 3.0], [1.0234375, 3.0], [1.021484375, 3.0], [1.01953125, 3.0], [1.017578125, 3.0], [1.015625, 3.0], [1.013671875, 3.0], [1.01171875, 3.0], [1.009765625, 3.0], [1.0078125, 3.0], [1.005859375, 3.0], [1.00390625, 3.0], [1.001953125, 3.0], [1.0, 3.0], [1.0, 2.998046875], [1.0, 2.99609375], [1.0, 2.994140625], [1.0, 2.9921875], [1.0, 2.990234375], [1.0, 2.98828125], [1.0, 2.986328125], [1.0, 2.984375], [1.0, 2.982421875], [1.0, 2.98046875], [1.0, 2.978515625], [1.0, 2.9765625], [1.0, 2.974609375], [1.0, 2.97265625], [1.0, 2.970703125], [1.0, 2.96875], [1.0, 2.966796875], [1.0, 2.96484375], [1.0, 2.962890625], [1.0, 2.9609375], [1.0, 2.958984375], [1.0, 2.95703125], [1.0, 2.955078125], [1.0, 2.953125], [1.0, 2.951171875], [1.0, 2.94921875], [1.0, 2.947265625], [1.0, 2.9453125], [1.0, 2.943359375], [1.0, 2.94140625], [1.0, 2.939453125], [1.0, 2.9375], [1.0, 2.935546875], [1.0, 2.93359375], [1.0, 2.931640625], [1.0, 2.9296875], [1.0, 2.927734375], [1.0, 2.92578125], [1.0, 2.923828125], [1.0, 2.921875], [1.0, 2.919921875], [1.0, 2.91796875], [1.0, 2.916015625], [1.0, 2.9140625], [1.0, 2.912109375], [1.0, 2.91015625], [1.0, 2.908203125], [1.0, 2.90625], [1.0, 2.904296875], [1.0, 2.90234375], [1.0, 2.900390625], [1.0, 2.8984375], [1.0, 2.896484375], [1.0, 2.89453125], [1.0, 2.892578125], [1.0, 2.890625], [1.0, 2.888671875], [1.0, 2.88671875], [1.0, 2.884765625], [1.0, 2.8828125], [1.0, 2.880859375], [1.0, 2.87890625], [1.0, 2.876953125], [1.0, 2.875], [1.0, 2.873046875], [1.0, 2.87109375], [1.0, 2.869140625], [1.0, 2.8671875], [1.0, 2.865234375], [1.0, 2.86328125], [1.0, 2.861328125], [1.0, 2.859375], [1.0, 2.857421875], [1.0, 2.85546875], [1.0, 2.853515625], [1.0, 2.8515625], [1.0, 2.849609375], [1.0, 2.84765625], [1.0, 2.845703125], [1.0, 2.84375], [1.0, 2.841796875], [1.0, 2.83984375], [1.0, 2.837890625], [1.0, 2.8359375], [1.0, 2.833984375], [1.0, 2.83203125], [1.0, 2.830078125], [1.0, 2.828125], [1.0, 2.826171875], [1.0, 2.82421875], [1.0, 2.822265625], [1.0, 2.8203125], [1.0, 2.818359375], [1.0, 2.81640625], [1.0, 2.814453125], [1.0, 2.8125], [1.0, 2.810546875], [1.0, 2.80859375], [1.0, 2.806640625], [1.0, 2.8046875], [1.0, 2.802734375], [1.0, 2.80078125], [1.0, 2.798828125], [1.0, 2.796875], [1.0, 2.794921875], [1.0, 2.79296875], [1.0, 2.791015625], [1.0, 2.7890625], [1.0, 2.787109375], [1.0, 2.78515625], [1.0, 2.783203125], [1.0, 2.78125], [1.0, 2.779296875], [1.0, 2.77734375], [1.0, 2.775390625], [1.0, 2.7734375], [1.0, 2.771484375], [1.0, 2.76953125], [1.0, 2.767578125], [1.0, 2.765625], [1.0, 2.763671875], [1.0, 2.76171875], [1.0, 2.759765625], [1.0, 2.7578125], [1.0, 2.755859375], [1.0, 2.75390625], [1.0, 2.751953125], [1.0, 2.75], [1.0, 2.748046875], [1.0, 2.74609375], [1.0, 2.744140625], [1.0, 2.7421875], [1.0, 2.740234375], [1.0, 2.73828125], [1.0, 2.736328125], [1.0, 2.734375], [1.0, 2.732421875], [1.0, 2.73046875], [1.0, 2.728515625], [1.0, 2.7265625], [1.0, 2.724609375], [1.0, 2.72265625], [1.0, 2.720703125], [1.0, 2.71875], [1.0, 2.716796875], [1.0, 2.71484375], [1.0, 2.712890625], [1.0, 2.7109375], [1.0, 2.708984375], [1.0, 2.70703125], [1.0, 2.705078125], [1.0, 2.703125], [1.0, 2.701171875], [1.0, 2.69921875], [1.0, 2.697265625], [1.0, 2.6953125], [1.0, 2.693359375], [1.0, 2.69140625], [1.0, 2.689453125], [1.0, 2.6875], [1.0, 2.685546875], [1.0, 2.68359375], [1.0, 2.681640625], [1.0, 2.6796875], [1.0, 2.677734375], [1.0, 2.67578125], [1.0, 2.673828125], [1.0, 2.671875], [1.0, 2.669921875], [1.0, 2.66796875], [1.0, 2.666015625], [1.0, 2.6640625], [1.0, 2.662109375], [1.0, 2.66015625], [1.0, 2.658203125], [1.0, 2.65625], [1.0, 2.654296875], [1.0, 2.65234375], [1.0, 2.650390625], [1.0, 2.6484375], [1.0, 2.646484375], [1.0, 2.64453125], [1.0, 2.642578125], [1.0, 2.640625], [1.0, 2.638671875], [1.0, 2.63671875], [1.0, 2.634765625], [1.0, 2.6328125], [1.0, 2.630859375], [1.0, 2.62890625], [1.0, 2.626953125], [1.0, 2.625], [1.0, 2.623046875], [1.0, 2.62109375], [1.0, 2.619140625], [1.0, 2.6171875], [1.0, 2.615234375], [1.0, 2.61328125], [1.0, 2.611328125], [1.0, 2.609375], [1.0, 2.607421875], [1.0, 2.60546875], [1.0, 2.603515625], [1.0, 2.6015625], [1.0, 2.599609375], [1.0, 2.59765625], [1.0, 2.595703125], [1.0, 2.59375], [1.0, 2.591796875], [1.0, 2.58984375], [1.0, 2.587890625], [1.0, 2.5859375], [1.0, 2.583984375], [1.0, 2.58203125], [1.0, 2.580078125], [1.0, 2.578125], [1.0, 2.576171875], [1.0, 2.57421875], [1.0, 2.572265625], [1.0, 2.5703125], [1.0, 2.568359375], [1.0, 2.56640625], [1.0, 2.564453125], [1.0, 2.5625], [1.0, 2.560546875], [1.0, 2.55859375], [1.0, 2.556640625], [1.0, 2.5546875], [1.0, 2.552734375], [1.0, 2.55078125], [1.0, 2.548828125], [1.0, 2.546875], [1.0, 2.544921875], [1.0, 2.54296875], [1.0, 2.541015625], [1.0, 2.5390625], [1.0, 2.537109375], [1.0, 2.53515625], [1.0, 2.533203125], [1.0, 2.53125], [1.0, 2.529296875], [1.0, 2.52734375], [1.0, 2.525390625], [1.0, 2.5234375], [1.0, 2.521484375], [1.0, 2.51953125], [1.0, 2.517578125], [1.0, 2.515625], [1.0, 2.513671875], [1.0, 2.51171875], [1.0, 2.509765625], [1.0, 2.5078125], [1.0, 2.505859375], [1.0, 2.50390625], [1.0, 2.501953125], [1.0, 2.5], [1.0, 2.498046875], [1.0, 2.49609375], [1.0, 2.494140625], [1.0, 2.4921875], [1.0, 2.490234375], [1.0, 2.48828125], [1.0, 2.486328125], [1.0, 2.484375], [1.0, 2.482421875], [1.0, 2.48046875], [1.0, 2.478515625], [1.0, 2.4765625], [1.0, 2.474609375], [1.0, 2.47265625], [1.0, 2.470703125], [1.0, 2.46875], [1.0, 2.466796875], [1.0, 2.46484375], [1.0, 2.462890625], [1.0, 2.4609375], [1.0, 2.458984375], [1.0, 2.45703125], [1.0, 2.455078125], [1.0, 2.453125], [1.0, 2.451171875], [1.0, 2.44921875], [1.0, 2.447265625], [1.0, 2.4453125], [1.0, 2.443359375], [1.0, 2.44140625], [1.0, 2.439453125], [1.0, 2.4375], [1.0, 2.435546875], [1.0, 2.43359375], [1.0, 2.431640625], [1.0, 2.4296875], [1.0, 2.427734375], [1.0, 2.42578125], [1.0, 2.423828125], [1.0, 2.421875], [1.0, 2.419921875], [1.0, 2.41796875], [1.0, 2.416015625], [1.0, 2.4140625], [1.0, 2.412109375], [1.0, 2.41015625], [1.0, 2.408203125], [1.0, 2.40625], [1.0, 2.404296875], [1.0, 2.40234375], [1.0, 2.400390625], [1.0, 2.3984375], [1.0, 2.396484375], [1.0, 2.39453125], [1.0, 2.392578125], [1.0, 2.390625], [1.0, 2.388671875], [1.0, 2.38671875], [1.0, 2.384765625], [1.0, 2.3828125], [1.0, 2.380859375], [1.0, 2.37890625], [1.0, 2.376953125], [1.0, 2.375], [1.0, 2.373046875], [1.0, 2.37109375], [1.0, 2.369140625], [1.0, 2.3671875], [1.0, 2.365234375], [1.0, 2.36328125], [1.0, 2.361328125], [1.0, 2.359375], [1.0, 2.357421875], [1.0, 2.35546875], [1.0, 2.353515625], [1.0, 2.3515625], [1.0, 2.349609375], [1.0, 2.34765625], [1.0, 2.345703125], [1.0, 2.34375], [1.0, 2.341796875], [1.0, 2.33984375], [1.0, 2.337890625], [1.0, 2.3359375], [1.0, 2.333984375], [1.0, 2.33203125], [1.0, 2.330078125], [1.0, 2.328125], [1.0, 2.326171875], [1.0, 2.32421875], [1.0, 2.322265625], [1.0, 2.3203125], [1.0, 2.318359375], [1.0, 2.31640625], [1.0, 2.314453125], [1.0, 2.3125], [1.0, 2.310546875], [1.0, 2.30859375], [1.0, 2.306640625], [1.0, 2.3046875], [1.0, 2.302734375], [1.0, 2.30078125], [1.0, 2.298828125], [1.0, 2.296875], [1.0, 2.294921875], [1.0, 2.29296875], [1.0, 2.291015625], [1.0, 2.2890625], [1.0, 2.287109375], [1.0, 2.28515625], [1.0, 2.283203125], [1.0, 2.28125], [1.0, 2.279296875], [1.0, 2.27734375], [1.0, 2.275390625], [1.0, 2.2734375], [1.0, 2.271484375], [1.0, 2.26953125], [1.0, 2.267578125], [1.0, 2.265625], [1.0, 2.263671875], [1.0, 2.26171875], [1.0, 2.259765625], [1.0, 2.2578125], [1.0, 2.255859375], [1.0, 2.25390625], [1.0, 2.251953125], [1.0, 2.25], [1.0, 2.248046875], [1.0, 2.24609375], [1.0, 2.244140625], [1.0, 2.2421875], [1.0, 2.240234375], [1.0, 2.23828125], [1.0, 2.236328125], [1.0, 2.234375], [1.0, 2.232421875], [1.0, 2.23046875], [1.0, 2.228515625], [1.0, 2.2265625], [1.0, 2.224609375], [1.0, 2.22265625], [1.0, 2.220703125], [1.0, 2.21875], [1.0, 2.216796875], [1.0, 2.21484375], [1.0, 2.212890625], [1.0, 2.2109375], [1.0, 2.208984375], [1.0, 2.20703125], [1.0, 2.205078125], [1.0, 2.203125], [1.0, 2.201171875], [1.0, 2.19921875], [1.0, 2.197265625], [1.0, 2.1953125], [1.0, 2.193359375], [1.0, 2.19140625], [1.0, 2.189453125], [1.0, 2.1875], [1.0, 2.185546875], [1.0, 2.18359375], [1.0, 2.181640625], [1.0, 2.1796875], [1.0, 2.177734375], [1.0, 2.17578125], [1.0, 2.173828125], [1.0, 2.171875], [1.0, 2.169921875], [1.0, 2.16796875], [1.0, 2.166015625], [1.0, 2.1640625], [1.0, 2.162109375], [1.0, 2.16015625], [1.0, 2.158203125], [1.0, 2.15625], [1.0, 2.154296875], [1.0, 2.15234375], [1.0, 2.150390625], [1.0, 2.1484375], [1.0, 2.146484375], [1.0, 2.14453125], [1.0, 2.142578125], [1.0, 2.140625], [1.0, 2.138671875], [1.0, 2.13671875], [1.0, 2.134765625], [1.0, 2.1328125], [1.0, 2.130859375], [1.0, 2.12890625], [1.0, 2.126953125], [1.0, 2.125], [1.0, 2.123046875], [1.0, 2.12109375], [1.0, 2.119140625], [1.0, 2.1171875], [1.0, 2.115234375], [1.0, 2.11328125], [1.0, 2.111328125], [1.0, 2.109375], [1.0, 2.107421875], [1.0, 2.10546875], [1.0, 2.103515625], [1.0, 2.1015625], [1.0, 2.099609375], [1.0, 2.09765625], [1.0, 2.095703125], [1.0, 2.09375], [1.0, 2.091796875], [1.0, 2.08984375], [1.0, 2.087890625], [1.0, 2.0859375], [1.0, 2.083984375], [1.0, 2.08203125], [1.0, 2.080078125], [1.0, 2.078125], [1.0, 2.076171875], [1.0, 2.07421875], [1.0, 2.072265625], [1.0, 2.0703125], [1.0, 2.068359375], [1.0, 2.06640625], [1.0, 2.064453125], [1.0, 2.0625], [1.0, 2.060546875], [1.0, 2.05859375], [1.0, 2.056640625], [1.0, 2.0546875], [1.0, 2.052734375], [1.0, 2.05078125], [1.0, 2.048828125], [1.0, 2.046875], [1.0, 2.044921875], [1.0, 2.04296875], [1.0, 2.041015625], [1.0, 2.0390625], [1.0, 2.037109375], [1.0, 2.03515625], [1.0, 2.033203125], [1.0, 2.03125], [1.0, 2.029296875], [1.0, 2.02734375], [1.0, 2.025390625], [1.0, 2.0234375], [1.0, 2.021484375], [1.0, 2.01953125], [1.0, 2.017578125], [1.0, 2.015625], [1.0, 2.013671875], [1.0, 2.01171875], [1.0, 2.009765625], [1.0, 2.0078125], [1.0, 2.005859375], [1.0, 2.00390625], [1.0, 2.001953125], [1, 2]]]}}, {"type": "Feature", "id": "c2-2", "properties": {"id": "c2-2", "name": "cell 2,2", "value": 41.0}, "geometry": {"type": "Polygon", "coordinates": [[[2.0, 2.0], [2.001953125, 2.0], [2.00390625, 2.0], [2.005859375, 2.0], [2.0078125, 2.0], [2.009765625, 2.0], [2.01171875, 2.0], [2.013671875, 2.0], [2.015625, 2.0], [2.017578125, 2.0], [2.01953125, 2.0], [2.021484375, 2.0], [2.0234375, 2.0], [2.025390625, 2.0], [2.02734375, 2.0], [2.029296875, 2.0], [2.03125, 2.0], [2.033203125, 2.0], [2.03515625, 2.0], [2.037109375, 2.0], [2.0390625, 2.0], [2.041015625, 2.0], [2.04296875, 2.0], [2.044921875, 2.0], [2.046875, 2.0], [2.048828125, 2.0], [2.05078125, 2.0], [2.052734375, 2.0], [2.0546875, 2.0], [2.056640625, 2.0], [2.05859375, 2.0], [2.060546875, 2.0], [2.0625, 2.0], [2.064453125, 2.0], [2.06640625, 2.0], [2.068359375, 2.0], [2.0703125, 2.0], [2.072265625, 2.0], [2.07421875, 2.0], [2.076171875, 2.0], [2.078125, 2.0], [2.080078125, 2.0], [2.08203125, 2.0], [2.083984375, 2.0], [2.0859375, 2.0], [2.087890625, 2.0], [2.08984375, 2.0], [2.091796875, 2.0], [2.09375, 2.0], [2.095703125, 2.0], [2.09765625, 2.0], [2.099609375, 2.0], [2.1015625, 2.0], [2.103515625, 2.0], [2.10546875, 2.0], [2.107421875, 2.0], [2.109375, 2.0], [2.111328125, 2.0], [2.11328125, 2.0], [2.115234375, 2.0], [2.1171875, 2.0], [2.119140625, 2.0], [2.12109375, 2.0], [2.123046875, 2.0], [2.125, 2.0], [2.126953125, 2.0], [2.12890625, 2.0], [2.130859375, 2.0], [2.1328125, 2.0], [2.134765625, 2.0], [2.13671875, 2.0], [2.138671875, 2.0], [2.140625, 2.0], [2.142578125, 2.0], [2.14453125, 2.0], [2.146484375, 2.0], [2.1484375, 2.0], [2.150390625, 2.0], [2.15234375, 2.0], [2.154296875, 2.0], [2.15625, 2.0], [2.158203125, 2.0], [2.16015625, 2.0], [2.162109375, 2.0], [2.1640625, 2.0], [2.166015625, 2.0], [2.16796875, 2.0], [2.169921875, 2.0], [2.171875, 2.0], [2.173828125, 2.0], [2.17578125, 2.0], [2.177734375, 2.0], [2.1796875, 2.0], [2.181640625, 2.0], [2.18359375, 2.0], [2.185546875, 2.0], [2.1875, 2.0], [2.189453125, 2.0], [2.19140625, 2.0], [2.193359375, 2.0], [2.1953125, 2.0], [2.197265625, 2.0], [2.19921875, 2.0], [2.201171875, 2.0], [2.203125, 2.0], [2.205078125, 2.0], [2.20703125, 2.0], [2.208984375, 2.0], [2.2109375, 2.0], [2.212890625, 2.0], [2.21484375, 2.0], [2.216796875, 2.0], [2.21875, 2.0], [2.220703125, 2.0], [2.22265625, 2.0], [2.224609375, 2.0], [2.2265625, 2.0], [2.228515625, 2.0], [2.23046875, 2.0], [2.232421875, 2.0], [2.234375, 2.0], [2.236328125, 2.0], [2.23828125, 2.0], [2.240234375, 2.0], [2.2421875, 2.0], [2.244140625, 2.0], [2.24609375, 2.0], [2.248046875, 2.0], [2.25, 2.0], [2.251953125, 2.0], [2.25390625, 2.0], [2.255859375, 2.0], [2.2578125, 2.0], [2.259765625, 2.0], [2.26171875, 2.0], [2.263671875, 2.0], [2.265625, 2.0], [2.267578125, 2.0], [2.26953125, 2.0], [2.271484375, 2.0], [2.2734375, 2.0], [2.275390625, 2.0], [2.27734375, 2.0], [2.279296875, 2.0], [2.28125, 2.0], [2.283203125, 2.0], [2.28515625, 2.0], [2.287109375, 2.0], [2.2890625, 2.0], [2.291015625, 2.0], [2.29296875, 2.0], [2.294921875, 2.0], [2.296875, 2.0], [2.298828125, 2.0], [2.30078125, 2.0], [2.302734375, 2.0], [2.3046875, 2.0], [2.306640625, 2.0], [2.30859375, 2.0], [2.310546875, 2.0], [2.3125, 2.0], [2.314453125, 2.0], [2.31640625, 2.0], [2.318359375, 2.0], [2.3203125, 2.0], [2.322265625, 2.0], [2.32421875, 2.0], [2.326171875, 2.0], [2.328125, 2.0], [2.330078125, 2.0], [2.33203125, 2.0], [2.333984375, 2.0], [2.3359375, 2.0], [2.337890625, 2.0], [2.33984375, 2.0], [2.341796875, 2.0], [2.34375, 2.0], [2.345703125, 2.0], [2.34765625, 2.0], [2.349609375, 2.0], [2.3515625, 2.0], [2.353515625, 2.0], [2.35546875, 2.0], [2.357421875, 2.0], [2.359375, 2.0], [2.361328125, 2.0], [2.36328125, 2.0], [2.365234375, 2.0], [2.3671875, 2.0], [2.369140625, 2.0], [2.37109375, 2.0], [2.373046875, 2.0], [2.375, 2.0], [2.376953125, 2.0], [2.37890625, 2.0], [2.380859375, 2.0], [2.3828125, 2.0], [2.384765625, 2.0], [2.38671875, 2.0], [2.388671875, 2.0], [2.390625, 2.0], [2.392578125, 2.0], [2.39453125, 2.0], [2.396484375, 2.0], [2.3984375, 2.0], [2.400390625, 2.0], [2.40234375, 2.0], [2.404296875, 2.0], [2.40625, 2.0], [2.408203125, 2.0], [2.41015625, 2.0], [2.412109375, 2.0], [2.4140625, 2.0], [2.416015625, 2.0], [2.41796875, 2.0], [2.419921875, 2.0], [2.421875, 2.0], [2.423828125, 2.0], [2.42578125, 2.0], [2.427734375, 2.0], [2.4296875, 2.0], [2.431640625, 2.0], [2.43359375, 2.0], [2.435546875, 2.0], [2.4375, 2.0], [2.439453125, 2.0], [2.44140625, 2.0], [2.443359375, 2.0], [2.4453125, 2.0], [2.447265625, 2.0], [2.44921875, 2.0], [2.451171875, 2.0], [2.453125, 2.0], [2.455078125, 2.0], [2.45703125, 2.0], [2.458984375, 2.0], [2.4609375, 2.0], [2.462890625, 2.0], [2.46484375, 2.0], [2.466796875, 2.0], [2.46875, 2.0], [2.470703125, 2.0], [2.47265625, 2.0], [2.474609375, 2.0], [2.4765625, 2.0], [2.478515625, 2.0], [2.48046875, 2.0], [2.482421875, 2.0], [2.484375, 2.0], [2.486328125, 2.0], [2.48828125, 2.0], [2.490234375, 2.0], [2.4921875, 2.0], [2.494140625, 2.0], [2.49609375, 2.0], [2.498046875, 2.0], [2.5, 2.0], [2.501953125, 2.0], [2.50390625, 2.0], [2.505859375, 2.0], [2.5078125, 2.0], [2.509765625, 2.0], [2.51171875, 2.0], [2.513671875, 2.0], [2.515625, 2.0], [2.517578125, 2.0], [2.51953125, 2.0], [2.521484375, 2.0], [2.5234375, 2.0], [2.525390625, 2.0], [2.52734375, 2.0], [2.529296875, 2.0], [2.53125, 2.0], [2.533203125, 2.0], [2.53515625, 2.0], [2.537109375, 2.0], [2.5390625, 2.0], [2.541015625, 2.0], [2.54296875, 2.0], [2.544921875, 2.0], [2.546875, 2.0], [2.548828125, 2.0], [2.55078125, 2.0], [2.552734375, 2.0], [2.5546875, 2.0], [2.556640625, 2.0], [2.55859375, 2.0], [2.560546875, 2.0], [2.5625, 2.0], [2.564453125, 2.0], [2.56640625, 2.0], [2.568359375, 2.0], [2.5703125, 2.0], [2.572265625, 2.0], [2.57421875, 2.0], [2.576171875, 2.0], [2.578125, 2.0], [2.580078125, 2.0], [2.58203125, 2.0], [2.583984375, 2.0], [2.5859375, 2.0], [2.587890625, 2.0], [2.58984375, 2.0], [2.591796875, 2.0], [2.59375, 2.0], [2.595703125, 2.0], [2.59765625, 2.0], [2.599609375, 2.0], [2.6015625, 2.0], [2.603515625, 2.0], [2.60546875, 2.0], [2.607421875, 2.0], [2.609375, 2.0], [2.611328125, 2.0], [2.61328125, 2.0], [2.615234375, 2.0], [2.6171875, 2.0], [2.619140625, 2.0], [2.62109375, 2.0], [2.623046875, 2.0], [2.625, 2.0], [2.626953125, 2.0], [2.62890625, 2.0], [2.630859375, 2.0], [2.6328125, 2.0], [2.634765625, 2.0], [2.63671875, 2.0], [2.638671875, 2.0], [2.640625, 2.0], [2.642578125, 2.0], [2.64453125, 2.0], [2.646484375, 2.0], [2.6484375, 2.0], [2.650390625, 2.0], [2.65234375, 2.0], [2.654296875, 2.0], [2.65625, 2.0], [2.658203125, 2.0], [2.66015625, 2.0], [2.662109375, 2.0], [2.6640625, 2.0], [2.666015625, 2.0], [2.66796875, 2.0], [2.669921875, 2.0], [2.671875, 2.0], [2.673828125, 2.0], [2.67578125, 2.0], [2.677734375, 2.0], [2.6796875, 2.0], [2.681640625, 2.0], [2.68359375, 2.0], [2.685546875, 2.0], [2.6875, 2.0], [2.689453125, 2.0], [2.69140625, 2.0], [2.693359375, 2.0], [2.6953125, 2.0], [2.697265625, 2.0], [2.69921875, 2.0], [2.701171875, 2.0], [2.703125, 2.0], [2.705078125, 2.0], [2.70703125, 2.0], [2.708984375, 2.0], [2.7109375, 2.0], [2.712890625, 2.0], [2.71484375, 2.0], [2.716796875, 2.0], [2.71875, 2.0], [2.720703125, 2.0], [2.72265625, 2.0], [2.724609375, 2.0], [2.7265625, 2.0], [2.728515625, 2.0], [2.73046875, 2.0], [2.732421875, 2.0], [2.734375, 2.0], [2.736328125, 2.0], [2.73828125, 2.0], [2.740234375, 2.0], [2.7421875, 2.0], [2.744140625, 2.0], [2.74609375, 2.0], [2.748046875, 2.0], [2.75, 2.0], [2.751953125, 2.0], [2.75390625, 2.0], [2.755859375, 2.0], [2.7578125, 2.0], [2.759765625, 2.0], [2.76171875, 2.0], [2.763671875, 2.0], [2.765625, 2.0], [2.767578125, 2.0], [2.76953125, 2.0], [2.771484375, 2.0], [2.7734375, 2.0], [2.775390625, 2.0], [2.77734375, 2.0], [2.779296875, 2.0], [2.78125, 2.0], [2.783203125, 2.0], [2.78515625, 2.0], [2.787109375, 2.0], [2.7890625, 2.0], [2.791015625, 2.0], [2.79296875, 2.0], [2.794921875, 2.0], [2.796875, 2.0], [2.798828125, 2.0], [2.80078125, 2.0], [2.802734375, 2.0], [2.8046875, 2.0], [2.806640625, 2.0], [2.80859375, 2.0], [2.810546875, 2.0], [2.8125, 2.0], [2.814453125, 2.0], [2.81640625, 2.0], [2.818359375, 2.0], [2.8203125, 2.0], [2.822265625, 2.0], [2.82421875, 2.0], [2.826171875, 2.0], [2.828125, 2.0], [2.830078125, 2.0], [2.83203125, 2.0], [2.833984375, 2.0], [2.8359375, 2.0], [2.837890625, 2.0], [2.83984375, 2.0], [2.841796875, 2.0], [2.84375, 2.0], [2.845703125, 2.0], [2.84765625, 2.0], [2.849609375, 2.0], [2.8515625, 2.0], [2.853515625, 2.0], [2.85546875, 2.0], [2.857421875, 2.0], [2.859375, 2.0], [2.861328125, 2.0], [2.86328125, 2.0], [2.865234375, 2.0], [2.8671875, 2.0], [2.869140625, 2.0], [2.87109375, 2.0], [2.873046875, 2.0], [2.875, 2.0], [2.876953125, 2.0], [2.87890625, 2.0], [2.880859375, 2.0], [2.8828125, 2.0], [2.884765625, 2.0], [2.88671875, 2.0], [2.888671875, 2.0], [2.890625, 2.0], [2.892578125, 2.0], [2.89453125, 2.0], [2.896484375, 2.0], [2.8984375, 2.0], [2.900390625, 2.0], [2.90234375, 2.0], [2.904296875, 2.0], [2.90625, 2.0], [2.908203125, 2.0], [2.91015625, 2.0], [2.912109375, 2.0], [2.9140625, 2.0], [2.916015625, 2.0], [2.91796875, 2.0], [2.919921875, 2.0], [2.921875, 2.0], [2.923828125, 2.0], [2.92578125, 2.0], [2.927734375, 2.0], [2.9296875, 2.0], [2.931640625, 2.0], [2.93359375, 2.0], [2.935546875, 2.0], [2.9375, 2.0], [2.939453125, 2.0], [2.94140625, 2.0], [2.943359375, 2.0], [2.9453125, 2.0], [2.947265625, 2.0], [2.94921875, 2.0], [2.951171875, 2.0], [2.953125, 2.0], [2.955078125, 2.0], [2.95703125, 2.0], [2.958984375, 2.0], [2.9609375, 2.0], [2.962890625, 2.0], [2.96484375, 2.0], [2.966796875, 2.0], [2.96875, 2.0], [2.970703125, 2.0], [2.97265625, 2.0], [2.974609375, 2.0], [2.9765625, 2.0], [2.978515625, 2.0], [2.98046875, 2.0], [2.982421875, 2.0], [2.984375, 2.0], [2.986328125, 2.0], [2.98828125, 2.0], [2.990234375, 2.0], [2.9921875, 2.0], [2.994140625, 2.0], [2.99609375, 2.0], [2.998046875, 2.0], [3.0, 2.0], [3.0, 2.001953125], [3.0, 2.00390625], [3.0, 2.005859375], [3.0, 2.0078125], [3.0, 2.009765625], [3.0, 2.01171875], [3.0, 2.013671875], [3.0, 2.015625], [3.0, 2.017578125], [3.0, 2.01953125], [3.0, 2.021484375], [3.0, 2.0234375], [3.0, 2.025390625], [3.0, 2.02734375], [3.0, 2.029296875], [3.0, 2.03125], [3.0, 2.033203125], [3.0, 2.03515625], [3.0, 2.037109375], [3.0, 2.0390625], [3.0, 2.041015625], [3.0, 2.04296875], [3.0, 2.044921875], [3.0, 2.046875], [3.0, 2.048828125], [3.0, 2.05078125], [3.0, 2.052734375], [3.0, 2.0546875], [3.0, 2.056640625], [3.0, 2.05859375], [3.0, 2.060546875], [3.0, 2.0625], [3.0, 2.064453125], [3.0, 2.06640625], [3.0, 2.068359375], [3.0, 2.0703125], [3.0, 2.072265625], [3.0, 2.07421875], [3.0, 2.076171875], [3.0, 2.078125], [3.0, 2.080078125], [3.0, 2.08203125], [3.0, 2.083984375], [3.0, 2.0859375], [3.0, 2.087890625], [3.0, 2.08984375], [3.0, 2.091796875], [3.0, 2.09375], [3.0, 2.095703125], [3.0, 2.09765625], [3.0, 2.099609375], [3.0, 2.1015625], [3.0, 2.103515625], [3.0, 2.10546875], [3.0, 2.107421875], [3.0, 2.109375], [3.0, 2.111328125], [3.0, 2.11328125], [3.0, 2.115234375], [3.0, 2.1171875], [3.0, 2.119140625], [3.0, 2.12109375], [3.0, 2.123046875], [3.0, 2.125], [3.0, 2.126953125], [3.0, 2.12890625], [3.0, 2.130859375], [3.0, 2.1328125], [3.0, 2.134765625], [3.0, 2.13671875], [3.0, 2.138671875], [3.0, 2.140625], [3.0, 2.142578125], [3.0, 2.14453125], [3.0, 2.146484375], [3.0, 2.1484375], [3.0, 2.150390625], [3.0, 2.15234375], [3.0, 2.154296875], [3.0, 2.15625], [3.0, 2.158203125], [3.0, 2.16015625], [3.0, 2.162109375], [3.0, 2.1640625], [3.0, 2.166015625], [3.0, 2.16796875], [3.0, 2.169921875], [3.0, 2.171875], [3.0, 2.173828125], [3.0, 2.17578125], [3.0, 2.177734375], [3.0, 2.1796875], [3.0, 2.181640625], [3.0, 2.18359375], [3.0, 2.185546875], [3.0, 2.1875], [3.0, 2.189453125], [3.0, 2.19140625], [3.0, 2.193359375], [3.0, 2.1953125], [3.0, 2.197265625], [3.0, 2.19921875], [3.0, 2.201171875], [3.0, 2.203125], [3.0, 2.205078125], [3.0, 2.20703125], [3.0, 2.208984375], [3.0, 2.2109375], [3.0, 2.212890625], [3.0, 2.21484375], [3.0, 2.216796875], [3.0, 2.21875], [3.0, 2.220703125], [3.0, 2.22265625], [3.0, 2.224609375], [3.0, 2.2265625], [3.0, 2.228515625], [3.0, 2.23046875], [3.0, 2.232421875], [3.0, 2.234375], [3.0, 2.236328125], [3.0, 2.23828125], [3.0, 2.240234375], [3.0, 2.2421875], [3.0, 2.244140625], [3.0, 2.24609375], [3.0, 2.248046875], [3.0, 2.25], [3.0, 2.251953125], [3.0, 2.25390625], [3.0, 2.255859375], [3.0, 2.2578125], [3.0, 2.259765625], [3.0, 2.26171875], [3.0, 2.263671875], [3.0, 2.265625], [3.0, 2.267578125], [3.0, 2.26953125], [3.0, 2.271484375], [3.0, 2.2734375], [3.0, 2.275390625], [3.0, 2.27734375], [3.0, 2.279296875], [3.0, 2.28125], [3.0, 2.283203125], [3.0, 2.28515625], [3.0, 2.287109375], [3.0, 2.2890625], [3.0, 2.291015625], [3.0, 2.29296875], [3.0, 2.294921875], [3.0, 2.296875], [3.0, 2.298828125], [3.0, 2.30078125], [3.0, 2.302734375], [3.0, 2.3046875], [3.0, 2.306640625], [3.0, 2.30859375], [3.0, 2.310546875], [3.0, 2.3125], [3.0, 2.314453125], [3.0, 2.31640625], [3.0, 2.318359375], [3.0, 2.3203125], [3.0, 2.322265625], [3.0, 2.32421875], [3.0, 2.326171875], [3.0, 2.328125], [3.0, 2.330078125], [3.0, 2.33203125], [3.0, 2.333984375], [3.0, 2.3359375], [3.0, 2.337890625], [3.0, 2.33984375], [3.0, 2.341796875], [3.0, 2.34375], [3.0, 2.345703125], [3.0, 2.34765625], [3.0, 2.349609375], [3.0, 2.3515625], [3.0, 2.353515625], [3.0, 2.35546875], [3.0, 2.357421875], [3.0, 2.359375], [3.0, 2.361328125], [3.0, 2.36328125], [3.0, 2.365234375], [3.0, 2.3671875], [3.0, 2.369140625], [3.0, 2.37109375], [3.0, 2.373046875], [3.0, 2.375], [3.0, 2.376953125], [3.0, 2.37890625], [3.0, 2.380859375], [3.0, 2.3828125], [3.0, 2.384765625], [3.0, 2.38671875], [3.0, 2.388671875], [3.0, 2.390625], [3.0, 2.392578125], [3.0, 2.39453125], [3.0, 2.396484375], [3.0, 2.3984375], [3.0, 2.400390625], [3.0, 2.40234375], [3.0, 2.404296875], [3.0, 2.40625], [3.0, 2.408203125], [3.0, 2.41015625], [3.0, 2.412109375], [3.0, 2.4140625], [3.0, 2.416015625], [3.0, 2.41796875], [3.0, 2.419921875], [3.0, 2.421875], [3.0, 2.423828125], [3.0, 2.42578125], [3.0, 2.427734375], [3.0, 2.4296875], [3.0, 2.431640625], [3.0, 2.43359375], [3.0, 2.435546875], [3.0, 2.4375], [3.0, 2.439453125], [3.0, 2.44140625], [3.0, 2.443359375], [3.0, 2.4453125], [3.0, 2.447265625], [3.0, 2.44921875], [3.0, 2.451171875], [3.0, 2.453125], [3.0, 2.455078125], [3.0, 2.45703125], [3.0, 2.458984375], [3.0, 2.4609375], [3.0, 2.462890625], [3.0, 2.46484375], [3.0, 2.466796875], [3.0, 2.46875], [3.0, 2.470703125], [3.0, 2.47265625], [3.0, 2.474609375], [3.0, 2.4765625], [3.0, 2.478515625], [3.0, 2.48046875], [3.0, 2.482421875], [3.0, 2.484375], [3.0, 2.486328125], [3.0, 2.48828125], [3.0, 2.490234375], [3.0, 2.4921875], [3.0, 2.494140625], [3.0, 2.49609375], [3.0, 2.498046875], [3.0, 2.5], [3.0, 2.501953125], [3.0, 2.50390625], [3.0, 2.505859375], [3.0, 2.5078125], [3.0, 2.509765625], [3.0, 2.51171875], [3.0, 2.513671875], [3.0, 2.515625], [3.0, 2.517578125], [3.0, 2.51953125], [3.0, 2.521484375], [3.0, 2.5234375], [3.0, 2.525390625], [3.0, 2.52734375], [3.0, 2.529296875], [3.0, 2.53125], [3.0, 2.533203125], [3.0, 2.53515625], [3.0, 2.537109375], [3.0, 2.5390625], [3.0, 2.541015625], [3.0, 2.54296875], [3.0, 2.544921875], [3.0, 2.546875], [3.0, 2.548828125], [3.0, 2.55078125], [3.0, 2.552734375], [3.0, 2.5546875], [3.0, 2.556640625], [3.0, 2.55859375], [3.0, 2.560546875], [3.0, 2.5625], [3.0, 2.564453125], [3.0, 2.56640625], [3.0, 2.568359375], [3.0, 2.5703125], [3.0, 2.572265625], [3.0, 2.57421875], [3.0, 2.576171875], [3.0, 2.578125], [3.0, 2.580078125], [3.0, 2.58203125], [3.0, 2.583984375], [3.0, 2.5859375], [3.0, 2.587890625], [3.0, 2.58984375], [3.0, 2.591796875], [3.0, 2.59375], [3.0, 2.595703125], [3.0, 2.59765625], [3.0, 2.599609375], [3.0, 2.6015625], [3.0, 2.603515625], [3.0, 2.60546875], [3.0, 2.607421875], [3.0, 2.609375], [3.0, 2.611328125], [3.0, 2.61328125], [3.0, 2.615234375], [3.0, 2.6171875], [3.0, 2.619140625], [3.0, 2.62109375], [3.0, 2.623046875], [3.0, 2.625], [3.0, 2.626953125], [3.0, 2.62890625], [3.0, 2.630859375], [3.0, 2.6328125], [3.0, 2.634765625], [3.0, 2.63671875], [3.0, 2.638671875], [3.0, 2.640625], [3.0, 2.642578125], [3.0, 2.64453125], [3.0, 2.646484375], [3.0, 2.6484375], [3.0, 2.650390625], [3.0, 2.65234375], [3.0, 2.654296875], [3.0, 2.65625], [3.0, 2.658203125], [3.0, 2.66015625], [3.0, 2.662109375], [3.0, 2.6640625], [3.0, 2.666015625], [3.0, 2.66796875], [3.0, 2.669921875], [3.0, 2.671875], [3.0, 2.673828125], [3.0, 2.67578125], [3.0, 2.677734375], [3.0, 2.6796875], [3.0, 2.681640625], [3.0, 2.68359375], [3.0, 2.685546875], [3.0, 2.6875], [3.0, 2.689453125], [3.0, 2.69140625], [3.0, 2.693359375], [3.0, 2.6953125], [3.0, 2.697265625], [3.0, 2.69921875], [3.0, 2.701171875], [3.0, 2.703125], [3.0, 2.705078125], [3.0, 2.70703125], [3.0, 2.708984375], [3.0, 2.7109375], [3.0, 2.712890625], [3.0, 2.71484375], [3.0, 2.716796875], [3.0, 2.71875], [3.0, 2.720703125], [3.0, 2.72265625], [3.0, 2.724609375], [3.0, 2.7265625], [3.0, 2.728515625], [3.0, 2.73046875], [3.0, 2.732421875], [3.0, 2.734375], [3.0, 2.736328125], [3.0, 2.73828125], [3.0, 2.740234375], [3.0, 2.7421875], [3.0, 2.744140625], [3.0, 2.74609375], [3.0, 2.748046875], [3.0, 2.75], [3.0, 2.751953125], [3.0, 2.75390625], [3.0, 2.755859375], [3.0, 2.7578125], [3.0, 2.759765625], [3.0, 2.76171875], [3.0, 2.763671875], [3.0, 2.765625], [3.0, 2.767578125], [3.0, 2.76953125], [3.0, 2.771484375], [3.0, 2.7734375], [3.0, 2.775390625], [3.0, 2.77734375], [3.0, 2.779296875], [3.0, 2.78125], [3.0, 2.783203125], [3.0, 2.78515625], [3.0, 2.787109375], [3.0, 2.7890625], [3.0, 2.791015625], [3.0, 2.79296875], [3.0, 2.794921875], [3.0, 2.796875], [3.0, 2.798828125], [3.0, 2.80078125], [3.0, 2.802734375], [3.0, 2.8046875], [3.0, 2.806640625], [3.0, 2.80859375], [3.0, 2.810546875], [3.0, 2.8125], [3.0, 2.814453125], [3.0, 2.81640625], [3.0, 2.818359375], [3.0, 2.8203125], [3.0, 2.822265625], [3.0, 2.82421875], [3.0, 2.826171875], [3.0, 2.828125], [3.0, 2.830078125], [3.0, 2.83203125], [3.0, 2.833984375], [3.0, 2.8359375], [3.0, 2.837890625], [3.0, 2.83984375], [3.0, 2.841796875], [3.0, 2.84375], [3.0, 2.845703125], [3.0, 2.84765625], [3.0, 2.849609375], [3.0, 2.8515625], [3.0, 2.853515625], [3.0, 2.85546875], [3.0, 2.857421875], [3.0, 2.859375], [3.0, 2.861328125], [3.0, 2.86328125], [3.0, 2.865234375], [3.0, 2.8671875], [3.0, 2.869140625], [3.0, 2.87109375], [3.0, 2.873046875], [3.0, 2.875], [3.0, 2.876953125], [3.0, 2.87890625], [3.0, 2.880859375], [3.0, 2.8828125], [3.0, 2.884765625], [3.0, 2.88671875], [3.0, 2.888671875], [3.0, 2.890625], [3.0, 2.892578125], [3.0, 2.89453125], [3.0, 2.896484375], [3.0, 2.8984375], [3.0, 2.900390625], [3.0, 2.90234375], [3.0, 2.904296875], [3.0, 2.90625], [3.0, 2.908203125], [3.0, 2.91015625], [3.0, 2.912109375], [3.0, 2.9140625], [3.0, 2.916015625], [3.0, 2.91796875], [3.0, 2.919921875], [3.0, 2.921875], [3.0, 2.923828125], [3.0, 2.92578125], [3.0, 2.927734375], [3.0, 2.9296875], [3.0, 2.931640625], [3.0, 2.93359375], [3.0, 2.935546875], [3.0, 2.9375], [3.0, 2.939453125], [3.0, 2.94140625], [3.0, 2.943359375], [3.0, 2.9453125], [3.0, 2.947265625], [3.0, 2.94921875], [3.0, 2.951171875], [3.0, 2.953125], [3.0, 2.955078125], [3.0, 2.95703125], [3.0, 2.958984375], [3.0, 2.9609375], [3.0, 2.962890625], [3.0, 2.96484375], [3.0, 2.966796875], [3.0, 2.96875], [3.0, 2.970703125], [3.0, 2.97265625], [3.0, 2.974609375], [3.0, 2.9765625], [3.0, 2.978515625], [3.0, 2.98046875], [3.0, 2.982421875], [3.0, 2.984375], [3.0, 2.986328125], [3.0, 2.98828125], [3.0, 2.990234375], [3.0, 2.9921875], [3.0, 2.994140625], [3.0, 2.99609375], [3.0, 2.998046875], [3.0, 3.0], [2.998046875, 3.0], [2.99609375, 3.0], [2.994140625, 3.0], [2.9921875, 3.0], [2.990234375, 3.0], [2.98828125, 3.0], [2.986328125, 3.0], [2.984375, 3.0], [2.982421875, 3.0], [2.98046875, 3.0], [2.978515625, 3.0], [2.9765625, 3.0], [2.974609375, 3.0], [2.97265625, 3.0], [2.970703125, 3.0], [2.96875, 3.0], [2.966796875, 3.0], [2.96484375, 3.0], [2.962890625, 3.0], [2.9609375, 3.0], [2.958984375, 3.0], [2.95703125, 3.0], [2.955078125, 3.0], [2.953125, 3.0], [2.951171875, 3.0], [2.94921875, 3.0], [2.947265625, 3.0], [2.9453125, 3.0], [2.943359375, 3.0], [2.94140625, 3.0], [2.939453125, 3.0], [2.9375, 3.0], [2.935546875, 3.0], [2.93359375, 3.0], [2.931640625, 3.0], [2.9296875, 3.0], [2.927734375, 3.0], [2.92578125, 3.0], [2.923828125, 3.0], [2.921875, 3.0], [2.919921875, 3.0], [2.91796875, 3.0], [2.916015625, 3.0], [2.9140625, 3.0], [2.912109375, 3.0], [2.91015625, 3.0], [2.908203125, 3.0], [2.90625, 3.0], [2.904296875, 3.0], [2.90234375, 3.0], [2.900390625, 3.0], [2.8984375, 3.0], [2.896484375, 3.0], [2.89453125, 3.0], [2.892578125, 3.0], [2.890625, 3.0], [2.888671875, 3.0], [2.88671875, 3.0], [2.884765625, 3.0], [2.8828125, 3.0], [2.880859375, 3.0], [2.87890625, 3.0], [2.876953125, 3.0], [2.875, 3.0], [2.873046875, 3.0], [2.87109375, 3.0], [2.869140625, 3.0], [2.8671875, 3.0], [2.865234375, 3.0], [2.86328125, 3.0], [2.861328125, 3.0], [2.859375, 3.0], [2.857421875, 3.0], [2.85546875, 3.0], [2.853515625, 3.0], [2.8515625, 3.0], [2.849609375, 3.0], [2.84765625, 3.0], [2.845703125, 3.0], [2.84375, 3.0], [2.841796875, 3.0], [2.83984375, 3.0], [2.837890625, 3.0], [2.8359375, 3.0], [2.833984375, 3.0], [2.83203125, 3.0], [2.830078125, 3.0], [2.828125, 3.0], [2.826171875, 3.0], [2.82421875, 3.0], [2.822265625, 3.0], [2.8203125, 3.0], [2.818359375, 3.0], [2.81640625, 3.0], [2.814453125, 3.0], [2.8125, 3.0], [2.810546875, 3.0], [2.80859375, 3.0], [2.806640625, 3.0], [2.8046875, 3.0], [2.802734375, 3.0], [2.80078125, 3.0], [2.798828125, 3.0], [2.796875, 3.0], [2.794921875, 3.0], [2.79296875, 3.0], [2.791015625, 3.0], [2.7890625, 3.0], [2.787109375, 3.0], [2.78515625, 3.0], [2.783203125, 3.0], [2.78125, 3.0], [2.779296875, 3.0], [2.77734375, 3.0], [2.775390625, 3.0], [2.7734375, 3.0], [2.771484375, 3.0], [2.76953125, 3.0], [2.767578125, 3.0], [2.765625, 3.0], [2.763671875, 3.0], [2.76171875, 3.0], [2.759765625, 3.0], [2.7578125, 3.0], [2.755859375, 3.0], [2.75390625, 3.0], [2.751953125, 3.0], [2.75, 3.0], [2.748046875, 3.0], [2.74609375, 3.0], [2.744140625, 3.0], [2.7421875, 3.0], [2.740234375, 3.0], [2.73828125, 3.0], [2.736328125, 3.0], [2.734375, 3.0], [2.732421875, 3.0], [2.73046875, 3.0], [2.728515625, 3.0], [2.7265625, 3.0], [2.724609375, 3.0], [2.72265625, 3.0], [2.720703125, 3.0], [2.71875, 3.0], [2.716796875, 3.0], [2.71484375, 3.0], [2.712890625, 3.0], [2.7109375, 3.0], [2.708984375, 3.0], [2.70703125, 3.0], [2.705078125, 3.0], [2.703125, 3.0], [2.701171875, 3.0], [2.69921875, 3.0], [2.697265625, 3.0], [2.6953125, 3.0], [2.693359375, 3.0], [2.69140625, 3.0], [2.689453125, 3.0], [2.6875, 3.0], [2.685546875, 3.0], [2.68359375, 3.0], [2.681640625, 3.0], [2.6796875, 3.0], [2.677734375, 3.0], [2.67578125, 3.0], [2.673828125, 3.0], [2.671875, 3.0], [2.669921875, 3.0], [2.66796875, 3.0], [2.666015625, 3.0], [2.6640625, 3.0], [2.662109375, 3.0], [2.66015625, 3.0], [2.658203125, 3.0], [2.65625, 3.0], [2.654296875, 3.0], [2.65234375, 3.0], [2.650390625, 3.0], [2.6484375, 3.0], [2.646484375, 3.0], [2.64453125, 3.0], [2.642578125, 3.0], [2.640625, 3.0], [2.638671875, 3.0], [2.63671875, 3.0], [2.634765625, 3.0], [2.6328125, 3.0], [2.630859375, 3.0], [2.62890625, 3.0], [2.626953125, 3.0], [2.625, 3.0], [2.623046875, 3.0], [2.62109375, 3.0], [2.619140625, 3.0], [2.6171875, 3.0], [2.615234375, 3.0], [2.61328125, 3.0], [2.611328125, 3.0], [2.609375, 3.0], [2.607421875, 3.0], [2.60546875, 3.0], [2.603515625, 3.0], [2.6015625, 3.0], [2.599609375, 3.0], [2.59765625, 3.0], [2.595703125, 3.0], [2.59375, 3.0], [2.591796875, 3.0], [2.58984375, 3.0], [2.587890625, 3.0], [2.5859375, 3.0], [2.583984375, 3.0], [2.58203125, 3.0], [2.580078125, 3.0], [2.578125, 3.0], [2.576171875, 3.0], [2.57421875, 3.0], [2.572265625, 3.0], [2.5703125, 3.0], [2.568359375, 3.0], [2.56640625, 3.0], [2.564453125, 3.0], [2.5625, 3.0], [2.560546875, 3.0], [2.55859375, 3.0], [2.556640625, 3.0], [2.5546875, 3.0], [2.552734375, 3.0], [2.55078125, 3.0], [2.548828125, 3.0], [2.546875, 3.0], [2.544921875, 3.0], [2.54296875, 3.0], [2.541015625, 3.0], [2.5390625, 3.0], [2.537109375, 3.0], [2.53515625, 3.0], [2.533203125, 3.0], [2.53125, 3.0], [2.529296875, 3.0], [2.52734375, 3.0], [2.525390625, 3.0], [2.5234375, 3.0], [2.521484375, 3.0], [2.51953125, 3.0], [2.517578125, 3.0], [2.515625, 3.0], [2.513671875, 3.0], [2.51171875, 3.0], [2.509765625, 3.0], [2.5078125, 3.0], [2.505859375, 3.0], [2.50390625, 3.0], [2.501953125, 3.0], [2.5, 3.0], [2.498046875, 3.0], [2.49609375, 3.0], [2.494140625, 3.0], [2.4921875, 3.0], [2.490234375, 3.0], [2.48828125, 3.0], [2.486328125, 3.0], [2.484375, 3.0], [2.482421875, 3.0], [2.48046875, 3.0], [2.478515625, 3.0], [2.4765625, 3.0], [2.474609375, 3.0], [2.47265625, 3.0], [2.470703125, 3.0], [2.46875, 3.0], [2.466796875, 3.0], [2.46484375, 3.0], [2.462890625, 3.0], [2.4609375, 3.0], [2.458984375, 3.0], [2.45703125, 3.0], [2.455078125, 3.0], [2.453125, 3.0], [2.451171875, 3.0], [2.44921875, 3.0], [2.447265625, 3.0], [2.4453125, 3.0], [2.443359375, 3.0], [2.44140625, 3.0], [2.439453125, 3.0], [2.4375, 3.0], [2.435546875, 3.0], [2.43359375, 3.0], [2.431640625, 3.0], [2.4296875, 3.0], [2.427734375, 3.0], [2.42578125, 3.0], [2.423828125, 3.0], [2.421875, 3.0], [2.419921875, 3.0], [2.41796875, 3.0], [2.416015625, 3.0], [2.4140625, 3.0], [2.412109375, 3.0], [2.41015625, 3.0], [2.408203125, 3.0], [2.40625, 3.0], [2.404296875, 3.0], [2.40234375, 3.0], [2.400390625, 3.0], [2.3984375, 3.0], [2.396484375, 3.0], [2.39453125, 3.0], [2.392578125, 3.0], [2.390625, 3.0], [2.388671875, 3.0], [2.38671875, 3.0], [2.384765625, 3.0], [2.3828125, 3.0], [2.380859375, 3.0], [2.37890625, 3.0], [2.376953125, 3.0], [2.375, 3.0], [2.373046875, 3.0], [2.37109375, 3.0], [2.369140625, 3.0], [2.3671875, 3.0], [2.365234375, 3.0], [2.36328125, 3.0], [2.361328125, 3.0], [2.359375, 3.0], [2.357421875, 3.0], [2.35546875, 3.0], [2.353515625, 3.0], [2.3515625, 3.0], [2.349609375, 3.0], [2.34765625, 3.0], [2.345703125, 3.0], [2.34375, 3.0], [2.341796875, 3.0], [2.33984375, 3.0], [2.337890625, 3.0], [2.3359375, 3.0], [2.333984375, 3.0], [2.33203125, 3.0], [2.330078125, 3.0], [2.328125, 3.0], [2.326171875, 3.0], [2.32421875, 3.0], [2.322265625, 3.0], [2.3203125, 3.0], [2.318359375, 3.0], [2.31640625, 3.0], [2.314453125, 3.0], [2.3125, 3.0], [2.310546875, 3.0], [2.30859375, 3.0], [2.306640625, 3.0], [2.3046875, 3.0], [2.302734375, 3.0], [2.30078125, 3.0], [2.298828125, 3.0], [2.296875, 3.0], [2.294921875, 3.0], [2.29296875, 3.0], [2.291015625, 3.0], [2.2890625, 3.0], [2.287109375, 3.0], [2.28515625, 3.0], [2.283203125, 3.0], [2.28125, 3.0], [2.279296875, 3.0], [2.27734375, 3.0], [2.275390625, 3.0], [2.2734375, 3.0], [2.271484375, 3.0], [2.26953125, 3.0], [2.267578125, 3.0], [2.265625, 3.0], [2.263671875, 3.0], [2.26171875, 3.0], [2.259765625, 3.0], [2.2578125, 3.0], [2.255859375, 3.0], [2.25390625, 3.0], [2.251953125, 3.0], [2.25, 3.0], [2.248046875, 3.0], [2.24609375, 3.0], [2.244140625, 3.0], [2.2421875, 3.0], [2.240234375, 3.0], [2.23828125, 3.0], [2.236328125, 3.0], [2.234375, 3.0], [2.232421875, 3.0], [2.23046875, 3.0], [2.228515625, 3.0], [2.2265625, 3.0], [2.224609375, 3.0], [2.22265625, 3.0], [2.220703125, 3.0], [2.21875, 3.0], [2.216796875, 3.0], [2.21484375, 3.0], [2.212890625, 3.0], [2.2109375, 3.0], [2.208984375, 3.0], [2.20703125, 3.0], [2.205078125, 3.0], [2.203125, 3.0], [2.201171875, 3.0], [2.19921875, 3.0], [2.197265625, 3.0], [2.1953125, 3.0], [2.193359375, 3.0], [2.19140625, 3.0], [2.189453125, 3.0], [2.1875, 3.0], [2.185546875, 3.0], [2.18359375, 3.0], [2.181640625, 3.0], [2.1796875, 3.0], [2.177734375, 3.0], [2.17578125, 3.0], [2.173828125, 3.0], [2.171875, 3.0], [2.169921875, 3.0], [2.16796875, 3.0], [2.166015625, 3.0], [2.1640625, 3.0], [2.162109375, 3.0], [2.16015625, 3.0], [2.158203125, 3.0], [2.15625, 3.0], [2.154296875, 3.0], [2.15234375, 3.0], [2.150390625, 3.0], [2.1484375, 3.0], [2.146484375, 3.0], [2.14453125, 3.0], [2.142578125, 3.0], [2.140625, 3.0], [2.138671875, 3.0], [2.13671875, 3.0], [2.134765625, 3.0], [2.1328125, 3.0], [2.130859375, 3.0], [2.12890625, 3.0], [2.126953125, 3.0], [2.125, 3.0], [2.123046875, 3.0], [2.12109375, 3.0], [2.119140625, 3.0], [2.1171875, 3.0], [2.115234375, 3.0], [2.11328125, 3.0], [2.111328125, 3.0], [2.109375, 3.0], [2.107421875, 3.0], [2.10546875, 3.0], [2.103515625, 3.0], [2.1015625, 3.0], [2.099609375, 3.0], [2.09765625, 3.0], [2.095703125, 3.0], [2.09375, 3.0], [2.091796875, 3.0], [2.08984375, 3.0], [2.087890625, 3.0], [2.0859375, 3.0], [2.083984375, 3.0], [2.08203125, 3.0], [2.080078125, 3.0], [2.078125, 3.0], [2.076171875, 3.0], [2.07421875, 3.0], [2.072265625, 3.0], [2.0703125, 3.0], [2.068359375, 3.0], [2.06640625, 3.0], [2.064453125, 3.0], [2.0625, 3.0], [2.060546875, 3.0], [2.05859375, 3.0], [2.056640625, 3.0], [2.0546875, 3.0], [2.052734375, 3.0], [2.05078125, 3.0], [2.048828125, 3.0], [2.046875, 3.0], [2.044921875, 3.0], [2.04296875, 3.0], [2.041015625, 3.0], [2.0390625, 3.0], [2.037109375, 3.0], [2.03515625, 3.0], [2.033203125, 3.0], [2.03125, 3.0], [2.029296875, 3.0], [2.02734375, 3.0], [2.025390625, 3.0], [2.0234375, 3.0], [2.021484375, 3.0], [2.01953125, 3.0], [2.017578125, 3.0], [2.015625, 3.0], [2.013671875, 3.0], [2.01171875, 3.0], [2.009765625, 3.0], [2.0078125, 3.0], [2.005859375, 3.0], [2.00390625, 3.0], [2.001953125, 3.0], [2.0, 3.0], [2.0, 2.998046875], [2.0, 2.99609375], [2.0, 2.994140625], [2.0, 2.9921875], [2.0, 2.990234375], [2.0, 2.98828125], [2.0, 2.986328125], [2.0, 2.984375], [2.0, 2.982421875], [2.0, 2.98046875], [2.0, 2.978515625], [2.0, 2.9765625], [2.0, 2.974609375], [2.0, 2.97265625], [2.0, 2.970703125], [2.0, 2.96875], [2.0, 2.966796875], [2.0, 2.96484375], [2.0, 2.962890625], [2.0, 2.9609375], [2.0, 2.958984375], [2.0, 2.95703125], [2.0, 2.955078125], [2.0, 2.953125], [2.0, 2.951171875], [2.0, 2.94921875], [2.0, 2.947265625], [2.0, 2.9453125], [2.0, 2.943359375], [2.0, 2.94140625], [2.0, 2.939453125], [2.0, 2.9375], [2.0, 2.935546875], [2.0, 2.93359375], [2.0, 2.931640625], [2.0, 2.9296875], [2.0, 2.927734375], [2.0, 2.92578125], [2.0, 2.923828125], [2.0, 2.921875], [2.0, 2.919921875], [2.0, 2.91796875], [2.0, 2.916015625], [2.0, 2.9140625], [2.0, 2.912109375], [2.0, 2.91015625], [2.0, 2.908203125], [2.0, 2.90625], [2.0, 2.904296875], [2.0, 2.90234375], [2.0, 2.900390625], [2.0, 2.8984375], [2.0, 2.896484375], [2.0, 2.89453125], [2.0, 2.892578125], [2.0, 2.890625], [2.0, 2.888671875], [2.0, 2.88671875], [2.0, 2.884765625], [2.0, 2.8828125], [2.0, 2.880859375], [2.0, 2.87890625], [2.0, 2.876953125], [2.0, 2.875], [2.0, 2.873046875], [2.0, 2.87109375], [2.0, 2.869140625], [2.0, 2.8671875], [2.0, 2.865234375], [2.0, 2.86328125], [2.0, 2.861328125], [2.0, 2.859375], [2.0, 2.857421875], [2.0, 2.85546875], [2.0, 2.853515625], [2.0, 2.8515625], [2.0, 2.849609375], [2.0, 2.84765625], [2.0, 2.845703125], [2.0, 2.84375], [2.0, 2.841796875], [2.0, 2.83984375], [2.0, 2.837890625], [2.0, 2.8359375], [2.0, 2.833984375], [2.0, 2.83203125], [2.0, 2.830078125], [2.0, 2.828125], [2.0, 2.826171875], [2.0, 2.82421875], [2.0, 2.822265625], [2.0, 2.8203125], [2.0, 2.818359375], [2.0, 2.81640625], [2.0, 2.814453125], [2.0, 2.8125], [2.0, 2.810546875], [2.0, 2.80859375], [2.0, 2.806640625], [2.0, 2.8046875], [2.0, 2.802734375], [2.0, 2.80078125], [2.0, 2.798828125], [2.0, 2.796875], [2.0, 2.794921875], [2.0, 2.79296875], [2.0, 2.791015625], [2.0, 2.7890625], [2.0, 2.787109375], [2.0, 2.78515625], [2.0, 2.783203125], [2.0, 2.78125], [2.0, 2.779296875], [2.0, 2.77734375], [2.0, 2.775390625], [2.0, 2.7734375], [2.0, 2.771484375], [2.0, 2.76953125], [2.0, 2.767578125], [2.0, 2.765625], [2.0, 2.763671875], [2.0, 2.76171875], [2.0, 2.759765625], [2.0, 2.7578125], [2.0, 2.755859375], [2.0, 2.75390625], [2.0, 2.751953125], [2.0, 2.75], [2.0, 2.748046875], [2.0, 2.74609375], [2.0, 2.744140625], [2.0, 2.7421875], [2.0, 2.740234375], [2.0, 2.73828125], [2.0, 2.736328125], [2.0, 2.734375], [2.0, 2.732421875], [2.0, 2.73046875], [2.0, 2.728515625], [2.0, 2.7265625], [2.0, 2.724609375], [2.0, 2.72265625], [2.0, 2.720703125], [2.0, 2.71875], [2.0, 2.716796875], [2.0, 2.71484375], [2.0, 2.712890625], [2.0, 2.7109375], [2.0, 2.708984375], [2.0, 2.70703125], [2.0, 2.705078125], [2.0, 2.703125], [2.0, 2.701171875], [2.0, 2.69921875], [2.0, 2.697265625], [2.0, 2.6953125], [2.0, 2.693359375], [2.0, 2.69140625], [2.0, 2.689453125], [2.0, 2.6875], [2.0, 2.685546875], [2.0, 2.68359375], [2.0, 2.681640625], [2.0, 2.6796875], [2.0, 2.677734375], [2.0, 2.67578125], [2.0, 2.673828125], [2.0, 2.671875], [2.0, 2.669921875], [2.0, 2.66796875], [2.0, 2.666015625], [2.0, 2.6640625], [2.0, 2.662109375], [2.0, 2.66015625], [2.0, 2.658203125], [2.0, 2.65625], [2.0, 2.654296875], [2.0, 2.65234375], [2.0, 2.650390625], [2.0, 2.6484375], [2.0, 2.646484375], [2.0, 2.64453125], [2.0, 2.642578125], [2.0, 2.640625], [2.0, 2.638671875], [2.0, 2.63671875], [2.0, 2.634765625], [2.0, 2.6328125], [2.0, 2.630859375], [2.0, 2.62890625], [2.0, 2.626953125], [2.0, 2.625], [2.0, 2.623046875], [2.0, 2.62109375], [2.0, 2.619140625], [2.0, 2.6171875], [2.0, 2.615234375], [2.0, 2.61328125], [2.0, 2.611328125], [2.0, 2.609375], [2.0, 2.607421875], [2.0, 2.60546875], [2.0, 2.603515625], [2.0, 2.6015625], [2.0, 2.599609375], [2.0, 2.59765625], [2.0, 2.595703125], [2.0, 2.59375], [2.0, 2.591796875], [2.0, 2.58984375], [2.0, 2.587890625], [2.0, 2.5859375], [2.0, 2.583984375], [2.0, 2.58203125], [2.0, 2.580078125], [2.0, 2.578125], [2.0, 2.576171875], [2.0, 2.57421875], [2.0, 2.572265625], [2.0, 2.5703125], [2.0, 2.568359375], [2.0, 2.56640625], [2.0, 2.564453125], [2.0, 2.5625], [2.0, 2.560546875], [2.0, 2.55859375], [2.0, 2.556640625], [2.0, 2.5546875], [2.0, 2.552734375], [2.0, 2.55078125], [2.0, 2.548828125], [2.0, 2.546875], [2.0, 2.544921875], [2.0, 2.54296875], [2.0, 2.541015625], [2.0, 2.5390625], [2.0, 2.537109375], [2.0, 2.53515625], [2.0, 2.533203125], [2.0, 2.53125], [2.0, 2.529296875], [2.0, 2.52734375], [2.0, 2.525390625], [2.0, 2.5234375], [2.0, 2.521484375], [2.0, 2.51953125], [2.0, 2.517578125], [2.0, 2.515625], [2.0, 2.513671875], [2.0, 2.51171875], [2.0, 2.509765625], [2.0, 2.5078125], [2.0, 2.505859375], [2.0, 2.50390625], [2.0, 2.501953125], [2.0, 2.5], [2.0, 2.498046875], [2.0, 2.49609375], [2.0, 2.494140625], [2.0, 2.4921875], [2.0, 2.490234375], [2.0, 2.48828125], [2.0, 2.486328125], [2.0, 2.484375], [2.0, 2.482421875], [2.0, 2.48046875], [2.0, 2.478515625], [2.0, 2.4765625], [2.0, 2.474609375], [2.0, 2.47265625], [2.0, 2.470703125], [2.0, 2.46875], [2.0, 2.466796875], [2.0, 2.46484375], [2.0, 2.462890625], [2.0, 2.4609375], [2.0, 2.458984375], [2.0, 2.45703125], [2.0, 2.455078125], [2.0, 2.453125], [2.0, 2.451171875], [2.0, 2.44921875], [2.0, 2.447265625], [2.0, 2.4453125], [2.0, 2.443359375], [2.0, 2.44140625], [2.0, 2.439453125], [2.0, 2.4375], [2.0, 2.435546875], [2.0, 2.43359375], [2.0, 2.431640625], [2.0, 2.4296875], [2.0, 2.427734375], [2.0, 2.42578125], [2.0, 2.423828125], [2.0, 2.421875], [2.0, 2.419921875], [2.0, 2.41796875], [2.0, 2.416015625], [2.0, 2.4140625], [2.0, 2.412109375], [2.0, 2.41015625], [2.0, 2.408203125], [2.0, 2.40625], [2.0, 2.404296875], [2.0, 2.40234375], [2.0, 2.400390625], [2.0, 2.3984375], [2.0, 2.396484375], [2.0, 2.39453125], [2.0, 2.392578125], [2.0, 2.390625], [2.0, 2.388671875], [2.0, 2.38671875], [2.0, 2.384765625], [2.0, 2.3828125], [2.0, 2.380859375], [2.0, 2.37890625], [2.0, 2.376953125], [2.0, 2.375], [2.0, 2.373046875], [2.0, 2.37109375], [2.0, 2.369140625], [2.0, 2.3671875], [2.0, 2.365234375], [2.0, 2.36328125], [2.0, 2.361328125], [2.0, 2.359375], [2.0, 2.357421875], [2.0, 2.35546875], [2.0, 2.353515625], [2.0, 2.3515625], [2.0, 2.349609375], [2.0, 2.34765625], [2.0, 2.345703125], [2.0, 2.34375], [2.0, 2.341796875], [2.0, 2.33984375], [2.0, 2.337890625], [2.0, 2.3359375], [2.0, 2.333984375], [2.0, 2.33203125], [2.0, 2.330078125], [2.0, 2.328125], [2.0, 2.326171875], [2.0, 2.32421875], [2.0, 2.322265625], [2.0, 2.3203125], [2.0, 2.318359375], [2.0, 2.31640625], [2.0, 2.314453125], [2.0, 2.3125], [2.0, 2.310546875], [2.0, 2.30859375], [2.0, 2.306640625], [2.0, 2.3046875], [2.0, 2.302734375], [2.0, 2.30078125], [2.0, 2.298828125], [2.0, 2.296875], [2.0, 2.294921875], [2.0, 2.29296875], [2.0, 2.291015625], [2.0, 2.2890625], [2.0, 2.287109375], [2.0, 2.28515625], [2.0, 2.283203125], [2.0, 2.28125], [2.0, 2.279296875], [2.0, 2.27734375], [2.0, 2.275390625], [2.0, 2.2734375], [2.0, 2.271484375], [2.0, 2.26953125], [2.0, 2.267578125], [2.0, 2.265625], [2.0, 2.263671875], [2.0, 2.26171875], [2.0, 2.259765625], [2.0, 2.2578125], [2.0, 2.255859375], [2.0, 2.25390625], [2.0, 2.251953125], [2.0, 2.25], [2.0, 2.248046875], [2.0, 2.24609375], [2.0, 2.244140625], [2.0, 2.2421875], [2.0, 2.240234375], [2.0, 2.23828125], [2.0, 2.236328125], [2.0, 2.234375], [2.0, 2.232421875], [2.0, 2.23046875], [2.0, 2.228515625], [2.0, 2.2265625], [2.0, 2.224609375], [2.0, 2.22265625], [2.0, 2.220703125], [2.0, 2.21875], [2.0, 2.216796875], [2.0, 2.21484375], [2.0, 2.212890625], [2.0, 2.2109375], [2.0, 2.208984375], [2.0, 2.20703125], [2.0, 2.205078125], [2.0, 2.203125], [2.0, 2.201171875], [2.0, 2.19921875], [2.0, 2.197265625], [2.0, 2.1953125], [2.0, 2.193359375], [2.0, 2.19140625], [2.0, 2.189453125], [2.0, 2.1875], [2.0, 2.185546875], [2.0, 2.18359375], [2.0, 2.181640625], [2.0, 2.1796875], [2.0, 2.177734375], [2.0, 2.17578125], [2.0, 2.173828125], [2.0, 2.171875], [2.0, 2.169921875], [2.0, 2.16796875], [2.0, 2.166015625], [2.0, 2.1640625], [2.0, 2.162109375], [2.0, 2.16015625], [2.0, 2.158203125], [2.0, 2.15625], [2.0, 2.154296875], [2.0, 2.15234375], [2.0, 2.150390625], [2.0, 2.1484375], [2.0, 2.146484375], [2.0, 2.14453125], [2.0, 2.142578125], [2.0, 2.140625], [2.0, 2.138671875], [2.0, 2.13671875], [2.0, 2.134765625], [2.0, 2.1328125], [2.0, 2.130859375], [2.0, 2.12890625], [2.0, 2.126953125], [2.0, 2.125], [2.0, 2.123046875], [2.0, 2.12109375], [2.0, 2.119140625], [2.0, 2.1171875], [2.0, 2.115234375], [2.0, 2.11328125], [2.0, 2.111328125], [2.0, 2.109375], [2.0, 2.107421875], [2.0, 2.10546875], [2.0, 2.103515625], [2.0, 2.1015625], [2.0, 2.099609375], [2.0, 2.09765625], [2.0, 2.095703125], [2.0, 2.09375], [2.0, 2.091796875], [2.0, 2.08984375], [2.0, 2.087890625], [2.0, 2.0859375], [2.0, 2.083984375], [2.0, 2.08203125], [2.0, 2.080078125], [2.0, 2.078125], [2.0, 2.076171875], [2.0, 2.07421875], [2.0, 2.072265625], [2.0, 2.0703125], [2.0, 2.068359375], [2.0, 2.06640625], [2.0, 2.064453125], [2.0, 2.0625], [2.0, 2.060546875], [2.0, 2.05859375], [2.0, 2.056640625], [2.0, 2.0546875], [2.0, 2.052734375], [2.0, 2.05078125], [2.0, 2.048828125], [2.0, 2.046875], [2.0, 2.044921875], [2.0, 2.04296875], [2.0, 2.041015625], [2.0, 2.0390625], [2.0, 2.037109375], [2.0, 2.03515625], [2.0, 2.033203125], [2.0, 2.03125], [2.0, 2.029296875], [2.0, 2.02734375], [2.0, 2.025390625], [2.0, 2.0234375], [2.0, 2.021484375], [2.0, 2.01953125], [2.0, 2.017578125], [2.0, 2.015625], [2.0, 2.013671875], [2.0, 2.01171875], [2.0, 2.009765625], [2.0, 2.0078125], [2.0, 2.005859375], [2.0, 2.00390625], [2.0, 2.001953125], [2, 2]]]}}, {"type": "Feature", "id": "c3-2", "properties": {"id": "c3-2", "name": "cell 3,2", "value": 22.0917}, "geometry": {"type": "Polygon", "coordinates": [[[3.0, 2.0], [3.001953125, 2.0], [3.00390625, 2.0], [3.005859375, 2.0], [3.0078125, 2.0], [3.009765625, 2.0], [3.01171875, 2.0], [3.013671875, 2.0], [3.015625, 2.0], [3.017578125, 2.0], [3.01953125, 2.0], [3.021484375, 2.0], [3.0234375, 2.0], [3.025390625, 2.0], [3.02734375, 2.0], [3.029296875, 2.0], [3.03125, 2.0], [3.033203125, 2.0], [3.03515625, 2.0], [3.037109375, 2.0], [3.0390625, 2.0], [3.041015625, 2.0], [3.04296875, 2.0], [3.044921875, 2.0], [3.046875, 2.0], [3.048828125, 2.0], [3.05078125, 2.0], [3.052734375, 2.0], [3.0546875, 2.0], [3.056640625, 2.0], [3.05859375, 2.0], [3.060546875, 2.0], [3.0625, 2.0], [3.064453125, 2.0], [3.06640625, 2.0], [3.068359375, 2.0], [3.0703125, 2.0], [3.072265625, 2.0], [3.07421875, 2.0], [3.076171875, 2.0], [3.078125, 2.0], [3.080078125, 2.0], [3.08203125, 2.0], [3.083984375, 2.0], [3.0859375, 2.0], [3.087890625, 2.0], [3.08984375, 2.0], [3.091796875, 2.0], [3.09375, 2.0], [3.095703125, 2.0], [3.09765625, 2.0], [3.099609375, 2.0], [3.1015625, 2.0], [3.103515625, 2.0], [3.10546875, 2.0], [3.107421875, 2.0], [3.109375, 2.0], [3.111328125, 2.0], [3.11328125, 2.0], [3.115234375, 2.0], [3.1171875, 2.0], [3.119140625, 2.0], [3.12109375, 2.0], [3.123046875, 2.0], [3.125, 2.0], [3.126953125, 2.0], [3.12890625, 2.0], [3.130859375, 2.0], [3.1328125, 2.0], [3.134765625, 2.0], [3.13671875, 2.0], [3.138671875, 2.0], [3.140625, 2.0], [3.142578125, 2.0], [3.14453125, 2.0], [3.146484375, 2.0], [3.1484375, 2.0], [3.150390625, 2.0], [3.15234375, 2.0], [3.154296875, 2.0], [3.15625, 2.0], [3.158203125, 2.0], [3.16015625, 2.0], [3.162109375, 2.0], [3.1640625, 2.0], [3.166015625, 2.0], [3.16796875, 2.0], [3.169921875, 2.0], [3.171875, 2.0], [3.173828125, 2.0], [3.17578125, 2.0], [3.177734375, 2.0], [3.1796875, 2.0], [3.181640625, 2.0], [3.18359375, 2.0], [3.185546875, 2.0], [3.1875, 2.0], [3.189453125, 2.0], [3.19140625, 2.0], [3.193359375, 2.0], [3.1953125, 2.0], [3.197265625, 2.0], [3.19921875, 2.0], [3.201171875, 2.0], [3.203125, 2.0], [3.205078125, 2.0], [3.20703125, 2.0], [3.208984375, 2.0], [3.2109375, 2.0], [3.212890625, 2.0], [3.21484375, 2.0], [3.216796875, 2.0], [3.21875, 2.0], [3.220703125, 2.0], [3.22265625, 2.0], [3.224609375, 2.0], [3.2265625, 2.0], [3.228515625, 2.0], [3.23046875, 2.0], [3.232421875, 2.0], [3.234375, 2.0], [3.236328125, 2.0], [3.23828125, 2.0], [3.240234375, 2.0], [3.2421875, 2.0], [3.244140625, 2.0], [3.24609375, 2.0], [3.248046875, 2.0], [3.25, 2.0], [3.251953125, 2.0], [3.25390625, 2.0], [3.255859375, 2.0], [3.2578125, 2.0], [3.259765625, 2.0], [3.26171875, 2.0], [3.263671875, 2.0], [3.265625, 2.0], [3.267578125, 2.0], [3.26953125, 2.0], [3.271484375, 2.0], [3.2734375, 2.0], [3.275390625, 2.0], [3.27734375, 2.0], [3.279296875, 2.0], [3.28125, 2.0], [3.283203125, 2.0], [3.28515625, 2.0], [3.287109375, 2.0], [3.2890625, 2.0], [3.291015625, 2.0], [3.29296875, 2.0], [3.294921875, 2.0], [3.296875, 2.0], [3.298828125, 2.0], [3.30078125, 2.0], [3.302734375, 2.0], [3.3046875, 2.0], [3.306640625, 2.0], [3.30859375, 2.0], [3.310546875, 2.0], [3.3125, 2.0], [3.314453125, 2.0], [3.31640625, 2.0], [3.318359375, 2.0], [3.3203125, 2.0], [3.322265625, 2.0], [3.32421875, 2.0], [3.326171875, 2.0], [3.328125, 2.0], [3.330078125, 2.0], [3.33203125, 2.0], [3.333984375, 2.0], [3.3359375, 2.0], [3.337890625, 2.0], [3.33984375, 2.0], [3.341796875, 2.0], [3.34375, 2.0], [3.345703125, 2.0], [3.34765625, 2.0], [3.349609375, 2.0], [3.3515625, 2.0], [3.353515625, 2.0], [3.35546875, 2.0], [3.357421875, 2.0], [3.359375, 2.0], [3.361328125, 2.0], [3.36328125, 2.0], [3.365234375, 2.0], [3.3671875, 2.0], [3.369140625, 2.0], [3.37109375, 2.0], [3.373046875, 2.0], [3.375, 2.0], [3.376953125, 2.0], [3.37890625, 2.0], [3.380859375, 2.0], [3.3828125, 2.0], [3.384765625, 2.0], [3.38671875, 2.0], [3.388671875, 2.0], [3.390625, 2.0], [3.392578125, 2.0], [3.39453125, 2.0], [3.396484375, 2.0], [3.3984375, 2.0], [3.400390625, 2.0], [3.40234375, 2.0], [3.404296875, 2.0], [3.40625, 2.0], [3.408203125, 2.0], [3.41015625, 2.0], [3.412109375, 2.0], [3.4140625, 2.0], [3.416015625, 2.0], [3.41796875, 2.0], [3.419921875, 2.0], [3.421875, 2.0], [3.423828125, 2.0], [3.42578125, 2.0], [3.427734375, 2.0], [3.4296875, 2.0], [3.431640625, 2.0], [3.43359375, 2.0], [3.435546875, 2.0], [3.4375, 2.0], [3.439453125, 2.0], [3.44140625, 2.0], [3.443359375, 2.0], [3.4453125, 2.0], [3.447265625, 2.0], [3.44921875, 2.0], [3.451171875, 2.0], [3.453125, 2.0], [3.455078125, 2.0], [3.45703125, 2.0], [3.458984375, 2.0], [3.4609375, 2.0], [3.462890625, 2.0], [3.46484375, 2.0], [3.466796875, 2.0], [3.46875, 2.0], [3.470703125, 2.0], [3.47265625, 2.0], [3.474609375, 2.0], [3.4765625, 2.0], [3.478515625, 2.0], [3.48046875, 2.0], [3.482421875, 2.0], [3.484375, 2.0], [3.486328125, 2.0], [3.48828125, 2.0], [3.490234375, 2.0], [3.4921875, 2.0], [3.494140625, 2.0], [3.49609375, 2.0], [3.498046875, 2.0], [3.5, 2.0], [3.501953125, 2.0], [3.50390625, 2.0], [3.505859375, 2.0], [3.5078125, 2.0], [3.509765625, 2.0], [3.51171875, 2.0], [3.513671875, 2.0], [3.515625, 2.0], [3.517578125, 2.0], [3.51953125, 2.0], [3.521484375, 2.0], [3.5234375, 2.0], [3.525390625, 2.0], [3.52734375, 2.0], [3.529296875, 2.0], [3.53125, 2.0], [3.533203125, 2.0], [3.53515625, 2.0], [3.537109375, 2.0], [3.5390625, 2.0], [3.541015625, 2.0], [3.54296875, 2.0], [3.544921875, 2.0], [3.546875, 2.0], [3.548828125, 2.0], [3.55078125, 2.0], [3.552734375, 2.0], [3.5546875, 2.0], [3.556640625, 2.0], [3.55859375, 2.0], [3.560546875, 2.0], [3.5625, 2.0], [3.564453125, 2.0], [3.56640625, 2.0], [3.568359375, 2.0], [3.5703125, 2.0], [3.572265625, 2.0], [3.57421875, 2.0], [3.576171875, 2.0], [3.578125, 2.0], [3.580078125, 2.0], [3.58203125, 2.0], [3.583984375, 2.0], [3.5859375, 2.0], [3.587890625, 2.0], [3.58984375, 2.0], [3.591796875, 2.0], [3.59375, 2.0], [3.595703125, 2.0], [3.59765625, 2.0], [3.599609375, 2.0], [3.6015625, 2.0], [3.603515625, 2.0], [3.60546875, 2.0], [3.607421875, 2.0], [3.609375, 2.0], [3.611328125, 2.0], [3.61328125, 2.0], [3.615234375, 2.0], [3.6171875, 2.0], [3.619140625, 2.0], [3.62109375, 2.0], [3.623046875, 2.0], [3.625, 2.0], [3.626953125, 2.0], [3.62890625, 2.0], [3.630859375, 2.0], [3.6328125, 2.0], [3.634765625, 2.0], [3.63671875, 2.0], [3.638671875, 2.0], [3.640625, 2.0], [3.642578125, 2.0], [3.64453125, 2.0], [3.646484375, 2.0], [3.6484375, 2.0], [3.650390625, 2.0], [3.65234375, 2.0], [3.654296875, 2.0], [3.65625, 2.0], [3.658203125, 2.0], [3.66015625, 2.0], [3.662109375, 2.0], [3.6640625, 2.0], [3.666015625, 2.0], [3.66796875, 2.0], [3.669921875, 2.0], [3.671875, 2.0], [3.673828125, 2.0], [3.67578125, 2.0], [3.677734375, 2.0], [3.6796875, 2.0], [3.681640625, 2.0], [3.68359375, 2.0], [3.685546875, 2.0], [3.6875, 2.0], [3.689453125, 2.0], [3.69140625, 2.0], [3.693359375, 2.0], [3.6953125, 2.0], [3.697265625, 2.0], [3.69921875, 2.0], [3.701171875, 2.0], [3.703125, 2.0], [3.705078125, 2.0], [3.70703125, 2.0], [3.708984375, 2.0], [3.7109375, 2.0], [3.712890625, 2.0], [3.71484375, 2.0], [3.716796875, 2.0], [3.71875, 2.0], [3.720703125, 2.0], [3.72265625, 2.0], [3.724609375, 2.0], [3.7265625, 2.0], [3.728515625, 2.0], [3.73046875, 2.0], [3.732421875, 2.0], [3.734375, 2.0], [3.736328125, 2.0], [3.73828125, 2.0], [3.740234375, 2.0], [3.7421875, 2.0], [3.744140625, 2.0], [3.74609375, 2.0], [3.748046875, 2.0], [3.75, 2.0], [3.751953125, 2.0], [3.75390625, 2.0], [3.755859375, 2.0], [3.7578125, 2.0], [3.759765625, 2.0], [3.76171875, 2.0], [3.763671875, 2.0], [3.765625, 2.0], [3.767578125, 2.0], [3.76953125, 2.0], [3.771484375, 2.0], [3.7734375, 2.0], [3.775390625, 2.0], [3.77734375, 2.0], [3.779296875, 2.0], [3.78125, 2.0], [3.783203125, 2.0], [3.78515625, 2.0], [3.787109375, 2.0], [3.7890625, 2.0], [3.791015625, 2.0], [3.79296875, 2.0], [3.794921875, 2.0], [3.796875, 2.0], [3.798828125, 2.0], [3.80078125, 2.0], [3.802734375, 2.0], [3.8046875, 2.0], [3.806640625, 2.0], [3.80859375, 2.0], [3.810546875, 2.0], [3.8125, 2.0], [3.814453125, 2.0], [3.81640625, 2.0], [3.818359375, 2.0], [3.8203125, 2.0], [3.822265625, 2.0], [3.82421875, 2.0], [3.826171875, 2.0], [3.828125, 2.0], [3.830078125, 2.0], [3.83203125, 2.0], [3.833984375, 2.0], [3.8359375, 2.0], [3.837890625, 2.0], [3.83984375, 2.0], [3.841796875, 2.0], [3.84375, 2.0], [3.845703125, 2.0], [3.84765625, 2.0], [3.849609375, 2.0], [3.8515625, 2.0], [3.853515625, 2.0], [3.85546875, 2.0], [3.857421875, 2.0], [3.859375, 2.0], [3.861328125, 2.0], [3.86328125, 2.0], [3.865234375, 2.0], [3.8671875, 2.0], [3.869140625, 2.0], [3.87109375, 2.0], [3.873046875, 2.0], [3.875, 2.0], [3.876953125, 2.0], [3.87890625, 2.0], [3.880859375, 2.0], [3.8828125, 2.0], [3.884765625, 2.0], [3.88671875, 2.0], [3.888671875, 2.0], [3.890625, 2.0], [3.892578125, 2.0], [3.89453125, 2.0], [3.896484375, 2.0], [3.8984375, 2.0], [3.900390625, 2.0], [3.90234375, 2.0], [3.904296875, 2.0], [3.90625, 2.0], [3.908203125, 2.0], [3.91015625, 2.0], [3.912109375, 2.0], [3.9140625, 2.0], [3.916015625, 2.0], [3.91796875, 2.0], [3.919921875, 2.0], [3.921875, 2.0], [3.923828125, 2.0], [3.92578125, 2.0], [3.927734375, 2.0], [3.9296875, 2.0], [3.931640625, 2.0], [3.93359375, 2.0], [3.935546875, 2.0], [3.9375, 2.0], [3.939453125, 2.0], [3.94140625, 2.0], [3.943359375, 2.0], [3.9453125, 2.0], [3.947265625, 2.0], [3.94921875, 2.0], [3.951171875, 2.0], [3.953125, 2.0], [3.955078125, 2.0], [3.95703125, 2.0], [3.958984375, 2.0], [3.9609375, 2.0], [3.962890625, 2.0], [3.96484375, 2.0], [3.966796875, 2.0], [3.96875, 2.0], [3.970703125, 2.0], [3.97265625, 2.0], [3.974609375, 2.0], [3.9765625, 2.0], [3.978515625, 2.0], [3.98046875, 2.0], [3.982421875, 2.0], [3.984375, 2.0], [3.986328125, 2.0], [3.98828125, 2.0], [3.990234375, 2.0], [3.9921875, 2.0], [3.994140625, 2.0], [3.99609375, 2.0], [3.998046875, 2.0], [4.0, 2.0], [4.0, 2.001953125], [4.0, 2.00390625], [4.0, 2.005859375], [4.0, 2.0078125], [4.0, 2.009765625], [4.0, 2.01171875], [4.0, 2.013671875], [4.0, 2.015625], [4.0, 2.017578125], [4.0, 2.01953125], [4.0, 2.021484375], [4.0, 2.0234375], [4.0, 2.025390625], [4.0, 2.02734375], [4.0, 2.029296875], [4.0, 2.03125], [4.0, 2.033203125], [4.0, 2.03515625], [4.0, 2.037109375], [4.0, 2.0390625], [4.0, 2.041015625], [4.0, 2.04296875], [4.0, 2.044921875], [4.0, 2.046875], [4.0, 2.048828125], [4.0, 2.05078125], [4.0, 2.052734375], [4.0, 2.0546875], [4.0, 2.056640625], [4.0, 2.05859375], [4.0, 2.060546875], [4.0, 2.0625], [4.0, 2.064453125], [4.0, 2.06640625], [4.0, 2.068359375], [4.0, 2.0703125], [4.0, 2.072265625], [4.0, 2.07421875], [4.0, 2.076171875], [4.0, 2.078125], [4.0, 2.080078125], [4.0, 2.08203125], [4.0, 2.083984375], [4.0, 2.0859375], [4.0, 2.087890625], [4.0, 2.08984375], [4.0, 2.091796875], [4.0, 2.09375], [4.0, 2.095703125], [4.0, 2.09765625], [4.0, 2.099609375], [4.0, 2.1015625], [4.0, 2.103515625], [4.0, 2.10546875], [4.0, 2.107421875], [4.0, 2.109375], [4.0, 2.111328125], [4.0, 2.11328125], [4.0, 2.115234375], [4.0, 2.1171875], [4.0, 2.119140625], [4.0, 2.12109375], [4.0, 2.123046875], [4.0, 2.125], [4.0, 2.126953125], [4.0, 2.12890625], [4.0, 2.130859375], [4.0, 2.1328125], [4.0, 2.134765625], [4.0, 2.13671875], [4.0, 2.138671875], [4.0, 2.140625], [4.0, 2.142578125], [4.0, 2.14453125], [4.0, 2.146484375], [4.0, 2.1484375], [4.0, 2.150390625], [4.0, 2.15234375], [4.0, 2.154296875], [4.0, 2.15625], [4.0, 2.158203125], [4.0, 2.16015625], [4.0, 2.162109375], [4.0, 2.1640625], [4.0, 2.166015625], [4.0, 2.16796875], [4.0, 2.169921875], [4.0, 2.171875], [4.0, 2.173828125], [4.0, 2.17578125], [4.0, 2.177734375], [4.0, 2.1796875], [4.0, 2.181640625], [4.0, 2.18359375], [4.0, 2.185546875], [4.0, 2.1875], [4.0, 2.189453125], [4.0, 2.19140625], [4.0, 2.193359375], [4.0, 2.1953125], [4.0, 2.197265625], [4.0, 2.19921875], [4.0, 2.201171875], [4.0, 2.203125], [4.0, 2.205078125], [4.0, 2.20703125], [4.0, 2.208984375], [4.0, 2.2109375], [4.0, 2.212890625], [4.0, 2.21484375], [4.0, 2.216796875], [4.0, 2.21875], [4.0, 2.220703125], [4.0, 2.22265625], [4.0, 2.224609375], [4.0, 2.2265625], [4.0, 2.228515625], [4.0, 2.23046875], [4.0, 2.232421875], [4.0, 2.234375], [4.0, 2.236328125], [4.0, 2.23828125], [4.0, 2.240234375], [4.0, 2.2421875], [4.0, 2.244140625], [4.0, 2.24609375], [4.0, 2.248046875], [4.0, 2.25], [4.0, 2.251953125], [4.0, 2.25390625], [4.0, 2.255859375], [4.0, 2.2578125], [4.0, 2.259765625], [4.0, 2.26171875], [4.0, 2.263671875], [4.0, 2.265625], [4.0, 2.267578125], [4.0, 2.26953125], [4.0, 2.271484375], [4.0, 2.2734375], [4.0, 2.275390625], [4.0, 2.27734375], [4.0, 2.279296875], [4.0, 2.28125], [4.0, 2.283203125], [4.0, 2.28515625], [4.0, 2.287109375], [4.0, 2.2890625], [4.0, 2.291015625], [4.0, 2.29296875], [4.0, 2.294921875], [4.0, 2.296875], [4.0, 2.298828125], [4.0, 2.30078125], [4.0, 2.302734375], [4.0, 2.3046875], [4.0, 2.306640625], [4.0, 2.30859375], [4.0, 2.310546875], [4.0, 2.3125], [4.0, 2.314453125], [4.0, 2.31640625], [4.0, 2.318359375], [4.0, 2.3203125], [4.0, 2.322265625], [4.0, 2.32421875], [4.0, 2.326171875], [4.0, 2.328125], [4.0, 2.330078125], [4.0, 2.33203125], [4.0, 2.333984375], [4.0, 2.3359375], [4.0, 2.337890625], [4.0, 2.33984375], [4.0, 2.341796875], [4.0, 2.34375], [4.0, 2.345703125], [4.0, 2.34765625], [4.0, 2.349609375], [4.0, 2.3515625], [4.0, 2.353515625], [4.0, 2.35546875], [4.0, 2.357421875], [4.0, 2.359375], [4.0, 2.361328125], [4.0, 2.36328125], [4.0, 2.365234375], [4.0, 2.3671875], [4.0, 2.369140625], [4.0, 2.37109375], [4.0, 2.373046875], [4.0, 2.375], [4.0, 2.376953125], [4.0, 2.37890625], [4.0, 2.380859375], [4.0, 2.3828125], [4.0, 2.384765625], [4.0, 2.38671875], [4.0, 2.388671875], [4.0, 2.390625], [4.0, 2.392578125], [4.0, 2.39453125], [4.0, 2.396484375], [4.0, 2.3984375], [4.0, 2.400390625], [4.0, 2.40234375], [4.0, 2.404296875], [4.0, 2.40625], [4.0, 2.408203125], [4.0, 2.41015625], [4.0, 2.412109375], [4.0, 2.4140625], [4.0, 2.416015625], [4.0, 2.41796875], [4.0, 2.419921875], [4.0, 2.421875], [4.0, 2.423828125], [4.0, 2.42578125], [4.0, 2.427734375], [4.0, 2.4296875], [4.0, 2.431640625], [4.0, 2.43359375], [4.0, 2.435546875], [4.0, 2.4375], [4.0, 2.439453125], [4.0, 2.44140625], [4.0, 2.443359375], [4.0, 2.4453125], [4.0, 2.447265625], [4.0, 2.44921875], [4.0, 2.451171875], [4.0, 2.453125], [4.0, 2.455078125], [4.0, 2.45703125], [4.0, 2.458984375], [4.0, 2.4609375], [4.0, 2.462890625], [4.0, 2.46484375], [4.0, 2.466796875], [4.0, 2.46875], [4.0, 2.470703125], [4.0, 2.47265625], [4.0, 2.474609375], [4.0, 2.4765625], [4.0, 2.478515625], [4.0, 2.48046875], [4.0, 2.482421875], [4.0, 2.484375], [4.0, 2.486328125], [4.0, 2.48828125], [4.0, 2.490234375], [4.0, 2.4921875], [4.0, 2.494140625], [4.0, 2.49609375], [4.0, 2.498046875], [4.0, 2.5], [4.0, 2.501953125], [4.0, 2.50390625], [4.0, 2.505859375], [4.0, 2.5078125], [4.0, 2.509765625], [4.0, 2.51171875], [4.0, 2.513671875], [4.0, 2.515625], [4.0, 2.517578125], [4.0, 2.51953125], [4.0, 2.521484375], [4.0, 2.5234375], [4.0, 2.525390625], [4.0, 2.52734375], [4.0, 2.529296875], [4.0, 2.53125], [4.0, 2.533203125], [4.0, 2.53515625], [4.0, 2.537109375], [4.0, 2.5390625], [4.0, 2.541015625], [4.0, 2.54296875], [4.0, 2.544921875], [4.0, 2.546875], [4.0, 2.548828125], [4.0, 2.55078125], [4.0, 2.552734375], [4.0, 2.5546875], [4.0, 2.556640625], [4.0, 2.55859375], [4.0, 2.560546875], [4.0, 2.5625], [4.0, 2.564453125], [4.0, 2.56640625], [4.0, 2.568359375], [4.0, 2.5703125], [4.0, 2.572265625], [4.0, 2.57421875], [4.0, 2.576171875], [4.0, 2.578125], [4.0, 2.580078125], [4.0, 2.58203125], [4.0, 2.583984375], [4.0, 2.5859375], [4.0, 2.587890625], [4.0, 2.58984375], [4.0, 2.591796875], [4.0, 2.59375], [4.0, 2.595703125], [4.0, 2.59765625], [4.0, 2.599609375], [4.0, 2.6015625], [4.0, 2.603515625], [4.0, 2.60546875], [4.0, 2.607421875], [4.0, 2.609375], [4.0, 2.611328125], [4.0, 2.61328125], [4.0, 2.615234375], [4.0, 2.6171875], [4.0, 2.619140625], [4.0, 2.62109375], [4.0, 2.623046875], [4.0, 2.625], [4.0, 2.626953125], [4.0, 2.62890625], [4.0, 2.630859375], [4.0, 2.6328125], [4.0, 2.634765625], [4.0, 2.63671875], [4.0, 2.638671875], [4.0, 2.640625], [4.0, 2.642578125], [4.0, 2.64453125], [4.0, 2.646484375], [4.0, 2.6484375], [4.0, 2.650390625], [4.0, 2.65234375], [4.0, 2.654296875], [4.0, 2.65625], [4.0, 2.658203125], [4.0, 2.66015625], [4.0, 2.662109375], [4.0, 2.6640625], [4.0, 2.666015625], [4.0, 2.66796875], [4.0, 2.669921875], [4.0, 2.671875], [4.0, 2.673828125], [4.0, 2.67578125], [4.0, 2.677734375], [4.0, 2.6796875], [4.0, 2.681640625], [4.0, 2.68359375], [4.0, 2.685546875], [4.0, 2.6875], [4.0, 2.689453125], [4.0, 2.69140625], [4.0, 2.693359375], [4.0, 2.6953125], [4.0, 2.697265625], [4.0, 2.69921875], [4.0, 2.701171875], [4.0, 2.703125], [4.0, 2.705078125], [4.0, 2.70703125], [4.0, 2.708984375], [4.0, 2.7109375], [4.0, 2.712890625], [4.0, 2.71484375], [4.0, 2.716796875], [4.0, 2.71875], [4.0, 2.720703125], [4.0, 2.72265625], [4.0, 2.724609375], [4.0, 2.7265625], [4.0, 2.728515625], [4.0, 2.73046875], [4.0, 2.732421875], [4.0, 2.734375], [4.0, 2.736328125], [4.0, 2.73828125], [4.0, 2.740234375], [4.0, 2.7421875], [4.0, 2.744140625], [4.0, 2.74609375], [4.0, 2.748046875], [4.0, 2.75], [4.0, 2.751953125], [4.0, 2.75390625], [4.0, 2.755859375], [4.0, 2.7578125], [4.0, 2.759765625], [4.0, 2.76171875], [4.0, 2.763671875], [4.0, 2.765625], [4.0, 2.767578125], [4.0, 2.76953125], [4.0, 2.771484375], [4.0, 2.7734375], [4.0, 2.775390625], [4.0, 2.77734375], [4.0, 2.779296875], [4.0, 2.78125], [4.0, 2.783203125], [4.0, 2.78515625], [4.0, 2.787109375], [4.0, 2.7890625], [4.0, 2.791015625], [4.0, 2.79296875], [4.0, 2.794921875], [4.0, 2.796875], [4.0, 2.798828125], [4.0, 2.80078125], [4.0, 2.802734375], [4.0, 2.8046875], [4.0, 2.806640625], [4.0, 2.80859375], [4.0, 2.810546875], [4.0, 2.8125], [4.0, 2.814453125], [4.0, 2.81640625], [4.0, 2.818359375], [4.0, 2.8203125], [4.0, 2.822265625], [4.0, 2.82421875], [4.0, 2.826171875], [4.0, 2.828125], [4.0, 2.830078125], [4.0, 2.83203125], [4.0, 2.833984375], [4.0, 2.8359375], [4.0, 2.837890625], [4.0, 2.83984375], [4.0, 2.841796875], [4.0, 2.84375], [4.0, 2.845703125], [4.0, 2.84765625], [4.0, 2.849609375], [4.0, 2.8515625], [4.0, 2.853515625], [4.0, 2.85546875], [4.0, 2.857421875], [4.0, 2.859375], [4.0, 2.861328125], [4.0, 2.86328125], [4.0, 2.865234375], [4.0, 2.8671875], [4.0, 2.869140625], [4.0, 2.87109375], [4.0, 2.873046875], [4.0, 2.875], [4.0, 2.876953125], [4.0, 2.87890625], [4.0, 2.880859375], [4.0, 2.8828125], [4.0, 2.884765625], [4.0, 2.88671875], [4.0, 2.888671875], [4.0, 2.890625], [4.0, 2.892578125], [4.0, 2.89453125], [4.0, 2.896484375], [4.0, 2.8984375], [4.0, 2.900390625], [4.0, 2.90234375], [4.0, 2.904296875], [4.0, 2.90625], [4.0, 2.908203125], [4.0, 2.91015625], [4.0, 2.912109375], [4.0, 2.9140625], [4.0, 2.916015625], [4.0, 2.91796875], [4.0, 2.919921875], [4.0, 2.921875], [4.0, 2.923828125], [4.0, 2.92578125], [4.0, 2.927734375], [4.0, 2.9296875], [4.0, 2.931640625], [4.0, 2.93359375], [4.0, 2.935546875], [4.0, 2.9375], [4.0, 2.939453125], [4.0, 2.94140625], [4.0, 2.943359375], [4.0, 2.9453125], [4.0, 2.947265625], [4.0, 2.94921875], [4.0, 2.951171875], [4.0, 2.953125], [4.0, 2.955078125], [4.0, 2.95703125], [4.0, 2.958984375], [4.0, 2.9609375], [4.0, 2.962890625], [4.0, 2.96484375], [4.0, 2.966796875], [4.0, 2.96875], [4.0, 2.970703125], [4.0, 2.97265625], [4.0, 2.974609375], [4.0, 2.9765625], [4.0, 2.978515625], [4.0, 2.98046875], [4.0, 2.982421875], [4.0, 2.984375], [4.0, 2.986328125], [4.0, 2.98828125], [4.0, 2.990234375], [4.0, 2.9921875], [4.0, 2.994140625], [4.0, 2.99609375], [4.0, 2.998046875], [4.0, 3.0], [3.998046875, 3.0], [3.99609375, 3.0], [3.994140625, 3.0], [3.9921875, 3.0], [3.990234375, 3.0], [3.98828125, 3.0], [3.986328125, 3.0], [3.984375, 3.0], [3.982421875, 3.0], [3.98046875, 3.0], [3.978515625, 3.0], [3.9765625, 3.0], [3.974609375, 3.0], [3.97265625, 3.0], [3.970703125, 3.0], [3.96875, 3.0], [3.966796875, 3.0], [3.96484375, 3.0], [3.962890625, 3.0], [3.9609375, 3.0], [3.958984375, 3.0], [3.95703125, 3.0], [3.955078125, 3.0], [3.953125, 3.0], [3.951171875, 3.0], [3.94921875, 3.0], [3.947265625, 3.0], [3.9453125, 3.0], [3.943359375, 3.0], [3.94140625, 3.0], [3.939453125, 3.0], [3.9375, 3.0], [3.935546875, 3.0], [3.93359375, 3.0], [3.931640625, 3.0], [3.9296875, 3.0], [3.927734375, 3.0], [3.92578125, 3.0], [3.923828125, 3.0], [3.921875, 3.0], [3.919921875, 3.0], [3.91796875, 3.0], [3.916015625, 3.0], [3.9140625, 3.0], [3.912109375, 3.0], [3.91015625, 3.0], [3.908203125, 3.0], [3.90625, 3.0], [3.904296875, 3.0], [3.90234375, 3.0], [3.900390625, 3.0], [3.8984375, 3.0], [3.896484375, 3.0], [3.89453125, 3.0], [3.892578125, 3.0], [3.890625, 3.0], [3.888671875, 3.0], [3.88671875, 3.0], [3.884765625, 3.0], [3.8828125, 3.0], [3.880859375, 3.0], [3.87890625, 3.0], [3.876953125, 3.0], [3.875, 3.0], [3.873046875, 3.0], [3.87109375, 3.0], [3.869140625, 3.0], [3.8671875, 3.0], [3.865234375, 3.0], [3.86328125, 3.0], [3.861328125, 3.0], [3.859375, 3.0], [3.857421875, 3.0], [3.85546875, 3.0], [3.853515625, 3.0], [3.8515625, 3.0], [3.849609375, 3.0], [3.84765625, 3.0], [3.845703125, 3.0], [3.84375, 3.0], [3.841796875, 3.0], [3.83984375, 3.0], [3.837890625, 3.0], [3.8359375, 3.0], [3.833984375, 3.0], [3.83203125, 3.0], [3.830078125, 3.0], [3.828125, 3.0], [3.826171875, 3.0], [3.82421875, 3.0], [3.822265625, 3.0], [3.8203125, 3.0], [3.818359375, 3.0], [3.81640625, 3.0], [3.814453125, 3.0], [3.8125, 3.0], [3.810546875, 3.0], [3.80859375, 3.0], [3.806640625, 3.0], [3.8046875, 3.0], [3.802734375, 3.0], [3.80078125, 3.0], [3.798828125, 3.0], [3.796875, 3.0], [3.794921875, 3.0], [3.79296875, 3.0], [3.791015625, 3.0], [3.7890625, 3.0], [3.787109375, 3.0], [3.78515625, 3.0], [3.783203125, 3.0], [3.78125, 3.0], [3.779296875, 3.0], [3.77734375, 3.0], [3.775390625, 3.0], [3.7734375, 3.0], [3.771484375, 3.0], [3.76953125, 3.0], [3.767578125, 3.0], [3.765625, 3.0], [3.763671875, 3.0], [3.76171875, 3.0], [3.759765625, 3.0], [3.7578125, 3.0], [3.755859375, 3.0], [3.75390625, 3.0], [3.751953125, 3.0], [3.75, 3.0], [3.748046875, 3.0], [3.74609375, 3.0], [3.744140625, 3.0], [3.7421875, 3.0], [3.740234375, 3.0], [3.73828125, 3.0], [3.736328125, 3.0], [3.734375, 3.0], [3.732421875, 3.0], [3.73046875, 3.0], [3.728515625, 3.0], [3.7265625, 3.0], [3.724609375, 3.0], [3.72265625, 3.0], [3.720703125, 3.0], [3.71875, 3.0], [3.716796875, 3.0], [3.71484375, 3.0], [3.712890625, 3.0], [3.7109375, 3.0], [3.708984375, 3.0], [3.70703125, 3.0], [3.705078125, 3.0], [3.703125, 3.0], [3.701171875, 3.0], [3.69921875, 3.0], [3.697265625, 3.0], [3.6953125, 3.0], [3.693359375, 3.0], [3.69140625, 3.0], [3.689453125, 3.0], [3.6875, 3.0], [3.685546875, 3.0], [3.68359375, 3.0], [3.681640625, 3.0], [3.6796875, 3.0], [3.677734375, 3.0], [3.67578125, 3.0], [3.673828125, 3.0], [3.671875, 3.0], [3.669921875, 3.0], [3.66796875, 3.0], [3.666015625, 3.0], [3.6640625, 3.0], [3.662109375, 3.0], [3.66015625, 3.0], [3.658203125, 3.0], [3.65625, 3.0], [3.654296875, 3.0], [3.65234375, 3.0], [3.650390625, 3.0], [3.6484375, 3.0], [3.646484375, 3.0], [3.64453125, 3.0], [3.642578125, 3.0], [3.640625, 3.0], [3.638671875, 3.0], [3.63671875, 3.0], [3.634765625, 3.0], [3.6328125, 3.0], [3.630859375, 3.0], [3.62890625, 3.0], [3.626953125, 3.0], [3.625, 3.0], [3.623046875, 3.0], [3.62109375, 3.0], [3.619140625, 3.0], [3.6171875, 3.0], [3.615234375, 3.0], [3.61328125, 3.0], [3.611328125, 3.0], [3.609375, 3.0], [3.607421875, 3.0], [3.60546875, 3.0], [3.603515625, 3.0], [3.6015625, 3.0], [3.599609375, 3.0], [3.59765625, 3.0], [3.595703125, 3.0], [3.59375, 3.0], [3.591796875, 3.0], [3.58984375, 3.0], [3.587890625, 3.0], [3.5859375, 3.0], [3.583984375, 3.0], [3.58203125, 3.0], [3.580078125, 3.0], [3.578125, 3.0], [3.576171875, 3.0], [3.57421875, 3.0], [3.572265625, 3.0], [3.5703125, 3.0], [3.568359375, 3.0], [3.56640625, 3.0], [3.564453125, 3.0], [3.5625, 3.0], [3.560546875, 3.0], [3.55859375, 3.0], [3.556640625, 3.0], [3.5546875, 3.0], [3.552734375, 3.0], [3.55078125, 3.0], [3.548828125, 3.0], [3.546875, 3.0], [3.544921875, 3.0], [3.54296875, 3.0], [3.541015625, 3.0], [3.5390625, 3.0], [3.537109375, 3.0], [3.53515625, 3.0], [3.533203125, 3.0], [3.53125, 3.0], [3.529296875, 3.0], [3.52734375, 3.0], [3.525390625, 3.0], [3.5234375, 3.0], [3.521484375, 3.0], [3.51953125, 3.0], [3.517578125, 3.0], [3.515625, 3.0], [3.513671875, 3.0], [3.51171875, 3.0], [3.509765625, 3.0], [3.5078125, 3.0], [3.505859375, 3.0], [3.50390625, 3.0], [3.501953125, 3.0], [3.5, 3.0], [3.498046875, 3.0], [3.49609375, 3.0], [3.494140625, 3.0], [3.4921875, 3.0], [3.490234375, 3.0], [3.48828125, 3.0], [3.486328125, 3.0], [3.484375, 3.0], [3.482421875, 3.0], [3.48046875, 3.0], [3.478515625, 3.0], [3.4765625, 3.0], [3.474609375, 3.0], [3.47265625, 3.0], [3.470703125, 3.0], [3.46875, 3.0], [3.466796875, 3.0], [3.46484375, 3.0], [3.462890625, 3.0], [3.4609375, 3.0], [3.458984375, 3.0], [3.45703125, 3.0], [3.455078125, 3.0], [3.453125, 3.0], [3.451171875, 3.0], [3.44921875, 3.0], [3.447265625, 3.0], [3.4453125, 3.0], [3.443359375, 3.0], [3.44140625, 3.0], [3.439453125, 3.0], [3.4375, 3.0], [3.435546875, 3.0], [3.43359375, 3.0], [3.431640625, 3.0], [3.4296875, 3.0], [3.427734375, 3.0], [3.42578125, 3.0], [3.423828125, 3.0], [3.421875, 3.0], [3.419921875, 3.0], [3.41796875, 3.0], [3.416015625, 3.0], [3.4140625, 3.0], [3.412109375, 3.0], [3.41015625, 3.0], [3.408203125, 3.0], [3.40625, 3.0], [3.404296875, 3.0], [3.40234375, 3.0], [3.400390625, 3.0], [3.3984375, 3.0], [3.396484375, 3.0], [3.39453125, 3.0], [3.392578125, 3.0], [3.390625, 3.0], [3.388671875, 3.0], [3.38671875, 3.0], [3.384765625, 3.0], [3.3828125, 3.0], [3.380859375, 3.0], [3.37890625, 3.0], [3.376953125, 3.0], [3.375, 3.0], [3.373046875, 3.0], [3.37109375, 3.0], [3.369140625, 3.0], [3.3671875, 3.0], [3.365234375, 3.0], [3.36328125, 3.0], [3.361328125, 3.0], [3.359375, 3.0], [3.357421875, 3.0], [3.35546875, 3.0], [3.353515625, 3.0], [3.3515625, 3.0], [3.349609375, 3.0], [3.34765625, 3.0], [3.345703125, 3.0], [3.34375, 3.0], [3.341796875, 3.0], [3.33984375, 3.0], [3.337890625, 3.0], [3.3359375, 3.0], [3.333984375, 3.0], [3.33203125, 3.0], [3.330078125, 3.0], [3.328125, 3.0], [3.326171875, 3.0], [3.32421875, 3.0], [3.322265625, 3.0], [3.3203125, 3.0], [3.318359375, 3.0], [3.31640625, 3.0], [3.314453125, 3.0], [3.3125, 3.0], [3.310546875, 3.0], [3.30859375, 3.0], [3.306640625, 3.0], [3.3046875, 3.0], [3.302734375, 3.0], [3.30078125, 3.0], [3.298828125, 3.0], [3.296875, 3.0], [3.294921875, 3.0], [3.29296875, 3.0], [3.291015625, 3.0], [3.2890625, 3.0], [3.287109375, 3.0], [3.28515625, 3.0], [3.283203125, 3.0], [3.28125, 3.0], [3.279296875, 3.0], [3.27734375, 3.0], [3.275390625, 3.0], [3.2734375, 3.0], [3.271484375, 3.0], [3.26953125, 3.0], [3.267578125, 3.0], [3.265625, 3.0], [3.263671875, 3.0], [3.26171875, 3.0], [3.259765625, 3.0], [3.2578125, 3.0], [3.255859375, 3.0], [3.25390625, 3.0], [3.251953125, 3.0], [3.25, 3.0], [3.248046875, 3.0], [3.24609375, 3.0], [3.244140625, 3.0], [3.2421875, 3.0], [3.240234375, 3.0], [3.23828125, 3.0], [3.236328125, 3.0], [3.234375, 3.0], [3.232421875, 3.0], [3.23046875, 3.0], [3.228515625, 3.0], [3.2265625, 3.0], [3.224609375, 3.0], [3.22265625, 3.0], [3.220703125, 3.0], [3.21875, 3.0], [3.216796875, 3.0], [3.21484375, 3.0], [3.212890625, 3.0], [3.2109375, 3.0], [3.208984375, 3.0], [3.20703125, 3.0], [3.205078125, 3.0], [3.203125, 3.0], [3.201171875, 3.0], [3.19921875, 3.0], [3.197265625, 3.0], [3.1953125, 3.0], [3.193359375, 3.0], [3.19140625, 3.0], [3.189453125, 3.0], [3.1875, 3.0], [3.185546875, 3.0], [3.18359375, 3.0], [3.181640625, 3.0], [3.1796875, 3.0], [3.177734375, 3.0], [3.17578125, 3.0], [3.173828125, 3.0], [3.171875, 3.0], [3.169921875, 3.0], [3.16796875, 3.0], [3.166015625, 3.0], [3.1640625, 3.0], [3.162109375, 3.0], [3.16015625, 3.0], [3.158203125, 3.0], [3.15625, 3.0], [3.154296875, 3.0], [3.15234375, 3.0], [3.150390625, 3.0], [3.1484375, 3.0], [3.146484375, 3.0], [3.14453125, 3.0], [3.142578125, 3.0], [3.140625, 3.0], [3.138671875, 3.0], [3.13671875, 3.0], [3.134765625, 3.0], [3.1328125, 3.0], [3.130859375, 3.0], [3.12890625, 3.0], [3.126953125, 3.0], [3.125, 3.0], [3.123046875, 3.0], [3.12109375, 3.0], [3.119140625, 3.0], [3.1171875, 3.0], [3.115234375, 3.0], [3.11328125, 3.0], [3.111328125, 3.0], [3.109375, 3.0], [3.107421875, 3.0], [3.10546875, 3.0], [3.103515625, 3.0], [3.1015625, 3.0], [3.099609375, 3.0], [3.09765625, 3.0], [3.095703125, 3.0], [3.09375, 3.0], [3.091796875, 3.0], [3.08984375, 3.0], [3.087890625, 3.0], [3.0859375, 3.0], [3.083984375, 3.0], [3.08203125, 3.0], [3.080078125, 3.0], [3.078125, 3.0], [3.076171875, 3.0], [3.07421875, 3.0], [3.072265625, 3.0], [3.0703125, 3.0], [3.068359375, 3.0], [3.06640625, 3.0], [3.064453125, 3.0], [3.0625, 3.0], [3.060546875, 3.0], [3.05859375, 3.0], [3.056640625, 3.0], [3.0546875, 3.0], [3.052734375, 3.0], [3.05078125, 3.0], [3.048828125, 3.0], [3.046875, 3.0], [3.044921875, 3.0], [3.04296875, 3.0], [3.041015625, 3.0], [3.0390625, 3.0], [3.037109375, 3.0], [3.03515625, 3.0], [3.033203125, 3.0], [3.03125, 3.0], [3.029296875, 3.0], [3.02734375, 3.0], [3.025390625, 3.0], [3.0234375, 3.0], [3.021484375, 3.0], [3.01953125, 3.0], [3.017578125, 3.0], [3.015625, 3.0], [3.013671875, 3.0], [3.01171875, 3.0], [3.009765625, 3.0], [3.0078125, 3.0], [3.005859375, 3.0], [3.00390625, 3.0], [3.001953125, 3.0], [3.0, 3.0], [3.0, 2.998046875], [3.0, 2.99609375], [3.0, 2.994140625], [3.0, 2.9921875], [3.0, 2.990234375], [3.0, 2.98828125], [3.0, 2.986328125], [3.0, 2.984375], [3.0, 2.982421875], [3.0, 2.98046875], [3.0, 2.978515625], [3.0, 2.9765625], [3.0, 2.974609375], [3.0, 2.97265625], [3.0, 2.970703125], [3.0, 2.96875], [3.0, 2.966796875], [3.0, 2.96484375], [3.0, 2.962890625], [3.0, 2.9609375], [3.0, 2.958984375], [3.0, 2.95703125], [3.0, 2.955078125], [3.0, 2.953125], [3.0, 2.951171875], [3.0, 2.94921875], [3.0, 2.947265625], [3.0, 2.9453125], [3.0, 2.943359375], [3.0, 2.94140625], [3.0, 2.939453125], [3.0, 2.9375], [3.0, 2.935546875], [3.0, 2.93359375], [3.0, 2.931640625], [3.0, 2.9296875], [3.0, 2.927734375], [3.0, 2.92578125], [3.0, 2.923828125], [3.0, 2.921875], [3.0, 2.919921875], [3.0, 2.91796875], [3.0, 2.916015625], [3.0, 2.9140625], [3.0, 2.912109375], [3.0, 2.91015625], [3.0, 2.908203125], [3.0, 2.90625], [3.0, 2.904296875], [3.0, 2.90234375], [3.0, 2.900390625], [3.0, 2.8984375], [3.0, 2.896484375], [3.0, 2.89453125], [3.0, 2.892578125], [3.0, 2.890625], [3.0, 2.888671875], [3.0, 2.88671875], [3.0, 2.884765625], [3.0, 2.8828125], [3.0, 2.880859375], [3.0, 2.87890625], [3.0, 2.876953125], [3.0, 2.875], [3.0, 2.873046875], [3.0, 2.87109375], [3.0, 2.869140625], [3.0, 2.8671875], [3.0, 2.865234375], [3.0, 2.86328125], [3.0, 2.861328125], [3.0, 2.859375], [3.0, 2.857421875], [3.0, 2.85546875], [3.0, 2.853515625], [3.0, 2.8515625], [3.0, 2.849609375], [3.0, 2.84765625], [3.0, 2.845703125], [3.0, 2.84375], [3.0, 2.841796875], [3.0, 2.83984375], [3.0, 2.837890625], [3.0, 2.8359375], [3.0, 2.833984375], [3.0, 2.83203125], [3.0, 2.830078125], [3.0, 2.828125], [3.0, 2.826171875], [3.0, 2.82421875], [3.0, 2.822265625], [3.0, 2.8203125], [3.0, 2.818359375], [3.0, 2.81640625], [3.0, 2.814453125], [3.0, 2.8125], [3.0, 2.810546875], [3.0, 2.80859375], [3.0, 2.806640625], [3.0, 2.8046875], [3.0, 2.802734375], [3.0, 2.80078125], [3.0, 2.798828125], [3.0, 2.796875], [3.0, 2.794921875], [3.0, 2.79296875], [3.0, 2.791015625], [3.0, 2.7890625], [3.0, 2.787109375], [3.0, 2.78515625], [3.0, 2.783203125], [3.0, 2.78125], [3.0, 2.779296875], [3.0, 2.77734375], [3.0, 2.775390625], [3.0, 2.7734375], [3.0, 2.771484375], [3.0, 2.76953125], [3.0, 2.767578125], [3.0, 2.765625], [3.0, 2.763671875], [3.0, 2.76171875], [3.0, 2.759765625], [3.0, 2.7578125], [3.0, 2.755859375], [3.0, 2.75390625], [3.0, 2.751953125], [3.0, 2.75], [3.0, 2.748046875], [3.0, 2.74609375], [3.0, 2.744140625], [3.0, 2.7421875], [3.0, 2.740234375], [3.0, 2.73828125], [3.0, 2.736328125], [3.0, 2.734375], [3.0, 2.732421875], [3.0, 2.73046875], [3.0, 2.728515625], [3.0, 2.7265625], [3.0, 2.724609375], [3.0, 2.72265625], [3.0, 2.720703125], [3.0, 2.71875], [3.0, 2.716796875], [3.0, 2.71484375], [3.0, 2.712890625], [3.0, 2.7109375], [3.0, 2.708984375], [3.0, 2.70703125], [3.0, 2.705078125], [3.0, 2.703125], [3.0, 2.701171875], [3.0, 2.69921875], [3.0, 2.697265625], [3.0, 2.6953125], [3.0, 2.693359375], [3.0, 2.69140625], [3.0, 2.689453125], [3.0, 2.6875], [3.0, 2.685546875], [3.0, 2.68359375], [3.0, 2.681640625], [3.0, 2.6796875], [3.0, 2.677734375], [3.0, 2.67578125], [3.0, 2.673828125], [3.0, 2.671875], [3.0, 2.669921875], [3.0, 2.66796875], [3.0, 2.666015625], [3.0, 2.6640625], [3.0, 2.662109375], [3.0, 2.66015625], [3.0, 2.658203125], [3.0, 2.65625], [3.0, 2.654296875], [3.0, 2.65234375], [3.0, 2.650390625], [3.0, 2.6484375], [3.0, 2.646484375], [3.0, 2.64453125], [3.0, 2.642578125], [3.0, 2.640625], [3.0, 2.638671875], [3.0, 2.63671875], [3.0, 2.634765625], [3.0, 2.6328125], [3.0, 2.630859375], [3.0, 2.62890625], [3.0, 2.626953125], [3.0, 2.625], [3.0, 2.623046875], [3.0, 2.62109375], [3.0, 2.619140625], [3.0, 2.6171875], [3.0, 2.615234375], [3.0, 2.61328125], [3.0, 2.611328125], [3.0, 2.609375], [3.0, 2.607421875], [3.0, 2.60546875], [3.0, 2.603515625], [3.0, 2.6015625], [3.0, 2.599609375], [3.0, 2.59765625], [3.0, 2.595703125], [3.0, 2.59375], [3.0, 2.591796875], [3.0, 2.58984375], [3.0, 2.587890625], [3.0, 2.5859375], [3.0, 2.583984375], [3.0, 2.58203125], [3.0, 2.580078125], [3.0, 2.578125], [3.0, 2.576171875], [3.0, 2.57421875], [3.0, 2.572265625], [3.0, 2.5703125], [3.0, 2.568359375], [3.0, 2.56640625], [3.0, 2.564453125], [3.0, 2.5625], [3.0, 2.560546875], [3.0, 2.55859375], [3.0, 2.556640625], [3.0, 2.5546875], [3.0, 2.552734375], [3.0, 2.55078125], [3.0, 2.548828125], [3.0, 2.546875], [3.0, 2.544921875], [3.0, 2.54296875], [3.0, 2.541015625], [3.0, 2.5390625], [3.0, 2.537109375], [3.0, 2.53515625], [3.0, 2.533203125], [3.0, 2.53125], [3.0, 2.529296875], [3.0, 2.52734375], [3.0, 2.525390625], [3.0, 2.5234375], [3.0, 2.521484375], [3.0, 2.51953125], [3.0, 2.517578125], [3.0, 2.515625], [3.0, 2.513671875], [3.0, 2.51171875], [3.0, 2.509765625], [3.0, 2.5078125], [3.0, 2.505859375], [3.0, 2.50390625], [3.0, 2.501953125], [3.0, 2.5], [3.0, 2.498046875], [3.0, 2.49609375], [3.0, 2.494140625], [3.0, 2.4921875], [3.0, 2.490234375], [3.0, 2.48828125], [3.0, 2.486328125], [3.0, 2.484375], [3.0, 2.482421875], [3.0, 2.48046875], [3.0, 2.478515625], [3.0, 2.4765625], [3.0, 2.474609375], [3.0, 2.47265625], [3.0, 2.470703125], [3.0, 2.46875], [3.0, 2.466796875], [3.0, 2.46484375], [3.0, 2.462890625], [3.0, 2.4609375], [3.0, 2.458984375], [3.0, 2.45703125], [3.0, 2.455078125], [3.0, 2.453125], [3.0, 2.451171875], [3.0, 2.44921875], [3.0, 2.447265625], [3.0, 2.4453125], [3.0, 2.443359375], [3.0, 2.44140625], [3.0, 2.439453125], [3.0, 2.4375], [3.0, 2.435546875], [3.0, 2.43359375], [3.0, 2.431640625], [3.0, 2.4296875], [3.0, 2.427734375], [3.0, 2.42578125], [3.0, 2.423828125], [3.0, 2.421875], [3.0, 2.419921875], [3.0, 2.41796875], [3.0, 2.416015625], [3.0, 2.4140625], [3.0, 2.412109375], [3.0, 2.41015625], [3.0, 2.408203125], [3.0, 2.40625], [3.0, 2.404296875], [3.0, 2.40234375], [3.0, 2.400390625], [3.0, 2.3984375], [3.0, 2.396484375], [3.0, 2.39453125], [3.0, 2.392578125], [3.0, 2.390625], [3.0, 2.388671875], [3.0, 2.38671875], [3.0, 2.384765625], [3.0, 2.3828125], [3.0, 2.380859375], [3.0, 2.37890625], [3.0, 2.376953125], [3.0, 2.375], [3.0, 2.373046875], [3.0, 2.37109375], [3.0, 2.369140625], [3.0, 2.3671875], [3.0, 2.365234375], [3.0, 2.36328125], [3.0, 2.361328125], [3.0, 2.359375], [3.0, 2.357421875], [3.0, 2.35546875], [3.0, 2.353515625], [3.0, 2.3515625], [3.0, 2.349609375], [3.0, 2.34765625], [3.0, 2.345703125], [3.0, 2.34375], [3.0, 2.341796875], [3.0, 2.33984375], [3.0, 2.337890625], [3.0, 2.3359375], [3.0, 2.333984375], [3.0, 2.33203125], [3.0, 2.330078125], [3.0, 2.328125], [3.0, 2.326171875], [3.0, 2.32421875], [3.0, 2.322265625], [3.0, 2.3203125], [3.0, 2.318359375], [3.0, 2.31640625], [3.0, 2.314453125], [3.0, 2.3125], [3.0, 2.310546875], [3.0, 2.30859375], [3.0, 2.306640625], [3.0, 2.3046875], [3.0, 2.302734375], [3.0, 2.30078125], [3.0, 2.298828125], [3.0, 2.296875], [3.0, 2.294921875], [3.0, 2.29296875], [3.0, 2.291015625], [3.0, 2.2890625], [3.0, 2.287109375], [3.0, 2.28515625], [3.0, 2.283203125], [3.0, 2.28125], [3.0, 2.279296875], [3.0, 2.27734375], [3.0, 2.275390625], [3.0, 2.2734375], [3.0, 2.271484375], [3.0, 2.26953125], [3.0, 2.267578125], [3.0, 2.265625], [3.0, 2.263671875], [3.0, 2.26171875], [3.0, 2.259765625], [3.0, 2.2578125], [3.0, 2.255859375], [3.0, 2.25390625], [3.0, 2.251953125], [3.0, 2.25], [3.0, 2.248046875], [3.0, 2.24609375], [3.0, 2.244140625], [3.0, 2.2421875], [3.0, 2.240234375], [3.0, 2.23828125], [3.0, 2.236328125], [3.0, 2.234375], [3.0, 2.232421875], [3.0, 2.23046875], [3.0, 2.228515625], [3.0, 2.2265625], [3.0, 2.224609375], [3.0, 2.22265625], [3.0, 2.220703125], [3.0, 2.21875], [3.0, 2.216796875], [3.0, 2.21484375], [3.0, 2.212890625], [3.0, 2.2109375], [3.0, 2.208984375], [3.0, 2.20703125], [3.0, 2.205078125], [3.0, 2.203125], [3.0, 2.201171875], [3.0, 2.19921875], [3.0, 2.197265625], [3.0, 2.1953125], [3.0, 2.193359375], [3.0, 2.19140625], [3.0, 2.189453125], [3.0, 2.1875], [3.0, 2.185546875], [3.0, 2.18359375], [3.0, 2.181640625], [3.0, 2.1796875], [3.0, 2.177734375], [3.0, 2.17578125], [3.0, 2.173828125], [3.0, 2.171875], [3.0, 2.169921875], [3.0, 2.16796875], [3.0, 2.166015625], [3.0, 2.1640625], [3.0, 2.162109375], [3.0, 2.16015625], [3.0, 2.158203125], [3.0, 2.15625], [3.0, 2.154296875], [3.0, 2.15234375], [3.0, 2.150390625], [3.0, 2.1484375], [3.0, 2.146484375], [3.0, 2.14453125], [3.0, 2.142578125], [3.0, 2.140625], [3.0, 2.138671875], [3.0, 2.13671875], [3.0, 2.134765625], [3.0, 2.1328125], [3.0, 2.130859375], [3.0, 2.12890625], [3.0, 2.126953125], [3.0, 2.125], [3.0, 2.123046875], [3.0, 2.12109375], [3.0, 2.119140625], [3.0, 2.1171875], [3.0, 2.115234375], [3.0, 2.11328125], [3.0, 2.111328125], [3.0, 2.109375], [3.0, 2.107421875], [3.0, 2.10546875], [3.0, 2.103515625], [3.0, 2.1015625], [3.0, 2.099609375], [3.0, 2.09765625], [3.0, 2.095703125], [3.0, 2.09375], [3.0, 2.091796875], [3.0, 2.08984375], [3.0, 2.087890625], [3.0, 2.0859375], [3.0, 2.083984375], [3.0, 2.08203125], [3.0, 2.080078125], [3.0, 2.078125], [3.0, 2.076171875], [3.0, 2.07421875], [3.0, 2.072265625], [3.0, 2.0703125], [3.0, 2.068359375], [3.0, 2.06640625], [3.0, 2.064453125], [3.0, 2.0625], [3.0, 2.060546875], [3.0, 2.05859375], [3.0, 2.056640625], [3.0, 2.0546875], [3.0, 2.052734375], [3.0, 2.05078125], [3.0, 2.048828125], [3.0, 2.046875], [3.0, 2.044921875], [3.0, 2.04296875], [3.0, 2.041015625], [3.0, 2.0390625], [3.0, 2.037109375], [3.0, 2.03515625], [3.0, 2.033203125], [3.0, 2.03125], [3.0, 2.029296875], [3.0, 2.02734375], [3.0, 2.025390625], [3.0, 2.0234375], [3.0, 2.021484375], [3.0, 2.01953125], [3.0, 2.017578125], [3.0, 2.015625], [3.0, 2.013671875], [3.0, 2.01171875], [3.0, 2.009765625], [3.0, 2.0078125], [3.0, 2.005859375], [3.0, 2.00390625], [3.0, 2.001953125], [3, 2]]]}}, {"type": "Feature", "id": "c4-2", "properties": {"id": "c4-2", "name": "cell 4,2", "value": 4.0922}, "geometry": {"type": "Polygon", "coordinates": [[[4.0, 2.0], [4.001953125, 2.0], [4.00390625, 2.0], [4.005859375, 2.0], [4.0078125, 2.0], [4.009765625, 2.0], [4.01171875, 2.0], [4.013671875, 2.0], [4.015625, 2.0], [4.017578125, 2.0], [4.01953125, 2.0], [4.021484375, 2.0], [4.0234375, 2.0], [4.025390625, 2.0], [4.02734375, 2.0], [4.029296875, 2.0], [4.03125, 2.0], [4.033203125, 2.0], [4.03515625, 2.0], [4.037109375, 2.0], [4.0390625, 2.0], [4.041015625, 2.0], [4.04296875, 2.0], [4.044921875, 2.0], [4.046875, 2.0], [4.048828125, 2.0], [4.05078125, 2.0], [4.052734375, 2.0], [4.0546875, 2.0], [4.056640625, 2.0], [4.05859375, 2.0], [4.060546875, 2.0], [4.0625, 2.0], [4.064453125, 2.0], [4.06640625, 2.0], [4.068359375, 2.0], [4.0703125, 2.0], [4.072265625, 2.0], [4.07421875, 2.0], [4.076171875, 2.0], [4.078125, 2.0], [4.080078125, 2.0], [4.08203125, 2.0], [4.083984375, 2.0], [4.0859375, 2.0], [4.087890625, 2.0], [4.08984375, 2.0], [4.091796875, 2.0], [4.09375, 2.0], [4.095703125, 2.0], [4.09765625, 2.0], [4.099609375, 2.0], [4.1015625, 2.0], [4.103515625, 2.0], [4.10546875, 2.0], [4.107421875, 2.0], [4.109375, 2.0], [4.111328125, 2.0], [4.11328125, 2.0], [4.115234375, 2.0], [4.1171875, 2.0], [4.119140625, 2.0], [4.12109375, 2.0], [4.123046875, 2.0], [4.125, 2.0], [4.126953125, 2.0], [4.12890625, 2.0], [4.130859375, 2.0], [4.1328125, 2.0], [4.134765625, 2.0], [4.13671875, 2.0], [4.138671875, 2.0], [4.140625, 2.0], [4.142578125, 2.0], [4.14453125, 2.0], [4.146484375, 2.0], [4.1484375, 2.0], [4.150390625, 2.0], [4.15234375, 2.0], [4.154296875, 2.0], [4.15625, 2.0], [4.158203125, 2.0], [4.16015625, 2.0], [4.162109375, 2.0], [4.1640625, 2.0], [4.166015625, 2.0], [4.16796875, 2.0], [4.169921875, 2.0], [4.171875, 2.0], [4.173828125, 2.0], [4.17578125, 2.0], [4.177734375, 2.0], [4.1796875, 2.0], [4.181640625, 2.0], [4.18359375, 2.0], [4.185546875, 2.0], [4.1875, 2.0], [4.189453125, 2.0], [4.19140625, 2.0], [4.193359375, 2.0], [4.1953125, 2.0], [4.197265625, 2.0], [4.19921875, 2.0], [4.201171875, 2.0], [4.203125, 2.0], [4.205078125, 2.0], [4.20703125, 2.0], [4.208984375, 2.0], [4.2109375, 2.0], [4.212890625, 2.0], [4.21484375, 2.0], [4.216796875, 2.0], [4.21875, 2.0], [4.220703125, 2.0], [4.22265625, 2.0], [4.224609375, 2.0], [4.2265625, 2.0], [4.228515625, 2.0], [4.23046875, 2.0], [4.232421875, 2.0], [4.234375, 2.0], [4.236328125, 2.0], [4.23828125, 2.0], [4.240234375, 2.0], [4.2421875, 2.0], [4.244140625, 2.0], [4.24609375, 2.0], [4.248046875, 2.0], [4.25, 2.0], [4.251953125, 2.0], [4.25390625, 2.0], [4.255859375, 2.0], [4.2578125, 2.0], [4.259765625, 2.0], [4.26171875, 2.0], [4.263671875, 2.0], [4.265625, 2.0], [4.267578125, 2.0], [4.26953125, 2.0], [4.271484375, 2.0], [4.2734375, 2.0], [4.275390625, 2.0], [4.27734375, 2.0], [4.279296875, 2.0], [4.28125, 2.0], [4.283203125, 2.0], [4.28515625, 2.0], [4.287109375, 2.0], [4.2890625, 2.0], [4.291015625, 2.0], [4.29296875, 2.0], [4.294921875, 2.0], [4.296875, 2.0], [4.298828125, 2.0], [4.30078125, 2.0], [4.302734375, 2.0], [4.3046875, 2.0], [4.306640625, 2.0], [4.30859375, 2.0], [4.310546875, 2.0], [4.3125, 2.0], [4.314453125, 2.0], [4.31640625, 2.0], [4.318359375, 2.0], [4.3203125, 2.0], [4.322265625, 2.0], [4.32421875, 2.0], [4.326171875, 2.0], [4.328125, 2.0], [4.330078125, 2.0], [4.33203125, 2.0], [4.333984375, 2.0], [4.3359375, 2.0], [4.337890625, 2.0], [4.33984375, 2.0], [4.341796875, 2.0], [4.34375, 2.0], [4.345703125, 2.0], [4.34765625, 2.0], [4.349609375, 2.0], [4.3515625, 2.0], [4.353515625, 2.0], [4.35546875, 2.0], [4.357421875, 2.0], [4.359375, 2.0], [4.361328125, 2.0], [4.36328125, 2.0], [4.365234375, 2.0], [4.3671875, 2.0], [4.369140625, 2.0], [4.37109375, 2.0], [4.373046875, 2.0], [4.375, 2.0], [4.376953125, 2.0], [4.37890625, 2.0], [4.380859375, 2.0], [4.3828125, 2.0], [4.384765625, 2.0], [4.38671875, 2.0], [4.388671875, 2.0], [4.390625, 2.0], [4.392578125, 2.0], [4.39453125, 2.0], [4.396484375, 2.0], [4.3984375, 2.0], [4.400390625, 2.0], [4.40234375, 2.0], [4.404296875, 2.0], [4.40625, 2.0], [4.408203125, 2.0], [4.41015625, 2.0], [4.412109375, 2.0], [4.4140625, 2.0], [4.416015625, 2.0], [4.41796875, 2.0], [4.419921875, 2.0], [4.421875, 2.0], [4.423828125, 2.0], [4.42578125, 2.0], [4.427734375, 2.0], [4.4296875, 2.0], [4.431640625, 2.0], [4.43359375, 2.0], [4.435546875, 2.0], [4.4375, 2.0], [4.439453125, 2.0], [4.44140625, 2.0], [4.443359375, 2.0], [4.4453125, 2.0], [4.447265625, 2.0], [4.44921875, 2.0], [4.451171875, 2.0], [4.453125, 2.0], [4.455078125, 2.0], [4.45703125, 2.0], [4.458984375, 2.0], [4.4609375, 2.0], [4.462890625, 2.0], [4.46484375, 2.0], [4.466796875, 2.0], [4.46875, 2.0], [4.470703125, 2.0], [4.47265625, 2.0], [4.474609375, 2.0], [4.4765625, 2.0], [4.478515625, 2.0], [4.48046875, 2.0], [4.482421875, 2.0], [4.484375, 2.0], [4.486328125, 2.0], [4.48828125, 2.0], [4.490234375, 2.0], [4.4921875, 2.0], [4.494140625, 2.0], [4.49609375, 2.0], [4.498046875, 2.0], [4.5, 2.0], [4.501953125, 2.0], [4.50390625, 2.0], [4.505859375, 2.0], [4.5078125, 2.0], [4.509765625, 2.0], [4.51171875, 2.0], [4.513671875, 2.0], [4.515625, 2.0], [4.517578125, 2.0], [4.51953125, 2.0], [4.521484375, 2.0], [4.5234375, 2.0], [4.525390625, 2.0], [4.52734375, 2.0], [4.529296875, 2.0], [4.53125, 2.0], [4.533203125, 2.0], [4.53515625, 2.0], [4.537109375, 2.0], [4.5390625, 2.0], [4.541015625, 2.0], [4.54296875, 2.0], [4.544921875, 2.0], [4.546875, 2.0], [4.548828125, 2.0], [4.55078125, 2.0], [4.552734375, 2.0], [4.5546875, 2.0], [4.556640625, 2.0], [4.55859375, 2.0], [4.560546875, 2.0], [4.5625, 2.0], [4.564453125, 2.0], [4.56640625, 2.0], [4.568359375, 2.0], [4.5703125, 2.0], [4.572265625, 2.0], [4.57421875, 2.0], [4.576171875, 2.0], [4.578125, 2.0], [4.580078125, 2.0], [4.58203125, 2.0], [4.583984375, 2.0], [4.5859375, 2.0], [4.587890625, 2.0], [4.58984375, 2.0], [4.591796875, 2.0], [4.59375, 2.0], [4.595703125, 2.0], [4.59765625, 2.0], [4.599609375, 2.0], [4.6015625, 2.0], [4.603515625, 2.0], [4.60546875, 2.0], [4.607421875, 2.0], [4.609375, 2.0], [4.611328125, 2.0], [4.61328125, 2.0], [4.615234375, 2.0], [4.6171875, 2.0], [4.619140625, 2.0], [4.62109375, 2.0], [4.623046875, 2.0], [4.625, 2.0], [4.626953125, 2.0], [4.62890625, 2.0], [4.630859375, 2.0], [4.6328125, 2.0], [4.634765625, 2.0], [4.63671875, 2.0], [4.638671875, 2.0], [4.640625, 2.0], [4.642578125, 2.0], [4.64453125, 2.0], [4.646484375, 2.0], [4.6484375, 2.0], [4.650390625, 2.0], [4.65234375, 2.0], [4.654296875, 2.0], [4.65625, 2.0], [4.658203125, 2.0], [4.66015625, 2.0], [4.662109375, 2.0], [4.6640625, 2.0], [4.666015625, 2.0], [4.66796875, 2.0], [4.669921875, 2.0], [4.671875, 2.0], [4.673828125, 2.0], [4.67578125, 2.0], [4.677734375, 2.0], [4.6796875, 2.0], [4.681640625, 2.0], [4.68359375, 2.0], [4.685546875, 2.0], [4.6875, 2.0], [4.689453125, 2.0], [4.69140625, 2.0], [4.693359375, 2.0], [4.6953125, 2.0], [4.697265625, 2.0], [4.69921875, 2.0], [4.701171875, 2.0], [4.703125, 2.0], [4.705078125, 2.0], [4.70703125, 2.0], [4.708984375, 2.0], [4.7109375, 2.0], [4.712890625, 2.0], [4.71484375, 2.0], [4.716796875, 2.0], [4.71875, 2.0], [4.720703125, 2.0], [4.72265625, 2.0], [4.724609375, 2.0], [4.7265625, 2.0], [4.728515625, 2.0], [4.73046875, 2.0], [4.732421875, 2.0], [4.734375, 2.0], [4.736328125, 2.0], [4.73828125, 2.0], [4.740234375, 2.0], [4.7421875, 2.0], [4.744140625, 2.0], [4.74609375, 2.0], [4.748046875, 2.0], [4.75, 2.0], [4.751953125, 2.0], [4.75390625, 2.0], [4.755859375, 2.0], [4.7578125, 2.0], [4.759765625, 2.0], [4.76171875, 2.0], [4.763671875, 2.0], [4.765625, 2.0], [4.767578125, 2.0], [4.76953125, 2.0], [4.771484375, 2.0], [4.7734375, 2.0], [4.775390625, 2.0], [4.77734375, 2.0], [4.779296875, 2.0], [4.78125, 2.0], [4.783203125, 2.0], [4.78515625, 2.0], [4.787109375, 2.0], [4.7890625, 2.0], [4.791015625, 2.0], [4.79296875, 2.0], [4.794921875, 2.0], [4.796875, 2.0], [4.798828125, 2.0], [4.80078125, 2.0], [4.802734375, 2.0], [4.8046875, 2.0], [4.806640625, 2.0], [4.80859375, 2.0], [4.810546875, 2.0], [4.8125, 2.0], [4.814453125, 2.0], [4.81640625, 2.0], [4.818359375, 2.0], [4.8203125, 2.0], [4.822265625, 2.0], [4.82421875, 2.0], [4.826171875, 2.0], [4.828125, 2.0], [4.830078125, 2.0], [4.83203125, 2.0], [4.833984375, 2.0], [4.8359375, 2.0], [4.837890625, 2.0], [4.83984375, 2.0], [4.841796875, 2.0], [4.84375, 2.0], [4.845703125, 2.0], [4.84765625, 2.0], [4.849609375, 2.0], [4.8515625, 2.0], [4.853515625, 2.0], [4.85546875, 2.0], [4.857421875, 2.0], [4.859375, 2.0], [4.861328125, 2.0], [4.86328125, 2.0], [4.865234375, 2.0], [4.8671875, 2.0], [4.869140625, 2.0], [4.87109375, 2.0], [4.873046875, 2.0], [4.875, 2.0], [4.876953125, 2.0], [4.87890625, 2.0], [4.880859375, 2.0], [4.8828125, 2.0], [4.884765625, 2.0], [4.88671875, 2.0], [4.888671875, 2.0], [4.890625, 2.0], [4.892578125, 2.0], [4.89453125, 2.0], [4.896484375, 2.0], [4.8984375, 2.0], [4.900390625, 2.0], [4.90234375, 2.0], [4.904296875, 2.0], [4.90625, 2.0], [4.908203125, 2.0], [4.91015625, 2.0], [4.912109375, 2.0], [4.9140625, 2.0], [4.916015625, 2.0], [4.91796875, 2.0], [4.919921875, 2.0], [4.921875, 2.0], [4.923828125, 2.0], [4.92578125, 2.0], [4.927734375, 2.0], [4.9296875, 2.0], [4.931640625, 2.0], [4.93359375, 2.0], [4.935546875, 2.0], [4.9375, 2.0], [4.939453125, 2.0], [4.94140625, 2.0], [4.943359375, 2.0], [4.9453125, 2.0], [4.947265625, 2.0], [4.94921875, 2.0], [4.951171875, 2.0], [4.953125, 2.0], [4.955078125, 2.0], [4.95703125, 2.0], [4.958984375, 2.0], [4.9609375, 2.0], [4.962890625, 2.0], [4.96484375, 2.0], [4.966796875, 2.0], [4.96875, 2.0], [4.970703125, 2.0], [4.97265625, 2.0], [4.974609375, 2.0], [4.9765625, 2.0], [4.978515625, 2.0], [4.98046875, 2.0], [4.982421875, 2.0], [4.984375, 2.0], [4.986328125, 2.0], [4.98828125, 2.0], [4.990234375, 2.0], [4.9921875, 2.0], [4.994140625, 2.0], [4.99609375, 2.0], [4.998046875, 2.0], [5.0, 2.0], [5.0, 2.001953125], [5.0, 2.00390625], [5.0, 2.005859375], [5.0, 2.0078125], [5.0, 2.009765625], [5.0, 2.01171875], [5.0, 2.013671875], [5.0, 2.015625], [5.0, 2.017578125], [5.0, 2.01953125], [5.0, 2.021484375], [5.0, 2.0234375], [5.0, 2.025390625], [5.0, 2.02734375], [5.0, 2.029296875], [5.0, 2.03125], [5.0, 2.033203125], [5.0, 2.03515625], [5.0, 2.037109375], [5.0, 2.0390625], [5.0, 2.041015625], [5.0, 2.04296875], [5.0, 2.044921875], [5.0, 2.046875], [5.0, 2.048828125], [5.0, 2.05078125], [5.0, 2.052734375], [5.0, 2.0546875], [5.0, 2.056640625], [5.0, 2.05859375], [5.0, 2.060546875], [5.0, 2.0625], [5.0, 2.064453125], [5.0, 2.06640625], [5.0, 2.068359375], [5.0, 2.0703125], [5.0, 2.072265625], [5.0, 2.07421875], [5.0, 2.076171875], [5.0, 2.078125], [5.0, 2.080078125], [5.0, 2.08203125], [5.0, 2.083984375], [5.0, 2.0859375], [5.0, 2.087890625], [5.0, 2.08984375], [5.0, 2.091796875], [5.0, 2.09375], [5.0, 2.095703125], [5.0, 2.09765625], [5.0, 2.099609375], [5.0, 2.1015625], [5.0, 2.103515625], [5.0, 2.10546875], [5.0, 2.107421875], [5.0, 2.109375], [5.0, 2.111328125], [5.0, 2.11328125], [5.0, 2.115234375], [5.0, 2.1171875], [5.0, 2.119140625], [5.0, 2.12109375], [5.0, 2.123046875], [5.0, 2.125], [5.0, 2.126953125], [5.0, 2.12890625], [5.0, 2.130859375], [5.0, 2.1328125], [5.0, 2.134765625], [5.0, 2.13671875], [5.0, 2.138671875], [5.0, 2.140625], [5.0, 2.142578125], [5.0, 2.14453125], [5.0, 2.146484375], [5.0, 2.1484375], [5.0, 2.150390625], [5.0, 2.15234375], [5.0, 2.154296875], [5.0, 2.15625], [5.0, 2.158203125], [5.0, 2.16015625], [5.0, 2.162109375], [5.0, 2.1640625], [5.0, 2.166015625], [5.0, 2.16796875], [5.0, 2.169921875], [5.0, 2.171875], [5.0, 2.173828125], [5.0, 2.17578125], [5.0, 2.177734375], [5.0, 2.1796875], [5.0, 2.181640625], [5.0, 2.18359375], [5.0, 2.185546875], [5.0, 2.1875], [5.0, 2.189453125], [5.0, 2.19140625], [5.0, 2.193359375], [5.0, 2.1953125], [5.0, 2.197265625], [5.0, 2.19921875], [5.0, 2.201171875], [5.0, 2.203125], [5.0, 2.205078125], [5.0, 2.20703125], [5.0, 2.208984375], [5.0, 2.2109375], [5.0, 2.212890625], [5.0, 2.21484375], [5.0, 2.216796875], [5.0, 2.21875], [5.0, 2.220703125], [5.0, 2.22265625], [5.0, 2.224609375], [5.0, 2.2265625], [5.0, 2.228515625], [5.0, 2.23046875], [5.0, 2.232421875], [5.0, 2.234375], [5.0, 2.236328125], [5.0, 2.23828125], [5.0, 2.240234375], [5.0, 2.2421875], [5.0, 2.244140625], [5.0, 2.24609375], [5.0, 2.248046875], [5.0, 2.25], [5.0, 2.251953125], [5.0, 2.25390625], [5.0, 2.255859375], [5.0, 2.2578125], [5.0, 2.259765625], [5.0, 2.26171875], [5.0, 2.263671875], [5.0, 2.265625], [5.0, 2.267578125], [5.0, 2.26953125], [5.0, 2.271484375], [5.0, 2.2734375], [5.0, 2.275390625], [5.0, 2.27734375], [5.0, 2.279296875], [5.0, 2.28125], [5.0, 2.283203125], [5.0, 2.28515625], [5.0, 2.287109375], [5.0, 2.2890625], [5.0, 2.291015625], [5.0, 2.29296875], [5.0, 2.294921875], [5.0, 2.296875], [5.0, 2.298828125], [5.0, 2.30078125], [5.0, 2.302734375], [5.0, 2.3046875], [5.0, 2.306640625], [5.0, 2.30859375], [5.0, 2.310546875], [5.0, 2.3125], [5.0, 2.314453125], [5.0, 2.31640625], [5.0, 2.318359375], [5.0, 2.3203125], [5.0, 2.322265625], [5.0, 2.32421875], [5.0, 2.326171875], [5.0, 2.328125], [5.0, 2.330078125], [5.0, 2.33203125], [5.0, 2.333984375], [5.0, 2.3359375], [5.0, 2.337890625], [5.0, 2.33984375], [5.0, 2.341796875], [5.0, 2.34375], [5.0, 2.345703125], [5.0, 2.34765625], [5.0, 2.349609375], [5.0, 2.3515625], [5.0, 2.353515625], [5.0, 2.35546875], [5.0, 2.357421875], [5.0, 2.359375], [5.0, 2.361328125], [5.0, 2.36328125], [5.0, 2.365234375], [5.0, 2.3671875], [5.0, 2.369140625], [5.0, 2.37109375], [5.0, 2.373046875], [5.0, 2.375], [5.0, 2.376953125], [5.0, 2.37890625], [5.0, 2.380859375], [5.0, 2.3828125], [5.0, 2.384765625], [5.0, 2.38671875], [5.0, 2.388671875], [5.0, 2.390625], [5.0, 2.392578125], [5.0, 2.39453125], [5.0, 2.396484375], [5.0, 2.3984375], [5.0, 2.400390625], [5.0, 2.40234375], [5.0, 2.404296875], [5.0, 2.40625], [5.0, 2.408203125], [5.0, 2.41015625], [5.0, 2.412109375], [5.0, 2.4140625], [5.0, 2.416015625], [5.0, 2.41796875], [5.0, 2.419921875], [5.0, 2.421875], [5.0, 2.423828125], [5.0, 2.42578125], [5.0, 2.427734375], [5.0, 2.4296875], [5.0, 2.431640625], [5.0, 2.43359375], [5.0, 2.435546875], [5.0, 2.4375], [5.0, 2.439453125], [5.0, 2.44140625], [5.0, 2.443359375], [5.0, 2.4453125], [5.0, 2.447265625], [5.0, 2.44921875], [5.0, 2.451171875], [5.0, 2.453125], [5.0, 2.455078125], [5.0, 2.45703125], [5.0, 2.458984375], [5.0, 2.4609375], [5.0, 2.462890625], [5.0, 2.46484375], [5.0, 2.466796875], [5.0, 2.46875], [5.0, 2.470703125], [5.0, 2.47265625], [5.0, 2.474609375], [5.0, 2.4765625], [5.0, 2.478515625], [5.0, 2.48046875], [5.0, 2.482421875], [5.0, 2.484375], [5.0, 2.486328125], [5.0, 2.48828125], [5.0, 2.490234375], [5.0, 2.4921875], [5.0, 2.494140625], [5.0, 2.49609375], [5.0, 2.498046875], [5.0, 2.5], [5.0, 2.501953125], [5.0, 2.50390625], [5.0, 2.505859375], [5.0, 2.5078125], [5.0, 2.509765625], [5.0, 2.51171875], [5.0, 2.513671875], [5.0, 2.515625], [5.0, 2.517578125], [5.0, 2.51953125], [5.0, 2.521484375], [5.0, 2.5234375], [5.0, 2.525390625], [5.0, 2.52734375], [5.0, 2.529296875], [5.0, 2.53125], [5.0, 2.533203125], [5.0, 2.53515625], [5.0, 2.537109375], [5.0, 2.5390625], [5.0, 2.541015625], [5.0, 2.54296875], [5.0, 2.544921875], [5.0, 2.546875], [5.0, 2.548828125], [5.0, 2.55078125], [5.0, 2.552734375], [5.0, 2.5546875], [5.0, 2.556640625], [5.0, 2.55859375], [5.0, 2.560546875], [5.0, 2.5625], [5.0, 2.564453125], [5.0, 2.56640625], [5.0, 2.568359375], [5.0, 2.5703125], [5.0, 2.572265625], [5.0, 2.57421875], [5.0, 2.576171875], [5.0, 2.578125], [5.0, 2.580078125], [5.0, 2.58203125], [5.0, 2.583984375], [5.0, 2.5859375], [5.0, 2.587890625], [5.0, 2.58984375], [5.0, 2.591796875], [5.0, 2.59375], [5.0, 2.595703125], [5.0, 2.59765625], [5.0, 2.599609375], [5.0, 2.6015625], [5.0, 2.603515625], [5.0, 2.60546875], [5.0, 2.607421875], [5.0, 2.609375], [5.0, 2.611328125], [5.0, 2.61328125], [5.0, 2.615234375], [5.0, 2.6171875], [5.0, 2.619140625], [5.0, 2.62109375], [5.0, 2.623046875], [5.0, 2.625], [5.0, 2.626953125], [5.0, 2.62890625], [5.0, 2.630859375], [5.0, 2.6328125], [5.0, 2.634765625], [5.0, 2.63671875], [5.0, 2.638671875], [5.0, 2.640625], [5.0, 2.642578125], [5.0, 2.64453125], [5.0, 2.646484375], [5.0, 2.6484375], [5.0, 2.650390625], [5.0, 2.65234375], [5.0, 2.654296875], [5.0, 2.65625], [5.0, 2.658203125], [5.0, 2.66015625], [5.0, 2.662109375], [5.0, 2.6640625], [5.0, 2.666015625], [5.0, 2.66796875], [5.0, 2.669921875], [5.0, 2.671875], [5.0, 2.673828125], [5.0, 2.67578125], [5.0, 2.677734375], [5.0, 2.6796875], [5.0, 2.681640625], [5.0, 2.68359375], [5.0, 2.685546875], [5.0, 2.6875], [5.0, 2.689453125], [5.0, 2.69140625], [5.0, 2.693359375], [5.0, 2.6953125], [5.0, 2.697265625], [5.0, 2.69921875], [5.0, 2.701171875], [5.0, 2.703125], [5.0, 2.705078125], [5.0, 2.70703125], [5.0, 2.708984375], [5.0, 2.7109375], [5.0, 2.712890625], [5.0, 2.71484375], [5.0, 2.716796875], [5.0, 2.71875], [5.0, 2.720703125], [5.0, 2.72265625], [5.0, 2.724609375], [5.0, 2.7265625], [5.0, 2.728515625], [5.0, 2.73046875], [5.0, 2.732421875], [5.0, 2.734375], [5.0, 2.736328125], [5.0, 2.73828125], [5.0, 2.740234375], [5.0, 2.7421875], [5.0, 2.744140625], [5.0, 2.74609375], [5.0, 2.748046875], [5.0, 2.75], [5.0, 2.751953125], [5.0, 2.75390625], [5.0, 2.755859375], [5.0, 2.7578125], [5.0, 2.759765625], [5.0, 2.76171875], [5.0, 2.763671875], [5.0, 2.765625], [5.0, 2.767578125], [5.0, 2.76953125], [5.0, 2.771484375], [5.0, 2.7734375], [5.0, 2.775390625], [5.0, 2.77734375], [5.0, 2.779296875], [5.0, 2.78125], [5.0, 2.783203125], [5.0, 2.78515625], [5.0, 2.787109375], [5.0, 2.7890625], [5.0, 2.791015625], [5.0, 2.79296875], [5.0, 2.794921875], [5.0, 2.796875], [5.0, 2.798828125], [5.0, 2.80078125], [5.0, 2.802734375], [5.0, 2.8046875], [5.0, 2.806640625], [5.0, 2.80859375], [5.0, 2.810546875], [5.0, 2.8125], [5.0, 2.814453125], [5.0, 2.81640625], [5.0, 2.818359375], [5.0, 2.8203125], [5.0, 2.822265625], [5.0, 2.82421875], [5.0, 2.826171875], [5.0, 2.828125], [5.0, 2.830078125], [5.0, 2.83203125], [5.0, 2.833984375], [5.0, 2.8359375], [5.0, 2.837890625], [5.0, 2.83984375], [5.0, 2.841796875], [5.0, 2.84375], [5.0, 2.845703125], [5.0, 2.84765625], [5.0, 2.849609375], [5.0, 2.8515625], [5.0, 2.853515625], [5.0, 2.85546875], [5.0, 2.857421875], [5.0, 2.859375], [5.0, 2.861328125], [5.0, 2.86328125], [5.0, 2.865234375], [5.0, 2.8671875], [5.0, 2.869140625], [5.0, 2.87109375], [5.0, 2.873046875], [5.0, 2.875], [5.0, 2.876953125], [5.0, 2.87890625], [5.0, 2.880859375], [5.0, 2.8828125], [5.0, 2.884765625], [5.0, 2.88671875], [5.0, 2.888671875], [5.0, 2.890625], [5.0, 2.892578125], [5.0, 2.89453125], [5.0, 2.896484375], [5.0, 2.8984375], [5.0, 2.900390625], [5.0, 2.90234375], [5.0, 2.904296875], [5.0, 2.90625], [5.0, 2.908203125], [5.0, 2.91015625], [5.0, 2.912109375], [5.0, 2.9140625], [5.0, 2.916015625], [5.0, 2.91796875], [5.0, 2.919921875], [5.0, 2.921875], [5.0, 2.923828125], [5.0, 2.92578125], [5.0, 2.927734375], [5.0, 2.9296875], [5.0, 2.931640625], [5.0, 2.93359375], [5.0, 2.935546875], [5.0, 2.9375], [5.0, 2.939453125], [5.0, 2.94140625], [5.0, 2.943359375], [5.0, 2.9453125], [5.0, 2.947265625], [5.0, 2.94921875], [5.0, 2.951171875], [5.0, 2.953125], [5.0, 2.955078125], [5.0, 2.95703125], [5.0, 2.958984375], [5.0, 2.9609375], [5.0, 2.962890625], [5.0, 2.96484375], [5.0, 2.966796875], [5.0, 2.96875], [5.0, 2.970703125], [5.0, 2.97265625], [5.0, 2.974609375], [5.0, 2.9765625], [5.0, 2.978515625], [5.0, 2.98046875], [5.0, 2.982421875], [5.0, 2.984375], [5.0, 2.986328125], [5.0, 2.98828125], [5.0, 2.990234375], [5.0, 2.9921875], [5.0, 2.994140625], [5.0, 2.99609375], [5.0, 2.998046875], [5.0, 3.0], [4.998046875, 3.0], [4.99609375, 3.0], [4.994140625, 3.0], [4.9921875, 3.0], [4.990234375, 3.0], [4.98828125, 3.0], [4.986328125, 3.0], [4.984375, 3.0], [4.982421875, 3.0], [4.98046875, 3.0], [4.978515625, 3.0], [4.9765625, 3.0], [4.974609375, 3.0], [4.97265625, 3.0], [4.970703125, 3.0], [4.96875, 3.0], [4.966796875, 3.0], [4.96484375, 3.0], [4.962890625, 3.0], [4.9609375, 3.0], [4.958984375, 3.0], [4.95703125, 3.0], [4.955078125, 3.0], [4.953125, 3.0], [4.951171875, 3.0], [4.94921875, 3.0], [4.947265625, 3.0], [4.9453125, 3.0], [4.943359375, 3.0], [4.94140625, 3.0], [4.939453125, 3.0], [4.9375, 3.0], [4.935546875, 3.0], [4.93359375, 3.0], [4.931640625, 3.0], [4.9296875, 3.0], [4.927734375, 3.0], [4.92578125, 3.0], [4.923828125, 3.0], [4.921875, 3.0], [4.919921875, 3.0], [4.91796875, 3.0], [4.916015625, 3.0], [4.9140625, 3.0], [4.912109375, 3.0], [4.91015625, 3.0], [4.908203125, 3.0], [4.90625, 3.0], [4.904296875, 3.0], [4.90234375, 3.0], [4.900390625, 3.0], [4.8984375, 3.0], [4.896484375, 3.0], [4.89453125, 3.0], [4.892578125, 3.0], [4.890625, 3.0], [4.888671875, 3.0], [4.88671875, 3.0], [4.884765625, 3.0], [4.8828125, 3.0], [4.880859375, 3.0], [4.87890625, 3.0], [4.876953125, 3.0], [4.875, 3.0], [4.873046875, 3.0], [4.87109375, 3.0], [4.869140625, 3.0], [4.8671875, 3.0], [4.865234375, 3.0], [4.86328125, 3.0], [4.861328125, 3.0], [4.859375, 3.0], [4.857421875, 3.0], [4.85546875, 3.0], [4.853515625, 3.0], [4.8515625, 3.0], [4.849609375, 3.0], [4.84765625, 3.0], [4.845703125, 3.0], [4.84375, 3.0], [4.841796875, 3.0], [4.83984375, 3.0], [4.837890625, 3.0], [4.8359375, 3.0], [4.833984375, 3.0], [4.83203125, 3.0], [4.830078125, 3.0], [4.828125, 3.0], [4.826171875, 3.0], [4.82421875, 3.0], [4.822265625, 3.0], [4.8203125, 3.0], [4.818359375, 3.0], [4.81640625, 3.0], [4.814453125, 3.0], [4.8125, 3.0], [4.810546875, 3.0], [4.80859375, 3.0], [4.806640625, 3.0], [4.8046875, 3.0], [4.802734375, 3.0], [4.80078125, 3.0], [4.798828125, 3.0], [4.796875, 3.0], [4.794921875, 3.0], [4.79296875, 3.0], [4.791015625, 3.0], [4.7890625, 3.0], [4.787109375, 3.0], [4.78515625, 3.0], [4.783203125, 3.0], [4.78125, 3.0], [4.779296875, 3.0], [4.77734375, 3.0], [4.775390625, 3.0], [4.7734375, 3.0], [4.771484375, 3.0], [4.76953125, 3.0], [4.767578125, 3.0], [4.765625, 3.0], [4.763671875, 3.0], [4.76171875, 3.0], [4.759765625, 3.0], [4.7578125, 3.0], [4.755859375, 3.0], [4.75390625, 3.0], [4.751953125, 3.0], [4.75, 3.0], [4.748046875, 3.0], [4.74609375, 3.0], [4.744140625, 3.0], [4.7421875, 3.0], [4.740234375, 3.0], [4.73828125, 3.0], [4.736328125, 3.0], [4.734375, 3.0], [4.732421875, 3.0], [4.73046875, 3.0], [4.728515625, 3.0], [4.7265625, 3.0], [4.724609375, 3.0], [4.72265625, 3.0], [4.720703125, 3.0], [4.71875, 3.0], [4.716796875, 3.0], [4.71484375, 3.0], [4.712890625, 3.0], [4.7109375, 3.0], [4.708984375, 3.0], [4.70703125, 3.0], [4.705078125, 3.0], [4.703125, 3.0], [4.701171875, 3.0], [4.69921875, 3.0], [4.697265625, 3.0], [4.6953125, 3.0], [4.693359375, 3.0], [4.69140625, 3.0], [4.689453125, 3.0], [4.6875, 3.0], [4.685546875, 3.0], [4.68359375, 3.0], [4.681640625, 3.0], [4.6796875, 3.0], [4.677734375, 3.0], [4.67578125, 3.0], [4.673828125, 3.0], [4.671875, 3.0], [4.669921875, 3.0], [4.66796875, 3.0], [4.666015625, 3.0], [4.6640625, 3.0], [4.662109375, 3.0], [4.66015625, 3.0], [4.658203125, 3.0], [4.65625, 3.0], [4.654296875, 3.0], [4.65234375, 3.0], [4.650390625, 3.0], [4.6484375, 3.0], [4.646484375, 3.0], [4.64453125, 3.0], [4.642578125, 3.0], [4.640625, 3.0], [4.638671875, 3.0], [4.63671875, 3.0], [4.634765625, 3.0], [4.6328125, 3.0], [4.630859375, 3.0], [4.62890625, 3.0], [4.626953125, 3.0], [4.625, 3.0], [4.623046875, 3.0], [4.62109375, 3.0], [4.619140625, 3.0], [4.6171875, 3.0], [4.615234375, 3.0], [4.61328125, 3.0], [4.611328125, 3.0], [4.609375, 3.0], [4.607421875, 3.0], [4.60546875, 3.0], [4.603515625, 3.0], [4.6015625, 3.0], [4.599609375, 3.0], [4.59765625, 3.0], [4.595703125, 3.0], [4.59375, 3.0], [4.591796875, 3.0], [4.58984375, 3.0], [4.587890625, 3.0], [4.5859375, 3.0], [4.583984375, 3.0], [4.58203125, 3.0], [4.580078125, 3.0], [4.578125, 3.0], [4.576171875, 3.0], [4.57421875, 3.0], [4.572265625, 3.0], [4.5703125, 3.0], [4.568359375, 3.0], [4.56640625, 3.0], [4.564453125, 3.0], [4.5625, 3.0], [4.560546875, 3.0], [4.55859375, 3.0], [4.556640625, 3.0], [4.5546875, 3.0], [4.552734375, 3.0], [4.55078125, 3.0], [4.548828125, 3.0], [4.546875, 3.0], [4.544921875, 3.0], [4.54296875, 3.0], [4.541015625, 3.0], [4.5390625, 3.0], [4.537109375, 3.0], [4.53515625, 3.0], [4.533203125, 3.0], [4.53125, 3.0], [4.529296875, 3.0], [4.52734375, 3.0], [4.525390625, 3.0], [4.5234375, 3.0], [4.521484375, 3.0], [4.51953125, 3.0], [4.517578125, 3.0], [4.515625, 3.0], [4.513671875, 3.0], [4.51171875, 3.0], [4.509765625, 3.0], [4.5078125, 3.0], [4.505859375, 3.0], [4.50390625, 3.0], [4.501953125, 3.0], [4.5, 3.0], [4.498046875, 3.0], [4.49609375, 3.0], [4.494140625, 3.0], [4.4921875, 3.0], [4.490234375, 3.0], [4.48828125, 3.0], [4.486328125, 3.0], [4.484375, 3.0], [4.482421875, 3.0], [4.48046875, 3.0], [4.478515625, 3.0], [4.4765625, 3.0], [4.474609375, 3.0], [4.47265625, 3.0], [4.470703125, 3.0], [4.46875, 3.0], [4.466796875, 3.0], [4.46484375, 3.0], [4.462890625, 3.0], [4.4609375, 3.0], [4.458984375, 3.0], [4.45703125, 3.0], [4.455078125, 3.0], [4.453125, 3.0], [4.451171875, 3.0], [4.44921875, 3.0], [4.447265625, 3.0], [4.4453125, 3.0], [4.443359375, 3.0], [4.44140625, 3.0], [4.439453125, 3.0], [4.4375, 3.0], [4.435546875, 3.0], [4.43359375, 3.0], [4.431640625, 3.0], [4.4296875, 3.0], [4.427734375, 3.0], [4.42578125, 3.0], [4.423828125, 3.0], [4.421875, 3.0], [4.419921875, 3.0], [4.41796875, 3.0], [4.416015625, 3.0], [4.4140625, 3.0], [4.412109375, 3.0], [4.41015625, 3.0], [4.408203125, 3.0], [4.40625, 3.0], [4.404296875, 3.0], [4.40234375, 3.0], [4.400390625, 3.0], [4.3984375, 3.0], [4.396484375, 3.0], [4.39453125, 3.0], [4.392578125, 3.0], [4.390625, 3.0], [4.388671875, 3.0], [4.38671875, 3.0], [4.384765625, 3.0], [4.3828125, 3.0], [4.380859375, 3.0], [4.37890625, 3.0], [4.376953125, 3.0], [4.375, 3.0], [4.373046875, 3.0], [4.37109375, 3.0], [4.369140625, 3.0], [4.3671875, 3.0], [4.365234375, 3.0], [4.36328125, 3.0], [4.361328125, 3.0], [4.359375, 3.0], [4.357421875, 3.0], [4.35546875, 3.0], [4.353515625, 3.0], [4.3515625, 3.0], [4.349609375, 3.0], [4.34765625, 3.0], [4.345703125, 3.0], [4.34375, 3.0], [4.341796875, 3.0], [4.33984375, 3.0], [4.337890625, 3.0], [4.3359375, 3.0], [4.333984375, 3.0], [4.33203125, 3.0], [4.330078125, 3.0], [4.328125, 3.0], [4.326171875, 3.0], [4.32421875, 3.0], [4.322265625, 3.0], [4.3203125, 3.0], [4.318359375, 3.0], [4.31640625, 3.0], [4.314453125, 3.0], [4.3125, 3.0], [4.310546875, 3.0], [4.30859375, 3.0], [4.306640625, 3.0], [4.3046875, 3.0], [4.302734375, 3.0], [4.30078125, 3.0], [4.298828125, 3.0], [4.296875, 3.0], [4.294921875, 3.0], [4.29296875, 3.0], [4.291015625, 3.0], [4.2890625, 3.0], [4.287109375, 3.0], [4.28515625, 3.0], [4.283203125, 3.0], [4.28125, 3.0], [4.279296875, 3.0], [4.27734375, 3.0], [4.275390625, 3.0], [4.2734375, 3.0], [4.271484375, 3.0], [4.26953125, 3.0], [4.267578125, 3.0], [4.265625, 3.0], [4.263671875, 3.0], [4.26171875, 3.0], [4.259765625, 3.0], [4.2578125, 3.0], [4.255859375, 3.0], [4.25390625, 3.0], [4.251953125, 3.0], [4.25, 3.0], [4.248046875, 3.0], [4.24609375, 3.0], [4.244140625, 3.0], [4.2421875, 3.0], [4.240234375, 3.0], [4.23828125, 3.0], [4.236328125, 3.0], [4.234375, 3.0], [4.232421875, 3.0], [4.23046875, 3.0], [4.228515625, 3.0], [4.2265625, 3.0], [4.224609375, 3.0], [4.22265625, 3.0], [4.220703125, 3.0], [4.21875, 3.0], [4.216796875, 3.0], [4.21484375, 3.0], [4.212890625, 3.0], [4.2109375, 3.0], [4.208984375, 3.0], [4.20703125, 3.0], [4.205078125, 3.0], [4.203125, 3.0], [4.201171875, 3.0], [4.19921875, 3.0], [4.197265625, 3.0], [4.1953125, 3.0], [4.193359375, 3.0], [4.19140625, 3.0], [4.189453125, 3.0], [4.1875, 3.0], [4.185546875, 3.0], [4.18359375, 3.0], [4.181640625, 3.0], [4.1796875, 3.0], [4.177734375, 3.0], [4.17578125, 3.0], [4.173828125, 3.0], [4.171875, 3.0], [4.169921875, 3.0], [4.16796875, 3.0], [4.166015625, 3.0], [4.1640625, 3.0], [4.162109375, 3.0], [4.16015625, 3.0], [4.158203125, 3.0], [4.15625, 3.0], [4.154296875, 3.0], [4.15234375, 3.0], [4.150390625, 3.0], [4.1484375, 3.0], [4.146484375, 3.0], [4.14453125, 3.0], [4.142578125, 3.0], [4.140625, 3.0], [4.138671875, 3.0], [4.13671875, 3.0], [4.134765625, 3.0], [4.1328125, 3.0], [4.130859375, 3.0], [4.12890625, 3.0], [4.126953125, 3.0], [4.125, 3.0], [4.123046875, 3.0], [4.12109375, 3.0], [4.119140625, 3.0], [4.1171875, 3.0], [4.115234375, 3.0], [4.11328125, 3.0], [4.111328125, 3.0], [4.109375, 3.0], [4.107421875, 3.0], [4.10546875, 3.0], [4.103515625, 3.0], [4.1015625, 3.0], [4.099609375, 3.0], [4.09765625, 3.0], [4.095703125, 3.0], [4.09375, 3.0], [4.091796875, 3.0], [4.08984375, 3.0], [4.087890625, 3.0], [4.0859375, 3.0], [4.083984375, 3.0], [4.08203125, 3.0], [4.080078125, 3.0], [4.078125, 3.0], [4.076171875, 3.0], [4.07421875, 3.0], [4.072265625, 3.0], [4.0703125, 3.0], [4.068359375, 3.0], [4.06640625, 3.0], [4.064453125, 3.0], [4.0625, 3.0], [4.060546875, 3.0], [4.05859375, 3.0], [4.056640625, 3.0], [4.0546875, 3.0], [4.052734375, 3.0], [4.05078125, 3.0], [4.048828125, 3.0], [4.046875, 3.0], [4.044921875, 3.0], [4.04296875, 3.0], [4.041015625, 3.0], [4.0390625, 3.0], [4.037109375, 3.0], [4.03515625, 3.0], [4.033203125, 3.0], [4.03125, 3.0], [4.029296875, 3.0], [4.02734375, 3.0], [4.025390625, 3.0], [4.0234375, 3.0], [4.021484375, 3.0], [4.01953125, 3.0], [4.017578125, 3.0], [4.015625, 3.0], [4.013671875, 3.0], [4.01171875, 3.0], [4.009765625, 3.0], [4.0078125, 3.0], [4.005859375, 3.0], [4.00390625, 3.0], [4.001953125, 3.0], [4.0, 3.0], [4.0, 2.998046875], [4.0, 2.99609375], [4.0, 2.994140625], [4.0, 2.9921875], [4.0, 2.990234375], [4.0, 2.98828125], [4.0, 2.986328125], [4.0, 2.984375], [4.0, 2.982421875], [4.0, 2.98046875], [4.0, 2.978515625], [4.0, 2.9765625], [4.0, 2.974609375], [4.0, 2.97265625], [4.0, 2.970703125], [4.0, 2.96875], [4.0, 2.966796875], [4.0, 2.96484375], [4.0, 2.962890625], [4.0, 2.9609375], [4.0, 2.958984375], [4.0, 2.95703125], [4.0, 2.955078125], [4.0, 2.953125], [4.0, 2.951171875], [4.0, 2.94921875], [4.0, 2.947265625], [4.0, 2.9453125], [4.0, 2.943359375], [4.0, 2.94140625], [4.0, 2.939453125], [4.0, 2.9375], [4.0, 2.935546875], [4.0, 2.93359375], [4.0, 2.931640625], [4.0, 2.9296875], [4.0, 2.927734375], [4.0, 2.92578125], [4.0, 2.923828125], [4.0, 2.921875], [4.0, 2.919921875], [4.0, 2.91796875], [4.0, 2.916015625], [4.0, 2.9140625], [4.0, 2.912109375], [4.0, 2.91015625], [4.0, 2.908203125], [4.0, 2.90625], [4.0, 2.904296875], [4.0, 2.90234375], [4.0, 2.900390625], [4.0, 2.8984375], [4.0, 2.896484375], [4.0, 2.89453125], [4.0, 2.892578125], [4.0, 2.890625], [4.0, 2.888671875], [4.0, 2.88671875], [4.0, 2.884765625], [4.0, 2.8828125], [4.0, 2.880859375], [4.0, 2.87890625], [4.0, 2.876953125], [4.0, 2.875], [4.0, 2.873046875], [4.0, 2.87109375], [4.0, 2.869140625], [4.0, 2.8671875], [4.0, 2.865234375], [4.0, 2.86328125], [4.0, 2.861328125], [4.0, 2.859375], [4.0, 2.857421875], [4.0, 2.85546875], [4.0, 2.853515625], [4.0, 2.8515625], [4.0, 2.849609375], [4.0, 2.84765625], [4.0, 2.845703125], [4.0, 2.84375], [4.0, 2.841796875], [4.0, 2.83984375], [4.0, 2.837890625], [4.0, 2.8359375], [4.0, 2.833984375], [4.0, 2.83203125], [4.0, 2.830078125], [4.0, 2.828125], [4.0, 2.826171875], [4.0, 2.82421875], [4.0, 2.822265625], [4.0, 2.8203125], [4.0, 2.818359375], [4.0, 2.81640625], [4.0, 2.814453125], [4.0, 2.8125], [4.0, 2.810546875], [4.0, 2.80859375], [4.0, 2.806640625], [4.0, 2.8046875], [4.0, 2.802734375], [4.0, 2.80078125], [4.0, 2.798828125], [4.0, 2.796875], [4.0, 2.794921875], [4.0, 2.79296875], [4.0, 2.791015625], [4.0, 2.7890625], [4.0, 2.787109375], [4.0, 2.78515625], [4.0, 2.783203125], [4.0, 2.78125], [4.0, 2.779296875], [4.0, 2.77734375], [4.0, 2.775390625], [4.0, 2.7734375], [4.0, 2.771484375], [4.0, 2.76953125], [4.0, 2.767578125], [4.0, 2.765625], [4.0, 2.763671875], [4.0, 2.76171875], [4.0, 2.759765625], [4.0, 2.7578125], [4.0, 2.755859375], [4.0, 2.75390625], [4.0, 2.751953125], [4.0, 2.75], [4.0, 2.748046875], [4.0, 2.74609375], [4.0, 2.744140625], [4.0, 2.7421875], [4.0, 2.740234375], [4.0, 2.73828125], [4.0, 2.736328125], [4.0, 2.734375], [4.0, 2.732421875], [4.0, 2.73046875], [4.0, 2.728515625], [4.0, 2.7265625], [4.0, 2.724609375], [4.0, 2.72265625], [4.0, 2.720703125], [4.0, 2.71875], [4.0, 2.716796875], [4.0, 2.71484375], [4.0, 2.712890625], [4.0, 2.7109375], [4.0, 2.708984375], [4.0, 2.70703125], [4.0, 2.705078125], [4.0, 2.703125], [4.0, 2.701171875], [4.0, 2.69921875], [4.0, 2.697265625], [4.0, 2.6953125], [4.0, 2.693359375], [4.0, 2.69140625], [4.0, 2.689453125], [4.0, 2.6875], [4.0, 2.685546875], [4.0, 2.68359375], [4.0, 2.681640625], [4.0, 2.6796875], [4.0, 2.677734375], [4.0, 2.67578125], [4.0, 2.673828125], [4.0, 2.671875], [4.0, 2.669921875], [4.0, 2.66796875], [4.0, 2.666015625], [4.0, 2.6640625], [4.0, 2.662109375], [4.0, 2.66015625], [4.0, 2.658203125], [4.0, 2.65625], [4.0, 2.654296875], [4.0, 2.65234375], [4.0, 2.650390625], [4.0, 2.6484375], [4.0, 2.646484375], [4.0, 2.64453125], [4.0, 2.642578125], [4.0, 2.640625], [4.0, 2.638671875], [4.0, 2.63671875], [4.0, 2.634765625], [4.0, 2.6328125], [4.0, 2.630859375], [4.0, 2.62890625], [4.0, 2.626953125], [4.0, 2.625], [4.0, 2.623046875], [4.0, 2.62109375], [4.0, 2.619140625], [4.0, 2.6171875], [4.0, 2.615234375], [4.0, 2.61328125], [4.0, 2.611328125], [4.0, 2.609375], [4.0, 2.607421875], [4.0, 2.60546875], [4.0, 2.603515625], [4.0, 2.6015625], [4.0, 2.599609375], [4.0, 2.59765625], [4.0, 2.595703125], [4.0, 2.59375], [4.0, 2.591796875], [4.0, 2.58984375], [4.0, 2.587890625], [4.0, 2.5859375], [4.0, 2.583984375], [4.0, 2.58203125], [4.0, 2.580078125], [4.0, 2.578125], [4.0, 2.576171875], [4.0, 2.57421875], [4.0, 2.572265625], [4.0, 2.5703125], [4.0, 2.568359375], [4.0, 2.56640625], [4.0, 2.564453125], [4.0, 2.5625], [4.0, 2.560546875], [4.0, 2.55859375], [4.0, 2.556640625], [4.0, 2.5546875], [4.0, 2.552734375], [4.0, 2.55078125], [4.0, 2.548828125], [4.0, 2.546875], [4.0, 2.544921875], [4.0, 2.54296875], [4.0, 2.541015625], [4.0, 2.5390625], [4.0, 2.537109375], [4.0, 2.53515625], [4.0, 2.533203125], [4.0, 2.53125], [4.0, 2.529296875], [4.0, 2.52734375], [4.0, 2.525390625], [4.0, 2.5234375], [4.0, 2.521484375], [4.0, 2.51953125], [4.0, 2.517578125], [4.0, 2.515625], [4.0, 2.513671875], [4.0, 2.51171875], [4.0, 2.509765625], [4.0, 2.5078125], [4.0, 2.505859375], [4.0, 2.50390625], [4.0, 2.501953125], [4.0, 2.5], [4.0, 2.498046875], [4.0, 2.49609375], [4.0, 2.494140625], [4.0, 2.4921875], [4.0, 2.490234375], [4.0, 2.48828125], [4.0, 2.486328125], [4.0, 2.484375], [4.0, 2.482421875], [4.0, 2.48046875], [4.0, 2.478515625], [4.0, 2.4765625], [4.0, 2.474609375], [4.0, 2.47265625], [4.0, 2.470703125], [4.0, 2.46875], [4.0, 2.466796875], [4.0, 2.46484375], [4.0, 2.462890625], [4.0, 2.4609375], [4.0, 2.458984375], [4.0, 2.45703125], [4.0, 2.455078125], [4.0, 2.453125], [4.0, 2.451171875], [4.0, 2.44921875], [4.0, 2.447265625], [4.0, 2.4453125], [4.0, 2.443359375], [4.0, 2.44140625], [4.0, 2.439453125], [4.0, 2.4375], [4.0, 2.435546875], [4.0, 2.43359375], [4.0, 2.431640625], [4.0, 2.4296875], [4.0, 2.427734375], [4.0, 2.42578125], [4.0, 2.423828125], [4.0, 2.421875], [4.0, 2.419921875], [4.0, 2.41796875], [4.0, 2.416015625], [4.0, 2.4140625], [4.0, 2.412109375], [4.0, 2.41015625], [4.0, 2.408203125], [4.0, 2.40625], [4.0, 2.404296875], [4.0, 2.40234375], [4.0, 2.400390625], [4.0, 2.3984375], [4.0, 2.396484375], [4.0, 2.39453125], [4.0, 2.392578125], [4.0, 2.390625], [4.0, 2.388671875], [4.0, 2.38671875], [4.0, 2.384765625], [4.0, 2.3828125], [4.0, 2.380859375], [4.0, 2.37890625], [4.0, 2.376953125], [4.0, 2.375], [4.0, 2.373046875], [4.0, 2.37109375], [4.0, 2.369140625], [4.0, 2.3671875], [4.0, 2.365234375], [4.0, 2.36328125], [4.0, 2.361328125], [4.0, 2.359375], [4.0, 2.357421875], [4.0, 2.35546875], [4.0, 2.353515625], [4.0, 2.3515625], [4.0, 2.349609375], [4.0, 2.34765625], [4.0, 2.345703125], [4.0, 2.34375], [4.0, 2.341796875], [4.0, 2.33984375], [4.0, 2.337890625], [4.0, 2.3359375], [4.0, 2.333984375], [4.0, 2.33203125], [4.0, 2.330078125], [4.0, 2.328125], [4.0, 2.326171875], [4.0, 2.32421875], [4.0, 2.322265625], [4.0, 2.3203125], [4.0, 2.318359375], [4.0, 2.31640625], [4.0, 2.314453125], [4.0, 2.3125], [4.0, 2.310546875], [4.0, 2.30859375], [4.0, 2.306640625], [4.0, 2.3046875], [4.0, 2.302734375], [4.0, 2.30078125], [4.0, 2.298828125], [4.0, 2.296875], [4.0, 2.294921875], [4.0, 2.29296875], [4.0, 2.291015625], [4.0, 2.2890625], [4.0, 2.287109375], [4.0, 2.28515625], [4.0, 2.283203125], [4.0, 2.28125], [4.0, 2.279296875], [4.0, 2.27734375], [4.0, 2.275390625], [4.0, 2.2734375], [4.0, 2.271484375], [4.0, 2.26953125], [4.0, 2.267578125], [4.0, 2.265625], [4.0, 2.263671875], [4.0, 2.26171875], [4.0, 2.259765625], [4.0, 2.2578125], [4.0, 2.255859375], [4.0, 2.25390625], [4.0, 2.251953125], [4.0, 2.25], [4.0, 2.248046875], [4.0, 2.24609375], [4.0, 2.244140625], [4.0, 2.2421875], [4.0, 2.240234375], [4.0, 2.23828125], [4.0, 2.236328125], [4.0, 2.234375], [4.0, 2.232421875], [4.0, 2.23046875], [4.0, 2.228515625], [4.0, 2.2265625], [4.0, 2.224609375], [4.0, 2.22265625], [4.0, 2.220703125], [4.0, 2.21875], [4.0, 2.216796875], [4.0, 2.21484375], [4.0, 2.212890625], [4.0, 2.2109375], [4.0, 2.208984375], [4.0, 2.20703125], [4.0, 2.205078125], [4.0, 2.203125], [4.0, 2.201171875], [4.0, 2.19921875], [4.0, 2.197265625], [4.0, 2.1953125], [4.0, 2.193359375], [4.0, 2.19140625], [4.0, 2.189453125], [4.0, 2.1875], [4.0, 2.185546875], [4.0, 2.18359375], [4.0, 2.181640625], [4.0, 2.1796875], [4.0, 2.177734375], [4.0, 2.17578125], [4.0, 2.173828125], [4.0, 2.171875], [4.0, 2.169921875], [4.0, 2.16796875], [4.0, 2.166015625], [4.0, 2.1640625], [4.0, 2.162109375], [4.0, 2.16015625], [4.0, 2.158203125], [4.0, 2.15625], [4.0, 2.154296875], [4.0, 2.15234375], [4.0, 2.150390625], [4.0, 2.1484375], [4.0, 2.146484375], [4.0, 2.14453125], [4.0, 2.142578125], [4.0, 2.140625], [4.0, 2.138671875], [4.0, 2.13671875], [4.0, 2.134765625], [4.0, 2.1328125], [4.0, 2.130859375], [4.0, 2.12890625], [4.0, 2.126953125], [4.0, 2.125], [4.0, 2.123046875], [4.0, 2.12109375], [4.0, 2.119140625], [4.0, 2.1171875], [4.0, 2.115234375], [4.0, 2.11328125], [4.0, 2.111328125], [4.0, 2.109375], [4.0, 2.107421875], [4.0, 2.10546875], [4.0, 2.103515625], [4.0, 2.1015625], [4.0, 2.099609375], [4.0, 2.09765625], [4.0, 2.095703125], [4.0, 2.09375], [4.0, 2.091796875], [4.0, 2.08984375], [4.0, 2.087890625], [4.0, 2.0859375], [4.0, 2.083984375], [4.0, 2.08203125], [4.0, 2.080078125], [4.0, 2.078125], [4.0, 2.076171875], [4.0, 2.07421875], [4.0, 2.072265625], [4.0, 2.0703125], [4.0, 2.068359375], [4.0, 2.06640625], [4.0, 2.064453125], [4.0, 2.0625], [4.0, 2.060546875], [4.0, 2.05859375], [4.0, 2.056640625], [4.0, 2.0546875], [4.0, 2.052734375], [4.0, 2.05078125], [4.0, 2.048828125], [4.0, 2.046875], [4.0, 2.044921875], [4.0, 2.04296875], [4.0, 2.041015625], [4.0, 2.0390625], [4.0, 2.037109375], [4.0, 2.03515625], [4.0, 2.033203125], [4.0, 2.03125], [4.0, 2.029296875], [4.0, 2.02734375], [4.0, 2.025390625], [4.0, 2.0234375], [4.0, 2.021484375], [4.0, 2.01953125], [4.0, 2.017578125], [4.0, 2.015625], [4.0, 2.013671875], [4.0, 2.01171875], [4.0, 2.009765625], [4.0, 2.0078125], [4.0, 2.005859375], [4.0, 2.00390625], [4.0, 2.001953125], [4, 2]]]}}, {"type": "Feature", "id": "c0-3", "properties": {"id": "c0-3", "name": "cell 0,3", "value": 2.6305}, "geometry": {"type": "Polygon", "coordinates": [[[0.0, 3.0], [0.001953125, 3.0], [0.00390625, 3.0], [0.005859375, 3.0], [0.0078125, 3.0], [0.009765625, 3.0], [0.01171875, 3.0], [0.013671875, 3.0], [0.015625, 3.0], [0.017578125, 3.0], [0.01953125, 3.0], [0.021484375, 3.0], [0.0234375, 3.0], [0.025390625, 3.0], [0.02734375, 3.0], [0.029296875, 3.0], [0.03125, 3.0], [0.033203125, 3.0], [0.03515625, 3.0], [0.037109375, 3.0], [0.0390625, 3.0], [0.041015625, 3.0], [0.04296875, 3.0], [0.044921875, 3.0], [0.046875, 3.0], [0.048828125, 3.0], [0.05078125, 3.0], [0.052734375, 3.0], [0.0546875, 3.0], [0.056640625, 3.0], [0.05859375, 3.0], [0.060546875, 3.0], [0.0625, 3.0], [0.064453125, 3.0], [0.06640625, 3.0], [0.068359375, 3.0], [0.0703125, 3.0], [0.072265625, 3.0], [0.07421875, 3.0], [0.076171875, 3.0], [0.078125, 3.0], [0.080078125, 3.0], [0.08203125, 3.0], [0.083984375, 3.0], [0.0859375, 3.0], [0.087890625, 3.0], [0.08984375, 3.0], [0.091796875, 3.0], [0.09375, 3.0], [0.095703125, 3.0], [0.09765625, 3.0], [0.099609375, 3.0], [0.1015625, 3.0], [0.103515625, 3.0], [0.10546875, 3.0], [0.107421875, 3.0], [0.109375, 3.0], [0.111328125, 3.0], [0.11328125, 3.0], [0.115234375, 3.0], [0.1171875, 3.0], [0.119140625, 3.0], [0.12109375, 3.0], [0.123046875, 3.0], [0.125, 3.0], [0.126953125, 3.0], [0.12890625, 3.0], [0.130859375, 3.0], [0.1328125, 3.0], [0.134765625, 3.0], [0.13671875, 3.0], [0.138671875, 3.0], [0.140625, 3.0], [0.142578125, 3.0], [0.14453125, 3.0], [0.146484375, 3.0], [0.1484375, 3.0], [0.150390625, 3.0], [0.15234375, 3.0], [0.154296875, 3.0], [0.15625, 3.0], [0.158203125, 3.0], [0.16015625, 3.0], [0.162109375, 3.0], [0.1640625, 3.0], [0.166015625, 3.0], [0.16796875, 3.0], [0.169921875, 3.0], [0.171875, 3.0], [0.173828125, 3.0], [0.17578125, 3.0], [0.177734375, 3.0], [0.1796875, 3.0], [0.181640625, 3.0], [0.18359375, 3.0], [0.185546875, 3.0], [0.1875, 3.0], [0.189453125, 3.0], [0.19140625, 3.0], [0.193359375, 3.0], [0.1953125, 3.0], [0.197265625, 3.0], [0.19921875, 3.0], [0.201171875, 3.0], [0.203125, 3.0], [0.205078125, 3.0], [0.20703125, 3.0], [0.208984375, 3.0], [0.2109375, 3.0], [0.212890625, 3.0], [0.21484375, 3.0], [0.216796875, 3.0], [0.21875, 3.0], [0.220703125, 3.0], [0.22265625, 3.0], [0.224609375, 3.0], [0.2265625, 3.0], [0.228515625, 3.0], [0.23046875, 3.0], [0.232421875, 3.0], [0.234375, 3.0], [0.236328125, 3.0], [0.23828125, 3.0], [0.240234375, 3.0], [0.2421875, 3.0], [0.244140625, 3.0], [0.24609375, 3.0], [0.248046875, 3.0], [0.25, 3.0], [0.251953125, 3.0], [0.25390625, 3.0], [0.255859375, 3.0], [0.2578125, 3.0], [0.259765625, 3.0], [0.26171875, 3.0], [0.263671875, 3.0], [0.265625, 3.0], [0.267578125, 3.0], [0.26953125, 3.0], [0.271484375, 3.0], [0.2734375, 3.0], [0.275390625, 3.0], [0.27734375, 3.0], [0.279296875, 3.0], [0.28125, 3.0], [0.283203125, 3.0], [0.28515625, 3.0], [0.287109375, 3.0], [0.2890625, 3.0], [0.291015625, 3.0], [0.29296875, 3.0], [0.294921875, 3.0], [0.296875, 3.0], [0.298828125, 3.0], [0.30078125, 3.0], [0.302734375, 3.0], [0.3046875, 3.0], [0.306640625, 3.0], [0.30859375, 3.0], [0.310546875, 3.0], [0.3125, 3.0], [0.314453125, 3.0], [0.31640625, 3.0], [0.318359375, 3.0], [0.3203125, 3.0], [0.322265625, 3.0], [0.32421875, 3.0], [0.326171875, 3.0], [0.328125, 3.0], [0.330078125, 3.0], [0.33203125, 3.0], [0.333984375, 3.0], [0.3359375, 3.0], [0.337890625, 3.0], [0.33984375, 3.0], [0.341796875, 3.0], [0.34375, 3.0], [0.345703125, 3.0], [0.34765625, 3.0], [0.349609375, 3.0], [0.3515625, 3.0], [0.353515625, 3.0], [0.35546875, 3.0], [0.357421875, 3.0], [0.359375, 3.0], [0.361328125, 3.0], [0.36328125, 3.0], [0.365234375, 3.0], [0.3671875, 3.0], [0.369140625, 3.0], [0.37109375, 3.0], [0.373046875, 3.0], [0.375, 3.0], [0.376953125, 3.0], [0.37890625, 3.0], [0.380859375, 3.0], [0.3828125, 3.0], [0.384765625, 3.0], [0.38671875, 3.0], [0.388671875, 3.0], [0.390625, 3.0], [0.392578125, 3.0], [0.39453125, 3.0], [0.396484375, 3.0], [0.3984375, 3.0], [0.400390625, 3.0], [0.40234375, 3.0], [0.404296875, 3.0], [0.40625, 3.0], [0.408203125, 3.0], [0.41015625, 3.0], [0.412109375, 3.0], [0.4140625, 3.0], [0.416015625, 3.0], [0.41796875, 3.0], [0.419921875, 3.0], [0.421875, 3.0], [0.423828125, 3.0], [0.42578125, 3.0], [0.427734375, 3.0], [0.4296875, 3.0], [0.431640625, 3.0], [0.43359375, 3.0], [0.435546875, 3.0], [0.4375, 3.0], [0.439453125, 3.0], [0.44140625, 3.0], [0.443359375, 3.0], [0.4453125, 3.0], [0.447265625, 3.0], [0.44921875, 3.0], [0.451171875, 3.0], [0.453125, 3.0], [0.455078125, 3.0], [0.45703125, 3.0], [0.458984375, 3.0], [0.4609375, 3.0], [0.462890625, 3.0], [0.46484375, 3.0], [0.466796875, 3.0], [0.46875, 3.0], [0.470703125, 3.0], [0.47265625, 3.0], [0.474609375, 3.0], [0.4765625, 3.0], [0.478515625, 3.0], [0.48046875, 3.0], [0.482421875, 3.0], [0.484375, 3.0], [0.486328125, 3.0], [0.48828125, 3.0], [0.490234375, 3.0], [0.4921875, 3.0], [0.494140625, 3.0], [0.49609375, 3.0], [0.498046875, 3.0], [0.5, 3.0], [0.501953125, 3.0], [0.50390625, 3.0], [0.505859375, 3.0], [0.5078125, 3.0], [0.509765625, 3.0], [0.51171875, 3.0], [0.513671875, 3.0], [0.515625, 3.0], [0.517578125, 3.0], [0.51953125, 3.0], [0.521484375, 3.0], [0.5234375, 3.0], [0.525390625, 3.0], [0.52734375, 3.0], [0.529296875, 3.0], [0.53125, 3.0], [0.533203125, 3.0], [0.53515625, 3.0], [0.537109375, 3.0], [0.5390625, 3.0], [0.541015625, 3.0], [0.54296875, 3.0], [0.544921875, 3.0], [0.546875, 3.0], [0.548828125, 3.0], [0.55078125, 3.0], [0.552734375, 3.0], [0.5546875, 3.0], [0.556640625, 3.0], [0.55859375, 3.0], [0.560546875, 3.0], [0.5625, 3.0], [0.564453125, 3.0], [0.56640625, 3.0], [0.568359375, 3.0], [0.5703125, 3.0], [0.572265625, 3.0], [0.57421875, 3.0], [0.576171875, 3.0], [0.578125, 3.0], [0.580078125, 3.0], [0.58203125, 3.0], [0.583984375, 3.0], [0.5859375, 3.0], [0.587890625, 3.0], [0.58984375, 3.0], [0.591796875, 3.0], [0.59375, 3.0], [0.595703125, 3.0], [0.59765625, 3.0], [0.599609375, 3.0], [0.6015625, 3.0], [0.603515625, 3.0], [0.60546875, 3.0], [0.607421875, 3.0], [0.609375, 3.0], [0.611328125, 3.0], [0.61328125, 3.0], [0.615234375, 3.0], [0.6171875, 3.0], [0.619140625, 3.0], [0.62109375, 3.0], [0.623046875, 3.0], [0.625, 3.0], [0.626953125, 3.0], [0.62890625, 3.0], [0.630859375, 3.0], [0.6328125, 3.0], [0.634765625, 3.0], [0.63671875, 3.0], [0.638671875, 3.0], [0.640625, 3.0], [0.642578125, 3.0], [0.64453125, 3.0], [0.646484375, 3.0], [0.6484375, 3.0], [0.650390625, 3.0], [0.65234375, 3.0], [0.654296875, 3.0], [0.65625, 3.0], [0.658203125, 3.0], [0.66015625, 3.0], [0.662109375, 3.0], [0.6640625, 3.0], [0.666015625, 3.0], [0.66796875, 3.0], [0.669921875, 3.0], [0.671875, 3.0], [0.673828125, 3.0], [0.67578125, 3.0], [0.677734375, 3.0], [0.6796875, 3.0], [0.681640625, 3.0], [0.68359375, 3.0], [0.685546875, 3.0], [0.6875, 3.0], [0.689453125, 3.0], [0.69140625, 3.0], [0.693359375, 3.0], [0.6953125, 3.0], [0.697265625, 3.0], [0.69921875, 3.0], [0.701171875, 3.0], [0.703125, 3.0], [0.705078125, 3.0], [0.70703125, 3.0], [0.708984375, 3.0], [0.7109375, 3.0], [0.712890625, 3.0], [0.71484375, 3.0], [0.716796875, 3.0], [0.71875, 3.0], [0.720703125, 3.0], [0.72265625, 3.0], [0.724609375, 3.0], [0.7265625, 3.0], [0.728515625, 3.0], [0.73046875, 3.0], [0.732421875, 3.0], [0.734375, 3.0], [0.736328125, 3.0], [0.73828125, 3.0], [0.740234375, 3.0], [0.7421875, 3.0], [0.744140625, 3.0], [0.74609375, 3.0], [0.748046875, 3.0], [0.75, 3.0], [0.751953125, 3.0], [0.75390625, 3.0], [0.755859375, 3.0], [0.7578125, 3.0], [0.759765625, 3.0], [0.76171875, 3.0], [0.763671875, 3.0], [0.765625, 3.0], [0.767578125, 3.0], [0.76953125, 3.0], [0.771484375, 3.0], [0.7734375, 3.0], [0.775390625, 3.0], [0.77734375, 3.0], [0.779296875, 3.0], [0.78125, 3.0], [0.783203125, 3.0], [0.78515625, 3.0], [0.787109375, 3.0], [0.7890625, 3.0], [0.791015625, 3.0], [0.79296875, 3.0], [0.794921875, 3.0], [0.796875, 3.0], [0.798828125, 3.0], [0.80078125, 3.0], [0.802734375, 3.0], [0.8046875, 3.0], [0.806640625, 3.0], [0.80859375, 3.0], [0.810546875, 3.0], [0.8125, 3.0], [0.814453125, 3.0], [0.81640625, 3.0], [0.818359375, 3.0], [0.8203125, 3.0], [0.822265625, 3.0], [0.82421875, 3.0], [0.826171875, 3.0], [0.828125, 3.0], [0.830078125, 3.0], [0.83203125, 3.0], [0.833984375, 3.0], [0.8359375, 3.0], [0.837890625, 3.0], [0.83984375, 3.0], [0.841796875, 3.0], [0.84375, 3.0], [0.845703125, 3.0], [0.84765625, 3.0], [0.849609375, 3.0], [0.8515625, 3.0], [0.853515625, 3.0], [0.85546875, 3.0], [0.857421875, 3.0], [0.859375, 3.0], [0.861328125, 3.0], [0.86328125, 3.0], [0.865234375, 3.0], [0.8671875, 3.0], [0.869140625, 3.0], [0.87109375, 3.0], [0.873046875, 3.0], [0.875, 3.0], [0.876953125, 3.0], [0.87890625, 3.0], [0.880859375, 3.0], [0.8828125, 3.0], [0.884765625, 3.0], [0.88671875, 3.0], [0.888671875, 3.0], [0.890625, 3.0], [0.892578125, 3.0], [0.89453125, 3.0], [0.896484375, 3.0], [0.8984375, 3.0], [0.900390625, 3.0], [0.90234375, 3.0], [0.904296875, 3.0], [0.90625, 3.0], [0.908203125, 3.0], [0.91015625, 3.0], [0.912109375, 3.0], [0.9140625, 3.0], [0.916015625, 3.0], [0.91796875, 3.0], [0.919921875, 3.0], [0.921875, 3.0], [0.923828125, 3.0], [0.92578125, 3.0], [0.927734375, 3.0], [0.9296875, 3.0], [0.931640625, 3.0], [0.93359375, 3.0], [0.935546875, 3.0], [0.9375, 3.0], [0.939453125, 3.0], [0.94140625, 3.0], [0.943359375, 3.0], [0.9453125, 3.0], [0.947265625, 3.0], [0.94921875, 3.0], [0.951171875, 3.0], [0.953125, 3.0], [0.955078125, 3.0], [0.95703125, 3.0], [0.958984375, 3.0], [0.9609375, 3.0], [0.962890625, 3.0], [0.96484375, 3.0], [0.966796875, 3.0], [0.96875, 3.0], [0.970703125, 3.0], [0.97265625, 3.0], [0.974609375, 3.0], [0.9765625, 3.0], [0.978515625, 3.0], [0.98046875, 3.0], [0.982421875, 3.0], [0.984375, 3.0], [0.986328125, 3.0], [0.98828125, 3.0], [0.990234375, 3.0], [0.9921875, 3.0], [0.994140625, 3.0], [0.99609375, 3.0], [0.998046875, 3.0], [1.0, 3.0], [1.0, 3.001953125], [1.0, 3.00390625], [1.0, 3.005859375], [1.0, 3.0078125], [1.0, 3.009765625], [1.0, 3.01171875], [1.0, 3.013671875], [1.0, 3.015625], [1.0, 3.017578125], [1.0, 3.01953125], [1.0, 3.021484375], [1.0, 3.0234375], [1.0, 3.025390625], [1.0, 3.02734375], [1.0, 3.029296875], [1.0, 3.03125], [1.0, 3.033203125], [1.0, 3.03515625], [1.0, 3.037109375], [1.0, 3.0390625], [1.0, 3.041015625], [1.0, 3.04296875], [1.0, 3.044921875], [1.0, 3.046875], [1.0, 3.048828125], [1.0, 3.05078125], [1.0, 3.052734375], [1.0, 3.0546875], [1.0, 3.056640625], [1.0, 3.05859375], [1.0, 3.060546875], [1.0, 3.0625], [1.0, 3.064453125], [1.0, 3.06640625], [1.0, 3.068359375], [1.0, 3.0703125], [1.0, 3.072265625], [1.0, 3.07421875], [1.0, 3.076171875], [1.0, 3.078125], [1.0, 3.080078125], [1.0, 3.08203125], [1.0, 3.083984375], [1.0, 3.0859375], [1.0, 3.087890625], [1.0, 3.08984375], [1.0, 3.091796875], [1.0, 3.09375], [1.0, 3.095703125], [1.0, 3.09765625], [1.0, 3.099609375], [1.0, 3.1015625], [1.0, 3.103515625], [1.0, 3.10546875], [1.0, 3.107421875], [1.0, 3.109375], [1.0, 3.111328125], [1.0, 3.11328125], [1.0, 3.115234375], [1.0, 3.1171875], [1.0, 3.119140625], [1.0, 3.12109375], [1.0, 3.123046875], [1.0, 3.125], [1.0, 3.126953125], [1.0, 3.12890625], [1.0, 3.130859375], [1.0, 3.1328125], [1.0, 3.134765625], [1.0, 3.13671875], [1.0, 3.138671875], [1.0, 3.140625], [1.0, 3.142578125], [1.0, 3.14453125], [1.0, 3.146484375], [1.0, 3.1484375], [1.0, 3.150390625], [1.0, 3.15234375], [1.0, 3.154296875], [1.0, 3.15625], [1.0, 3.158203125], [1.0, 3.16015625], [1.0, 3.162109375], [1.0, 3.1640625], [1.0, 3.166015625], [1.0, 3.16796875], [1.0, 3.169921875], [1.0, 3.171875], [1.0, 3.173828125], [1.0, 3.17578125], [1.0, 3.177734375], [1.0, 3.1796875], [1.0, 3.181640625], [1.0, 3.18359375], [1.0, 3.185546875], [1.0, 3.1875], [1.0, 3.189453125], [1.0, 3.19140625], [1.0, 3.193359375], [1.0, 3.1953125], [1.0, 3.197265625], [1.0, 3.19921875], [1.0, 3.201171875], [1.0, 3.203125], [1.0, 3.205078125], [1.0, 3.20703125], [1.0, 3.208984375], [1.0, 3.2109375], [1.0, 3.212890625], [1.0, 3.21484375], [1.0, 3.216796875], [1.0, 3.21875], [1.0, 3.220703125], [1.0, 3.22265625], [1.0, 3.224609375], [1.0, 3.2265625], [1.0, 3.228515625], [1.0, 3.23046875], [1.0, 3.232421875], [1.0, 3.234375], [1.0, 3.236328125], [1.0, 3.23828125], [1.0, 3.240234375], [1.0, 3.2421875], [1.0, 3.244140625], [1.0, 3.24609375], [1.0, 3.248046875], [1.0, 3.25], [1.0, 3.251953125], [1.0, 3.25390625], [1.0, 3.255859375], [1.0, 3.2578125], [1.0, 3.259765625], [1.0, 3.26171875], [1.0, 3.263671875], [1.0, 3.265625], [1.0, 3.267578125], [1.0, 3.26953125], [1.0, 3.271484375], [1.0, 3.2734375], [1.0, 3.275390625], [1.0, 3.27734375], [1.0, 3.279296875], [1.0, 3.28125], [1.0, 3.283203125], [1.0, 3.28515625], [1.0, 3.287109375], [1.0, 3.2890625], [1.0, 3.291015625], [1.0, 3.29296875], [1.0, 3.294921875], [1.0, 3.296875], [1.0, 3.298828125], [1.0, 3.30078125], [1.0, 3.302734375], [1.0, 3.3046875], [1.0, 3.306640625], [1.0, 3.30859375], [1.0, 3.310546875], [1.0, 3.3125], [1.0, 3.314453125], [1.0, 3.31640625], [1.0, 3.318359375], [1.0, 3.3203125], [1.0, 3.322265625], [1.0, 3.32421875], [1.0, 3.326171875], [1.0, 3.328125], [1.0, 3.330078125], [1.0, 3.33203125], [1.0, 3.333984375], [1.0, 3.3359375], [1.0, 3.337890625], [1.0, 3.33984375], [1.0, 3.341796875], [1.0, 3.34375], [1.0, 3.345703125], [1.0, 3.34765625], [1.0, 3.349609375], [1.0, 3.3515625], [1.0, 3.353515625], [1.0, 3.35546875], [1.0, 3.357421875], [1.0, 3.359375], [1.0, 3.361328125], [1.0, 3.36328125], [1.0, 3.365234375], [1.0, 3.3671875], [1.0, 3.369140625], [1.0, 3.37109375], [1.0, 3.373046875], [1.0, 3.375], [1.0, 3.376953125], [1.0, 3.37890625], [1.0, 3.380859375], [1.0, 3.3828125], [1.0, 3.384765625], [1.0, 3.38671875], [1.0, 3.388671875], [1.0, 3.390625], [1.0, 3.392578125], [1.0, 3.39453125], [1.0, 3.396484375], [1.0, 3.3984375], [1.0, 3.400390625], [1.0, 3.40234375], [1.0, 3.404296875], [1.0, 3.40625], [1.0, 3.408203125], [1.0, 3.41015625], [1.0, 3.412109375], [1.0, 3.4140625], [1.0, 3.416015625], [1.0, 3.41796875], [1.0, 3.419921875], [1.0, 3.421875], [1.0, 3.423828125], [1.0, 3.42578125], [1.0, 3.427734375], [1.0, 3.4296875], [1.0, 3.431640625], [1.0, 3.43359375], [1.0, 3.435546875], [1.0, 3.4375], [1.0, 3.439453125], [1.0, 3.44140625], [1.0, 3.443359375], [1.0, 3.4453125], [1.0, 3.447265625], [1.0, 3.44921875], [1.0, 3.451171875], [1.0, 3.453125], [1.0, 3.455078125], [1.0, 3.45703125], [1.0, 3.458984375], [1.0, 3.4609375], [1.0, 3.462890625], [1.0, 3.46484375], [1.0, 3.466796875], [1.0, 3.46875], [1.0, 3.470703125], [1.0, 3.47265625], [1.0, 3.474609375], [1.0, 3.4765625], [1.0, 3.478515625], [1.0, 3.48046875], [1.0, 3.482421875], [1.0, 3.484375], [1.0, 3.486328125], [1.0, 3.48828125], [1.0, 3.490234375], [1.0, 3.4921875], [1.0, 3.494140625], [1.0, 3.49609375], [1.0, 3.498046875], [1.0, 3.5], [1.0, 3.501953125], [1.0, 3.50390625], [1.0, 3.505859375], [1.0, 3.5078125], [1.0, 3.509765625], [1.0, 3.51171875], [1.0, 3.513671875], [1.0, 3.515625], [1.0, 3.517578125], [1.0, 3.51953125], [1.0, 3.521484375], [1.0, 3.5234375], [1.0, 3.525390625], [1.0, 3.52734375], [1.0, 3.529296875], [1.0, 3.53125], [1.0, 3.533203125], [1.0, 3.53515625], [1.0, 3.537109375], [1.0, 3.5390625], [1.0, 3.541015625], [1.0, 3.54296875], [1.0, 3.544921875], [1.0, 3.546875], [1.0, 3.548828125], [1.0, 3.55078125], [1.0, 3.552734375], [1.0, 3.5546875], [1.0, 3.556640625], [1.0, 3.55859375], [1.0, 3.560546875], [1.0, 3.5625], [1.0, 3.564453125], [1.0, 3.56640625], [1.0, 3.568359375], [1.0, 3.5703125], [1.0, 3.572265625], [1.0, 3.57421875], [1.0, 3.576171875], [1.0, 3.578125], [1.0, 3.580078125], [1.0, 3.58203125], [1.0, 3.583984375], [1.0, 3.5859375], [1.0, 3.587890625], [1.0, 3.58984375], [1.0, 3.591796875], [1.0, 3.59375], [1.0, 3.595703125], [1.0, 3.59765625], [1.0, 3.599609375], [1.0, 3.6015625], [1.0, 3.603515625], [1.0, 3.60546875], [1.0, 3.607421875], [1.0, 3.609375], [1.0, 3.611328125], [1.0, 3.61328125], [1.0, 3.615234375], [1.0, 3.6171875], [1.0, 3.619140625], [1.0, 3.62109375], [1.0, 3.623046875], [1.0, 3.625], [1.0, 3.626953125], [1.0, 3.62890625], [1.0, 3.630859375], [1.0, 3.6328125], [1.0, 3.634765625], [1.0, 3.63671875], [1.0, 3.638671875], [1.0, 3.640625], [1.0, 3.642578125], [1.0, 3.64453125], [1.0, 3.646484375], [1.0, 3.6484375], [1.0, 3.650390625], [1.0, 3.65234375], [1.0, 3.654296875], [1.0, 3.65625], [1.0, 3.658203125], [1.0, 3.66015625], [1.0, 3.662109375], [1.0, 3.6640625], [1.0, 3.666015625], [1.0, 3.66796875], [1.0, 3.669921875], [1.0, 3.671875], [1.0, 3.673828125], [1.0, 3.67578125], [1.0, 3.677734375], [1.0, 3.6796875], [1.0, 3.681640625], [1.0, 3.68359375], [1.0, 3.685546875], [1.0, 3.6875], [1.0, 3.689453125], [1.0, 3.69140625], [1.0, 3.693359375], [1.0, 3.6953125], [1.0, 3.697265625], [1.0, 3.69921875], [1.0, 3.701171875], [1.0, 3.703125], [1.0, 3.705078125], [1.0, 3.70703125], [1.0, 3.708984375], [1.0, 3.7109375], [1.0, 3.712890625], [1.0, 3.71484375], [1.0, 3.716796875], [1.0, 3.71875], [1.0, 3.720703125], [1.0, 3.72265625], [1.0, 3.724609375], [1.0, 3.7265625], [1.0, 3.728515625], [1.0, 3.73046875], [1.0, 3.732421875], [1.0, 3.734375], [1.0, 3.736328125], [1.0, 3.73828125], [1.0, 3.740234375], [1.0, 3.7421875], [1.0, 3.744140625], [1.0, 3.74609375], [1.0, 3.748046875], [1.0, 3.75], [1.0, 3.751953125], [1.0, 3.75390625], [1.0, 3.755859375], [1.0, 3.7578125], [1.0, 3.759765625], [1.0, 3.76171875], [1.0, 3.763671875], [1.0, 3.765625], [1.0, 3.767578125], [1.0, 3.76953125], [1.0, 3.771484375], [1.0, 3.7734375], [1.0, 3.775390625], [1.0, 3.77734375], [1.0, 3.779296875], [1.0, 3.78125], [1.0, 3.783203125], [1.0, 3.78515625], [1.0, 3.787109375], [1.0, 3.7890625], [1.0, 3.791015625], [1.0, 3.79296875], [1.0, 3.794921875], [1.0, 3.796875], [1.0, 3.798828125], [1.0, 3.80078125], [1.0, 3.802734375], [1.0, 3.8046875], [1.0, 3.806640625], [1.0, 3.80859375], [1.0, 3.810546875], [1.0, 3.8125], [1.0, 3.814453125], [1.0, 3.81640625], [1.0, 3.818359375], [1.0, 3.8203125], [1.0, 3.822265625], [1.0, 3.82421875], [1.0, 3.826171875], [1.0, 3.828125], [1.0, 3.830078125], [1.0, 3.83203125], [1.0, 3.833984375], [1.0, 3.8359375], [1.0, 3.837890625], [1.0, 3.83984375], [1.0, 3.841796875], [1.0, 3.84375], [1.0, 3.845703125], [1.0, 3.84765625], [1.0, 3.849609375], [1.0, 3.8515625], [1.0, 3.853515625], [1.0, 3.85546875], [1.0, 3.857421875], [1.0, 3.859375], [1.0, 3.861328125], [1.0, 3.86328125], [1.0, 3.865234375], [1.0, 3.8671875], [1.0, 3.869140625], [1.0, 3.87109375], [1.0, 3.873046875], [1.0, 3.875], [1.0, 3.876953125], [1.0, 3.87890625], [1.0, 3.880859375], [1.0, 3.8828125], [1.0, 3.884765625], [1.0, 3.88671875], [1.0, 3.888671875], [1.0, 3.890625], [1.0, 3.892578125], [1.0, 3.89453125], [1.0, 3.896484375], [1.0, 3.8984375], [1.0, 3.900390625], [1.0, 3.90234375], [1.0, 3.904296875], [1.0, 3.90625], [1.0, 3.908203125], [1.0, 3.91015625], [1.0, 3.912109375], [1.0, 3.9140625], [1.0, 3.916015625], [1.0, 3.91796875], [1.0, 3.919921875], [1.0, 3.921875], [1.0, 3.923828125], [1.0, 3.92578125], [1.0, 3.927734375], [1.0, 3.9296875], [1.0, 3.931640625], [1.0, 3.93359375], [1.0, 3.935546875], [1.0, 3.9375], [1.0, 3.939453125], [1.0, 3.94140625], [1.0, 3.943359375], [1.0, 3.9453125], [1.0, 3.947265625], [1.0, 3.94921875], [1.0, 3.951171875], [1.0, 3.953125], [1.0, 3.955078125], [1.0, 3.95703125], [1.0, 3.958984375], [1.0, 3.9609375], [1.0, 3.962890625], [1.0, 3.96484375], [1.0, 3.966796875], [1.0, 3.96875], [1.0, 3.970703125], [1.0, 3.97265625], [1.0, 3.974609375], [1.0, 3.9765625], [1.0, 3.978515625], [1.0, 3.98046875], [1.0, 3.982421875], [1.0, 3.984375], [1.0, 3.986328125], [1.0, 3.98828125], [1.0, 3.990234375], [1.0, 3.9921875], [1.0, 3.994140625], [1.0, 3.99609375], [1.0, 3.998046875], [1.0, 4.0], [0.998046875, 4.0], [0.99609375, 4.0], [0.994140625, 4.0], [0.9921875, 4.0], [0.990234375, 4.0], [0.98828125, 4.0], [0.986328125, 4.0], [0.984375, 4.0], [0.982421875, 4.0], [0.98046875, 4.0], [0.978515625, 4.0], [0.9765625, 4.0], [0.974609375, 4.0], [0.97265625, 4.0], [0.970703125, 4.0], [0.96875, 4.0], [0.966796875, 4.0], [0.96484375, 4.0], [0.962890625, 4.0], [0.9609375, 4.0], [0.958984375, 4.0], [0.95703125, 4.0], [0.955078125, 4.0], [0.953125, 4.0], [0.951171875, 4.0], [0.94921875, 4.0], [0.947265625, 4.0], [0.9453125, 4.0], [0.943359375, 4.0], [0.94140625, 4.0], [0.939453125, 4.0], [0.9375, 4.0], [0.935546875, 4.0], [0.93359375, 4.0], [0.931640625, 4.0], [0.9296875, 4.0], [0.927734375, 4.0], [0.92578125, 4.0], [0.923828125, 4.0], [0.921875, 4.0], [0.919921875, 4.0], [0.91796875, 4.0], [0.916015625, 4.0], [0.9140625, 4.0], [0.912109375, 4.0], [0.91015625, 4.0], [0.908203125, 4.0], [0.90625, 4.0], [0.904296875, 4.0], [0.90234375, 4.0], [0.900390625, 4.0], [0.8984375, 4.0], [0.896484375, 4.0], [0.89453125, 4.0], [0.892578125, 4.0], [0.890625, 4.0], [0.888671875, 4.0], [0.88671875, 4.0], [0.884765625, 4.0], [0.8828125, 4.0], [0.880859375, 4.0], [0.87890625, 4.0], [0.876953125, 4.0], [0.875, 4.0], [0.873046875, 4.0], [0.87109375, 4.0], [0.869140625, 4.0], [0.8671875, 4.0], [0.865234375, 4.0], [0.86328125, 4.0], [0.861328125, 4.0], [0.859375, 4.0], [0.857421875, 4.0], [0.85546875, 4.0], [0.853515625, 4.0], [0.8515625, 4.0], [0.849609375, 4.0], [0.84765625, 4.0], [0.845703125, 4.0], [0.84375, 4.0], [0.841796875, 4.0], [0.83984375, 4.0], [0.837890625, 4.0], [0.8359375, 4.0], [0.833984375, 4.0], [0.83203125, 4.0], [0.830078125, 4.0], [0.828125, 4.0], [0.826171875, 4.0], [0.82421875, 4.0], [0.822265625, 4.0], [0.8203125, 4.0], [0.818359375, 4.0], [0.81640625, 4.0], [0.814453125, 4.0], [0.8125, 4.0], [0.810546875, 4.0], [0.80859375, 4.0], [0.806640625, 4.0], [0.8046875, 4.0], [0.802734375, 4.0], [0.80078125, 4.0], [0.798828125, 4.0], [0.796875, 4.0], [0.794921875, 4.0], [0.79296875, 4.0], [0.791015625, 4.0], [0.7890625, 4.0], [0.787109375, 4.0], [0.78515625, 4.0], [0.783203125, 4.0], [0.78125, 4.0], [0.779296875, 4.0], [0.77734375, 4.0], [0.775390625, 4.0], [0.7734375, 4.0], [0.771484375, 4.0], [0.76953125, 4.0], [0.767578125, 4.0], [0.765625, 4.0], [0.763671875, 4.0], [0.76171875, 4.0], [0.759765625, 4.0], [0.7578125, 4.0], [0.755859375, 4.0], [0.75390625, 4.0], [0.751953125, 4.0], [0.75, 4.0], [0.748046875, 4.0], [0.74609375, 4.0], [0.744140625, 4.0], [0.7421875, 4.0], [0.740234375, 4.0], [0.73828125, 4.0], [0.736328125, 4.0], [0.734375, 4.0], [0.732421875, 4.0], [0.73046875, 4.0], [0.728515625, 4.0], [0.7265625, 4.0], [0.724609375, 4.0], [0.72265625, 4.0], [0.720703125, 4.0], [0.71875, 4.0], [0.716796875, 4.0], [0.71484375, 4.0], [0.712890625, 4.0], [0.7109375, 4.0], [0.708984375, 4.0], [0.70703125, 4.0], [0.705078125, 4.0], [0.703125, 4.0], [0.701171875, 4.0], [0.69921875, 4.0], [0.697265625, 4.0], [0.6953125, 4.0], [0.693359375, 4.0], [0.69140625, 4.0], [0.689453125, 4.0], [0.6875, 4.0], [0.685546875, 4.0], [0.68359375, 4.0], [0.681640625, 4.0], [0.6796875, 4.0], [0.677734375, 4.0], [0.67578125, 4.0], [0.673828125, 4.0], [0.671875, 4.0], [0.669921875, 4.0], [0.66796875, 4.0], [0.666015625, 4.0], [0.6640625, 4.0], [0.662109375, 4.0], [0.66015625, 4.0], [0.658203125, 4.0], [0.65625, 4.0], [0.654296875, 4.0], [0.65234375, 4.0], [0.650390625, 4.0], [0.6484375, 4.0], [0.646484375, 4.0], [0.64453125, 4.0], [0.642578125, 4.0], [0.640625, 4.0], [0.638671875, 4.0], [0.63671875, 4.0], [0.634765625, 4.0], [0.6328125, 4.0], [0.630859375, 4.0], [0.62890625, 4.0], [0.626953125, 4.0], [0.625, 4.0], [0.623046875, 4.0], [0.62109375, 4.0], [0.619140625, 4.0], [0.6171875, 4.0], [0.615234375, 4.0], [0.61328125, 4.0], [0.611328125, 4.0], [0.609375, 4.0], [0.607421875, 4.0], [0.60546875, 4.0], [0.603515625, 4.0], [0.6015625, 4.0], [0.599609375, 4.0], [0.59765625, 4.0], [0.595703125, 4.0], [0.59375, 4.0], [0.591796875, 4.0], [0.58984375, 4.0], [0.587890625, 4.0], [0.5859375, 4.0], [0.583984375, 4.0], [0.58203125, 4.0], [0.580078125, 4.0], [0.578125, 4.0], [0.576171875, 4.0], [0.57421875, 4.0], [0.572265625, 4.0], [0.5703125, 4.0], [0.568359375, 4.0], [0.56640625, 4.0], [0.564453125, 4.0], [0.5625, 4.0], [0.560546875, 4.0], [0.55859375, 4.0], [0.556640625, 4.0], [0.5546875, 4.0], [0.552734375, 4.0], [0.55078125, 4.0], [0.548828125, 4.0], [0.546875, 4.0], [0.544921875, 4.0], [0.54296875, 4.0], [0.541015625, 4.0], [0.5390625, 4.0], [0.537109375, 4.0], [0.53515625, 4.0], [0.533203125, 4.0], [0.53125, 4.0], [0.529296875, 4.0], [0.52734375, 4.0], [0.525390625, 4.0], [0.5234375, 4.0], [0.521484375, 4.0], [0.51953125, 4.0], [0.517578125, 4.0], [0.515625, 4.0], [0.513671875, 4.0], [0.51171875, 4.0], [0.509765625, 4.0], [0.5078125, 4.0], [0.505859375, 4.0], [0.50390625, 4.0], [0.501953125, 4.0], [0.5, 4.0], [0.498046875, 4.0], [0.49609375, 4.0], [0.494140625, 4.0], [0.4921875, 4.0], [0.490234375, 4.0], [0.48828125, 4.0], [0.486328125, 4.0], [0.484375, 4.0], [0.482421875, 4.0], [0.48046875, 4.0], [0.478515625, 4.0], [0.4765625, 4.0], [0.474609375, 4.0], [0.47265625, 4.0], [0.470703125, 4.0], [0.46875, 4.0], [0.466796875, 4.0], [0.46484375, 4.0], [0.462890625, 4.0], [0.4609375, 4.0], [0.458984375, 4.0], [0.45703125, 4.0], [0.455078125, 4.0], [0.453125, 4.0], [0.451171875, 4.0], [0.44921875, 4.0], [0.447265625, 4.0], [0.4453125, 4.0], [0.443359375, 4.0], [0.44140625, 4.0], [0.439453125, 4.0], [0.4375, 4.0], [0.435546875, 4.0], [0.43359375, 4.0], [0.431640625, 4.0], [0.4296875, 4.0], [0.427734375, 4.0], [0.42578125, 4.0], [0.423828125, 4.0], [0.421875, 4.0], [0.419921875, 4.0], [0.41796875, 4.0], [0.416015625, 4.0], [0.4140625, 4.0], [0.412109375, 4.0], [0.41015625, 4.0], [0.408203125, 4.0], [0.40625, 4.0], [0.404296875, 4.0], [0.40234375, 4.0], [0.400390625, 4.0], [0.3984375, 4.0], [0.396484375, 4.0], [0.39453125, 4.0], [0.392578125, 4.0], [0.390625, 4.0], [0.388671875, 4.0], [0.38671875, 4.0], [0.384765625, 4.0], [0.3828125, 4.0], [0.380859375, 4.0], [0.37890625, 4.0], [0.376953125, 4.0], [0.375, 4.0], [0.373046875, 4.0], [0.37109375, 4.0], [0.369140625, 4.0], [0.3671875, 4.0], [0.365234375, 4.0], [0.36328125, 4.0], [0.361328125, 4.0], [0.359375, 4.0], [0.357421875, 4.0], [0.35546875, 4.0], [0.353515625, 4.0], [0.3515625, 4.0], [0.349609375, 4.0], [0.34765625, 4.0], [0.345703125, 4.0], [0.34375, 4.0], [0.341796875, 4.0], [0.33984375, 4.0], [0.337890625, 4.0], [0.3359375, 4.0], [0.333984375, 4.0], [0.33203125, 4.0], [0.330078125, 4.0], [0.328125, 4.0], [0.326171875, 4.0], [0.32421875, 4.0], [0.322265625, 4.0], [0.3203125, 4.0], [0.318359375, 4.0], [0.31640625, 4.0], [0.314453125, 4.0], [0.3125, 4.0], [0.310546875, 4.0], [0.30859375, 4.0], [0.306640625, 4.0], [0.3046875, 4.0], [0.302734375, 4.0], [0.30078125, 4.0], [0.298828125, 4.0], [0.296875, 4.0], [0.294921875, 4.0], [0.29296875, 4.0], [0.291015625, 4.0], [0.2890625, 4.0], [0.287109375, 4.0], [0.28515625, 4.0], [0.283203125, 4.0], [0.28125, 4.0], [0.279296875, 4.0], [0.27734375, 4.0], [0.275390625, 4.0], [0.2734375, 4.0], [0.271484375, 4.0], [0.26953125, 4.0], [0.267578125, 4.0], [0.265625, 4.0], [0.263671875, 4.0], [0.26171875, 4.0], [0.259765625, 4.0], [0.2578125, 4.0], [0.255859375, 4.0], [0.25390625, 4.0], [0.251953125, 4.0], [0.25, 4.0], [0.248046875, 4.0], [0.24609375, 4.0], [0.244140625, 4.0], [0.2421875, 4.0], [0.240234375, 4.0], [0.23828125, 4.0], [0.236328125, 4.0], [0.234375, 4.0], [0.232421875, 4.0], [0.23046875, 4.0], [0.228515625, 4.0], [0.2265625, 4.0], [0.224609375, 4.0], [0.22265625, 4.0], [0.220703125, 4.0], [0.21875, 4.0], [0.216796875, 4.0], [0.21484375, 4.0], [0.212890625, 4.0], [0.2109375, 4.0], [0.208984375, 4.0], [0.20703125, 4.0], [0.205078125, 4.0], [0.203125, 4.0], [0.201171875, 4.0], [0.19921875, 4.0], [0.197265625, 4.0], [0.1953125, 4.0], [0.193359375, 4.0], [0.19140625, 4.0], [0.189453125, 4.0], [0.1875, 4.0], [0.185546875, 4.0], [0.18359375, 4.0], [0.181640625, 4.0], [0.1796875, 4.0], [0.177734375, 4.0], [0.17578125, 4.0], [0.173828125, 4.0], [0.171875, 4.0], [0.169921875, 4.0], [0.16796875, 4.0], [0.166015625, 4.0], [0.1640625, 4.0], [0.162109375, 4.0], [0.16015625, 4.0], [0.158203125, 4.0], [0.15625, 4.0], [0.154296875, 4.0], [0.15234375, 4.0], [0.150390625, 4.0], [0.1484375, 4.0], [0.146484375, 4.0], [0.14453125, 4.0], [0.142578125, 4.0], [0.140625, 4.0], [0.138671875, 4.0], [0.13671875, 4.0], [0.134765625, 4.0], [0.1328125, 4.0], [0.130859375, 4.0], [0.12890625, 4.0], [0.126953125, 4.0], [0.125, 4.0], [0.123046875, 4.0], [0.12109375, 4.0], [0.119140625, 4.0], [0.1171875, 4.0], [0.115234375, 4.0], [0.11328125, 4.0], [0.111328125, 4.0], [0.109375, 4.0], [0.107421875, 4.0], [0.10546875, 4.0], [0.103515625, 4.0], [0.1015625, 4.0], [0.099609375, 4.0], [0.09765625, 4.0], [0.095703125, 4.0], [0.09375, 4.0], [0.091796875, 4.0], [0.08984375, 4.0], [0.087890625, 4.0], [0.0859375, 4.0], [0.083984375, 4.0], [0.08203125, 4.0], [0.080078125, 4.0], [0.078125, 4.0], [0.076171875, 4.0], [0.07421875, 4.0], [0.072265625, 4.0], [0.0703125, 4.0], [0.068359375, 4.0], [0.06640625, 4.0], [0.064453125, 4.0], [0.0625, 4.0], [0.060546875, 4.0], [0.05859375, 4.0], [0.056640625, 4.0], [0.0546875, 4.0], [0.052734375, 4.0], [0.05078125, 4.0], [0.048828125, 4.0], [0.046875, 4.0], [0.044921875, 4.0], [0.04296875, 4.0], [0.041015625, 4.0], [0.0390625, 4.0], [0.037109375, 4.0], [0.03515625, 4.0], [0.033203125, 4.0], [0.03125, 4.0], [0.029296875, 4.0], [0.02734375, 4.0], [0.025390625, 4.0], [0.0234375, 4.0], [0.021484375, 4.0], [0.01953125, 4.0], [0.017578125, 4.0], [0.015625, 4.0], [0.013671875, 4.0], [0.01171875, 4.0], [0.009765625, 4.0], [0.0078125, 4.0], [0.005859375, 4.0], [0.00390625, 4.0], [0.001953125, 4.0], [0.0, 4.0], [0.0, 3.998046875], [0.0, 3.99609375], [0.0, 3.994140625], [0.0, 3.9921875], [0.0, 3.990234375], [0.0, 3.98828125], [0.0, 3.986328125], [0.0, 3.984375], [0.0, 3.982421875], [0.0, 3.98046875], [0.0, 3.978515625], [0.0, 3.9765625], [0.0, 3.974609375], [0.0, 3.97265625], [0.0, 3.970703125], [0.0, 3.96875], [0.0, 3.966796875], [0.0, 3.96484375], [0.0, 3.962890625], [0.0, 3.9609375], [0.0, 3.958984375], [0.0, 3.95703125], [0.0, 3.955078125], [0.0, 3.953125], [0.0, 3.951171875], [0.0, 3.94921875], [0.0, 3.947265625], [0.0, 3.9453125], [0.0, 3.943359375], [0.0, 3.94140625], [0.0, 3.939453125], [0.0, 3.9375], [0.0, 3.935546875], [0.0, 3.93359375], [0.0, 3.931640625], [0.0, 3.9296875], [0.0, 3.927734375], [0.0, 3.92578125], [0.0, 3.923828125], [0.0, 3.921875], [0.0, 3.919921875], [0.0, 3.91796875], [0.0, 3.916015625], [0.0, 3.9140625], [0.0, 3.912109375], [0.0, 3.91015625], [0.0, 3.908203125], [0.0, 3.90625], [0.0, 3.904296875], [0.0, 3.90234375], [0.0, 3.900390625], [0.0, 3.8984375], [0.0, 3.896484375], [0.0, 3.89453125], [0.0, 3.892578125], [0.0, 3.890625], [0.0, 3.888671875], [0.0, 3.88671875], [0.0, 3.884765625], [0.0, 3.8828125], [0.0, 3.880859375], [0.0, 3.87890625], [0.0, 3.876953125], [0.0, 3.875], [0.0, 3.873046875], [0.0, 3.87109375], [0.0, 3.869140625], [0.0, 3.8671875], [0.0, 3.865234375], [0.0, 3.86328125], [0.0, 3.861328125], [0.0, 3.859375], [0.0, 3.857421875], [0.0, 3.85546875], [0.0, 3.853515625], [0.0, 3.8515625], [0.0, 3.849609375], [0.0, 3.84765625], [0.0, 3.845703125], [0.0, 3.84375], [0.0, 3.841796875], [0.0, 3.83984375], [0.0, 3.837890625], [0.0, 3.8359375], [0.0, 3.833984375], [0.0, 3.83203125], [0.0, 3.830078125], [0.0, 3.828125], [0.0, 3.826171875], [0.0, 3.82421875], [0.0, 3.822265625], [0.0, 3.8203125], [0.0, 3.818359375], [0.0, 3.81640625], [0.0, 3.814453125], [0.0, 3.8125], [0.0, 3.810546875], [0.0, 3.80859375], [0.0, 3.806640625], [0.0, 3.8046875], [0.0, 3.802734375], [0.0, 3.80078125], [0.0, 3.798828125], [0.0, 3.796875], [0.0, 3.794921875], [0.0, 3.79296875], [0.0, 3.791015625], [0.0, 3.7890625], [0.0, 3.787109375], [0.0, 3.78515625], [0.0, 3.783203125], [0.0, 3.78125], [0.0, 3.779296875], [0.0, 3.77734375], [0.0, 3.775390625], [0.0, 3.7734375], [0.0, 3.771484375], [0.0, 3.76953125], [0.0, 3.767578125], [0.0, 3.765625], [0.0, 3.763671875], [0.0, 3.76171875], [0.0, 3.759765625], [0.0, 3.7578125], [0.0, 3.755859375], [0.0, 3.75390625], [0.0, 3.751953125], [0.0, 3.75], [0.0, 3.748046875], [0.0, 3.74609375], [0.0, 3.744140625], [0.0, 3.7421875], [0.0, 3.740234375], [0.0, 3.73828125], [0.0, 3.736328125], [0.0, 3.734375], [0.0, 3.732421875], [0.0, 3.73046875], [0.0, 3.728515625], [0.0, 3.7265625], [0.0, 3.724609375], [0.0, 3.72265625], [0.0, 3.720703125], [0.0, 3.71875], [0.0, 3.716796875], [0.0, 3.71484375], [0.0, 3.712890625], [0.0, 3.7109375], [0.0, 3.708984375], [0.0, 3.70703125], [0.0, 3.705078125], [0.0, 3.703125], [0.0, 3.701171875], [0.0, 3.69921875], [0.0, 3.697265625], [0.0, 3.6953125], [0.0, 3.693359375], [0.0, 3.69140625], [0.0, 3.689453125], [0.0, 3.6875], [0.0, 3.685546875], [0.0, 3.68359375], [0.0, 3.681640625], [0.0, 3.6796875], [0.0, 3.677734375], [0.0, 3.67578125], [0.0, 3.673828125], [0.0, 3.671875], [0.0, 3.669921875], [0.0, 3.66796875], [0.0, 3.666015625], [0.0, 3.6640625], [0.0, 3.662109375], [0.0, 3.66015625], [0.0, 3.658203125], [0.0, 3.65625], [0.0, 3.654296875], [0.0, 3.65234375], [0.0, 3.650390625], [0.0, 3.6484375], [0.0, 3.646484375], [0.0, 3.64453125], [0.0, 3.642578125], [0.0, 3.640625], [0.0, 3.638671875], [0.0, 3.63671875], [0.0, 3.634765625], [0.0, 3.6328125], [0.0, 3.630859375], [0.0, 3.62890625], [0.0, 3.626953125], [0.0, 3.625], [0.0, 3.623046875], [0.0, 3.62109375], [0.0, 3.619140625], [0.0, 3.6171875], [0.0, 3.615234375], [0.0, 3.61328125], [0.0, 3.611328125], [0.0, 3.609375], [0.0, 3.607421875], [0.0, 3.60546875], [0.0, 3.603515625], [0.0, 3.6015625], [0.0, 3.599609375], [0.0, 3.59765625], [0.0, 3.595703125], [0.0, 3.59375], [0.0, 3.591796875], [0.0, 3.58984375], [0.0, 3.587890625], [0.0, 3.5859375], [0.0, 3.583984375], [0.0, 3.58203125], [0.0, 3.580078125], [0.0, 3.578125], [0.0, 3.576171875], [0.0, 3.57421875], [0.0, 3.572265625], [0.0, 3.5703125], [0.0, 3.568359375], [0.0, 3.56640625], [0.0, 3.564453125], [0.0, 3.5625], [0.0, 3.560546875], [0.0, 3.55859375], [0.0, 3.556640625], [0.0, 3.5546875], [0.0, 3.552734375], [0.0, 3.55078125], [0.0, 3.548828125], [0.0, 3.546875], [0.0, 3.544921875], [0.0, 3.54296875], [0.0, 3.541015625], [0.0, 3.5390625], [0.0, 3.537109375], [0.0, 3.53515625], [0.0, 3.533203125], [0.0, 3.53125], [0.0, 3.529296875], [0.0, 3.52734375], [0.0, 3.525390625], [0.0, 3.5234375], [0.0, 3.521484375], [0.0, 3.51953125], [0.0, 3.517578125], [0.0, 3.515625], [0.0, 3.513671875], [0.0, 3.51171875], [0.0, 3.509765625], [0.0, 3.5078125], [0.0, 3.505859375], [0.0, 3.50390625], [0.0, 3.501953125], [0.0, 3.5], [0.0, 3.498046875], [0.0, 3.49609375], [0.0, 3.494140625], [0.0, 3.4921875], [0.0, 3.490234375], [0.0, 3.48828125], [0.0, 3.486328125], [0.0, 3.484375], [0.0, 3.482421875], [0.0, 3.48046875], [0.0, 3.478515625], [0.0, 3.4765625], [0.0, 3.474609375], [0.0, 3.47265625], [0.0, 3.470703125], [0.0, 3.46875], [0.0, 3.466796875], [0.0, 3.46484375], [0.0, 3.462890625], [0.0, 3.4609375], [0.0, 3.458984375], [0.0, 3.45703125], [0.0, 3.455078125], [0.0, 3.453125], [0.0, 3.451171875], [0.0, 3.44921875], [0.0, 3.447265625], [0.0, 3.4453125], [0.0, 3.443359375], [0.0, 3.44140625], [0.0, 3.439453125], [0.0, 3.4375], [0.0, 3.435546875], [0.0, 3.43359375], [0.0, 3.431640625], [0.0, 3.4296875], [0.0, 3.427734375], [0.0, 3.42578125], [0.0, 3.423828125], [0.0, 3.421875], [0.0, 3.419921875], [0.0, 3.41796875], [0.0, 3.416015625], [0.0, 3.4140625], [0.0, 3.412109375], [0.0, 3.41015625], [0.0, 3.408203125], [0.0, 3.40625], [0.0, 3.404296875], [0.0, 3.40234375], [0.0, 3.400390625], [0.0, 3.3984375], [0.0, 3.396484375], [0.0, 3.39453125], [0.0, 3.392578125], [0.0, 3.390625], [0.0, 3.388671875], [0.0, 3.38671875], [0.0, 3.384765625], [0.0, 3.3828125], [0.0, 3.380859375], [0.0, 3.37890625], [0.0, 3.376953125], [0.0, 3.375], [0.0, 3.373046875], [0.0, 3.37109375], [0.0, 3.369140625], [0.0, 3.3671875], [0.0, 3.365234375], [0.0, 3.36328125], [0.0, 3.361328125], [0.0, 3.359375], [0.0, 3.357421875], [0.0, 3.35546875], [0.0, 3.353515625], [0.0, 3.3515625], [0.0, 3.349609375], [0.0, 3.34765625], [0.0, 3.345703125], [0.0, 3.34375], [0.0, 3.341796875], [0.0, 3.33984375], [0.0, 3.337890625], [0.0, 3.3359375], [0.0, 3.333984375], [0.0, 3.33203125], [0.0, 3.330078125], [0.0, 3.328125], [0.0, 3.326171875], [0.0, 3.32421875], [0.0, 3.322265625], [0.0, 3.3203125], [0.0, 3.318359375], [0.0, 3.31640625], [0.0, 3.314453125], [0.0, 3.3125], [0.0, 3.310546875], [0.0, 3.30859375], [0.0, 3.306640625], [0.0, 3.3046875], [0.0, 3.302734375], [0.0, 3.30078125], [0.0, 3.298828125], [0.0, 3.296875], [0.0, 3.294921875], [0.0, 3.29296875], [0.0, 3.291015625], [0.0, 3.2890625], [0.0, 3.287109375], [0.0, 3.28515625], [0.0, 3.283203125], [0.0, 3.28125], [0.0, 3.279296875], [0.0, 3.27734375], [0.0, 3.275390625], [0.0, 3.2734375], [0.0, 3.271484375], [0.0, 3.26953125], [0.0, 3.267578125], [0.0, 3.265625], [0.0, 3.263671875], [0.0, 3.26171875], [0.0, 3.259765625], [0.0, 3.2578125], [0.0, 3.255859375], [0.0, 3.25390625], [0.0, 3.251953125], [0.0, 3.25], [0.0, 3.248046875], [0.0, 3.24609375], [0.0, 3.244140625], [0.0, 3.2421875], [0.0, 3.240234375], [0.0, 3.23828125], [0.0, 3.236328125], [0.0, 3.234375], [0.0, 3.232421875], [0.0, 3.23046875], [0.0, 3.228515625], [0.0, 3.2265625], [0.0, 3.224609375], [0.0, 3.22265625], [0.0, 3.220703125], [0.0, 3.21875], [0.0, 3.216796875], [0.0, 3.21484375], [0.0, 3.212890625], [0.0, 3.2109375], [0.0, 3.208984375], [0.0, 3.20703125], [0.0, 3.205078125], [0.0, 3.203125], [0.0, 3.201171875], [0.0, 3.19921875], [0.0, 3.197265625], [0.0, 3.1953125], [0.0, 3.193359375], [0.0, 3.19140625], [0.0, 3.189453125], [0.0, 3.1875], [0.0, 3.185546875], [0.0, 3.18359375], [0.0, 3.181640625], [0.0, 3.1796875], [0.0, 3.177734375], [0.0, 3.17578125], [0.0, 3.173828125], [0.0, 3.171875], [0.0, 3.169921875], [0.0, 3.16796875], [0.0, 3.166015625], [0.0, 3.1640625], [0.0, 3.162109375], [0.0, 3.16015625], [0.0, 3.158203125], [0.0, 3.15625], [0.0, 3.154296875], [0.0, 3.15234375], [0.0, 3.150390625], [0.0, 3.1484375], [0.0, 3.146484375], [0.0, 3.14453125], [0.0, 3.142578125], [0.0, 3.140625], [0.0, 3.138671875], [0.0, 3.13671875], [0.0, 3.134765625], [0.0, 3.1328125], [0.0, 3.130859375], [0.0, 3.12890625], [0.0, 3.126953125], [0.0, 3.125], [0.0, 3.123046875], [0.0, 3.12109375], [0.0, 3.119140625], [0.0, 3.1171875], [0.0, 3.115234375], [0.0, 3.11328125], [0.0, 3.111328125], [0.0, 3.109375], [0.0, 3.107421875], [0.0, 3.10546875], [0.0, 3.103515625], [0.0, 3.1015625], [0.0, 3.099609375], [0.0, 3.09765625], [0.0, 3.095703125], [0.0, 3.09375], [0.0, 3.091796875], [0.0, 3.08984375], [0.0, 3.087890625], [0.0, 3.0859375], [0.0, 3.083984375], [0.0, 3.08203125], [0.0, 3.080078125], [0.0, 3.078125], [0.0, 3.076171875], [0.0, 3.07421875], [0.0, 3.072265625], [0.0, 3.0703125], [0.0, 3.068359375], [0.0, 3.06640625], [0.0, 3.064453125], [0.0, 3.0625], [0.0, 3.060546875], [0.0, 3.05859375], [0.0, 3.056640625], [0.0, 3.0546875], [0.0, 3.052734375], [0.0, 3.05078125], [0.0, 3.048828125], [0.0, 3.046875], [0.0, 3.044921875], [0.0, 3.04296875], [0.0, 3.041015625], [0.0, 3.0390625], [0.0, 3.037109375], [0.0, 3.03515625], [0.0, 3.033203125], [0.0, 3.03125], [0.0, 3.029296875], [0.0, 3.02734375], [0.0, 3.025390625], [0.0, 3.0234375], [0.0, 3.021484375], [0.0, 3.01953125], [0.0, 3.017578125], [0.0, 3.015625], [0.0, 3.013671875], [0.0, 3.01171875], [0.0, 3.009765625], [0.0, 3.0078125], [0.0, 3.005859375], [0.0, 3.00390625], [0.0, 3.001953125], [0, 3]]]}}, {"type": "Feature", "id": "c1-3", "properties": {"id": "c1-3", "name": "cell 1,3", "value": 12.1215}, "geometry": {"type": "Polygon", "coordinates": [[[1.0, 3.0], [1.001953125, 3.0], [1.00390625, 3.0], [1.005859375, 3.0], [1.0078125, 3.0], [1.009765625, 3.0], [1.01171875, 3.0], [1.013671875, 3.0], [1.015625, 3.0], [1.017578125, 3.0], [1.01953125, 3.0], [1.021484375, 3.0], [1.0234375, 3.0], [1.025390625, 3.0], [1.02734375, 3.0], [1.029296875, 3.0], [1.03125, 3.0], [1.033203125, 3.0], [1.03515625, 3.0], [1.037109375, 3.0], [1.0390625, 3.0], [1.041015625, 3.0], [1.04296875, 3.0], [1.044921875, 3.0], [1.046875, 3.0], [1.048828125, 3.0], [1.05078125, 3.0], [1.052734375, 3.0], [1.0546875, 3.0], [1.056640625, 3.0], [1.05859375, 3.0], [1.060546875, 3.0], [1.0625, 3.0], [1.064453125, 3.0], [1.06640625, 3.0], [1.068359375, 3.0], [1.0703125, 3.0], [1.072265625, 3.0], [1.07421875, 3.0], [1.076171875, 3.0], [1.078125, 3.0], [1.080078125, 3.0], [1.08203125, 3.0], [1.083984375, 3.0], [1.0859375, 3.0], [1.087890625, 3.0], [1.08984375, 3.0], [1.091796875, 3.0], [1.09375, 3.0], [1.095703125, 3.0], [1.09765625, 3.0], [1.099609375, 3.0], [1.1015625, 3.0], [1.103515625, 3.0], [1.10546875, 3.0], [1.107421875, 3.0], [1.109375, 3.0], [1.111328125, 3.0], [1.11328125, 3.0], [1.115234375, 3.0], [1.1171875, 3.0], [1.119140625, 3.0], [1.12109375, 3.0], [1.123046875, 3.0], [1.125, 3.0], [1.126953125, 3.0], [1.12890625, 3.0], [1.130859375, 3.0], [1.1328125, 3.0], [1.134765625, 3.0], [1.13671875, 3.0], [1.138671875, 3.0], [1.140625, 3.0], [1.142578125, 3.0], [1.14453125, 3.0], [1.146484375, 3.0], [1.1484375, 3.0], [1.150390625, 3.0], [1.15234375, 3.0], [1.154296875, 3.0], [1.15625, 3.0], [1.158203125, 3.0], [1.16015625, 3.0], [1.162109375, 3.0], [1.1640625, 3.0], [1.166015625, 3.0], [1.16796875, 3.0], [1.169921875, 3.0], [1.171875, 3.0], [1.173828125, 3.0], [1.17578125, 3.0], [1.177734375, 3.0], [1.1796875, 3.0], [1.181640625, 3.0], [1.18359375, 3.0], [1.185546875, 3.0], [1.1875, 3.0], [1.189453125, 3.0], [1.19140625, 3.0], [1.193359375, 3.0], [1.1953125, 3.0], [1.197265625, 3.0], [1.19921875, 3.0], [1.201171875, 3.0], [1.203125, 3.0], [1.205078125, 3.0], [1.20703125, 3.0], [1.208984375, 3.0], [1.2109375, 3.0], [1.212890625, 3.0], [1.21484375, 3.0], [1.216796875, 3.0], [1.21875, 3.0], [1.220703125, 3.0], [1.22265625, 3.0], [1.224609375, 3.0], [1.2265625, 3.0], [1.228515625, 3.0], [1.23046875, 3.0], [1.232421875, 3.0], [1.234375, 3.0], [1.236328125, 3.0], [1.23828125, 3.0], [1.240234375, 3.0], [1.2421875, 3.0], [1.244140625, 3.0], [1.24609375, 3.0], [1.248046875, 3.0], [1.25, 3.0], [1.251953125, 3.0], [1.25390625, 3.0], [1.255859375, 3.0], [1.2578125, 3.0], [1.259765625, 3.0], [1.26171875, 3.0], [1.263671875, 3.0], [1.265625, 3.0], [1.267578125, 3.0], [1.26953125, 3.0], [1.271484375, 3.0], [1.2734375, 3.0], [1.275390625, 3.0], [1.27734375, 3.0], [1.279296875, 3.0], [1.28125, 3.0], [1.283203125, 3.0], [1.28515625, 3.0], [1.287109375, 3.0], [1.2890625, 3.0], [1.291015625, 3.0], [1.29296875, 3.0], [1.294921875, 3.0], [1.296875, 3.0], [1.298828125, 3.0], [1.30078125, 3.0], [1.302734375, 3.0], [1.3046875, 3.0], [1.306640625, 3.0], [1.30859375, 3.0], [1.310546875, 3.0], [1.3125, 3.0], [1.314453125, 3.0], [1.31640625, 3.0], [1.318359375, 3.0], [1.3203125, 3.0], [1.322265625, 3.0], [1.32421875, 3.0], [1.326171875, 3.0], [1.328125, 3.0], [1.330078125, 3.0], [1.33203125, 3.0], [1.333984375, 3.0], [1.3359375, 3.0], [1.337890625, 3.0], [1.33984375, 3.0], [1.341796875, 3.0], [1.34375, 3.0], [1.345703125, 3.0], [1.34765625, 3.0], [1.349609375, 3.0], [1.3515625, 3.0], [1.353515625, 3.0], [1.35546875, 3.0], [1.357421875, 3.0], [1.359375, 3.0], [1.361328125, 3.0], [1.36328125, 3.0], [1.365234375, 3.0], [1.3671875, 3.0], [1.369140625, 3.0], [1.37109375, 3.0], [1.373046875, 3.0], [1.375, 3.0], [1.376953125, 3.0], [1.37890625, 3.0], [1.380859375, 3.0], [1.3828125, 3.0], [1.384765625, 3.0], [1.38671875, 3.0], [1.388671875, 3.0], [1.390625, 3.0], [1.392578125, 3.0], [1.39453125, 3.0], [1.396484375, 3.0], [1.3984375, 3.0], [1.400390625, 3.0], [1.40234375, 3.0], [1.404296875, 3.0], [1.40625, 3.0], [1.408203125, 3.0], [1.41015625, 3.0], [1.412109375, 3.0], [1.4140625, 3.0], [1.416015625, 3.0], [1.41796875, 3.0], [1.419921875, 3.0], [1.421875, 3.0], [1.423828125, 3.0], [1.42578125, 3.0], [1.427734375, 3.0], [1.4296875, 3.0], [1.431640625, 3.0], [1.43359375, 3.0], [1.435546875, 3.0], [1.4375, 3.0], [1.439453125, 3.0], [1.44140625, 3.0], [1.443359375, 3.0], [1.4453125, 3.0], [1.447265625, 3.0], [1.44921875, 3.0], [1.451171875, 3.0], [1.453125, 3.0], [1.455078125, 3.0], [1.45703125, 3.0], [1.458984375, 3.0], [1.4609375, 3.0], [1.462890625, 3.0], [1.46484375, 3.0], [1.466796875, 3.0], [1.46875, 3.0], [1.470703125, 3.0], [1.47265625, 3.0], [1.474609375, 3.0], [1.4765625, 3.0], [1.478515625, 3.0], [1.48046875, 3.0], [1.482421875, 3.0], [1.484375, 3.0], [1.486328125, 3.0], [1.48828125, 3.0], [1.490234375, 3.0], [1.4921875, 3.0], [1.494140625, 3.0], [1.49609375, 3.0], [1.498046875, 3.0], [1.5, 3.0], [1.501953125, 3.0], [1.50390625, 3.0], [1.505859375, 3.0], [1.5078125, 3.0], [1.509765625, 3.0], [1.51171875, 3.0], [1.513671875, 3.0], [1.515625, 3.0], [1.517578125, 3.0], [1.51953125, 3.0], [1.521484375, 3.0], [1.5234375, 3.0], [1.525390625, 3.0], [1.52734375, 3.0], [1.529296875, 3.0], [1.53125, 3.0], [1.533203125, 3.0], [1.53515625, 3.0], [1.537109375, 3.0], [1.5390625, 3.0], [1.541015625, 3.0], [1.54296875, 3.0], [1.544921875, 3.0], [1.546875, 3.0], [1.548828125, 3.0], [1.55078125, 3.0], [1.552734375, 3.0], [1.5546875, 3.0], [1.556640625, 3.0], [1.55859375, 3.0], [1.560546875, 3.0], [1.5625, 3.0], [1.564453125, 3.0], [1.56640625, 3.0], [1.568359375, 3.0], [1.5703125, 3.0], [1.572265625, 3.0], [1.57421875, 3.0], [1.576171875, 3.0], [1.578125, 3.0], [1.580078125, 3.0], [1.58203125, 3.0], [1.583984375, 3.0], [1.5859375, 3.0], [1.587890625, 3.0], [1.58984375, 3.0], [1.591796875, 3.0], [1.59375, 3.0], [1.595703125, 3.0], [1.59765625, 3.0], [1.599609375, 3.0], [1.6015625, 3.0], [1.603515625, 3.0], [1.60546875, 3.0], [1.607421875, 3.0], [1.609375, 3.0], [1.611328125, 3.0], [1.61328125, 3.0], [1.615234375, 3.0], [1.6171875, 3.0], [1.619140625, 3.0], [1.62109375, 3.0], [1.623046875, 3.0], [1.625, 3.0], [1.626953125, 3.0], [1.62890625, 3.0], [1.630859375, 3.0], [1.6328125, 3.0], [1.634765625, 3.0], [1.63671875, 3.0], [1.638671875, 3.0], [1.640625, 3.0], [1.642578125, 3.0], [1.64453125, 3.0], [1.646484375, 3.0], [1.6484375, 3.0], [1.650390625, 3.0], [1.65234375, 3.0], [1.654296875, 3.0], [1.65625, 3.0], [1.658203125, 3.0], [1.66015625, 3.0], [1.662109375, 3.0], [1.6640625, 3.0], [1.666015625, 3.0], [1.66796875, 3.0], [1.669921875, 3.0], [1.671875, 3.0], [1.673828125, 3.0], [1.67578125, 3.0], [1.677734375, 3.0], [1.6796875, 3.0], [1.681640625, 3.0], [1.68359375, 3.0], [1.685546875, 3.0], [1.6875, 3.0], [1.689453125, 3.0], [1.69140625, 3.0], [1.693359375, 3.0], [1.6953125, 3.0], [1.697265625, 3.0], [1.69921875, 3.0], [1.701171875, 3.0], [1.703125, 3.0], [1.705078125, 3.0], [1.70703125, 3.0], [1.708984375, 3.0], [1.7109375, 3.0], [1.712890625, 3.0], [1.71484375, 3.0], [1.716796875, 3.0], [1.71875, 3.0], [1.720703125, 3.0], [1.72265625, 3.0], [1.724609375, 3.0], [1.7265625, 3.0], [1.728515625, 3.0], [1.73046875, 3.0], [1.732421875, 3.0], [1.734375, 3.0], [1.736328125, 3.0], [1.73828125, 3.0], [1.740234375, 3.0], [1.7421875, 3.0], [1.744140625, 3.0], [1.74609375, 3.0], [1.748046875, 3.0], [1.75, 3.0], [1.751953125, 3.0], [1.75390625, 3.0], [1.755859375, 3.0], [1.7578125, 3.0], [1.759765625, 3.0], [1.76171875, 3.0], [1.763671875, 3.0], [1.765625, 3.0], [1.767578125, 3.0], [1.76953125, 3.0], [1.771484375, 3.0], [1.7734375, 3.0], [1.775390625, 3.0], [1.77734375, 3.0], [1.779296875, 3.0], [1.78125, 3.0], [1.783203125, 3.0], [1.78515625, 3.0], [1.787109375, 3.0], [1.7890625, 3.0], [1.791015625, 3.0], [1.79296875, 3.0], [1.794921875, 3.0], [1.796875, 3.0], [1.798828125, 3.0], [1.80078125, 3.0], [1.802734375, 3.0], [1.8046875, 3.0], [1.806640625, 3.0], [1.80859375, 3.0], [1.810546875, 3.0], [1.8125, 3.0], [1.814453125, 3.0], [1.81640625, 3.0], [1.818359375, 3.0], [1.8203125, 3.0], [1.822265625, 3.0], [1.82421875, 3.0], [1.826171875, 3.0], [1.828125, 3.0], [1.830078125, 3.0], [1.83203125, 3.0], [1.833984375, 3.0], [1.8359375, 3.0], [1.837890625, 3.0], [1.83984375, 3.0], [1.841796875, 3.0], [1.84375, 3.0], [1.845703125, 3.0], [1.84765625, 3.0], [1.849609375, 3.0], [1.8515625, 3.0], [1.853515625, 3.0], [1.85546875, 3.0], [1.857421875, 3.0], [1.859375, 3.0], [1.861328125, 3.0], [1.86328125, 3.0], [1.865234375, 3.0], [1.8671875, 3.0], [1.869140625, 3.0], [1.87109375, 3.0], [1.873046875, 3.0], [1.875, 3.0], [1.876953125, 3.0], [1.87890625, 3.0], [1.880859375, 3.0], [1.8828125, 3.0], [1.884765625, 3.0], [1.88671875, 3.0], [1.888671875, 3.0], [1.890625, 3.0], [1.892578125, 3.0], [1.89453125, 3.0], [1.896484375, 3.0], [1.8984375, 3.0], [1.900390625, 3.0], [1.90234375, 3.0], [1.904296875, 3.0], [1.90625, 3.0], [1.908203125, 3.0], [1.91015625, 3.0], [1.912109375, 3.0], [1.9140625, 3.0], [1.916015625, 3.0], [1.91796875, 3.0], [1.919921875, 3.0], [1.921875, 3.0], [1.923828125, 3.0], [1.92578125, 3.0], [1.927734375, 3.0], [1.9296875, 3.0], [1.931640625, 3.0], [1.93359375, 3.0], [1.935546875, 3.0], [1.9375, 3.0], [1.939453125, 3.0], [1.94140625, 3.0], [1.943359375, 3.0], [1.9453125, 3.0], [1.947265625, 3.0], [1.94921875, 3.0], [1.951171875, 3.0], [1.953125, 3.0], [1.955078125, 3.0], [1.95703125, 3.0], [1.958984375, 3.0], [1.9609375, 3.0], [1.962890625, 3.0], [1.96484375, 3.0], [1.966796875, 3.0], [1.96875, 3.0], [1.970703125, 3.0], [1.97265625, 3.0], [1.974609375, 3.0], [1.9765625, 3.0], [1.978515625, 3.0], [1.98046875, 3.0], [1.982421875, 3.0], [1.984375, 3.0], [1.986328125, 3.0], [1.98828125, 3.0], [1.990234375, 3.0], [1.9921875, 3.0], [1.994140625, 3.0], [1.99609375, 3.0], [1.998046875, 3.0], [2.0, 3.0], [2.0, 3.001953125], [2.0, 3.00390625], [2.0, 3.005859375], [2.0, 3.0078125], [2.0, 3.009765625], [2.0, 3.01171875], [2.0, 3.013671875], [2.0, 3.015625], [2.0, 3.017578125], [2.0, 3.01953125], [2.0, 3.021484375], [2.0, 3.0234375], [2.0, 3.025390625], [2.0, 3.02734375], [2.0, 3.029296875], [2.0, 3.03125], [2.0, 3.033203125], [2.0, 3.03515625], [2.0, 3.037109375], [2.0, 3.0390625], [2.0, 3.041015625], [2.0, 3.04296875], [2.0, 3.044921875], [2.0, 3.046875], [2.0, 3.048828125], [2.0, 3.05078125], [2.0, 3.052734375], [2.0, 3.0546875], [2.0, 3.056640625], [2.0, 3.05859375], [2.0, 3.060546875], [2.0, 3.0625], [2.0, 3.064453125], [2.0, 3.06640625], [2.0, 3.068359375], [2.0, 3.0703125], [2.0, 3.072265625], [2.0, 3.07421875], [2.0, 3.076171875], [2.0, 3.078125], [2.0, 3.080078125], [2.0, 3.08203125], [2.0, 3.083984375], [2.0, 3.0859375], [2.0, 3.087890625], [2.0, 3.08984375], [2.0, 3.091796875], [2.0, 3.09375], [2.0, 3.095703125], [2.0, 3.09765625], [2.0, 3.099609375], [2.0, 3.1015625], [2.0, 3.103515625], [2.0, 3.10546875], [2.0, 3.107421875], [2.0, 3.109375], [2.0, 3.111328125], [2.0, 3.11328125], [2.0, 3.115234375], [2.0, 3.1171875], [2.0, 3.119140625], [2.0, 3.12109375], [2.0, 3.123046875], [2.0, 3.125], [2.0, 3.126953125], [2.0, 3.12890625], [2.0, 3.130859375], [2.0, 3.1328125], [2.0, 3.134765625], [2.0, 3.13671875], [2.0, 3.138671875], [2.0, 3.140625], [2.0, 3.142578125], [2.0, 3.14453125], [2.0, 3.146484375], [2.0, 3.1484375], [2.0, 3.150390625], [2.0, 3.15234375], [2.0, 3.154296875], [2.0, 3.15625], [2.0, 3.158203125], [2.0, 3.16015625], [2.0, 3.162109375], [2.0, 3.1640625], [2.0, 3.166015625], [2.0, 3.16796875], [2.0, 3.169921875], [2.0, 3.171875], [2.0, 3.173828125], [2.0, 3.17578125], [2.0, 3.177734375], [2.0, 3.1796875], [2.0, 3.181640625], [2.0, 3.18359375], [2.0, 3.185546875], [2.0, 3.1875], [2.0, 3.189453125], [2.0, 3.19140625], [2.0, 3.193359375], [2.0, 3.1953125], [2.0, 3.197265625], [2.0, 3.19921875], [2.0, 3.201171875], [2.0, 3.203125], [2.0, 3.205078125], [2.0, 3.20703125], [2.0, 3.208984375], [2.0, 3.2109375], [2.0, 3.212890625], [2.0, 3.21484375], [2.0, 3.216796875], [2.0, 3.21875], [2.0, 3.220703125], [2.0, 3.22265625], [2.0, 3.224609375], [2.0, 3.2265625], [2.0, 3.228515625], [2.0, 3.23046875], [2.0, 3.232421875], [2.0, 3.234375], [2.0, 3.236328125], [2.0, 3.23828125], [2.0, 3.240234375], [2.0, 3.2421875], [2.0, 3.244140625], [2.0, 3.24609375], [2.0, 3.248046875], [2.0, 3.25], [2.0, 3.251953125], [2.0, 3.25390625], [2.0, 3.255859375], [2.0, 3.2578125], [2.0, 3.259765625], [2.0, 3.26171875], [2.0, 3.263671875], [2.0, 3.265625], [2.0, 3.267578125], [2.0, 3.26953125], [2.0, 3.271484375], [2.0, 3.2734375], [2.0, 3.275390625], [2.0, 3.27734375], [2.0, 3.279296875], [2.0, 3.28125], [2.0, 3.283203125], [2.0, 3.28515625], [2.0, 3.287109375], [2.0, 3.2890625], [2.0, 3.291015625], [2.0, 3.29296875], [2.0, 3.294921875], [2.0, 3.296875], [2.0, 3.298828125], [2.0, 3.30078125], [2.0, 3.302734375], [2.0, 3.3046875], [2.0, 3.306640625], [2.0, 3.30859375], [2.0, 3.310546875], [2.0, 3.3125], [2.0, 3.314453125], [2.0, 3.31640625], [2.0, 3.318359375], [2.0, 3.3203125], [2.0, 3.322265625], [2.0, 3.32421875], [2.0, 3.326171875], [2.0, 3.328125], [2.0, 3.330078125], [2.0, 3.33203125], [2.0, 3.333984375], [2.0, 3.3359375], [2.0, 3.337890625], [2.0, 3.33984375], [2.0, 3.341796875], [2.0, 3.34375], [2.0, 3.345703125], [2.0, 3.34765625], [2.0, 3.349609375], [2.0, 3.3515625], [2.0, 3.353515625], [2.0, 3.35546875], [2.0, 3.357421875], [2.0, 3.359375], [2.0, 3.361328125], [2.0, 3.36328125], [2.0, 3.365234375], [2.0, 3.3671875], [2.0, 3.369140625], [2.0, 3.37109375], [2.0, 3.373046875], [2.0, 3.375], [2.0, 3.376953125], [2.0, 3.37890625], [2.0, 3.380859375], [2.0, 3.3828125], [2.0, 3.384765625], [2.0, 3.38671875], [2.0, 3.388671875], [2.0, 3.390625], [2.0, 3.392578125], [2.0, 3.39453125], [2.0, 3.396484375], [2.0, 3.3984375], [2.0, 3.400390625], [2.0, 3.40234375], [2.0, 3.404296875], [2.0, 3.40625], [2.0, 3.408203125], [2.0, 3.41015625], [2.0, 3.412109375], [2.0, 3.4140625], [2.0, 3.416015625], [2.0, 3.41796875], [2.0, 3.419921875], [2.0, 3.421875], [2.0, 3.423828125], [2.0, 3.42578125], [2.0, 3.427734375], [2.0, 3.4296875], [2.0, 3.431640625], [2.0, 3.43359375], [2.0, 3.435546875], [2.0, 3.4375], [2.0, 3.439453125], [2.0, 3.44140625], [2.0, 3.443359375], [2.0, 3.4453125], [2.0, 3.447265625], [2.0, 3.44921875], [2.0, 3.451171875], [2.0, 3.453125], [2.0, 3.455078125], [2.0, 3.45703125], [2.0, 3.458984375], [2.0, 3.4609375], [2.0, 3.462890625], [2.0, 3.46484375], [2.0, 3.466796875], [2.0, 3.46875], [2.0, 3.470703125], [2.0, 3.47265625], [2.0, 3.474609375], [2.0, 3.4765625], [2.0, 3.478515625], [2.0, 3.48046875], [2.0, 3.482421875], [2.0, 3.484375], [2.0, 3.486328125], [2.0, 3.48828125], [2.0, 3.490234375], [2.0, 3.4921875], [2.0, 3.494140625], [2.0, 3.49609375], [2.0, 3.498046875], [2.0, 3.5], [2.0, 3.501953125], [2.0, 3.50390625], [2.0, 3.505859375], [2.0, 3.5078125], [2.0, 3.509765625], [2.0, 3.51171875], [2.0, 3.513671875], [2.0, 3.515625], [2.0, 3.517578125], [2.0, 3.51953125], [2.0, 3.521484375], [2.0, 3.5234375], [2.0, 3.525390625], [2.0, 3.52734375], [2.0, 3.529296875], [2.0, 3.53125], [2.0, 3.533203125], [2.0, 3.53515625], [2.0, 3.537109375], [2.0, 3.5390625], [2.0, 3.541015625], [2.0, 3.54296875], [2.0, 3.544921875], [2.0, 3.546875], [2.0, 3.548828125], [2.0, 3.55078125], [2.0, 3.552734375], [2.0, 3.5546875], [2.0, 3.556640625], [2.0, 3.55859375], [2.0, 3.560546875], [2.0, 3.5625], [2.0, 3.564453125], [2.0, 3.56640625], [2.0, 3.568359375], [2.0, 3.5703125], [2.0, 3.572265625], [2.0, 3.57421875], [2.0, 3.576171875], [2.0, 3.578125], [2.0, 3.580078125], [2.0, 3.58203125], [2.0, 3.583984375], [2.0, 3.5859375], [2.0, 3.587890625], [2.0, 3.58984375], [2.0, 3.591796875], [2.0, 3.59375], [2.0, 3.595703125], [2.0, 3.59765625], [2.0, 3.599609375], [2.0, 3.6015625], [2.0, 3.603515625], [2.0, 3.60546875], [2.0, 3.607421875], [2.0, 3.609375], [2.0, 3.611328125], [2.0, 3.61328125], [2.0, 3.615234375], [2.0, 3.6171875], [2.0, 3.619140625], [2.0, 3.62109375], [2.0, 3.623046875], [2.0, 3.625], [2.0, 3.626953125], [2.0, 3.62890625], [2.0, 3.630859375], [2.0, 3.6328125], [2.0, 3.634765625], [2.0, 3.63671875], [2.0, 3.638671875], [2.0, 3.640625], [2.0, 3.642578125], [2.0, 3.64453125], [2.0, 3.646484375], [2.0, 3.6484375], [2.0, 3.650390625], [2.0, 3.65234375], [2.0, 3.654296875], [2.0, 3.65625], [2.0, 3.658203125], [2.0, 3.66015625], [2.0, 3.662109375], [2.0, 3.6640625], [2.0, 3.666015625], [2.0, 3.66796875], [2.0, 3.669921875], [2.0, 3.671875], [2.0, 3.673828125], [2.0, 3.67578125], [2.0, 3.677734375], [2.0, 3.6796875], [2.0, 3.681640625], [2.0, 3.68359375], [2.0, 3.685546875], [2.0, 3.6875], [2.0, 3.689453125], [2.0, 3.69140625], [2.0, 3.693359375], [2.0, 3.6953125], [2.0, 3.697265625], [2.0, 3.69921875], [2.0, 3.701171875], [2.0, 3.703125], [2.0, 3.705078125], [2.0, 3.70703125], [2.0, 3.708984375], [2.0, 3.7109375], [2.0, 3.712890625], [2.0, 3.71484375], [2.0, 3.716796875], [2.0, 3.71875], [2.0, 3.720703125], [2.0, 3.72265625], [2.0, 3.724609375], [2.0, 3.7265625], [2.0, 3.728515625], [2.0, 3.73046875], [2.0, 3.732421875], [2.0, 3.734375], [2.0, 3.736328125], [2.0, 3.73828125], [2.0, 3.740234375], [2.0, 3.7421875], [2.0, 3.744140625], [2.0, 3.74609375], [2.0, 3.748046875], [2.0, 3.75], [2.0, 3.751953125], [2.0, 3.75390625], [2.0, 3.755859375], [2.0, 3.7578125], [2.0, 3.759765625], [2.0, 3.76171875], [2.0, 3.763671875], [2.0, 3.765625], [2.0, 3.767578125], [2.0, 3.76953125], [2.0, 3.771484375], [2.0, 3.7734375], [2.0, 3.775390625], [2.0, 3.77734375], [2.0, 3.779296875], [2.0, 3.78125], [2.0, 3.783203125], [2.0, 3.78515625], [2.0, 3.787109375], [2.0, 3.7890625], [2.0, 3.791015625], [2.0, 3.79296875], [2.0, 3.794921875], [2.0, 3.796875], [2.0, 3.798828125], [2.0, 3.80078125], [2.0, 3.802734375], [2.0, 3.8046875], [2.0, 3.806640625], [2.0, 3.80859375], [2.0, 3.810546875], [2.0, 3.8125], [2.0, 3.814453125], [2.0, 3.81640625], [2.0, 3.818359375], [2.0, 3.8203125], [2.0, 3.822265625], [2.0, 3.82421875], [2.0, 3.826171875], [2.0, 3.828125], [2.0, 3.830078125], [2.0, 3.83203125], [2.0, 3.833984375], [2.0, 3.8359375], [2.0, 3.837890625], [2.0, 3.83984375], [2.0, 3.841796875], [2.0, 3.84375], [2.0, 3.845703125], [2.0, 3.84765625], [2.0, 3.849609375], [2.0, 3.8515625], [2.0, 3.853515625], [2.0, 3.85546875], [2.0, 3.857421875], [2.0, 3.859375], [2.0, 3.861328125], [2.0, 3.86328125], [2.0, 3.865234375], [2.0, 3.8671875], [2.0, 3.869140625], [2.0, 3.87109375], [2.0, 3.873046875], [2.0, 3.875], [2.0, 3.876953125], [2.0, 3.87890625], [2.0, 3.880859375], [2.0, 3.8828125], [2.0, 3.884765625], [2.0, 3.88671875], [2.0, 3.888671875], [2.0, 3.890625], [2.0, 3.892578125], [2.0, 3.89453125], [2.0, 3.896484375], [2.0, 3.8984375], [2.0, 3.900390625], [2.0, 3.90234375], [2.0, 3.904296875], [2.0, 3.90625], [2.0, 3.908203125], [2.0, 3.91015625], [2.0, 3.912109375], [2.0, 3.9140625], [2.0, 3.916015625], [2.0, 3.91796875], [2.0, 3.919921875], [2.0, 3.921875], [2.0, 3.923828125], [2.0, 3.92578125], [2.0, 3.927734375], [2.0, 3.9296875], [2.0, 3.931640625], [2.0, 3.93359375], [2.0, 3.935546875], [2.0, 3.9375], [2.0, 3.939453125], [2.0, 3.94140625], [2.0, 3.943359375], [2.0, 3.9453125], [2.0, 3.947265625], [2.0, 3.94921875], [2.0, 3.951171875], [2.0, 3.953125], [2.0, 3.955078125], [2.0, 3.95703125], [2.0, 3.958984375], [2.0, 3.9609375], [2.0, 3.962890625], [2.0, 3.96484375], [2.0, 3.966796875], [2.0, 3.96875], [2.0, 3.970703125], [2.0, 3.97265625], [2.0, 3.974609375], [2.0, 3.9765625], [2.0, 3.978515625], [2.0, 3.98046875], [2.0, 3.982421875], [2.0, 3.984375], [2.0, 3.986328125], [2.0, 3.98828125], [2.0, 3.990234375], [2.0, 3.9921875], [2.0, 3.994140625], [2.0, 3.99609375], [2.0, 3.998046875], [2.0, 4.0], [1.998046875, 4.0], [1.99609375, 4.0], [1.994140625, 4.0], [1.9921875, 4.0], [1.990234375, 4.0], [1.98828125, 4.0], [1.986328125, 4.0], [1.984375, 4.0], [1.982421875, 4.0], [1.98046875, 4.0], [1.978515625, 4.0], [1.9765625, 4.0], [1.974609375, 4.0], [1.97265625, 4.0], [1.970703125, 4.0], [1.96875, 4.0], [1.966796875, 4.0], [1.96484375, 4.0], [1.962890625, 4.0], [1.9609375, 4.0], [1.958984375, 4.0], [1.95703125, 4.0], [1.955078125, 4.0], [1.953125, 4.0], [1.951171875, 4.0], [1.94921875, 4.0], [1.947265625, 4.0], [1.9453125, 4.0], [1.943359375, 4.0], [1.94140625, 4.0], [1.939453125, 4.0], [1.9375, 4.0], [1.935546875, 4.0], [1.93359375, 4.0], [1.931640625, 4.0], [1.9296875, 4.0], [1.927734375, 4.0], [1.92578125, 4.0], [1.923828125, 4.0], [1.921875, 4.0], [1.919921875, 4.0], [1.91796875, 4.0], [1.916015625, 4.0], [1.9140625, 4.0], [1.912109375, 4.0], [1.91015625, 4.0], [1.908203125, 4.0], [1.90625, 4.0], [1.904296875, 4.0], [1.90234375, 4.0], [1.900390625, 4.0], [1.8984375, 4.0], [1.896484375, 4.0], [1.89453125, 4.0], [1.892578125, 4.0], [1.890625, 4.0], [1.888671875, 4.0], [1.88671875, 4.0], [1.884765625, 4.0], [1.8828125, 4.0], [1.880859375, 4.0], [1.87890625, 4.0], [1.876953125, 4.0], [1.875, 4.0], [1.873046875, 4.0], [1.87109375, 4.0], [1.869140625, 4.0], [1.8671875, 4.0], [1.865234375, 4.0], [1.86328125, 4.0], [1.861328125, 4.0], [1.859375, 4.0], [1.857421875, 4.0], [1.85546875, 4.0], [1.853515625, 4.0], [1.8515625, 4.0], [1.849609375, 4.0], [1.84765625, 4.0], [1.845703125, 4.0], [1.84375, 4.0], [1.841796875, 4.0], [1.83984375, 4.0], [1.837890625, 4.0], [1.8359375, 4.0], [1.833984375, 4.0], [1.83203125, 4.0], [1.830078125, 4.0], [1.828125, 4.0], [1.826171875, 4.0], [1.82421875, 4.0], [1.822265625, 4.0], [1.8203125, 4.0], [1.818359375, 4.0], [1.81640625, 4.0], [1.814453125, 4.0], [1.8125, 4.0], [1.810546875, 4.0], [1.80859375, 4.0], [1.806640625, 4.0], [1.8046875, 4.0], [1.802734375, 4.0], [1.80078125, 4.0], [1.798828125, 4.0], [1.796875, 4.0], [1.794921875, 4.0], [1.79296875, 4.0], [1.791015625, 4.0], [1.7890625, 4.0], [1.787109375, 4.0], [1.78515625, 4.0], [1.783203125, 4.0], [1.78125, 4.0], [1.779296875, 4.0], [1.77734375, 4.0], [1.775390625, 4.0], [1.7734375, 4.0], [1.771484375, 4.0], [1.76953125, 4.0], [1.767578125, 4.0], [1.765625, 4.0], [1.763671875, 4.0], [1.76171875, 4.0], [1.759765625, 4.0], [1.7578125, 4.0], [1.755859375, 4.0], [1.75390625, 4.0], [1.751953125, 4.0], [1.75, 4.0], [1.748046875, 4.0], [1.74609375, 4.0], [1.744140625, 4.0], [1.7421875, 4.0], [1.740234375, 4.0], [1.73828125, 4.0], [1.736328125, 4.0], [1.734375, 4.0], [1.732421875, 4.0], [1.73046875, 4.0], [1.728515625, 4.0], [1.7265625, 4.0], [1.724609375, 4.0], [1.72265625, 4.0], [1.720703125, 4.0], [1.71875, 4.0], [1.716796875, 4.0], [1.71484375, 4.0], [1.712890625, 4.0], [1.7109375, 4.0], [1.708984375, 4.0], [1.70703125, 4.0], [1.705078125, 4.0], [1.703125, 4.0], [1.701171875, 4.0], [1.69921875, 4.0], [1.697265625, 4.0], [1.6953125, 4.0], [1.693359375, 4.0], [1.69140625, 4.0], [1.689453125, 4.0], [1.6875, 4.0], [1.685546875, 4.0], [1.68359375, 4.0], [1.681640625, 4.0], [1.6796875, 4.0], [1.677734375, 4.0], [1.67578125, 4.0], [1.673828125, 4.0], [1.671875, 4.0], [1.669921875, 4.0], [1.66796875, 4.0], [1.666015625, 4.0], [1.6640625, 4.0], [1.662109375, 4.0], [1.66015625, 4.0], [1.658203125, 4.0], [1.65625, 4.0], [1.654296875, 4.0], [1.65234375, 4.0], [1.650390625, 4.0], [1.6484375, 4.0], [1.646484375, 4.0], [1.64453125, 4.0], [1.642578125, 4.0], [1.640625, 4.0], [1.638671875, 4.0], [1.63671875, 4.0], [1.634765625, 4.0], [1.6328125, 4.0], [1.630859375, 4.0], [1.62890625, 4.0], [1.626953125, 4.0], [1.625, 4.0], [1.623046875, 4.0], [1.62109375, 4.0], [1.619140625, 4.0], [1.6171875, 4.0], [1.615234375, 4.0], [1.61328125, 4.0], [1.611328125, 4.0], [1.609375, 4.0], [1.607421875, 4.0], [1.60546875, 4.0], [1.603515625, 4.0], [1.6015625, 4.0], [1.599609375, 4.0], [1.59765625, 4.0], [1.595703125, 4.0], [1.59375, 4.0], [1.591796875, 4.0], [1.58984375, 4.0], [1.587890625, 4.0], [1.5859375, 4.0], [1.583984375, 4.0], [1.58203125, 4.0], [1.580078125, 4.0], [1.578125, 4.0], [1.576171875, 4.0], [1.57421875, 4.0], [1.572265625, 4.0], [1.5703125, 4.0], [1.568359375, 4.0], [1.56640625, 4.0], [1.564453125, 4.0], [1.5625, 4.0], [1.560546875, 4.0], [1.55859375, 4.0], [1.556640625, 4.0], [1.5546875, 4.0], [1.552734375, 4.0], [1.55078125, 4.0], [1.548828125, 4.0], [1.546875, 4.0], [1.544921875, 4.0], [1.54296875, 4.0], [1.541015625, 4.0], [1.5390625, 4.0], [1.537109375, 4.0], [1.53515625, 4.0], [1.533203125, 4.0], [1.53125, 4.0], [1.529296875, 4.0], [1.52734375, 4.0], [1.525390625, 4.0], [1.5234375, 4.0], [1.521484375, 4.0], [1.51953125, 4.0], [1.517578125, 4.0], [1.515625, 4.0], [1.513671875, 4.0], [1.51171875, 4.0], [1.509765625, 4.0], [1.5078125, 4.0], [1.505859375, 4.0], [1.50390625, 4.0], [1.501953125, 4.0], [1.5, 4.0], [1.498046875, 4.0], [1.49609375, 4.0], [1.494140625, 4.0], [1.4921875, 4.0], [1.490234375, 4.0], [1.48828125, 4.0], [1.486328125, 4.0], [1.484375, 4.0], [1.482421875, 4.0], [1.48046875, 4.0], [1.478515625, 4.0], [1.4765625, 4.0], [1.474609375, 4.0], [1.47265625, 4.0], [1.470703125, 4.0], [1.46875, 4.0], [1.466796875, 4.0], [1.46484375, 4.0], [1.462890625, 4.0], [1.4609375, 4.0], [1.458984375, 4.0], [1.45703125, 4.0], [1.455078125, 4.0], [1.453125, 4.0], [1.451171875, 4.0], [1.44921875, 4.0], [1.447265625, 4.0], [1.4453125, 4.0], [1.443359375, 4.0], [1.44140625, 4.0], [1.439453125, 4.0], [1.4375, 4.0], [1.435546875, 4.0], [1.43359375, 4.0], [1.431640625, 4.0], [1.4296875, 4.0], [1.427734375, 4.0], [1.42578125, 4.0], [1.423828125, 4.0], [1.421875, 4.0], [1.419921875, 4.0], [1.41796875, 4.0], [1.416015625, 4.0], [1.4140625, 4.0], [1.412109375, 4.0], [1.41015625, 4.0], [1.408203125, 4.0], [1.40625, 4.0], [1.404296875, 4.0], [1.40234375, 4.0], [1.400390625, 4.0], [1.3984375, 4.0], [1.396484375, 4.0], [1.39453125, 4.0], [1.392578125, 4.0], [1.390625, 4.0], [1.388671875, 4.0], [1.38671875, 4.0], [1.384765625, 4.0], [1.3828125, 4.0], [1.380859375, 4.0], [1.37890625, 4.0], [1.376953125, 4.0], [1.375, 4.0], [1.373046875, 4.0], [1.37109375, 4.0], [1.369140625, 4.0], [1.3671875, 4.0], [1.365234375, 4.0], [1.36328125, 4.0], [1.361328125, 4.0], [1.359375, 4.0], [1.357421875, 4.0], [1.35546875, 4.0], [1.353515625, 4.0], [1.3515625, 4.0], [1.349609375, 4.0], [1.34765625, 4.0], [1.345703125, 4.0], [1.34375, 4.0], [1.341796875, 4.0], [1.33984375, 4.0], [1.337890625, 4.0], [1.3359375, 4.0], [1.333984375, 4.0], [1.33203125, 4.0], [1.330078125, 4.0], [1.328125, 4.0], [1.326171875, 4.0], [1.32421875, 4.0], [1.322265625, 4.0], [1.3203125, 4.0], [1.318359375, 4.0], [1.31640625, 4.0], [1.314453125, 4.0], [1.3125, 4.0], [1.310546875, 4.0], [1.30859375, 4.0], [1.306640625, 4.0], [1.3046875, 4.0], [1.302734375, 4.0], [1.30078125, 4.0], [1.298828125, 4.0], [1.296875, 4.0], [1.294921875, 4.0], [1.29296875, 4.0], [1.291015625, 4.0], [1.2890625, 4.0], [1.287109375, 4.0], [1.28515625, 4.0], [1.283203125, 4.0], [1.28125, 4.0], [1.279296875, 4.0], [1.27734375, 4.0], [1.275390625, 4.0], [1.2734375, 4.0], [1.271484375, 4.0], [1.26953125, 4.0], [1.267578125, 4.0], [1.265625, 4.0], [1.263671875, 4.0], [1.26171875, 4.0], [1.259765625, 4.0], [1.2578125, 4.0], [1.255859375, 4.0], [1.25390625, 4.0], [1.251953125, 4.0], [1.25, 4.0], [1.248046875, 4.0], [1.24609375, 4.0], [1.244140625, 4.0], [1.2421875, 4.0], [1.240234375, 4.0], [1.23828125, 4.0], [1.236328125, 4.0], [1.234375, 4.0], [1.232421875, 4.0], [1.23046875, 4.0], [1.228515625, 4.0], [1.2265625, 4.0], [1.224609375, 4.0], [1.22265625, 4.0], [1.220703125, 4.0], [1.21875, 4.0], [1.216796875, 4.0], [1.21484375, 4.0], [1.212890625, 4.0], [1.2109375, 4.0], [1.208984375, 4.0], [1.20703125, 4.0], [1.205078125, 4.0], [1.203125, 4.0], [1.201171875, 4.0], [1.19921875, 4.0], [1.197265625, 4.0], [1.1953125, 4.0], [1.193359375, 4.0], [1.19140625, 4.0], [1.189453125, 4.0], [1.1875, 4.0], [1.185546875, 4.0], [1.18359375, 4.0], [1.181640625, 4.0], [1.1796875, 4.0], [1.177734375, 4.0], [1.17578125, 4.0], [1.173828125, 4.0], [1.171875, 4.0], [1.169921875, 4.0], [1.16796875, 4.0], [1.166015625, 4.0], [1.1640625, 4.0], [1.162109375, 4.0], [1.16015625, 4.0], [1.158203125, 4.0], [1.15625, 4.0], [1.154296875, 4.0], [1.15234375, 4.0], [1.150390625, 4.0], [1.1484375, 4.0], [1.146484375, 4.0], [1.14453125, 4.0], [1.142578125, 4.0], [1.140625, 4.0], [1.138671875, 4.0], [1.13671875, 4.0], [1.134765625, 4.0], [1.1328125, 4.0], [1.130859375, 4.0], [1.12890625, 4.0], [1.126953125, 4.0], [1.125, 4.0], [1.123046875, 4.0], [1.12109375, 4.0], [1.119140625, 4.0], [1.1171875, 4.0], [1.115234375, 4.0], [1.11328125, 4.0], [1.111328125, 4.0], [1.109375, 4.0], [1.107421875, 4.0], [1.10546875, 4.0], [1.103515625, 4.0], [1.1015625, 4.0], [1.099609375, 4.0], [1.09765625, 4.0], [1.095703125, 4.0], [1.09375, 4.0], [1.091796875, 4.0], [1.08984375, 4.0], [1.087890625, 4.0], [1.0859375, 4.0], [1.083984375, 4.0], [1.08203125, 4.0], [1.080078125, 4.0], [1.078125, 4.0], [1.076171875, 4.0], [1.07421875, 4.0], [1.072265625, 4.0], [1.0703125, 4.0], [1.068359375, 4.0], [1.06640625, 4.0], [1.064453125, 4.0], [1.0625, 4.0], [1.060546875, 4.0], [1.05859375, 4.0], [1.056640625, 4.0], [1.0546875, 4.0], [1.052734375, 4.0], [1.05078125, 4.0], [1.048828125, 4.0], [1.046875, 4.0], [1.044921875, 4.0], [1.04296875, 4.0], [1.041015625, 4.0], [1.0390625, 4.0], [1.037109375, 4.0], [1.03515625, 4.0], [1.033203125, 4.0], [1.03125, 4.0], [1.029296875, 4.0], [1.02734375, 4.0], [1.025390625, 4.0], [1.0234375, 4.0], [1.021484375, 4.0], [1.01953125, 4.0], [1.017578125, 4.0], [1.015625, 4.0], [1.013671875, 4.0], [1.01171875, 4.0], [1.009765625, 4.0], [1.0078125, 4.0], [1.005859375, 4.0], [1.00390625, 4.0], [1.001953125, 4.0], [1.0, 4.0], [1.0, 3.998046875], [1.0, 3.99609375], [1.0, 3.994140625], [1.0, 3.9921875], [1.0, 3.990234375], [1.0, 3.98828125], [1.0, 3.986328125], [1.0, 3.984375], [1.0, 3.982421875], [1.0, 3.98046875], [1.0, 3.978515625], [1.0, 3.9765625], [1.0, 3.974609375], [1.0, 3.97265625], [1.0, 3.970703125], [1.0, 3.96875], [1.0, 3.966796875], [1.0, 3.96484375], [1.0, 3.962890625], [1.0, 3.9609375], [1.0, 3.958984375], [1.0, 3.95703125], [1.0, 3.955078125], [1.0, 3.953125], [1.0, 3.951171875], [1.0, 3.94921875], [1.0, 3.947265625], [1.0, 3.9453125], [1.0, 3.943359375], [1.0, 3.94140625], [1.0, 3.939453125], [1.0, 3.9375], [1.0, 3.935546875], [1.0, 3.93359375], [1.0, 3.931640625], [1.0, 3.9296875], [1.0, 3.927734375], [1.0, 3.92578125], [1.0, 3.923828125], [1.0, 3.921875], [1.0, 3.919921875], [1.0, 3.91796875], [1.0, 3.916015625], [1.0, 3.9140625], [1.0, 3.912109375], [1.0, 3.91015625], [1.0, 3.908203125], [1.0, 3.90625], [1.0, 3.904296875], [1.0, 3.90234375], [1.0, 3.900390625], [1.0, 3.8984375], [1.0, 3.896484375], [1.0, 3.89453125], [1.0, 3.892578125], [1.0, 3.890625], [1.0, 3.888671875], [1.0, 3.88671875], [1.0, 3.884765625], [1.0, 3.8828125], [1.0, 3.880859375], [1.0, 3.87890625], [1.0, 3.876953125], [1.0, 3.875], [1.0, 3.873046875], [1.0, 3.87109375], [1.0, 3.869140625], [1.0, 3.8671875], [1.0, 3.865234375], [1.0, 3.86328125], [1.0, 3.861328125], [1.0, 3.859375], [1.0, 3.857421875], [1.0, 3.85546875], [1.0, 3.853515625], [1.0, 3.8515625], [1.0, 3.849609375], [1.0, 3.84765625], [1.0, 3.845703125], [1.0, 3.84375], [1.0, 3.841796875], [1.0, 3.83984375], [1.0, 3.837890625], [1.0, 3.8359375], [1.0, 3.833984375], [1.0, 3.83203125], [1.0, 3.830078125], [1.0, 3.828125], [1.0, 3.826171875], [1.0, 3.82421875], [1.0, 3.822265625], [1.0, 3.8203125], [1.0, 3.818359375], [1.0, 3.81640625], [1.0, 3.814453125], [1.0, 3.8125], [1.0, 3.810546875], [1.0, 3.80859375], [1.0, 3.806640625], [1.0, 3.8046875], [1.0, 3.802734375], [1.0, 3.80078125], [1.0, 3.798828125], [1.0, 3.796875], [1.0, 3.794921875], [1.0, 3.79296875], [1.0, 3.791015625], [1.0, 3.7890625], [1.0, 3.787109375], [1.0, 3.78515625], [1.0, 3.783203125], [1.0, 3.78125], [1.0, 3.779296875], [1.0, 3.77734375], [1.0, 3.775390625], [1.0, 3.7734375], [1.0, 3.771484375], [1.0, 3.76953125], [1.0, 3.767578125], [1.0, 3.765625], [1.0, 3.763671875], [1.0, 3.76171875], [1.0, 3.759765625], [1.0, 3.7578125], [1.0, 3.755859375], [1.0, 3.75390625], [1.0, 3.751953125], [1.0, 3.75], [1.0, 3.748046875], [1.0, 3.74609375], [1.0, 3.744140625], [1.0, 3.7421875], [1.0, 3.740234375], [1.0, 3.73828125], [1.0, 3.736328125], [1.0, 3.734375], [1.0, 3.732421875], [1.0, 3.73046875], [1.0, 3.728515625], [1.0, 3.7265625], [1.0, 3.724609375], [1.0, 3.72265625], [1.0, 3.720703125], [1.0, 3.71875], [1.0, 3.716796875], [1.0, 3.71484375], [1.0, 3.712890625], [1.0, 3.7109375], [1.0, 3.708984375], [1.0, 3.70703125], [1.0, 3.705078125], [1.0, 3.703125], [1.0, 3.701171875], [1.0, 3.69921875], [1.0, 3.697265625], [1.0, 3.6953125], [1.0, 3.693359375], [1.0, 3.69140625], [1.0, 3.689453125], [1.0, 3.6875], [1.0, 3.685546875], [1.0, 3.68359375], [1.0, 3.681640625], [1.0, 3.6796875], [1.0, 3.677734375], [1.0, 3.67578125], [1.0, 3.673828125], [1.0, 3.671875], [1.0, 3.669921875], [1.0, 3.66796875], [1.0, 3.666015625], [1.0, 3.6640625], [1.0, 3.662109375], [1.0, 3.66015625], [1.0, 3.658203125], [1.0, 3.65625], [1.0, 3.654296875], [1.0, 3.65234375], [1.0, 3.650390625], [1.0, 3.6484375], [1.0, 3.646484375], [1.0, 3.64453125], [1.0, 3.642578125], [1.0, 3.640625], [1.0, 3.638671875], [1.0, 3.63671875], [1.0, 3.634765625], [1.0, 3.6328125], [1.0, 3.630859375], [1.0, 3.62890625], [1.0, 3.626953125], [1.0, 3.625], [1.0, 3.623046875], [1.0, 3.62109375], [1.0, 3.619140625], [1.0, 3.6171875], [1.0, 3.615234375], [1.0, 3.61328125], [1.0, 3.611328125], [1.0, 3.609375], [1.0, 3.607421875], [1.0, 3.60546875], [1.0, 3.603515625], [1.0, 3.6015625], [1.0, 3.599609375], [1.0, 3.59765625], [1.0, 3.595703125], [1.0, 3.59375], [1.0, 3.591796875], [1.0, 3.58984375], [1.0, 3.587890625], [1.0, 3.5859375], [1.0, 3.583984375], [1.0, 3.58203125], [1.0, 3.580078125], [1.0, 3.578125], [1.0, 3.576171875], [1.0, 3.57421875], [1.0, 3.572265625], [1.0, 3.5703125], [1.0, 3.568359375], [1.0, 3.56640625], [1.0, 3.564453125], [1.0, 3.5625], [1.0, 3.560546875], [1.0, 3.55859375], [1.0, 3.556640625], [1.0, 3.5546875], [1.0, 3.552734375], [1.0, 3.55078125], [1.0, 3.548828125], [1.0, 3.546875], [1.0, 3.544921875], [1.0, 3.54296875], [1.0, 3.541015625], [1.0, 3.5390625], [1.0, 3.537109375], [1.0, 3.53515625], [1.0, 3.533203125], [1.0, 3.53125], [1.0, 3.529296875], [1.0, 3.52734375], [1.0, 3.525390625], [1.0, 3.5234375], [1.0, 3.521484375], [1.0, 3.51953125], [1.0, 3.517578125], [1.0, 3.515625], [1.0, 3.513671875], [1.0, 3.51171875], [1.0, 3.509765625], [1.0, 3.5078125], [1.0, 3.505859375], [1.0, 3.50390625], [1.0, 3.501953125], [1.0, 3.5], [1.0, 3.498046875], [1.0, 3.49609375], [1.0, 3.494140625], [1.0, 3.4921875], [1.0, 3.490234375], [1.0, 3.48828125], [1.0, 3.486328125], [1.0, 3.484375], [1.0, 3.482421875], [1.0, 3.48046875], [1.0, 3.478515625], [1.0, 3.4765625], [1.0, 3.474609375], [1.0, 3.47265625], [1.0, 3.470703125], [1.0, 3.46875], [1.0, 3.466796875], [1.0, 3.46484375], [1.0, 3.462890625], [1.0, 3.4609375], [1.0, 3.458984375], [1.0, 3.45703125], [1.0, 3.455078125], [1.0, 3.453125], [1.0, 3.451171875], [1.0, 3.44921875], [1.0, 3.447265625], [1.0, 3.4453125], [1.0, 3.443359375], [1.0, 3.44140625], [1.0, 3.439453125], [1.0, 3.4375], [1.0, 3.435546875], [1.0, 3.43359375], [1.0, 3.431640625], [1.0, 3.4296875], [1.0, 3.427734375], [1.0, 3.42578125], [1.0, 3.423828125], [1.0, 3.421875], [1.0, 3.419921875], [1.0, 3.41796875], [1.0, 3.416015625], [1.0, 3.4140625], [1.0, 3.412109375], [1.0, 3.41015625], [1.0, 3.408203125], [1.0, 3.40625], [1.0, 3.404296875], [1.0, 3.40234375], [1.0, 3.400390625], [1.0, 3.3984375], [1.0, 3.396484375], [1.0, 3.39453125], [1.0, 3.392578125], [1.0, 3.390625], [1.0, 3.388671875], [1.0, 3.38671875], [1.0, 3.384765625], [1.0, 3.3828125], [1.0, 3.380859375], [1.0, 3.37890625], [1.0, 3.376953125], [1.0, 3.375], [1.0, 3.373046875], [1.0, 3.37109375], [1.0, 3.369140625], [1.0, 3.3671875], [1.0, 3.365234375], [1.0, 3.36328125], [1.0, 3.361328125], [1.0, 3.359375], [1.0, 3.357421875], [1.0, 3.35546875], [1.0, 3.353515625], [1.0, 3.3515625], [1.0, 3.349609375], [1.0, 3.34765625], [1.0, 3.345703125], [1.0, 3.34375], [1.0, 3.341796875], [1.0, 3.33984375], [1.0, 3.337890625], [1.0, 3.3359375], [1.0, 3.333984375], [1.0, 3.33203125], [1.0, 3.330078125], [1.0, 3.328125], [1.0, 3.326171875], [1.0, 3.32421875], [1.0, 3.322265625], [1.0, 3.3203125], [1.0, 3.318359375], [1.0, 3.31640625], [1.0, 3.314453125], [1.0, 3.3125], [1.0, 3.310546875], [1.0, 3.30859375], [1.0, 3.306640625], [1.0, 3.3046875], [1.0, 3.302734375], [1.0, 3.30078125], [1.0, 3.298828125], [1.0, 3.296875], [1.0, 3.294921875], [1.0, 3.29296875], [1.0, 3.291015625], [1.0, 3.2890625], [1.0, 3.287109375], [1.0, 3.28515625], [1.0, 3.283203125], [1.0, 3.28125], [1.0, 3.279296875], [1.0, 3.27734375], [1.0, 3.275390625], [1.0, 3.2734375], [1.0, 3.271484375], [1.0, 3.26953125], [1.0, 3.267578125], [1.0, 3.265625], [1.0, 3.263671875], [1.0, 3.26171875], [1.0, 3.259765625], [1.0, 3.2578125], [1.0, 3.255859375], [1.0, 3.25390625], [1.0, 3.251953125], [1.0, 3.25], [1.0, 3.248046875], [1.0, 3.24609375], [1.0, 3.244140625], [1.0, 3.2421875], [1.0, 3.240234375], [1.0, 3.23828125], [1.0, 3.236328125], [1.0, 3.234375], [1.0, 3.232421875], [1.0, 3.23046875], [1.0, 3.228515625], [1.0, 3.2265625], [1.0, 3.224609375], [1.0, 3.22265625], [1.0, 3.220703125], [1.0, 3.21875], [1.0, 3.216796875], [1.0, 3.21484375], [1.0, 3.212890625], [1.0, 3.2109375], [1.0, 3.208984375], [1.0, 3.20703125], [1.0, 3.205078125], [1.0, 3.203125], [1.0, 3.201171875], [1.0, 3.19921875], [1.0, 3.197265625], [1.0, 3.1953125], [1.0, 3.193359375], [1.0, 3.19140625], [1.0, 3.189453125], [1.0, 3.1875], [1.0, 3.185546875], [1.0, 3.18359375], [1.0, 3.181640625], [1.0, 3.1796875], [1.0, 3.177734375], [1.0, 3.17578125], [1.0, 3.173828125], [1.0, 3.171875], [1.0, 3.169921875], [1.0, 3.16796875], [1.0, 3.166015625], [1.0, 3.1640625], [1.0, 3.162109375], [1.0, 3.16015625], [1.0, 3.158203125], [1.0, 3.15625], [1.0, 3.154296875], [1.0, 3.15234375], [1.0, 3.150390625], [1.0, 3.1484375], [1.0, 3.146484375], [1.0, 3.14453125], [1.0, 3.142578125], [1.0, 3.140625], [1.0, 3.138671875], [1.0, 3.13671875], [1.0, 3.134765625], [1.0, 3.1328125], [1.0, 3.130859375], [1.0, 3.12890625], [1.0, 3.126953125], [1.0, 3.125], [1.0, 3.123046875], [1.0, 3.12109375], [1.0, 3.119140625], [1.0, 3.1171875], [1.0, 3.115234375], [1.0, 3.11328125], [1.0, 3.111328125], [1.0, 3.109375], [1.0, 3.107421875], [1.0, 3.10546875], [1.0, 3.103515625], [1.0, 3.1015625], [1.0, 3.099609375], [1.0, 3.09765625], [1.0, 3.095703125], [1.0, 3.09375], [1.0, 3.091796875], [1.0, 3.08984375], [1.0, 3.087890625], [1.0, 3.0859375], [1.0, 3.083984375], [1.0, 3.08203125], [1.0, 3.080078125], [1.0, 3.078125], [1.0, 3.076171875], [1.0, 3.07421875], [1.0, 3.072265625], [1.0, 3.0703125], [1.0, 3.068359375], [1.0, 3.06640625], [1.0, 3.064453125], [1.0, 3.0625], [1.0, 3.060546875], [1.0, 3.05859375], [1.0, 3.056640625], [1.0, 3.0546875], [1.0, 3.052734375], [1.0, 3.05078125], [1.0, 3.048828125], [1.0, 3.046875], [1.0, 3.044921875], [1.0, 3.04296875], [1.0, 3.041015625], [1.0, 3.0390625], [1.0, 3.037109375], [1.0, 3.03515625], [1.0, 3.033203125], [1.0, 3.03125], [1.0, 3.029296875], [1.0, 3.02734375], [1.0, 3.025390625], [1.0, 3.0234375], [1.0, 3.021484375], [1.0, 3.01953125], [1.0, 3.017578125], [1.0, 3.015625], [1.0, 3.013671875], [1.0, 3.01171875], [1.0, 3.009765625], [1.0, 3.0078125], [1.0, 3.005859375], [1.0, 3.00390625], [1.0, 3.001953125], [1, 3]]]}}, {"type": "Feature", "id": "c2-3", "properties": {"id": "c2-3", "name": "cell 2,3", "value": 22.0917}, "geometry": {"type": "Polygon", "coordinates": [[[2.0, 3.0], [2.001953125, 3.0], [2.00390625, 3.0], [2.005859375, 3.0], [2.0078125, 3.0], [2.009765625, 3.0], [2.01171875, 3.0], [2.013671875, 3.0], [2.015625, 3.0], [2.017578125, 3.0], [2.01953125, 3.0], [2.021484375, 3.0], [2.0234375, 3.0], [2.025390625, 3.0], [2.02734375, 3.0], [2.029296875, 3.0], [2.03125, 3.0], [2.033203125, 3.0], [2.03515625, 3.0], [2.037109375, 3.0], [2.0390625, 3.0], [2.041015625, 3.0], [2.04296875, 3.0], [2.044921875, 3.0], [2.046875, 3.0], [2.048828125, 3.0], [2.05078125, 3.0], [2.052734375, 3.0], [2.0546875, 3.0], [2.056640625, 3.0], [2.05859375, 3.0], [2.060546875, 3.0], [2.0625, 3.0], [2.064453125, 3.0], [2.06640625, 3.0], [2.068359375, 3.0], [2.0703125, 3.0], [2.072265625, 3.0], [2.07421875, 3.0], [2.076171875, 3.0], [2.078125, 3.0], [2.080078125, 3.0], [2.08203125, 3.0], [2.083984375, 3.0], [2.0859375, 3.0], [2.087890625, 3.0], [2.08984375, 3.0], [2.091796875, 3.0], [2.09375, 3.0], [2.095703125, 3.0], [2.09765625, 3.0], [2.099609375, 3.0], [2.1015625, 3.0], [2.103515625, 3.0], [2.10546875, 3.0], [2.107421875, 3.0], [2.109375, 3.0], [2.111328125, 3.0], [2.11328125, 3.0], [2.115234375, 3.0], [2.1171875, 3.0], [2.119140625, 3.0], [2.12109375, 3.0], [2.123046875, 3.0], [2.125, 3.0], [2.126953125, 3.0], [2.12890625, 3.0], [2.130859375, 3.0], [2.1328125, 3.0], [2.134765625, 3.0], [2.13671875, 3.0], [2.138671875, 3.0], [2.140625, 3.0], [2.142578125, 3.0], [2.14453125, 3.0], [2.146484375, 3.0], [2.1484375, 3.0], [2.150390625, 3.0], [2.15234375, 3.0], [2.154296875, 3.0], [2.15625, 3.0], [2.158203125, 3.0], [2.16015625, 3.0], [2.162109375, 3.0], [2.1640625, 3.0], [2.166015625, 3.0], [2.16796875, 3.0], [2.169921875, 3.0], [2.171875, 3.0], [2.173828125, 3.0], [2.17578125, 3.0], [2.177734375, 3.0], [2.1796875, 3.0], [2.181640625, 3.0], [2.18359375, 3.0], [2.185546875, 3.0], [2.1875, 3.0], [2.189453125, 3.0], [2.19140625, 3.0], [2.193359375, 3.0], [2.1953125, 3.0], [2.197265625, 3.0], [2.19921875, 3.0], [2.201171875, 3.0], [2.203125, 3.0], [2.205078125, 3.0], [2.20703125, 3.0], [2.208984375, 3.0], [2.2109375, 3.0], [2.212890625, 3.0], [2.21484375, 3.0], [2.216796875, 3.0], [2.21875, 3.0], [2.220703125, 3.0], [2.22265625, 3.0], [2.224609375, 3.0], [2.2265625, 3.0], [2.228515625, 3.0], [2.23046875, 3.0], [2.232421875, 3.0], [2.234375, 3.0], [2.236328125, 3.0], [2.23828125, 3.0], [2.240234375, 3.0], [2.2421875, 3.0], [2.244140625, 3.0], [2.24609375, 3.0], [2.248046875, 3.0], [2.25, 3.0], [2.251953125, 3.0], [2.25390625, 3.0], [2.255859375, 3.0], [2.2578125, 3.0], [2.259765625, 3.0], [2.26171875, 3.0], [2.263671875, 3.0], [2.265625, 3.0], [2.267578125, 3.0], [2.26953125, 3.0], [2.271484375, 3.0], [2.2734375, 3.0], [2.275390625, 3.0], [2.27734375, 3.0], [2.279296875, 3.0], [2.28125, 3.0], [2.283203125, 3.0], [2.28515625, 3.0], [2.287109375, 3.0], [2.2890625, 3.0], [2.291015625, 3.0], [2.29296875, 3.0], [2.294921875, 3.0], [2.296875, 3.0], [2.298828125, 3.0], [2.30078125, 3.0], [2.302734375, 3.0], [2.3046875, 3.0], [2.306640625, 3.0], [2.30859375, 3.0], [2.310546875, 3.0], [2.3125, 3.0], [2.314453125, 3.0], [2.31640625, 3.0], [2.318359375, 3.0], [2.3203125, 3.0], [2.322265625, 3.0], [2.32421875, 3.0], [2.326171875, 3.0], [2.328125, 3.0], [2.330078125, 3.0], [2.33203125, 3.0], [2.333984375, 3.0], [2.3359375, 3.0], [2.337890625, 3.0], [2.33984375, 3.0], [2.341796875, 3.0], [2.34375, 3.0], [2.345703125, 3.0], [2.34765625, 3.0], [2.349609375, 3.0], [2.3515625, 3.0], [2.353515625, 3.0], [2.35546875, 3.0], [2.357421875, 3.0], [2.359375, 3.0], [2.361328125, 3.0], [2.36328125, 3.0], [2.365234375, 3.0], [2.3671875, 3.0], [2.369140625, 3.0], [2.37109375, 3.0], [2.373046875, 3.0], [2.375, 3.0], [2.376953125, 3.0], [2.37890625, 3.0], [2.380859375, 3.0], [2.3828125, 3.0], [2.384765625, 3.0], [2.38671875, 3.0], [2.388671875, 3.0], [2.390625, 3.0], [2.392578125, 3.0], [2.39453125, 3.0], [2.396484375, 3.0], [2.3984375, 3.0], [2.400390625, 3.0], [2.40234375, 3.0], [2.404296875, 3.0], [2.40625, 3.0], [2.408203125, 3.0], [2.41015625, 3.0], [2.412109375, 3.0], [2.4140625, 3.0], [2.416015625, 3.0], [2.41796875, 3.0], [2.419921875, 3.0], [2.421875, 3.0], [2.423828125, 3.0], [2.42578125, 3.0], [2.427734375, 3.0], [2.4296875, 3.0], [2.431640625, 3.0], [2.43359375, 3.0], [2.435546875, 3.0], [2.4375, 3.0], [2.439453125, 3.0], [2.44140625, 3.0], [2.443359375, 3.0], [2.4453125, 3.0], [2.447265625, 3.0], [2.44921875, 3.0], [2.451171875, 3.0], [2.453125, 3.0], [2.455078125, 3.0], [2.45703125, 3.0], [2.458984375, 3.0], [2.4609375, 3.0], [2.462890625, 3.0], [2.46484375, 3.0], [2.466796875, 3.0], [2.46875, 3.0], [2.470703125, 3.0], [2.47265625, 3.0], [2.474609375, 3.0], [2.4765625, 3.0], [2.478515625, 3.0], [2.48046875, 3.0], [2.482421875, 3.0], [2.484375, 3.0], [2.486328125, 3.0], [2.48828125, 3.0], [2.490234375, 3.0], [2.4921875, 3.0], [2.494140625, 3.0], [2.49609375, 3.0], [2.498046875, 3.0], [2.5, 3.0], [2.501953125, 3.0], [2.50390625, 3.0], [2.505859375, 3.0], [2.5078125, 3.0], [2.509765625, 3.0], [2.51171875, 3.0], [2.513671875, 3.0], [2.515625, 3.0], [2.517578125, 3.0], [2.51953125, 3.0], [2.521484375, 3.0], [2.5234375, 3.0], [2.525390625, 3.0], [2.52734375, 3.0], [2.529296875, 3.0], [2.53125, 3.0], [2.533203125, 3.0], [2.53515625, 3.0], [2.537109375, 3.0], [2.5390625, 3.0], [2.541015625, 3.0], [2.54296875, 3.0], [2.544921875, 3.0], [2.546875, 3.0], [2.548828125, 3.0], [2.55078125, 3.0], [2.552734375, 3.0], [2.5546875, 3.0], [2.556640625, 3.0], [2.55859375, 3.0], [2.560546875, 3.0], [2.5625, 3.0], [2.564453125, 3.0], [2.56640625, 3.0], [2.568359375, 3.0], [2.5703125, 3.0], [2.572265625, 3.0], [2.57421875, 3.0], [2.576171875, 3.0], [2.578125, 3.0], [2.580078125, 3.0], [2.58203125, 3.0], [2.583984375, 3.0], [2.5859375, 3.0], [2.587890625, 3.0], [2.58984375, 3.0], [2.591796875, 3.0], [2.59375, 3.0], [2.595703125, 3.0], [2.59765625, 3.0], [2.599609375, 3.0], [2.6015625, 3.0], [2.603515625, 3.0], [2.60546875, 3.0], [2.607421875, 3.0], [2.609375, 3.0], [2.611328125, 3.0], [2.61328125, 3.0], [2.615234375, 3.0], [2.6171875, 3.0], [2.619140625, 3.0], [2.62109375, 3.0], [2.623046875, 3.0], [2.625, 3.0], [2.626953125, 3.0], [2.62890625, 3.0], [2.630859375, 3.0], [2.6328125, 3.0], [2.634765625, 3.0], [2.63671875, 3.0], [2.638671875, 3.0], [2.640625, 3.0], [2.642578125, 3.0], [2.64453125, 3.0], [2.646484375, 3.0], [2.6484375, 3.0], [2.650390625, 3.0], [2.65234375, 3.0], [2.654296875, 3.0], [2.65625, 3.0], [2.658203125, 3.0], [2.66015625, 3.0], [2.662109375, 3.0], [2.6640625, 3.0], [2.666015625, 3.0], [2.66796875, 3.0], [2.669921875, 3.0], [2.671875, 3.0], [2.673828125, 3.0], [2.67578125, 3.0], [2.677734375, 3.0], [2.6796875, 3.0], [2.681640625, 3.0], [2.68359375, 3.0], [2.685546875, 3.0], [2.6875, 3.0], [2.689453125, 3.0], [2.69140625, 3.0], [2.693359375, 3.0], [2.6953125, 3.0], [2.697265625, 3.0], [2.69921875, 3.0], [2.701171875, 3.0], [2.703125, 3.0], [2.705078125, 3.0], [2.70703125, 3.0], [2.708984375, 3.0], [2.7109375, 3.0], [2.712890625, 3.0], [2.71484375, 3.0], [2.716796875, 3.0], [2.71875, 3.0], [2.720703125, 3.0], [2.72265625, 3.0], [2.724609375, 3.0], [2.7265625, 3.0], [2.728515625, 3.0], [2.73046875, 3.0], [2.732421875, 3.0], [2.734375, 3.0], [2.736328125, 3.0], [2.73828125, 3.0], [2.740234375, 3.0], [2.7421875, 3.0], [2.744140625, 3.0], [2.74609375, 3.0], [2.748046875, 3.0], [2.75, 3.0], [2.751953125, 3.0], [2.75390625, 3.0], [2.755859375, 3.0], [2.7578125, 3.0], [2.759765625, 3.0], [2.76171875, 3.0], [2.763671875, 3.0], [2.765625, 3.0], [2.767578125, 3.0], [2.76953125, 3.0], [2.771484375, 3.0], [2.7734375, 3.0], [2.775390625, 3.0], [2.77734375, 3.0], [2.779296875, 3.0], [2.78125, 3.0], [2.783203125, 3.0], [2.78515625, 3.0], [2.787109375, 3.0], [2.7890625, 3.0], [2.791015625, 3.0], [2.79296875, 3.0], [2.794921875, 3.0], [2.796875, 3.0], [2.798828125, 3.0], [2.80078125, 3.0], [2.802734375, 3.0], [2.8046875, 3.0], [2.806640625, 3.0], [2.80859375, 3.0], [2.810546875, 3.0], [2.8125, 3.0], [2.814453125, 3.0], [2.81640625, 3.0], [2.818359375, 3.0], [2.8203125, 3.0], [2.822265625, 3.0], [2.82421875, 3.0], [2.826171875, 3.0], [2.828125, 3.0], [2.830078125, 3.0], [2.83203125, 3.0], [2.833984375, 3.0], [2.8359375, 3.0], [2.837890625, 3.0], [2.83984375, 3.0], [2.841796875, 3.0], [2.84375, 3.0], [2.845703125, 3.0], [2.84765625, 3.0], [2.849609375, 3.0], [2.8515625, 3.0], [2.853515625, 3.0], [2.85546875, 3.0], [2.857421875, 3.0], [2.859375, 3.0], [2.861328125, 3.0], [2.86328125, 3.0], [2.865234375, 3.0], [2.8671875, 3.0], [2.869140625, 3.0], [2.87109375, 3.0], [2.873046875, 3.0], [2.875, 3.0], [2.876953125, 3.0], [2.87890625, 3.0], [2.880859375, 3.0], [2.8828125, 3.0], [2.884765625, 3.0], [2.88671875, 3.0], [2.888671875, 3.0], [2.890625, 3.0], [2.892578125, 3.0], [2.89453125, 3.0], [2.896484375, 3.0], [2.8984375, 3.0], [2.900390625, 3.0], [2.90234375, 3.0], [2.904296875, 3.0], [2.90625, 3.0], [2.908203125, 3.0], [2.91015625, 3.0], [2.912109375, 3.0], [2.9140625, 3.0], [2.916015625, 3.0], [2.91796875, 3.0], [2.919921875, 3.0], [2.921875, 3.0], [2.923828125, 3.0], [2.92578125, 3.0], [2.927734375, 3.0], [2.9296875, 3.0], [2.931640625, 3.0], [2.93359375, 3.0], [2.935546875, 3.0], [2.9375, 3.0], [2.939453125, 3.0], [2.94140625, 3.0], [2.943359375, 3.0], [2.9453125, 3.0], [2.947265625, 3.0], [2.94921875, 3.0], [2.951171875, 3.0], [2.953125, 3.0], [2.955078125, 3.0], [2.95703125, 3.0], [2.958984375, 3.0], [2.9609375, 3.0], [2.962890625, 3.0], [2.96484375, 3.0], [2.966796875, 3.0], [2.96875, 3.0], [2.970703125, 3.0], [2.97265625, 3.0], [2.974609375, 3.0], [2.9765625, 3.0], [2.978515625, 3.0], [2.98046875, 3.0], [2.982421875, 3.0], [2.984375, 3.0], [2.986328125, 3.0], [2.98828125, 3.0], [2.990234375, 3.0], [2.9921875, 3.0], [2.994140625, 3.0], [2.99609375, 3.0], [2.998046875, 3.0], [3.0, 3.0], [3.0, 3.001953125], [3.0, 3.00390625], [3.0, 3.005859375], [3.0, 3.0078125], [3.0, 3.009765625], [3.0, 3.01171875], [3.0, 3.013671875], [3.0, 3.015625], [3.0, 3.017578125], [3.0, 3.01953125], [3.0, 3.021484375], [3.0, 3.0234375], [3.0, 3.025390625], [3.0, 3.02734375], [3.0, 3.029296875], [3.0, 3.03125], [3.0, 3.033203125], [3.0, 3.03515625], [3.0, 3.037109375], [3.0, 3.0390625], [3.0, 3.041015625], [3.0, 3.04296875], [3.0, 3.044921875], [3.0, 3.046875], [3.0, 3.048828125], [3.0, 3.05078125], [3.0, 3.052734375], [3.0, 3.0546875], [3.0, 3.056640625], [3.0, 3.05859375], [3.0, 3.060546875], [3.0, 3.0625], [3.0, 3.064453125], [3.0, 3.06640625], [3.0, 3.068359375], [3.0, 3.0703125], [3.0, 3.072265625], [3.0, 3.07421875], [3.0, 3.076171875], [3.0, 3.078125], [3.0, 3.080078125], [3.0, 3.08203125], [3.0, 3.083984375], [3.0, 3.0859375], [3.0, 3.087890625], [3.0, 3.08984375], [3.0, 3.091796875], [3.0, 3.09375], [3.0, 3.095703125], [3.0, 3.09765625], [3.0, 3.099609375], [3.0, 3.1015625], [3.0, 3.103515625], [3.0, 3.10546875], [3.0, 3.107421875], [3.0, 3.109375], [3.0, 3.111328125], [3.0, 3.11328125], [3.0, 3.115234375], [3.0, 3.1171875], [3.0, 3.119140625], [3.0, 3.12109375], [3.0, 3.123046875], [3.0, 3.125], [3.0, 3.126953125], [3.0, 3.12890625], [3.0, 3.130859375], [3.0, 3.1328125], [3.0, 3.134765625], [3.0, 3.13671875], [3.0, 3.138671875], [3.0, 3.140625], [3.0, 3.142578125], [3.0, 3.14453125], [3.0, 3.146484375], [3.0, 3.1484375], [3.0, 3.150390625], [3.0, 3.15234375], [3.0, 3.154296875], [3.0, 3.15625], [3.0, 3.158203125], [3.0, 3.16015625], [3.0, 3.162109375], [3.0, 3.1640625], [3.0, 3.166015625], [3.0, 3.16796875], [3.0, 3.169921875], [3.0, 3.171875], [3.0, 3.173828125], [3.0, 3.17578125], [3.0, 3.177734375], [3.0, 3.1796875], [3.0, 3.181640625], [3.0, 3.18359375], [3.0, 3.185546875], [3.0, 3.1875], [3.0, 3.189453125], [3.0, 3.19140625], [3.0, 3.193359375], [3.0, 3.1953125], [3.0, 3.197265625], [3.0, 3.19921875], [3.0, 3.201171875], [3.0, 3.203125], [3.0, 3.205078125], [3.0, 3.20703125], [3.0, 3.208984375], [3.0, 3.2109375], [3.0, 3.212890625], [3.0, 3.21484375], [3.0, 3.216796875], [3.0, 3.21875], [3.0, 3.220703125], [3.0, 3.22265625], [3.0, 3.224609375], [3.0, 3.2265625], [3.0, 3.228515625], [3.0, 3.23046875], [3.0, 3.232421875], [3.0, 3.234375], [3.0, 3.236328125], [3.0, 3.23828125], [3.0, 3.240234375], [3.0, 3.2421875], [3.0, 3.244140625], [3.0, 3.24609375], [3.0, 3.248046875], [3.0, 3.25], [3.0, 3.251953125], [3.0, 3.25390625], [3.0, 3.255859375], [3.0, 3.2578125], [3.0, 3.259765625], [3.0, 3.26171875], [3.0, 3.263671875], [3.0, 3.265625], [3.0, 3.267578125], [3.0, 3.26953125], [3.0, 3.271484375], [3.0, 3.2734375], [3.0, 3.275390625], [3.0, 3.27734375], [3.0, 3.279296875], [3.0, 3.28125], [3.0, 3.283203125], [3.0, 3.28515625], [3.0, 3.287109375], [3.0, 3.2890625], [3.0, 3.291015625], [3.0, 3.29296875], [3.0, 3.294921875], [3.0, 3.296875], [3.0, 3.298828125], [3.0, 3.30078125], [3.0, 3.302734375], [3.0, 3.3046875], [3.0, 3.306640625], [3.0, 3.30859375], [3.0, 3.310546875], [3.0, 3.3125], [3.0, 3.314453125], [3.0, 3.31640625], [3.0, 3.318359375], [3.0, 3.3203125], [3.0, 3.322265625], [3.0, 3.32421875], [3.0, 3.326171875], [3.0, 3.328125], [3.0, 3.330078125], [3.0, 3.33203125], [3.0, 3.333984375], [3.0, 3.3359375], [3.0, 3.337890625], [3.0, 3.33984375], [3.0, 3.341796875], [3.0, 3.34375], [3.0, 3.345703125], [3.0, 3.34765625], [3.0, 3.349609375], [3.0, 3.3515625], [3.0, 3.353515625], [3.0, 3.35546875], [3.0, 3.357421875], [3.0, 3.359375], [3.0, 3.361328125], [3.0, 3.36328125], [3.0, 3.365234375], [3.0, 3.3671875], [3.0, 3.369140625], [3.0, 3.37109375], [3.0, 3.373046875], [3.0, 3.375], [3.0, 3.376953125], [3.0, 3.37890625], [3.0, 3.380859375], [3.0, 3.3828125], [3.0, 3.384765625], [3.0, 3.38671875], [3.0, 3.388671875], [3.0, 3.390625], [3.0, 3.392578125], [3.0, 3.39453125], [3.0, 3.396484375], [3.0, 3.3984375], [3.0, 3.400390625], [3.0, 3.40234375], [3.0, 3.404296875], [3.0, 3.40625], [3.0, 3.408203125], [3.0, 3.41015625], [3.0, 3.412109375], [3.0, 3.4140625], [3.0, 3.416015625], [3.0, 3.41796875], [3.0, 3.419921875], [3.0, 3.421875], [3.0, 3.423828125], [3.0, 3.42578125], [3.0, 3.427734375], [3.0, 3.4296875], [3.0, 3.431640625], [3.0, 3.43359375], [3.0, 3.435546875], [3.0, 3.4375], [3.0, 3.439453125], [3.0, 3.44140625], [3.0, 3.443359375], [3.0, 3.4453125], [3.0, 3.447265625], [3.0, 3.44921875], [3.0, 3.451171875], [3.0, 3.453125], [3.0, 3.455078125], [3.0, 3.45703125], [3.0, 3.458984375], [3.0, 3.4609375], [3.0, 3.462890625], [3.0, 3.46484375], [3.0, 3.466796875], [3.0, 3.46875], [3.0, 3.470703125], [3.0, 3.47265625], [3.0, 3.474609375], [3.0, 3.4765625], [3.0, 3.478515625], [3.0, 3.48046875], [3.0, 3.482421875], [3.0, 3.484375], [3.0, 3.486328125], [3.0, 3.48828125], [3.0, 3.490234375], [3.0, 3.4921875], [3.0, 3.494140625], [3.0, 3.49609375], [3.0, 3.498046875], [3.0, 3.5], [3.0, 3.501953125], [3.0, 3.50390625], [3.0, 3.505859375], [3.0, 3.5078125], [3.0, 3.509765625], [3.0, 3.51171875], [3.0, 3.513671875], [3.0, 3.515625], [3.0, 3.517578125], [3.0, 3.51953125], [3.0, 3.521484375], [3.0, 3.5234375], [3.0, 3.525390625], [3.0, 3.52734375], [3.0, 3.529296875], [3.0, 3.53125], [3.0, 3.533203125], [3.0, 3.53515625], [3.0, 3.537109375], [3.0, 3.5390625], [3.0, 3.541015625], [3.0, 3.54296875], [3.0, 3.544921875], [3.0, 3.546875], [3.0, 3.548828125], [3.0, 3.55078125], [3.0, 3.552734375], [3.0, 3.5546875], [3.0, 3.556640625], [3.0, 3.55859375], [3.0, 3.560546875], [3.0, 3.5625], [3.0, 3.564453125], [3.0, 3.56640625], [3.0, 3.568359375], [3.0, 3.5703125], [3.0, 3.572265625], [3.0, 3.57421875], [3.0, 3.576171875], [3.0, 3.578125], [3.0, 3.580078125], [3.0, 3.58203125], [3.0, 3.583984375], [3.0, 3.5859375], [3.0, 3.587890625], [3.0, 3.58984375], [3.0, 3.591796875], [3.0, 3.59375], [3.0, 3.595703125], [3.0, 3.59765625], [3.0, 3.599609375], [3.0, 3.6015625], [3.0, 3.603515625], [3.0, 3.60546875], [3.0, 3.607421875], [3.0, 3.609375], [3.0, 3.611328125], [3.0, 3.61328125], [3.0, 3.615234375], [3.0, 3.6171875], [3.0, 3.619140625], [3.0, 3.62109375], [3.0, 3.623046875], [3.0, 3.625], [3.0, 3.626953125], [3.0, 3.62890625], [3.0, 3.630859375], [3.0, 3.6328125], [3.0, 3.634765625], [3.0, 3.63671875], [3.0, 3.638671875], [3.0, 3.640625], [3.0, 3.642578125], [3.0, 3.64453125], [3.0, 3.646484375], [3.0, 3.6484375], [3.0, 3.650390625], [3.0, 3.65234375], [3.0, 3.654296875], [3.0, 3.65625], [3.0, 3.658203125], [3.0, 3.66015625], [3.0, 3.662109375], [3.0, 3.6640625], [3.0, 3.666015625], [3.0, 3.66796875], [3.0, 3.669921875], [3.0, 3.671875], [3.0, 3.673828125], [3.0, 3.67578125], [3.0, 3.677734375], [3.0, 3.6796875], [3.0, 3.681640625], [3.0, 3.68359375], [3.0, 3.685546875], [3.0, 3.6875], [3.0, 3.689453125], [3.0, 3.69140625], [3.0, 3.693359375], [3.0, 3.6953125], [3.0, 3.697265625], [3.0, 3.69921875], [3.0, 3.701171875], [3.0, 3.703125], [3.0, 3.705078125], [3.0, 3.70703125], [3.0, 3.708984375], [3.0, 3.7109375], [3.0, 3.712890625], [3.0, 3.71484375], [3.0, 3.716796875], [3.0, 3.71875], [3.0, 3.720703125], [3.0, 3.72265625], [3.0, 3.724609375], [3.0, 3.7265625], [3.0, 3.728515625], [3.0, 3.73046875], [3.0, 3.732421875], [3.0, 3.734375], [3.0, 3.736328125], [3.0, 3.73828125], [3.0, 3.740234375], [3.0, 3.7421875], [3.0, 3.744140625], [3.0, 3.74609375], [3.0, 3.748046875], [3.0, 3.75], [3.0, 3.751953125], [3.0, 3.75390625], [3.0, 3.755859375], [3.0, 3.7578125], [3.0, 3.759765625], [3.0, 3.76171875], [3.0, 3.763671875], [3.0, 3.765625], [3.0, 3.767578125], [3.0, 3.76953125], [3.0, 3.771484375], [3.0, 3.7734375], [3.0, 3.775390625], [3.0, 3.77734375], [3.0, 3.779296875], [3.0, 3.78125], [3.0, 3.783203125], [3.0, 3.78515625], [3.0, 3.787109375], [3.0, 3.7890625], [3.0, 3.791015625], [3.0, 3.79296875], [3.0, 3.794921875], [3.0, 3.796875], [3.0, 3.798828125], [3.0, 3.80078125], [3.0, 3.802734375], [3.0, 3.8046875], [3.0, 3.806640625], [3.0, 3.80859375], [3.0, 3.810546875], [3.0, 3.8125], [3.0, 3.814453125], [3.0, 3.81640625], [3.0, 3.818359375], [3.0, 3.8203125], [3.0, 3.822265625], [3.0, 3.82421875], [3.0, 3.826171875], [3.0, 3.828125], [3.0, 3.830078125], [3.0, 3.83203125], [3.0, 3.833984375], [3.0, 3.8359375], [3.0, 3.837890625], [3.0, 3.83984375], [3.0, 3.841796875], [3.0, 3.84375], [3.0, 3.845703125], [3.0, 3.84765625], [3.0, 3.849609375], [3.0, 3.8515625], [3.0, 3.853515625], [3.0, 3.85546875], [3.0, 3.857421875], [3.0, 3.859375], [3.0, 3.861328125], [3.0, 3.86328125], [3.0, 3.865234375], [3.0, 3.8671875], [3.0, 3.869140625], [3.0, 3.87109375], [3.0, 3.873046875], [3.0, 3.875], [3.0, 3.876953125], [3.0, 3.87890625], [3.0, 3.880859375], [3.0, 3.8828125], [3.0, 3.884765625], [3.0, 3.88671875], [3.0, 3.888671875], [3.0, 3.890625], [3.0, 3.892578125], [3.0, 3.89453125], [3.0, 3.896484375], [3.0, 3.8984375], [3.0, 3.900390625], [3.0, 3.90234375], [3.0, 3.904296875], [3.0, 3.90625], [3.0, 3.908203125], [3.0, 3.91015625], [3.0, 3.912109375], [3.0, 3.9140625], [3.0, 3.916015625], [3.0, 3.91796875], [3.0, 3.919921875], [3.0, 3.921875], [3.0, 3.923828125], [3.0, 3.92578125], [3.0, 3.927734375], [3.0, 3.9296875], [3.0, 3.931640625], [3.0, 3.93359375], [3.0, 3.935546875], [3.0, 3.9375], [3.0, 3.939453125], [3.0, 3.94140625], [3.0, 3.943359375], [3.0, 3.9453125], [3.0, 3.947265625], [3.0, 3.94921875], [3.0, 3.951171875], [3.0, 3.953125], [3.0, 3.955078125], [3.0, 3.95703125], [3.0, 3.958984375], [3.0, 3.9609375], [3.0, 3.962890625], [3.0, 3.96484375], [3.0, 3.966796875], [3.0, 3.96875], [3.0, 3.970703125], [3.0, 3.97265625], [3.0, 3.974609375], [3.0, 3.9765625], [3.0, 3.978515625], [3.0, 3.98046875], [3.0, 3.982421875], [3.0, 3.984375], [3.0, 3.986328125], [3.0, 3.98828125], [3.0, 3.990234375], [3.0, 3.9921875], [3.0, 3.994140625], [3.0, 3.99609375], [3.0, 3.998046875], [3.0, 4.0], [2.998046875, 4.0], [2.99609375, 4.0], [2.994140625, 4.0], [2.9921875, 4.0], [2.990234375, 4.0], [2.98828125, 4.0], [2.986328125, 4.0], [2.984375, 4.0], [2.982421875, 4.0], [2.98046875, 4.0], [2.978515625, 4.0], [2.9765625, 4.0], [2.974609375, 4.0], [2.97265625, 4.0], [2.970703125, 4.0], [2.96875, 4.0], [2.966796875, 4.0], [2.96484375, 4.0], [2.962890625, 4.0], [2.9609375, 4.0], [2.958984375, 4.0], [2.95703125, 4.0], [2.955078125, 4.0], [2.953125, 4.0], [2.951171875, 4.0], [2.94921875, 4.0], [2.947265625, 4.0], [2.9453125, 4.0], [2.943359375, 4.0], [2.94140625, 4.0], [2.939453125, 4.0], [2.9375, 4.0], [2.935546875, 4.0], [2.93359375, 4.0], [2.931640625, 4.0], [2.9296875, 4.0], [2.927734375, 4.0], [2.92578125, 4.0], [2.923828125, 4.0], [2.921875, 4.0], [2.919921875, 4.0], [2.91796875, 4.0], [2.916015625, 4.0], [2.9140625, 4.0], [2.912109375, 4.0], [2.91015625, 4.0], [2.908203125, 4.0], [2.90625, 4.0], [2.904296875, 4.0], [2.90234375, 4.0], [2.900390625, 4.0], [2.8984375, 4.0], [2.896484375, 4.0], [2.89453125, 4.0], [2.892578125, 4.0], [2.890625, 4.0], [2.888671875, 4.0], [2.88671875, 4.0], [2.884765625, 4.0], [2.8828125, 4.0], [2.880859375, 4.0], [2.87890625, 4.0], [2.876953125, 4.0], [2.875, 4.0], [2.873046875, 4.0], [2.87109375, 4.0], [2.869140625, 4.0], [2.8671875, 4.0], [2.865234375, 4.0], [2.86328125, 4.0], [2.861328125, 4.0], [2.859375, 4.0], [2.857421875, 4.0], [2.85546875, 4.0], [2.853515625, 4.0], [2.8515625, 4.0], [2.849609375, 4.0], [2.84765625, 4.0], [2.845703125, 4.0], [2.84375, 4.0], [2.841796875, 4.0], [2.83984375, 4.0], [2.837890625, 4.0], [2.8359375, 4.0], [2.833984375, 4.0], [2.83203125, 4.0], [2.830078125, 4.0], [2.828125, 4.0], [2.826171875, 4.0], [2.82421875, 4.0], [2.822265625, 4.0], [2.8203125, 4.0], [2.818359375, 4.0], [2.81640625, 4.0], [2.814453125, 4.0], [2.8125, 4.0], [2.810546875, 4.0], [2.80859375, 4.0], [2.806640625, 4.0], [2.8046875, 4.0], [2.802734375, 4.0], [2.80078125, 4.0], [2.798828125, 4.0], [2.796875, 4.0], [2.794921875, 4.0], [2.79296875, 4.0], [2.791015625, 4.0], [2.7890625, 4.0], [2.787109375, 4.0], [2.78515625, 4.0], [2.783203125, 4.0], [2.78125, 4.0], [2.779296875, 4.0], [2.77734375, 4.0], [2.775390625, 4.0], [2.7734375, 4.0], [2.771484375, 4.0], [2.76953125, 4.0], [2.767578125, 4.0], [2.765625, 4.0], [2.763671875, 4.0], [2.76171875, 4.0], [2.759765625, 4.0], [2.7578125, 4.0], [2.755859375, 4.0], [2.75390625, 4.0], [2.751953125, 4.0], [2.75, 4.0], [2.748046875, 4.0], [2.74609375, 4.0], [2.744140625, 4.0], [2.7421875, 4.0], [2.740234375, 4.0], [2.73828125, 4.0], [2.736328125, 4.0], [2.734375, 4.0], [2.732421875, 4.0], [2.73046875, 4.0], [2.728515625, 4.0], [2.7265625, 4.0], [2.724609375, 4.0], [2.72265625, 4.0], [2.720703125, 4.0], [2.71875, 4.0], [2.716796875, 4.0], [2.71484375, 4.0], [2.712890625, 4.0], [2.7109375, 4.0], [2.708984375, 4.0], [2.70703125, 4.0], [2.705078125, 4.0], [2.703125, 4.0], [2.701171875, 4.0], [2.69921875, 4.0], [2.697265625, 4.0], [2.6953125, 4.0], [2.693359375, 4.0], [2.69140625, 4.0], [2.689453125, 4.0], [2.6875, 4.0], [2.685546875, 4.0], [2.68359375, 4.0], [2.681640625, 4.0], [2.6796875, 4.0], [2.677734375, 4.0], [2.67578125, 4.0], [2.673828125, 4.0], [2.671875, 4.0], [2.669921875, 4.0], [2.66796875, 4.0], [2.666015625, 4.0], [2.6640625, 4.0], [2.662109375, 4.0], [2.66015625, 4.0], [2.658203125, 4.0], [2.65625, 4.0], [2.654296875, 4.0], [2.65234375, 4.0], [2.650390625, 4.0], [2.6484375, 4.0], [2.646484375, 4.0], [2.64453125, 4.0], [2.642578125, 4.0], [2.640625, 4.0], [2.638671875, 4.0], [2.63671875, 4.0], [2.634765625, 4.0], [2.6328125, 4.0], [2.630859375, 4.0], [2.62890625, 4.0], [2.626953125, 4.0], [2.625, 4.0], [2.623046875, 4.0], [2.62109375, 4.0], [2.619140625, 4.0], [2.6171875, 4.0], [2.615234375, 4.0], [2.61328125, 4.0], [2.611328125, 4.0], [2.609375, 4.0], [2.607421875, 4.0], [2.60546875, 4.0], [2.603515625, 4.0], [2.6015625, 4.0], [2.599609375, 4.0], [2.59765625, 4.0], [2.595703125, 4.0], [2.59375, 4.0], [2.591796875, 4.0], [2.58984375, 4.0], [2.587890625, 4.0], [2.5859375, 4.0], [2.583984375, 4.0], [2.58203125, 4.0], [2.580078125, 4.0], [2.578125, 4.0], [2.576171875, 4.0], [2.57421875, 4.0], [2.572265625, 4.0], [2.5703125, 4.0], [2.568359375, 4.0], [2.56640625, 4.0], [2.564453125, 4.0], [2.5625, 4.0], [2.560546875, 4.0], [2.55859375, 4.0], [2.556640625, 4.0], [2.5546875, 4.0], [2.552734375, 4.0], [2.55078125, 4.0], [2.548828125, 4.0], [2.546875, 4.0], [2.544921875, 4.0], [2.54296875, 4.0], [2.541015625, 4.0], [2.5390625, 4.0], [2.537109375, 4.0], [2.53515625, 4.0], [2.533203125, 4.0], [2.53125, 4.0], [2.529296875, 4.0], [2.52734375, 4.0], [2.525390625, 4.0], [2.5234375, 4.0], [2.521484375, 4.0], [2.51953125, 4.0], [2.517578125, 4.0], [2.515625, 4.0], [2.513671875, 4.0], [2.51171875, 4.0], [2.509765625, 4.0], [2.5078125, 4.0], [2.505859375, 4.0], [2.50390625, 4.0], [2.501953125, 4.0], [2.5, 4.0], [2.498046875, 4.0], [2.49609375, 4.0], [2.494140625, 4.0], [2.4921875, 4.0], [2.490234375, 4.0], [2.48828125, 4.0], [2.486328125, 4.0], [2.484375, 4.0], [2.482421875, 4.0], [2.48046875, 4.0], [2.478515625, 4.0], [2.4765625, 4.0], [2.474609375, 4.0], [2.47265625, 4.0], [2.470703125, 4.0], [2.46875, 4.0], [2.466796875, 4.0], [2.46484375, 4.0], [2.462890625, 4.0], [2.4609375, 4.0], [2.458984375, 4.0], [2.45703125, 4.0], [2.455078125, 4.0], [2.453125, 4.0], [2.451171875, 4.0], [2.44921875, 4.0], [2.447265625, 4.0], [2.4453125, 4.0], [2.443359375, 4.0], [2.44140625, 4.0], [2.439453125, 4.0], [2.4375, 4.0], [2.435546875, 4.0], [2.43359375, 4.0], [2.431640625, 4.0], [2.4296875, 4.0], [2.427734375, 4.0], [2.42578125, 4.0], [2.423828125, 4.0], [2.421875, 4.0], [2.419921875, 4.0], [2.41796875, 4.0], [2.416015625, 4.0], [2.4140625, 4.0], [2.412109375, 4.0], [2.41015625, 4.0], [2.408203125, 4.0], [2.40625, 4.0], [2.404296875, 4.0], [2.40234375, 4.0], [2.400390625, 4.0], [2.3984375, 4.0], [2.396484375, 4.0], [2.39453125, 4.0], [2.392578125, 4.0], [2.390625, 4.0], [2.388671875, 4.0], [2.38671875, 4.0], [2.384765625, 4.0], [2.3828125, 4.0], [2.380859375, 4.0], [2.37890625, 4.0], [2.376953125, 4.0], [2.375, 4.0], [2.373046875, 4.0], [2.37109375, 4.0], [2.369140625, 4.0], [2.3671875, 4.0], [2.365234375, 4.0], [2.36328125, 4.0], [2.361328125, 4.0], [2.359375, 4.0], [2.357421875, 4.0], [2.35546875, 4.0], [2.353515625, 4.0], [2.3515625, 4.0], [2.349609375, 4.0], [2.34765625, 4.0], [2.345703125, 4.0], [2.34375, 4.0], [2.341796875, 4.0], [2.33984375, 4.0], [2.337890625, 4.0], [2.3359375, 4.0], [2.333984375, 4.0], [2.33203125, 4.0], [2.330078125, 4.0], [2.328125, 4.0], [2.326171875, 4.0], [2.32421875, 4.0], [2.322265625, 4.0], [2.3203125, 4.0], [2.318359375, 4.0], [2.31640625, 4.0], [2.314453125, 4.0], [2.3125, 4.0], [2.310546875, 4.0], [2.30859375, 4.0], [2.306640625, 4.0], [2.3046875, 4.0], [2.302734375, 4.0], [2.30078125, 4.0], [2.298828125, 4.0], [2.296875, 4.0], [2.294921875, 4.0], [2.29296875, 4.0], [2.291015625, 4.0], [2.2890625, 4.0], [2.287109375, 4.0], [2.28515625, 4.0], [2.283203125, 4.0], [2.28125, 4.0], [2.279296875, 4.0], [2.27734375, 4.0], [2.275390625, 4.0], [2.2734375, 4.0], [2.271484375, 4.0], [2.26953125, 4.0], [2.267578125, 4.0], [2.265625, 4.0], [2.263671875, 4.0], [2.26171875, 4.0], [2.259765625, 4.0], [2.2578125, 4.0], [2.255859375, 4.0], [2.25390625, 4.0], [2.251953125, 4.0], [2.25, 4.0], [2.248046875, 4.0], [2.24609375, 4.0], [2.244140625, 4.0], [2.2421875, 4.0], [2.240234375, 4.0], [2.23828125, 4.0], [2.236328125, 4.0], [2.234375, 4.0], [2.232421875, 4.0], [2.23046875, 4.0], [2.228515625, 4.0], [2.2265625, 4.0], [2.224609375, 4.0], [2.22265625, 4.0], [2.220703125, 4.0], [2.21875, 4.0], [2.216796875, 4.0], [2.21484375, 4.0], [2.212890625, 4.0], [2.2109375, 4.0], [2.208984375, 4.0], [2.20703125, 4.0], [2.205078125, 4.0], [2.203125, 4.0], [2.201171875, 4.0], [2.19921875, 4.0], [2.197265625, 4.0], [2.1953125, 4.0], [2.193359375, 4.0], [2.19140625, 4.0], [2.189453125, 4.0], [2.1875, 4.0], [2.185546875, 4.0], [2.18359375, 4.0], [2.181640625, 4.0], [2.1796875, 4.0], [2.177734375, 4.0], [2.17578125, 4.0], [2.173828125, 4.0], [2.171875, 4.0], [2.169921875, 4.0], [2.16796875, 4.0], [2.166015625, 4.0], [2.1640625, 4.0], [2.162109375, 4.0], [2.16015625, 4.0], [2.158203125, 4.0], [2.15625, 4.0], [2.154296875, 4.0], [2.15234375, 4.0], [2.150390625, 4.0], [2.1484375, 4.0], [2.146484375, 4.0], [2.14453125, 4.0], [2.142578125, 4.0], [2.140625, 4.0], [2.138671875, 4.0], [2.13671875, 4.0], [2.134765625, 4.0], [2.1328125, 4.0], [2.130859375, 4.0], [2.12890625, 4.0], [2.126953125, 4.0], [2.125, 4.0], [2.123046875, 4.0], [2.12109375, 4.0], [2.119140625, 4.0], [2.1171875, 4.0], [2.115234375, 4.0], [2.11328125, 4.0], [2.111328125, 4.0], [2.109375, 4.0], [2.107421875, 4.0], [2.10546875, 4.0], [2.103515625, 4.0], [2.1015625, 4.0], [2.099609375, 4.0], [2.09765625, 4.0], [2.095703125, 4.0], [2.09375, 4.0], [2.091796875, 4.0], [2.08984375, 4.0], [2.087890625, 4.0], [2.0859375, 4.0], [2.083984375, 4.0], [2.08203125, 4.0], [2.080078125, 4.0], [2.078125, 4.0], [2.076171875, 4.0], [2.07421875, 4.0], [2.072265625, 4.0], [2.0703125, 4.0], [2.068359375, 4.0], [2.06640625, 4.0], [2.064453125, 4.0], [2.0625, 4.0], [2.060546875, 4.0], [2.05859375, 4.0], [2.056640625, 4.0], [2.0546875, 4.0], [2.052734375, 4.0], [2.05078125, 4.0], [2.048828125, 4.0], [2.046875, 4.0], [2.044921875, 4.0], [2.04296875, 4.0], [2.041015625, 4.0], [2.0390625, 4.0], [2.037109375, 4.0], [2.03515625, 4.0], [2.033203125, 4.0], [2.03125, 4.0], [2.029296875, 4.0], [2.02734375, 4.0], [2.025390625, 4.0], [2.0234375, 4.0], [2.021484375, 4.0], [2.01953125, 4.0], [2.017578125, 4.0], [2.015625, 4.0], [2.013671875, 4.0], [2.01171875, 4.0], [2.009765625, 4.0], [2.0078125, 4.0], [2.005859375, 4.0], [2.00390625, 4.0], [2.001953125, 4.0], [2.0, 4.0], [2.0, 3.998046875], [2.0, 3.99609375], [2.0, 3.994140625], [2.0, 3.9921875], [2.0, 3.990234375], [2.0, 3.98828125], [2.0, 3.986328125], [2.0, 3.984375], [2.0, 3.982421875], [2.0, 3.98046875], [2.0, 3.978515625], [2.0, 3.9765625], [2.0, 3.974609375], [2.0, 3.97265625], [2.0, 3.970703125], [2.0, 3.96875], [2.0, 3.966796875], [2.0, 3.96484375], [2.0, 3.962890625], [2.0, 3.9609375], [2.0, 3.958984375], [2.0, 3.95703125], [2.0, 3.955078125], [2.0, 3.953125], [2.0, 3.951171875], [2.0, 3.94921875], [2.0, 3.947265625], [2.0, 3.9453125], [2.0, 3.943359375], [2.0, 3.94140625], [2.0, 3.939453125], [2.0, 3.9375], [2.0, 3.935546875], [2.0, 3.93359375], [2.0, 3.931640625], [2.0, 3.9296875], [2.0, 3.927734375], [2.0, 3.92578125], [2.0, 3.923828125], [2.0, 3.921875], [2.0, 3.919921875], [2.0, 3.91796875], [2.0, 3.916015625], [2.0, 3.9140625], [2.0, 3.912109375], [2.0, 3.91015625], [2.0, 3.908203125], [2.0, 3.90625], [2.0, 3.904296875], [2.0, 3.90234375], [2.0, 3.900390625], [2.0, 3.8984375], [2.0, 3.896484375], [2.0, 3.89453125], [2.0, 3.892578125], [2.0, 3.890625], [2.0, 3.888671875], [2.0, 3.88671875], [2.0, 3.884765625], [2.0, 3.8828125], [2.0, 3.880859375], [2.0, 3.87890625], [2.0, 3.876953125], [2.0, 3.875], [2.0, 3.873046875], [2.0, 3.87109375], [2.0, 3.869140625], [2.0, 3.8671875], [2.0, 3.865234375], [2.0, 3.86328125], [2.0, 3.861328125], [2.0, 3.859375], [2.0, 3.857421875], [2.0, 3.85546875], [2.0, 3.853515625], [2.0, 3.8515625], [2.0, 3.849609375], [2.0, 3.84765625], [2.0, 3.845703125], [2.0, 3.84375], [2.0, 3.841796875], [2.0, 3.83984375], [2.0, 3.837890625], [2.0, 3.8359375], [2.0, 3.833984375], [2.0, 3.83203125], [2.0, 3.830078125], [2.0, 3.828125], [2.0, 3.826171875], [2.0, 3.82421875], [2.0, 3.822265625], [2.0, 3.8203125], [2.0, 3.818359375], [2.0, 3.81640625], [2.0, 3.814453125], [2.0, 3.8125], [2.0, 3.810546875], [2.0, 3.80859375], [2.0, 3.806640625], [2.0, 3.8046875], [2.0, 3.802734375], [2.0, 3.80078125], [2.0, 3.798828125], [2.0, 3.796875], [2.0, 3.794921875], [2.0, 3.79296875], [2.0, 3.791015625], [2.0, 3.7890625], [2.0, 3.787109375], [2.0, 3.78515625], [2.0, 3.783203125], [2.0, 3.78125], [2.0, 3.779296875], [2.0, 3.77734375], [2.0, 3.775390625], [2.0, 3.7734375], [2.0, 3.771484375], [2.0, 3.76953125], [2.0, 3.767578125], [2.0, 3.765625], [2.0, 3.763671875], [2.0, 3.76171875], [2.0, 3.759765625], [2.0, 3.7578125], [2.0, 3.755859375], [2.0, 3.75390625], [2.0, 3.751953125], [2.0, 3.75], [2.0, 3.748046875], [2.0, 3.74609375], [2.0, 3.744140625], [2.0, 3.7421875], [2.0, 3.740234375], [2.0, 3.73828125], [2.0, 3.736328125], [2.0, 3.734375], [2.0, 3.732421875], [2.0, 3.73046875], [2.0, 3.728515625], [2.0, 3.7265625], [2.0, 3.724609375], [2.0, 3.72265625], [2.0, 3.720703125], [2.0, 3.71875], [2.0, 3.716796875], [2.0, 3.71484375], [2.0, 3.712890625], [2.0, 3.7109375], [2.0, 3.708984375], [2.0, 3.70703125], [2.0, 3.705078125], [2.0, 3.703125], [2.0, 3.701171875], [2.0, 3.69921875], [2.0, 3.697265625], [2.0, 3.6953125], [2.0, 3.693359375], [2.0, 3.69140625], [2.0, 3.689453125], [2.0, 3.6875], [2.0, 3.685546875], [2.0, 3.68359375], [2.0, 3.681640625], [2.0, 3.6796875], [2.0, 3.677734375], [2.0, 3.67578125], [2.0, 3.673828125], [2.0, 3.671875], [2.0, 3.669921875], [2.0, 3.66796875], [2.0, 3.666015625], [2.0, 3.6640625], [2.0, 3.662109375], [2.0, 3.66015625], [2.0, 3.658203125], [2.0, 3.65625], [2.0, 3.654296875], [2.0, 3.65234375], [2.0, 3.650390625], [2.0, 3.6484375], [2.0, 3.646484375], [2.0, 3.64453125], [2.0, 3.642578125], [2.0, 3.640625], [2.0, 3.638671875], [2.0, 3.63671875], [2.0, 3.634765625], [2.0, 3.6328125], [2.0, 3.630859375], [2.0, 3.62890625], [2.0, 3.626953125], [2.0, 3.625], [2.0, 3.623046875], [2.0, 3.62109375], [2.0, 3.619140625], [2.0, 3.6171875], [2.0, 3.615234375], [2.0, 3.61328125], [2.0, 3.611328125], [2.0, 3.609375], [2.0, 3.607421875], [2.0, 3.60546875], [2.0, 3.603515625], [2.0, 3.6015625], [2.0, 3.599609375], [2.0, 3.59765625], [2.0, 3.595703125], [2.0, 3.59375], [2.0, 3.591796875], [2.0, 3.58984375], [2.0, 3.587890625], [2.0, 3.5859375], [2.0, 3.583984375], [2.0, 3.58203125], [2.0, 3.580078125], [2.0, 3.578125], [2.0, 3.576171875], [2.0, 3.57421875], [2.0, 3.572265625], [2.0, 3.5703125], [2.0, 3.568359375], [2.0, 3.56640625], [2.0, 3.564453125], [2.0, 3.5625], [2.0, 3.560546875], [2.0, 3.55859375], [2.0, 3.556640625], [2.0, 3.5546875], [2.0, 3.552734375], [2.0, 3.55078125], [2.0, 3.548828125], [2.0, 3.546875], [2.0, 3.544921875], [2.0, 3.54296875], [2.0, 3.541015625], [2.0, 3.5390625], [2.0, 3.537109375], [2.0, 3.53515625], [2.0, 3.533203125], [2.0, 3.53125], [2.0, 3.529296875], [2.0, 3.52734375], [2.0, 3.525390625], [2.0, 3.5234375], [2.0, 3.521484375], [2.0, 3.51953125], [2.0, 3.517578125], [2.0, 3.515625], [2.0, 3.513671875], [2.0, 3.51171875], [2.0, 3.509765625], [2.0, 3.5078125], [2.0, 3.505859375], [2.0, 3.50390625], [2.0, 3.501953125], [2.0, 3.5], [2.0, 3.498046875], [2.0, 3.49609375], [2.0, 3.494140625], [2.0, 3.4921875], [2.0, 3.490234375], [2.0, 3.48828125], [2.0, 3.486328125], [2.0, 3.484375], [2.0, 3.482421875], [2.0, 3.48046875], [2.0, 3.478515625], [2.0, 3.4765625], [2.0, 3.474609375], [2.0, 3.47265625], [2.0, 3.470703125], [2.0, 3.46875], [2.0, 3.466796875], [2.0, 3.46484375], [2.0, 3.462890625], [2.0, 3.4609375], [2.0, 3.458984375], [2.0, 3.45703125], [2.0, 3.455078125], [2.0, 3.453125], [2.0, 3.451171875], [2.0, 3.44921875], [2.0, 3.447265625], [2.0, 3.4453125], [2.0, 3.443359375], [2.0, 3.44140625], [2.0, 3.439453125], [2.0, 3.4375], [2.0, 3.435546875], [2.0, 3.43359375], [2.0, 3.431640625], [2.0, 3.4296875], [2.0, 3.427734375], [2.0, 3.42578125], [2.0, 3.423828125], [2.0, 3.421875], [2.0, 3.419921875], [2.0, 3.41796875], [2.0, 3.416015625], [2.0, 3.4140625], [2.0, 3.412109375], [2.0, 3.41015625], [2.0, 3.408203125], [2.0, 3.40625], [2.0, 3.404296875], [2.0, 3.40234375], [2.0, 3.400390625], [2.0, 3.3984375], [2.0, 3.396484375], [2.0, 3.39453125], [2.0, 3.392578125], [2.0, 3.390625], [2.0, 3.388671875], [2.0, 3.38671875], [2.0, 3.384765625], [2.0, 3.3828125], [2.0, 3.380859375], [2.0, 3.37890625], [2.0, 3.376953125], [2.0, 3.375], [2.0, 3.373046875], [2.0, 3.37109375], [2.0, 3.369140625], [2.0, 3.3671875], [2.0, 3.365234375], [2.0, 3.36328125], [2.0, 3.361328125], [2.0, 3.359375], [2.0, 3.357421875], [2.0, 3.35546875], [2.0, 3.353515625], [2.0, 3.3515625], [2.0, 3.349609375], [2.0, 3.34765625], [2.0, 3.345703125], [2.0, 3.34375], [2.0, 3.341796875], [2.0, 3.33984375], [2.0, 3.337890625], [2.0, 3.3359375], [2.0, 3.333984375], [2.0, 3.33203125], [2.0, 3.330078125], [2.0, 3.328125], [2.0, 3.326171875], [2.0, 3.32421875], [2.0, 3.322265625], [2.0, 3.3203125], [2.0, 3.318359375], [2.0, 3.31640625], [2.0, 3.314453125], [2.0, 3.3125], [2.0, 3.310546875], [2.0, 3.30859375], [2.0, 3.306640625], [2.0, 3.3046875], [2.0, 3.302734375], [2.0, 3.30078125], [2.0, 3.298828125], [2.0, 3.296875], [2.0, 3.294921875], [2.0, 3.29296875], [2.0, 3.291015625], [2.0, 3.2890625], [2.0, 3.287109375], [2.0, 3.28515625], [2.0, 3.283203125], [2.0, 3.28125], [2.0, 3.279296875], [2.0, 3.27734375], [2.0, 3.275390625], [2.0, 3.2734375], [2.0, 3.271484375], [2.0, 3.26953125], [2.0, 3.267578125], [2.0, 3.265625], [2.0, 3.263671875], [2.0, 3.26171875], [2.0, 3.259765625], [2.0, 3.2578125], [2.0, 3.255859375], [2.0, 3.25390625], [2.0, 3.251953125], [2.0, 3.25], [2.0, 3.248046875], [2.0, 3.24609375], [2.0, 3.244140625], [2.0, 3.2421875], [2.0, 3.240234375], [2.0, 3.23828125], [2.0, 3.236328125], [2.0, 3.234375], [2.0, 3.232421875], [2.0, 3.23046875], [2.0, 3.228515625], [2.0, 3.2265625], [2.0, 3.224609375], [2.0, 3.22265625], [2.0, 3.220703125], [2.0, 3.21875], [2.0, 3.216796875], [2.0, 3.21484375], [2.0, 3.212890625], [2.0, 3.2109375], [2.0, 3.208984375], [2.0, 3.20703125], [2.0, 3.205078125], [2.0, 3.203125], [2.0, 3.201171875], [2.0, 3.19921875], [2.0, 3.197265625], [2.0, 3.1953125], [2.0, 3.193359375], [2.0, 3.19140625], [2.0, 3.189453125], [2.0, 3.1875], [2.0, 3.185546875], [2.0, 3.18359375], [2.0, 3.181640625], [2.0, 3.1796875], [2.0, 3.177734375], [2.0, 3.17578125], [2.0, 3.173828125], [2.0, 3.171875], [2.0, 3.169921875], [2.0, 3.16796875], [2.0, 3.166015625], [2.0, 3.1640625], [2.0, 3.162109375], [2.0, 3.16015625], [2.0, 3.158203125], [2.0, 3.15625], [2.0, 3.154296875], [2.0, 3.15234375], [2.0, 3.150390625], [2.0, 3.1484375], [2.0, 3.146484375], [2.0, 3.14453125], [2.0, 3.142578125], [2.0, 3.140625], [2.0, 3.138671875], [2.0, 3.13671875], [2.0, 3.134765625], [2.0, 3.1328125], [2.0, 3.130859375], [2.0, 3.12890625], [2.0, 3.126953125], [2.0, 3.125], [2.0, 3.123046875], [2.0, 3.12109375], [2.0, 3.119140625], [2.0, 3.1171875], [2.0, 3.115234375], [2.0, 3.11328125], [2.0, 3.111328125], [2.0, 3.109375], [2.0, 3.107421875], [2.0, 3.10546875], [2.0, 3.103515625], [2.0, 3.1015625], [2.0, 3.099609375], [2.0, 3.09765625], [2.0, 3.095703125], [2.0, 3.09375], [2.0, 3.091796875], [2.0, 3.08984375], [2.0, 3.087890625], [2.0, 3.0859375], [2.0, 3.083984375], [2.0, 3.08203125], [2.0, 3.080078125], [2.0, 3.078125], [2.0, 3.076171875], [2.0, 3.07421875], [2.0, 3.072265625], [2.0, 3.0703125], [2.0, 3.068359375], [2.0, 3.06640625], [2.0, 3.064453125], [2.0, 3.0625], [2.0, 3.060546875], [2.0, 3.05859375], [2.0, 3.056640625], [2.0, 3.0546875], [2.0, 3.052734375], [2.0, 3.05078125], [2.0, 3.048828125], [2.0, 3.046875], [2.0, 3.044921875], [2.0, 3.04296875], [2.0, 3.041015625], [2.0, 3.0390625], [2.0, 3.037109375], [2.0, 3.03515625], [2.0, 3.033203125], [2.0, 3.03125], [2.0, 3.029296875], [2.0, 3.02734375], [2.0, 3.025390625], [2.0, 3.0234375], [2.0, 3.021484375], [2.0, 3.01953125], [2.0, 3.017578125], [2.0, 3.015625], [2.0, 3.013671875], [2.0, 3.01171875], [2.0, 3.009765625], [2.0, 3.0078125], [2.0, 3.005859375], [2.0, 3.00390625], [2.0, 3.001953125], [2, 3]]]}}, {"type": "Feature", "id": "c3-3", "properties": {"id": "c3-3", "name": "cell 3,3", "value": 12.1215}, "geometry": {"type": "Polygon", "coordinates": [[[3.0, 3.0], [3.001953125, 3.0], [3.00390625, 3.0], [3.005859375, 3.0], [3.0078125, 3.0], [3.009765625, 3.0], [3.01171875, 3.0], [3.013671875, 3.0], [3.015625, 3.0], [3.017578125, 3.0], [3.01953125, 3.0], [3.021484375, 3.0], [3.0234375, 3.0], [3.025390625, 3.0], [3.02734375, 3.0], [3.029296875, 3.0], [3.03125, 3.0], [3.033203125, 3.0], [3.03515625, 3.0], [3.037109375, 3.0], [3.0390625, 3.0], [3.041015625, 3.0], [3.04296875, 3.0], [3.044921875, 3.0], [3.046875, 3.0], [3.048828125, 3.0], [3.05078125, 3.0], [3.052734375, 3.0], [3.0546875, 3.0], [3.056640625, 3.0], [3.05859375, 3.0], [3.060546875, 3.0], [3.0625, 3.0], [3.064453125, 3.0], [3.06640625, 3.0], [3.068359375, 3.0], [3.0703125, 3.0], [3.072265625, 3.0], [3.07421875, 3.0], [3.076171875, 3.0], [3.078125, 3.0], [3.080078125, 3.0], [3.08203125, 3.0], [3.083984375, 3.0], [3.0859375, 3.0], [3.087890625, 3.0], [3.08984375, 3.0], [3.091796875, 3.0], [3.09375, 3.0], [3.095703125, 3.0], [3.09765625, 3.0], [3.099609375, 3.0], [3.1015625, 3.0], [3.103515625, 3.0], [3.10546875, 3.0], [3.107421875, 3.0], [3.109375, 3.0], [3.111328125, 3.0], [3.11328125, 3.0], [3.115234375, 3.0], [3.1171875, 3.0], [3.119140625, 3.0], [3.12109375, 3.0], [3.123046875, 3.0], [3.125, 3.0], [3.126953125, 3.0], [3.12890625, 3.0], [3.130859375, 3.0], [3.1328125, 3.0], [3.134765625, 3.0], [3.13671875, 3.0], [3.138671875, 3.0], [3.140625, 3.0], [3.142578125, 3.0], [3.14453125, 3.0], [3.146484375, 3.0], [3.1484375, 3.0], [3.150390625, 3.0], [3.15234375, 3.0], [3.154296875, 3.0], [3.15625, 3.0], [3.158203125, 3.0], [3.16015625, 3.0], [3.162109375, 3.0], [3.1640625, 3.0], [3.166015625, 3.0], [3.16796875, 3.0], [3.169921875, 3.0], [3.171875, 3.0], [3.173828125, 3.0], [3.17578125, 3.0], [3.177734375, 3.0], [3.1796875, 3.0], [3.181640625, 3.0], [3.18359375, 3.0], [3.185546875, 3.0], [3.1875, 3.0], [3.189453125, 3.0], [3.19140625, 3.0], [3.193359375, 3.0], [3.1953125, 3.0], [3.197265625, 3.0], [3.19921875, 3.0], [3.201171875, 3.0], [3.203125, 3.0], [3.205078125, 3.0], [3.20703125, 3.0], [3.208984375, 3.0], [3.2109375, 3.0], [3.212890625, 3.0], [3.21484375, 3.0], [3.216796875, 3.0], [3.21875, 3.0], [3.220703125, 3.0], [3.22265625, 3.0], [3.224609375, 3.0], [3.2265625, 3.0], [3.228515625, 3.0], [3.23046875, 3.0], [3.232421875, 3.0], [3.234375, 3.0], [3.236328125, 3.0], [3.23828125, 3.0], [3.240234375, 3.0], [3.2421875, 3.0], [3.244140625, 3.0], [3.24609375, 3.0], [3.248046875, 3.0], [3.25, 3.0], [3.251953125, 3.0], [3.25390625, 3.0], [3.255859375, 3.0], [3.2578125, 3.0], [3.259765625, 3.0], [3.26171875, 3.0], [3.263671875, 3.0], [3.265625, 3.0], [3.267578125, 3.0], [3.26953125, 3.0], [3.271484375, 3.0], [3.2734375, 3.0], [3.275390625, 3.0], [3.27734375, 3.0], [3.279296875, 3.0], [3.28125, 3.0], [3.283203125, 3.0], [3.28515625, 3.0], [3.287109375, 3.0], [3.2890625, 3.0], [3.291015625, 3.0], [3.29296875, 3.0], [3.294921875, 3.0], [3.296875, 3.0], [3.298828125, 3.0], [3.30078125, 3.0], [3.302734375, 3.0], [3.3046875, 3.0], [3.306640625, 3.0], [3.30859375, 3.0], [3.310546875, 3.0], [3.3125, 3.0], [3.314453125, 3.0], [3.31640625, 3.0], [3.318359375, 3.0], [3.3203125, 3.0], [3.322265625, 3.0], [3.32421875, 3.0], [3.326171875, 3.0], [3.328125, 3.0], [3.330078125, 3.0], [3.33203125, 3.0], [3.333984375, 3.0], [3.3359375, 3.0], [3.337890625, 3.0], [3.33984375, 3.0], [3.341796875, 3.0], [3.34375, 3.0], [3.345703125, 3.0], [3.34765625, 3.0], [3.349609375, 3.0], [3.3515625, 3.0], [3.353515625, 3.0], [3.35546875, 3.0], [3.357421875, 3.0], [3.359375, 3.0], [3.361328125, 3.0], [3.36328125, 3.0], [3.365234375, 3.0], [3.3671875, 3.0], [3.369140625, 3.0], [3.37109375, 3.0], [3.373046875, 3.0], [3.375, 3.0], [3.376953125, 3.0], [3.37890625, 3.0], [3.380859375, 3.0], [3.3828125, 3.0], [3.384765625, 3.0], [3.38671875, 3.0], [3.388671875, 3.0], [3.390625, 3.0], [3.392578125, 3.0], [3.39453125, 3.0], [3.396484375, 3.0], [3.3984375, 3.0], [3.400390625, 3.0], [3.40234375, 3.0], [3.404296875, 3.0], [3.40625, 3.0], [3.408203125, 3.0], [3.41015625, 3.0], [3.412109375, 3.0], [3.4140625, 3.0], [3.416015625, 3.0], [3.41796875, 3.0], [3.419921875, 3.0], [3.421875, 3.0], [3.423828125, 3.0], [3.42578125, 3.0], [3.427734375, 3.0], [3.4296875, 3.0], [3.431640625, 3.0], [3.43359375, 3.0], [3.435546875, 3.0], [3.4375, 3.0], [3.439453125, 3.0], [3.44140625, 3.0], [3.443359375, 3.0], [3.4453125, 3.0], [3.447265625, 3.0], [3.44921875, 3.0], [3.451171875, 3.0], [3.453125, 3.0], [3.455078125, 3.0], [3.45703125, 3.0], [3.458984375, 3.0], [3.4609375, 3.0], [3.462890625, 3.0], [3.46484375, 3.0], [3.466796875, 3.0], [3.46875, 3.0], [3.470703125, 3.0], [3.47265625, 3.0], [3.474609375, 3.0], [3.4765625, 3.0], [3.478515625, 3.0], [3.48046875, 3.0], [3.482421875, 3.0], [3.484375, 3.0], [3.486328125, 3.0], [3.48828125, 3.0], [3.490234375, 3.0], [3.4921875, 3.0], [3.494140625, 3.0], [3.49609375, 3.0], [3.498046875, 3.0], [3.5, 3.0], [3.501953125, 3.0], [3.50390625, 3.0], [3.505859375, 3.0], [3.5078125, 3.0], [3.509765625, 3.0], [3.51171875, 3.0], [3.513671875, 3.0], [3.515625, 3.0], [3.517578125, 3.0], [3.51953125, 3.0], [3.521484375, 3.0], [3.5234375, 3.0], [3.525390625, 3.0], [3.52734375, 3.0], [3.529296875, 3.0], [3.53125, 3.0], [3.533203125, 3.0], [3.53515625, 3.0], [3.537109375, 3.0], [3.5390625, 3.0], [3.541015625, 3.0], [3.54296875, 3.0], [3.544921875, 3.0], [3.546875, 3.0], [3.548828125, 3.0], [3.55078125, 3.0], [3.552734375, 3.0], [3.5546875, 3.0], [3.556640625, 3.0], [3.55859375, 3.0], [3.560546875, 3.0], [3.5625, 3.0], [3.564453125, 3.0], [3.56640625, 3.0], [3.568359375, 3.0], [3.5703125, 3.0], [3.572265625, 3.0], [3.57421875, 3.0], [3.576171875, 3.0], [3.578125, 3.0], [3.580078125, 3.0], [3.58203125, 3.0], [3.583984375, 3.0], [3.5859375, 3.0], [3.587890625, 3.0], [3.58984375, 3.0], [3.591796875, 3.0], [3.59375, 3.0], [3.595703125, 3.0], [3.59765625, 3.0], [3.599609375, 3.0], [3.6015625, 3.0], [3.603515625, 3.0], [3.60546875, 3.0], [3.607421875, 3.0], [3.609375, 3.0], [3.611328125, 3.0], [3.61328125, 3.0], [3.615234375, 3.0], [3.6171875, 3.0], [3.619140625, 3.0], [3.62109375, 3.0], [3.623046875, 3.0], [3.625, 3.0], [3.626953125, 3.0], [3.62890625, 3.0], [3.630859375, 3.0], [3.6328125, 3.0], [3.634765625, 3.0], [3.63671875, 3.0], [3.638671875, 3.0], [3.640625, 3.0], [3.642578125, 3.0], [3.64453125, 3.0], [3.646484375, 3.0], [3.6484375, 3.0], [3.650390625, 3.0], [3.65234375, 3.0], [3.654296875, 3.0], [3.65625, 3.0], [3.658203125, 3.0], [3.66015625, 3.0], [3.662109375, 3.0], [3.6640625, 3.0], [3.666015625, 3.0], [3.66796875, 3.0], [3.669921875, 3.0], [3.671875, 3.0], [3.673828125, 3.0], [3.67578125, 3.0], [3.677734375, 3.0], [3.6796875, 3.0], [3.681640625, 3.0], [3.68359375, 3.0], [3.685546875, 3.0], [3.6875, 3.0], [3.689453125, 3.0], [3.69140625, 3.0], [3.693359375, 3.0], [3.6953125, 3.0], [3.697265625, 3.0], [3.69921875, 3.0], [3.701171875, 3.0], [3.703125, 3.0], [3.705078125, 3.0], [3.70703125, 3.0], [3.708984375, 3.0], [3.7109375, 3.0], [3.712890625, 3.0], [3.71484375, 3.0], [3.716796875, 3.0], [3.71875, 3.0], [3.720703125, 3.0], [3.72265625, 3.0], [3.724609375, 3.0], [3.7265625, 3.0], [3.728515625, 3.0], [3.73046875, 3.0], [3.732421875, 3.0], [3.734375, 3.0], [3.736328125, 3.0], [3.73828125, 3.0], [3.740234375, 3.0], [3.7421875, 3.0], [3.744140625, 3.0], [3.74609375, 3.0], [3.748046875, 3.0], [3.75, 3.0], [3.751953125, 3.0], [3.75390625, 3.0], [3.755859375, 3.0], [3.7578125, 3.0], [3.759765625, 3.0], [3.76171875, 3.0], [3.763671875, 3.0], [3.765625, 3.0], [3.767578125, 3.0], [3.76953125, 3.0], [3.771484375, 3.0], [3.7734375, 3.0], [3.775390625, 3.0], [3.77734375, 3.0], [3.779296875, 3.0], [3.78125, 3.0], [3.783203125, 3.0], [3.78515625, 3.0], [3.787109375, 3.0], [3.7890625, 3.0], [3.791015625, 3.0], [3.79296875, 3.0], [3.794921875, 3.0], [3.796875, 3.0], [3.798828125, 3.0], [3.80078125, 3.0], [3.802734375, 3.0], [3.8046875, 3.0], [3.806640625, 3.0], [3.80859375, 3.0], [3.810546875, 3.0], [3.8125, 3.0], [3.814453125, 3.0], [3.81640625, 3.0], [3.818359375, 3.0], [3.8203125, 3.0], [3.822265625, 3.0], [3.82421875, 3.0], [3.826171875, 3.0], [3.828125, 3.0], [3.830078125, 3.0], [3.83203125, 3.0], [3.833984375, 3.0], [3.8359375, 3.0], [3.837890625, 3.0], [3.83984375, 3.0], [3.841796875, 3.0], [3.84375, 3.0], [3.845703125, 3.0], [3.84765625, 3.0], [3.849609375, 3.0], [3.8515625, 3.0], [3.853515625, 3.0], [3.85546875, 3.0], [3.857421875, 3.0], [3.859375, 3.0], [3.861328125, 3.0], [3.86328125, 3.0], [3.865234375, 3.0], [3.8671875, 3.0], [3.869140625, 3.0], [3.87109375, 3.0], [3.873046875, 3.0], [3.875, 3.0], [3.876953125, 3.0], [3.87890625, 3.0], [3.880859375, 3.0], [3.8828125, 3.0], [3.884765625, 3.0], [3.88671875, 3.0], [3.888671875, 3.0], [3.890625, 3.0], [3.892578125, 3.0], [3.89453125, 3.0], [3.896484375, 3.0], [3.8984375, 3.0], [3.900390625, 3.0], [3.90234375, 3.0], [3.904296875, 3.0], [3.90625, 3.0], [3.908203125, 3.0], [3.91015625, 3.0], [3.912109375, 3.0], [3.9140625, 3.0], [3.916015625, 3.0], [3.91796875, 3.0], [3.919921875, 3.0], [3.921875, 3.0], [3.923828125, 3.0], [3.92578125, 3.0], [3.927734375, 3.0], [3.9296875, 3.0], [3.931640625, 3.0], [3.93359375, 3.0], [3.935546875, 3.0], [3.9375, 3.0], [3.939453125, 3.0], [3.94140625, 3.0], [3.943359375, 3.0], [3.9453125, 3.0], [3.947265625, 3.0], [3.94921875, 3.0], [3.951171875, 3.0], [3.953125, 3.0], [3.955078125, 3.0], [3.95703125, 3.0], [3.958984375, 3.0], [3.9609375, 3.0], [3.962890625, 3.0], [3.96484375, 3.0], [3.966796875, 3.0], [3.96875, 3.0], [3.970703125, 3.0], [3.97265625, 3.0], [3.974609375, 3.0], [3.9765625, 3.0], [3.978515625, 3.0], [3.98046875, 3.0], [3.982421875, 3.0], [3.984375, 3.0], [3.986328125, 3.0], [3.98828125, 3.0], [3.990234375, 3.0], [3.9921875, 3.0], [3.994140625, 3.0], [3.99609375, 3.0], [3.998046875, 3.0], [4.0, 3.0], [4.0, 3.001953125], [4.0, 3.00390625], [4.0, 3.005859375], [4.0, 3.0078125], [4.0, 3.009765625], [4.0, 3.01171875], [4.0, 3.013671875], [4.0, 3.015625], [4.0, 3.017578125], [4.0, 3.01953125], [4.0, 3.021484375], [4.0, 3.0234375], [4.0, 3.025390625], [4.0, 3.02734375], [4.0, 3.029296875], [4.0, 3.03125], [4.0, 3.033203125], [4.0, 3.03515625], [4.0, 3.037109375], [4.0, 3.0390625], [4.0, 3.041015625], [4.0, 3.04296875], [4.0, 3.044921875], [4.0, 3.046875], [4.0, 3.048828125], [4.0, 3.05078125], [4.0, 3.052734375], [4.0, 3.0546875], [4.0, 3.056640625], [4.0, 3.05859375], [4.0, 3.060546875], [4.0, 3.0625], [4.0, 3.064453125], [4.0, 3.06640625], [4.0, 3.068359375], [4.0, 3.0703125], [4.0, 3.072265625], [4.0, 3.07421875], [4.0, 3.076171875], [4.0, 3.078125], [4.0, 3.080078125], [4.0, 3.08203125], [4.0, 3.083984375], [4.0, 3.0859375], [4.0, 3.087890625], [4.0, 3.08984375], [4.0, 3.091796875], [4.0, 3.09375], [4.0, 3.095703125], [4.0, 3.09765625], [4.0, 3.099609375], [4.0, 3.1015625], [4.0, 3.103515625], [4.0, 3.10546875], [4.0, 3.107421875], [4.0, 3.109375], [4.0, 3.111328125], [4.0, 3.11328125], [4.0, 3.115234375], [4.0, 3.1171875], [4.0, 3.119140625], [4.0, 3.12109375], [4.0, 3.123046875], [4.0, 3.125], [4.0, 3.126953125], [4.0, 3.12890625], [4.0, 3.130859375], [4.0, 3.1328125], [4.0, 3.134765625], [4.0, 3.13671875], [4.0, 3.138671875], [4.0, 3.140625], [4.0, 3.142578125], [4.0, 3.14453125], [4.0, 3.146484375], [4.0, 3.1484375], [4.0, 3.150390625], [4.0, 3.15234375], [4.0, 3.154296875], [4.0, 3.15625], [4.0, 3.158203125], [4.0, 3.16015625], [4.0, 3.162109375], [4.0, 3.1640625], [4.0, 3.166015625], [4.0, 3.16796875], [4.0, 3.169921875], [4.0, 3.171875], [4.0, 3.173828125], [4.0, 3.17578125], [4.0, 3.177734375], [4.0, 3.1796875], [4.0, 3.181640625], [4.0, 3.18359375], [4.0, 3.185546875], [4.0, 3.1875], [4.0, 3.189453125], [4.0, 3.19140625], [4.0, 3.193359375], [4.0, 3.1953125], [4.0, 3.197265625], [4.0, 3.19921875], [4.0, 3.201171875], [4.0, 3.203125], [4.0, 3.205078125], [4.0, 3.20703125], [4.0, 3.208984375], [4.0, 3.2109375], [4.0, 3.212890625], [4.0, 3.21484375], [4.0, 3.216796875], [4.0, 3.21875], [4.0, 3.220703125], [4.0, 3.22265625], [4.0, 3.224609375], [4.0, 3.2265625], [4.0, 3.228515625], [4.0, 3.23046875], [4.0, 3.232421875], [4.0, 3.234375], [4.0, 3.236328125], [4.0, 3.23828125], [4.0, 3.240234375], [4.0, 3.2421875], [4.0, 3.244140625], [4.0, 3.24609375], [4.0, 3.248046875], [4.0, 3.25], [4.0, 3.251953125], [4.0, 3.25390625], [4.0, 3.255859375], [4.0, 3.2578125], [4.0, 3.259765625], [4.0, 3.26171875], [4.0, 3.263671875], [4.0, 3.265625], [4.0, 3.267578125], [4.0, 3.26953125], [4.0, 3.271484375], [4.0, 3.2734375], [4.0, 3.275390625], [4.0, 3.27734375], [4.0, 3.279296875], [4.0, 3.28125], [4.0, 3.283203125], [4.0, 3.28515625], [4.0, 3.287109375], [4.0, 3.2890625], [4.0, 3.291015625], [4.0, 3.29296875], [4.0, 3.294921875], [4.0, 3.296875], [4.0, 3.298828125], [4.0, 3.30078125], [4.0, 3.302734375], [4.0, 3.3046875], [4.0, 3.306640625], [4.0, 3.30859375], [4.0, 3.310546875], [4.0, 3.3125], [4.0, 3.314453125], [4.0, 3.31640625], [4.0, 3.318359375], [4.0, 3.3203125], [4.0, 3.322265625], [4.0, 3.32421875], [4.0, 3.326171875], [4.0, 3.328125], [4.0, 3.330078125], [4.0, 3.33203125], [4.0, 3.333984375], [4.0, 3.3359375], [4.0, 3.337890625], [4.0, 3.33984375], [4.0, 3.341796875], [4.0, 3.34375], [4.0, 3.345703125], [4.0, 3.34765625], [4.0, 3.349609375], [4.0, 3.3515625], [4.0, 3.353515625], [4.0, 3.35546875], [4.0, 3.357421875], [4.0, 3.359375], [4.0, 3.361328125], [4.0, 3.36328125], [4.0, 3.365234375], [4.0, 3.3671875], [4.0, 3.369140625], [4.0, 3.37109375], [4.0, 3.373046875], [4.0, 3.375], [4.0, 3.376953125], [4.0, 3.37890625], [4.0, 3.380859375], [4.0, 3.3828125], [4.0, 3.384765625], [4.0, 3.38671875], [4.0, 3.388671875], [4.0, 3.390625], [4.0, 3.392578125], [4.0, 3.39453125], [4.0, 3.396484375], [4.0, 3.3984375], [4.0, 3.400390625], [4.0, 3.40234375], [4.0, 3.404296875], [4.0, 3.40625], [4.0, 3.408203125], [4.0, 3.41015625], [4.0, 3.412109375], [4.0, 3.4140625], [4.0, 3.416015625], [4.0, 3.41796875], [4.0, 3.419921875], [4.0, 3.421875], [4.0, 3.423828125], [4.0, 3.42578125], [4.0, 3.427734375], [4.0, 3.4296875], [4.0, 3.431640625], [4.0, 3.43359375], [4.0, 3.435546875], [4.0, 3.4375], [4.0, 3.439453125], [4.0, 3.44140625], [4.0, 3.443359375], [4.0, 3.4453125], [4.0, 3.447265625], [4.0, 3.44921875], [4.0, 3.451171875], [4.0, 3.453125], [4.0, 3.455078125], [4.0, 3.45703125], [4.0, 3.458984375], [4.0, 3.4609375], [4.0, 3.462890625], [4.0, 3.46484375], [4.0, 3.466796875], [4.0, 3.46875], [4.0, 3.470703125], [4.0, 3.47265625], [4.0, 3.474609375], [4.0, 3.4765625], [4.0, 3.478515625], [4.0, 3.48046875], [4.0, 3.482421875], [4.0, 3.484375], [4.0, 3.486328125], [4.0, 3.48828125], [4.0, 3.490234375], [4.0, 3.4921875], [4.0, 3.494140625], [4.0, 3.49609375], [4.0, 3.498046875], [4.0, 3.5], [4.0, 3.501953125], [4.0, 3.50390625], [4.0, 3.505859375], [4.0, 3.5078125], [4.0, 3.509765625], [4.0, 3.51171875], [4.0, 3.513671875], [4.0, 3.515625], [4.0, 3.517578125], [4.0, 3.51953125], [4.0, 3.521484375], [4.0, 3.5234375], [4.0, 3.525390625], [4.0, 3.52734375], [4.0, 3.529296875], [4.0, 3.53125], [4.0, 3.533203125], [4.0, 3.53515625], [4.0, 3.537109375], [4.0, 3.5390625], [4.0, 3.541015625], [4.0, 3.54296875], [4.0, 3.544921875], [4.0, 3.546875], [4.0, 3.548828125], [4.0, 3.55078125], [4.0, 3.552734375], [4.0, 3.5546875], [4.0, 3.556640625], [4.0, 3.55859375], [4.0, 3.560546875], [4.0, 3.5625], [4.0, 3.564453125], [4.0, 3.56640625], [4.0, 3.568359375], [4.0, 3.5703125], [4.0, 3.572265625], [4.0, 3.57421875], [4.0, 3.576171875], [4.0, 3.578125], [4.0, 3.580078125], [4.0, 3.58203125], [4.0, 3.583984375], [4.0, 3.5859375], [4.0, 3.587890625], [4.0, 3.58984375], [4.0, 3.591796875], [4.0, 3.59375], [4.0, 3.595703125], [4.0, 3.59765625], [4.0, 3.599609375], [4.0, 3.6015625], [4.0, 3.603515625], [4.0, 3.60546875], [4.0, 3.607421875], [4.0, 3.609375], [4.0, 3.611328125], [4.0, 3.61328125], [4.0, 3.615234375], [4.0, 3.6171875], [4.0, 3.619140625], [4.0, 3.62109375], [4.0, 3.623046875], [4.0, 3.625], [4.0, 3.626953125], [4.0, 3.62890625], [4.0, 3.630859375], [4.0, 3.6328125], [4.0, 3.634765625], [4.0, 3.63671875], [4.0, 3.638671875], [4.0, 3.640625], [4.0, 3.642578125], [4.0, 3.64453125], [4.0, 3.646484375], [4.0, 3.6484375], [4.0, 3.650390625], [4.0, 3.65234375], [4.0, 3.654296875], [4.0, 3.65625], [4.0, 3.658203125], [4.0, 3.66015625], [4.0, 3.662109375], [4.0, 3.6640625], [4.0, 3.666015625], [4.0, 3.66796875], [4.0, 3.669921875], [4.0, 3.671875], [4.0, 3.673828125], [4.0, 3.67578125], [4.0, 3.677734375], [4.0, 3.6796875], [4.0, 3.681640625], [4.0, 3.68359375], [4.0, 3.685546875], [4.0, 3.6875], [4.0, 3.689453125], [4.0, 3.69140625], [4.0, 3.693359375], [4.0, 3.6953125], [4.0, 3.697265625], [4.0, 3.69921875], [4.0, 3.701171875], [4.0, 3.703125], [4.0, 3.705078125], [4.0, 3.70703125], [4.0, 3.708984375], [4.0, 3.7109375], [4.0, 3.712890625], [4.0, 3.71484375], [4.0, 3.716796875], [4.0, 3.71875], [4.0, 3.720703125], [4.0, 3.72265625], [4.0, 3.724609375], [4.0, 3.7265625], [4.0, 3.728515625], [4.0, 3.73046875], [4.0, 3.732421875], [4.0, 3.734375], [4.0, 3.736328125], [4.0, 3.73828125], [4.0, 3.740234375], [4.0, 3.7421875], [4.0, 3.744140625], [4.0, 3.74609375], [4.0, 3.748046875], [4.0, 3.75], [4.0, 3.751953125], [4.0, 3.75390625], [4.0, 3.755859375], [4.0, 3.7578125], [4.0, 3.759765625], [4.0, 3.76171875], [4.0, 3.763671875], [4.0, 3.765625], [4.0, 3.767578125], [4.0, 3.76953125], [4.0, 3.771484375], [4.0, 3.7734375], [4.0, 3.775390625], [4.0, 3.77734375], [4.0, 3.779296875], [4.0, 3.78125], [4.0, 3.783203125], [4.0, 3.78515625], [4.0, 3.787109375], [4.0, 3.7890625], [4.0, 3.791015625], [4.0, 3.79296875], [4.0, 3.794921875], [4.0, 3.796875], [4.0, 3.798828125], [4.0, 3.80078125], [4.0, 3.802734375], [4.0, 3.8046875], [4.0, 3.806640625], [4.0, 3.80859375], [4.0, 3.810546875], [4.0, 3.8125], [4.0, 3.814453125], [4.0, 3.81640625], [4.0, 3.818359375], [4.0, 3.8203125], [4.0, 3.822265625], [4.0, 3.82421875], [4.0, 3.826171875], [4.0, 3.828125], [4.0, 3.830078125], [4.0, 3.83203125], [4.0, 3.833984375], [4.0, 3.8359375], [4.0, 3.837890625], [4.0, 3.83984375], [4.0, 3.841796875], [4.0, 3.84375], [4.0, 3.845703125], [4.0, 3.84765625], [4.0, 3.849609375], [4.0, 3.8515625], [4.0, 3.853515625], [4.0, 3.85546875], [4.0, 3.857421875], [4.0, 3.859375], [4.0, 3.861328125], [4.0, 3.86328125], [4.0, 3.865234375], [4.0, 3.8671875], [4.0, 3.869140625], [4.0, 3.87109375], [4.0, 3.873046875], [4.0, 3.875], [4.0, 3.876953125], [4.0, 3.87890625], [4.0, 3.880859375], [4.0, 3.8828125], [4.0, 3.884765625], [4.0, 3.88671875], [4.0, 3.888671875], [4.0, 3.890625], [4.0, 3.892578125], [4.0, 3.89453125], [4.0, 3.896484375], [4.0, 3.8984375], [4.0, 3.900390625], [4.0, 3.90234375], [4.0, 3.904296875], [4.0, 3.90625], [4.0, 3.908203125], [4.0, 3.91015625], [4.0, 3.912109375], [4.0, 3.9140625], [4.0, 3.916015625], [4.0, 3.91796875], [4.0, 3.919921875], [4.0, 3.921875], [4.0, 3.923828125], [4.0, 3.92578125], [4.0, 3.927734375], [4.0, 3.9296875], [4.0, 3.931640625], [4.0, 3.93359375], [4.0, 3.935546875], [4.0, 3.9375], [4.0, 3.939453125], [4.0, 3.94140625], [4.0, 3.943359375], [4.0, 3.9453125], [4.0, 3.947265625], [4.0, 3.94921875], [4.0, 3.951171875], [4.0, 3.953125], [4.0, 3.955078125], [4.0, 3.95703125], [4.0, 3.958984375], [4.0, 3.9609375], [4.0, 3.962890625], [4.0, 3.96484375], [4.0, 3.966796875], [4.0, 3.96875], [4.0, 3.970703125], [4.0, 3.97265625], [4.0, 3.974609375], [4.0, 3.9765625], [4.0, 3.978515625], [4.0, 3.98046875], [4.0, 3.982421875], [4.0, 3.984375], [4.0, 3.986328125], [4.0, 3.98828125], [4.0, 3.990234375], [4.0, 3.9921875], [4.0, 3.994140625], [4.0, 3.99609375], [4.0, 3.998046875], [4.0, 4.0], [3.998046875, 4.0], [3.99609375, 4.0], [3.994140625, 4.0], [3.9921875, 4.0], [3.990234375, 4.0], [3.98828125, 4.0], [3.986328125, 4.0], [3.984375, 4.0], [3.982421875, 4.0], [3.98046875, 4.0], [3.978515625, 4.0], [3.9765625, 4.0], [3.974609375, 4.0], [3.97265625, 4.0], [3.970703125, 4.0], [3.96875, 4.0], [3.966796875, 4.0], [3.96484375, 4.0], [3.962890625, 4.0], [3.9609375, 4.0], [3.958984375, 4.0], [3.95703125, 4.0], [3.955078125, 4.0], [3.953125, 4.0], [3.951171875, 4.0], [3.94921875, 4.0], [3.947265625, 4.0], [3.9453125, 4.0], [3.943359375, 4.0], [3.94140625, 4.0], [3.939453125, 4.0], [3.9375, 4.0], [3.935546875, 4.0], [3.93359375, 4.0], [3.931640625, 4.0], [3.9296875, 4.0], [3.927734375, 4.0], [3.92578125, 4.0], [3.923828125, 4.0], [3.921875, 4.0], [3.919921875, 4.0], [3.91796875, 4.0], [3.916015625, 4.0], [3.9140625, 4.0], [3.912109375, 4.0], [3.91015625, 4.0], [3.908203125, 4.0], [3.90625, 4.0], [3.904296875, 4.0], [3.90234375, 4.0], [3.900390625, 4.0], [3.8984375, 4.0], [3.896484375, 4.0], [3.89453125, 4.0], [3.892578125, 4.0], [3.890625, 4.0], [3.888671875, 4.0], [3.88671875, 4.0], [3.884765625, 4.0], [3.8828125, 4.0], [3.880859375, 4.0], [3.87890625, 4.0], [3.876953125, 4.0], [3.875, 4.0], [3.873046875, 4.0], [3.87109375, 4.0], [3.869140625, 4.0], [3.8671875, 4.0], [3.865234375, 4.0], [3.86328125, 4.0], [3.861328125, 4.0], [3.859375, 4.0], [3.857421875, 4.0], [3.85546875, 4.0], [3.853515625, 4.0], [3.8515625, 4.0], [3.849609375, 4.0], [3.84765625, 4.0], [3.845703125, 4.0], [3.84375, 4.0], [3.841796875, 4.0], [3.83984375, 4.0], [3.837890625, 4.0], [3.8359375, 4.0], [3.833984375, 4.0], [3.83203125, 4.0], [3.830078125, 4.0], [3.828125, 4.0], [3.826171875, 4.0], [3.82421875, 4.0], [3.822265625, 4.0], [3.8203125, 4.0], [3.818359375, 4.0], [3.81640625, 4.0], [3.814453125, 4.0], [3.8125, 4.0], [3.810546875, 4.0], [3.80859375, 4.0], [3.806640625, 4.0], [3.8046875, 4.0], [3.802734375, 4.0], [3.80078125, 4.0], [3.798828125, 4.0], [3.796875, 4.0], [3.794921875, 4.0], [3.79296875, 4.0], [3.791015625, 4.0], [3.7890625, 4.0], [3.787109375, 4.0], [3.78515625, 4.0], [3.783203125, 4.0], [3.78125, 4.0], [3.779296875, 4.0], [3.77734375, 4.0], [3.775390625, 4.0], [3.7734375, 4.0], [3.771484375, 4.0], [3.76953125, 4.0], [3.767578125, 4.0], [3.765625, 4.0], [3.763671875, 4.0], [3.76171875, 4.0], [3.759765625, 4.0], [3.7578125, 4.0], [3.755859375, 4.0], [3.75390625, 4.0], [3.751953125, 4.0], [3.75, 4.0], [3.748046875, 4.0], [3.74609375, 4.0], [3.744140625, 4.0], [3.7421875, 4.0], [3.740234375, 4.0], [3.73828125, 4.0], [3.736328125, 4.0], [3.734375, 4.0], [3.732421875, 4.0], [3.73046875, 4.0], [3.728515625, 4.0], [3.7265625, 4.0], [3.724609375, 4.0], [3.72265625, 4.0], [3.720703125, 4.0], [3.71875, 4.0], [3.716796875, 4.0], [3.71484375, 4.0], [3.712890625, 4.0], [3.7109375, 4.0], [3.708984375, 4.0], [3.70703125, 4.0], [3.705078125, 4.0], [3.703125, 4.0], [3.701171875, 4.0], [3.69921875, 4.0], [3.697265625, 4.0], [3.6953125, 4.0], [3.693359375, 4.0], [3.69140625, 4.0], [3.689453125, 4.0], [3.6875, 4.0], [3.685546875, 4.0], [3.68359375, 4.0], [3.681640625, 4.0], [3.6796875, 4.0], [3.677734375, 4.0], [3.67578125, 4.0], [3.673828125, 4.0], [3.671875, 4.0], [3.669921875, 4.0], [3.66796875, 4.0], [3.666015625, 4.0], [3.6640625, 4.0], [3.662109375, 4.0], [3.66015625, 4.0], [3.658203125, 4.0], [3.65625, 4.0], [3.654296875, 4.0], [3.65234375, 4.0], [3.650390625, 4.0], [3.6484375, 4.0], [3.646484375, 4.0], [3.64453125, 4.0], [3.642578125, 4.0], [3.640625, 4.0], [3.638671875, 4.0], [3.63671875, 4.0], [3.634765625, 4.0], [3.6328125, 4.0], [3.630859375, 4.0], [3.62890625, 4.0], [3.626953125, 4.0], [3.625, 4.0], [3.623046875, 4.0], [3.62109375, 4.0], [3.619140625, 4.0], [3.6171875, 4.0], [3.615234375, 4.0], [3.61328125, 4.0], [3.611328125, 4.0], [3.609375, 4.0], [3.607421875, 4.0], [3.60546875, 4.0], [3.603515625, 4.0], [3.6015625, 4.0], [3.599609375, 4.0], [3.59765625, 4.0], [3.595703125, 4.0], [3.59375, 4.0], [3.591796875, 4.0], [3.58984375, 4.0], [3.587890625, 4.0], [3.5859375, 4.0], [3.583984375, 4.0], [3.58203125, 4.0], [3.580078125, 4.0], [3.578125, 4.0], [3.576171875, 4.0], [3.57421875, 4.0], [3.572265625, 4.0], [3.5703125, 4.0], [3.568359375, 4.0], [3.56640625, 4.0], [3.564453125, 4.0], [3.5625, 4.0], [3.560546875, 4.0], [3.55859375, 4.0], [3.556640625, 4.0], [3.5546875, 4.0], [3.552734375, 4.0], [3.55078125, 4.0], [3.548828125, 4.0], [3.546875, 4.0], [3.544921875, 4.0], [3.54296875, 4.0], [3.541015625, 4.0], [3.5390625, 4.0], [3.537109375, 4.0], [3.53515625, 4.0], [3.533203125, 4.0], [3.53125, 4.0], [3.529296875, 4.0], [3.52734375, 4.0], [3.525390625, 4.0], [3.5234375, 4.0], [3.521484375, 4.0], [3.51953125, 4.0], [3.517578125, 4.0], [3.515625, 4.0], [3.513671875, 4.0], [3.51171875, 4.0], [3.509765625, 4.0], [3.5078125, 4.0], [3.505859375, 4.0], [3.50390625, 4.0], [3.501953125, 4.0], [3.5, 4.0], [3.498046875, 4.0], [3.49609375, 4.0], [3.494140625, 4.0], [3.4921875, 4.0], [3.490234375, 4.0], [3.48828125, 4.0], [3.486328125, 4.0], [3.484375, 4.0], [3.482421875, 4.0], [3.48046875, 4.0], [3.478515625, 4.0], [3.4765625, 4.0], [3.474609375, 4.0], [3.47265625, 4.0], [3.470703125, 4.0], [3.46875, 4.0], [3.466796875, 4.0], [3.46484375, 4.0], [3.462890625, 4.0], [3.4609375, 4.0], [3.458984375, 4.0], [3.45703125, 4.0], [3.455078125, 4.0], [3.453125, 4.0], [3.451171875, 4.0], [3.44921875, 4.0], [3.447265625, 4.0], [3.4453125, 4.0], [3.443359375, 4.0], [3.44140625, 4.0], [3.439453125, 4.0], [3.4375, 4.0], [3.435546875, 4.0], [3.43359375, 4.0], [3.431640625, 4.0], [3.4296875, 4.0], [3.427734375, 4.0], [3.42578125, 4.0], [3.423828125, 4.0], [3.421875, 4.0], [3.419921875, 4.0], [3.41796875, 4.0], [3.416015625, 4.0], [3.4140625, 4.0], [3.412109375, 4.0], [3.41015625, 4.0], [3.408203125, 4.0], [3.40625, 4.0], [3.404296875, 4.0], [3.40234375, 4.0], [3.400390625, 4.0], [3.3984375, 4.0], [3.396484375, 4.0], [3.39453125, 4.0], [3.392578125, 4.0], [3.390625, 4.0], [3.388671875, 4.0], [3.38671875, 4.0], [3.384765625, 4.0], [3.3828125, 4.0], [3.380859375, 4.0], [3.37890625, 4.0], [3.376953125, 4.0], [3.375, 4.0], [3.373046875, 4.0], [3.37109375, 4.0], [3.369140625, 4.0], [3.3671875, 4.0], [3.365234375, 4.0], [3.36328125, 4.0], [3.361328125, 4.0], [3.359375, 4.0], [3.357421875, 4.0], [3.35546875, 4.0], [3.353515625, 4.0], [3.3515625, 4.0], [3.349609375, 4.0], [3.34765625, 4.0], [3.345703125, 4.0], [3.34375, 4.0], [3.341796875, 4.0], [3.33984375, 4.0], [3.337890625, 4.0], [3.3359375, 4.0], [3.333984375, 4.0], [3.33203125, 4.0], [3.330078125, 4.0], [3.328125, 4.0], [3.326171875, 4.0], [3.32421875, 4.0], [3.322265625, 4.0], [3.3203125, 4.0], [3.318359375, 4.0], [3.31640625, 4.0], [3.314453125, 4.0], [3.3125, 4.0], [3.310546875, 4.0], [3.30859375, 4.0], [3.306640625, 4.0], [3.3046875, 4.0], [3.302734375, 4.0], [3.30078125, 4.0], [3.298828125, 4.0], [3.296875, 4.0], [3.294921875, 4.0], [3.29296875, 4.0], [3.291015625, 4.0], [3.2890625, 4.0], [3.287109375, 4.0], [3.28515625, 4.0], [3.283203125, 4.0], [3.28125, 4.0], [3.279296875, 4.0], [3.27734375, 4.0], [3.275390625, 4.0], [3.2734375, 4.0], [3.271484375, 4.0], [3.26953125, 4.0], [3.267578125, 4.0], [3.265625, 4.0], [3.263671875, 4.0], [3.26171875, 4.0], [3.259765625, 4.0], [3.2578125, 4.0], [3.255859375, 4.0], [3.25390625, 4.0], [3.251953125, 4.0], [3.25, 4.0], [3.248046875, 4.0], [3.24609375, 4.0], [3.244140625, 4.0], [3.2421875, 4.0], [3.240234375, 4.0], [3.23828125, 4.0], [3.236328125, 4.0], [3.234375, 4.0], [3.232421875, 4.0], [3.23046875, 4.0], [3.228515625, 4.0], [3.2265625, 4.0], [3.224609375, 4.0], [3.22265625, 4.0], [3.220703125, 4.0], [3.21875, 4.0], [3.216796875, 4.0], [3.21484375, 4.0], [3.212890625, 4.0], [3.2109375, 4.0], [3.208984375, 4.0], [3.20703125, 4.0], [3.205078125, 4.0], [3.203125, 4.0], [3.201171875, 4.0], [3.19921875, 4.0], [3.197265625, 4.0], [3.1953125, 4.0], [3.193359375, 4.0], [3.19140625, 4.0], [3.189453125, 4.0], [3.1875, 4.0], [3.185546875, 4.0], [3.18359375, 4.0], [3.181640625, 4.0], [3.1796875, 4.0], [3.177734375, 4.0], [3.17578125, 4.0], [3.173828125, 4.0], [3.171875, 4.0], [3.169921875, 4.0], [3.16796875, 4.0], [3.166015625, 4.0], [3.1640625, 4.0], [3.162109375, 4.0], [3.16015625, 4.0], [3.158203125, 4.0], [3.15625, 4.0], [3.154296875, 4.0], [3.15234375, 4.0], [3.150390625, 4.0], [3.1484375, 4.0], [3.146484375, 4.0], [3.14453125, 4.0], [3.142578125, 4.0], [3.140625, 4.0], [3.138671875, 4.0], [3.13671875, 4.0], [3.134765625, 4.0], [3.1328125, 4.0], [3.130859375, 4.0], [3.12890625, 4.0], [3.126953125, 4.0], [3.125, 4.0], [3.123046875, 4.0], [3.12109375, 4.0], [3.119140625, 4.0], [3.1171875, 4.0], [3.115234375, 4.0], [3.11328125, 4.0], [3.111328125, 4.0], [3.109375, 4.0], [3.107421875, 4.0], [3.10546875, 4.0], [3.103515625, 4.0], [3.1015625, 4.0], [3.099609375, 4.0], [3.09765625, 4.0], [3.095703125, 4.0], [3.09375, 4.0], [3.091796875, 4.0], [3.08984375, 4.0], [3.087890625, 4.0], [3.0859375, 4.0], [3.083984375, 4.0], [3.08203125, 4.0], [3.080078125, 4.0], [3.078125, 4.0], [3.076171875, 4.0], [3.07421875, 4.0], [3.072265625, 4.0], [3.0703125, 4.0], [3.068359375, 4.0], [3.06640625, 4.0], [3.064453125, 4.0], [3.0625, 4.0], [3.060546875, 4.0], [3.05859375, 4.0], [3.056640625, 4.0], [3.0546875, 4.0], [3.052734375, 4.0], [3.05078125, 4.0], [3.048828125, 4.0], [3.046875, 4.0], [3.044921875, 4.0], [3.04296875, 4.0], [3.041015625, 4.0], [3.0390625, 4.0], [3.037109375, 4.0], [3.03515625, 4.0], [3.033203125, 4.0], [3.03125, 4.0], [3.029296875, 4.0], [3.02734375, 4.0], [3.025390625, 4.0], [3.0234375, 4.0], [3.021484375, 4.0], [3.01953125, 4.0], [3.017578125, 4.0], [3.015625, 4.0], [3.013671875, 4.0], [3.01171875, 4.0], [3.009765625, 4.0], [3.0078125, 4.0], [3.005859375, 4.0], [3.00390625, 4.0], [3.001953125, 4.0], [3.0, 4.0], [3.0, 3.998046875], [3.0, 3.99609375], [3.0, 3.994140625], [3.0, 3.9921875], [3.0, 3.990234375], [3.0, 3.98828125], [3.0, 3.986328125], [3.0, 3.984375], [3.0, 3.982421875], [3.0, 3.98046875], [3.0, 3.978515625], [3.0, 3.9765625], [3.0, 3.974609375], [3.0, 3.97265625], [3.0, 3.970703125], [3.0, 3.96875], [3.0, 3.966796875], [3.0, 3.96484375], [3.0, 3.962890625], [3.0, 3.9609375], [3.0, 3.958984375], [3.0, 3.95703125], [3.0, 3.955078125], [3.0, 3.953125], [3.0, 3.951171875], [3.0, 3.94921875], [3.0, 3.947265625], [3.0, 3.9453125], [3.0, 3.943359375], [3.0, 3.94140625], [3.0, 3.939453125], [3.0, 3.9375], [3.0, 3.935546875], [3.0, 3.93359375], [3.0, 3.931640625], [3.0, 3.9296875], [3.0, 3.927734375], [3.0, 3.92578125], [3.0, 3.923828125], [3.0, 3.921875], [3.0, 3.919921875], [3.0, 3.91796875], [3.0, 3.916015625], [3.0, 3.9140625], [3.0, 3.912109375], [3.0, 3.91015625], [3.0, 3.908203125], [3.0, 3.90625], [3.0, 3.904296875], [3.0, 3.90234375], [3.0, 3.900390625], [3.0, 3.8984375], [3.0, 3.896484375], [3.0, 3.89453125], [3.0, 3.892578125], [3.0, 3.890625], [3.0, 3.888671875], [3.0, 3.88671875], [3.0, 3.884765625], [3.0, 3.8828125], [3.0, 3.880859375], [3.0, 3.87890625], [3.0, 3.876953125], [3.0, 3.875], [3.0, 3.873046875], [3.0, 3.87109375], [3.0, 3.869140625], [3.0, 3.8671875], [3.0, 3.865234375], [3.0, 3.86328125], [3.0, 3.861328125], [3.0, 3.859375], [3.0, 3.857421875], [3.0, 3.85546875], [3.0, 3.853515625], [3.0, 3.8515625], [3.0, 3.849609375], [3.0, 3.84765625], [3.0, 3.845703125], [3.0, 3.84375], [3.0, 3.841796875], [3.0, 3.83984375], [3.0, 3.837890625], [3.0, 3.8359375], [3.0, 3.833984375], [3.0, 3.83203125], [3.0, 3.830078125], [3.0, 3.828125], [3.0, 3.826171875], [3.0, 3.82421875], [3.0, 3.822265625], [3.0, 3.8203125], [3.0, 3.818359375], [3.0, 3.81640625], [3.0, 3.814453125], [3.0, 3.8125], [3.0, 3.810546875], [3.0, 3.80859375], [3.0, 3.806640625], [3.0, 3.8046875], [3.0, 3.802734375], [3.0, 3.80078125], [3.0, 3.798828125], [3.0, 3.796875], [3.0, 3.794921875], [3.0, 3.79296875], [3.0, 3.791015625], [3.0, 3.7890625], [3.0, 3.787109375], [3.0, 3.78515625], [3.0, 3.783203125], [3.0, 3.78125], [3.0, 3.779296875], [3.0, 3.77734375], [3.0, 3.775390625], [3.0, 3.7734375], [3.0, 3.771484375], [3.0, 3.76953125], [3.0, 3.767578125], [3.0, 3.765625], [3.0, 3.763671875], [3.0, 3.76171875], [3.0, 3.759765625], [3.0, 3.7578125], [3.0, 3.755859375], [3.0, 3.75390625], [3.0, 3.751953125], [3.0, 3.75], [3.0, 3.748046875], [3.0, 3.74609375], [3.0, 3.744140625], [3.0, 3.7421875], [3.0, 3.740234375], [3.0, 3.73828125], [3.0, 3.736328125], [3.0, 3.734375], [3.0, 3.732421875], [3.0, 3.73046875], [3.0, 3.728515625], [3.0, 3.7265625], [3.0, 3.724609375], [3.0, 3.72265625], [3.0, 3.720703125], [3.0, 3.71875], [3.0, 3.716796875], [3.0, 3.71484375], [3.0, 3.712890625], [3.0, 3.7109375], [3.0, 3.708984375], [3.0, 3.70703125], [3.0, 3.705078125], [3.0, 3.703125], [3.0, 3.701171875], [3.0, 3.69921875], [3.0, 3.697265625], [3.0, 3.6953125], [3.0, 3.693359375], [3.0, 3.69140625], [3.0, 3.689453125], [3.0, 3.6875], [3.0, 3.685546875], [3.0, 3.68359375], [3.0, 3.681640625], [3.0, 3.6796875], [3.0, 3.677734375], [3.0, 3.67578125], [3.0, 3.673828125], [3.0, 3.671875], [3.0, 3.669921875], [3.0, 3.66796875], [3.0, 3.666015625], [3.0, 3.6640625], [3.0, 3.662109375], [3.0, 3.66015625], [3.0, 3.658203125], [3.0, 3.65625], [3.0, 3.654296875], [3.0, 3.65234375], [3.0, 3.650390625], [3.0, 3.6484375], [3.0, 3.646484375], [3.0, 3.64453125], [3.0, 3.642578125], [3.0, 3.640625], [3.0, 3.638671875], [3.0, 3.63671875], [3.0, 3.634765625], [3.0, 3.6328125], [3.0, 3.630859375], [3.0, 3.62890625], [3.0, 3.626953125], [3.0, 3.625], [3.0, 3.623046875], [3.0, 3.62109375], [3.0, 3.619140625], [3.0, 3.6171875], [3.0, 3.615234375], [3.0, 3.61328125], [3.0, 3.611328125], [3.0, 3.609375], [3.0, 3.607421875], [3.0, 3.60546875], [3.0, 3.603515625], [3.0, 3.6015625], [3.0, 3.599609375], [3.0, 3.59765625], [3.0, 3.595703125], [3.0, 3.59375], [3.0, 3.591796875], [3.0, 3.58984375], [3.0, 3.587890625], [3.0, 3.5859375], [3.0, 3.583984375], [3.0, 3.58203125], [3.0, 3.580078125], [3.0, 3.578125], [3.0, 3.576171875], [3.0, 3.57421875], [3.0, 3.572265625], [3.0, 3.5703125], [3.0, 3.568359375], [3.0, 3.56640625], [3.0, 3.564453125], [3.0, 3.5625], [3.0, 3.560546875], [3.0, 3.55859375], [3.0, 3.556640625], [3.0, 3.5546875], [3.0, 3.552734375], [3.0, 3.55078125], [3.0, 3.548828125], [3.0, 3.546875], [3.0, 3.544921875], [3.0, 3.54296875], [3.0, 3.541015625], [3.0, 3.5390625], [3.0, 3.537109375], [3.0, 3.53515625], [3.0, 3.533203125], [3.0, 3.53125], [3.0, 3.529296875], [3.0, 3.52734375], [3.0, 3.525390625], [3.0, 3.5234375], [3.0, 3.521484375], [3.0, 3.51953125], [3.0, 3.517578125], [3.0, 3.515625], [3.0, 3.513671875], [3.0, 3.51171875], [3.0, 3.509765625], [3.0, 3.5078125], [3.0, 3.505859375], [3.0, 3.50390625], [3.0, 3.501953125], [3.0, 3.5], [3.0, 3.498046875], [3.0, 3.49609375], [3.0, 3.494140625], [3.0, 3.4921875], [3.0, 3.490234375], [3.0, 3.48828125], [3.0, 3.486328125], [3.0, 3.484375], [3.0, 3.482421875], [3.0, 3.48046875], [3.0, 3.478515625], [3.0, 3.4765625], [3.0, 3.474609375], [3.0, 3.47265625], [3.0, 3.470703125], [3.0, 3.46875], [3.0, 3.466796875], [3.0, 3.46484375], [3.0, 3.462890625], [3.0, 3.4609375], [3.0, 3.458984375], [3.0, 3.45703125], [3.0, 3.455078125], [3.0, 3.453125], [3.0, 3.451171875], [3.0, 3.44921875], [3.0, 3.447265625], [3.0, 3.4453125], [3.0, 3.443359375], [3.0, 3.44140625], [3.0, 3.439453125], [3.0, 3.4375], [3.0, 3.435546875], [3.0, 3.43359375], [3.0, 3.431640625], [3.0, 3.4296875], [3.0, 3.427734375], [3.0, 3.42578125], [3.0, 3.423828125], [3.0, 3.421875], [3.0, 3.419921875], [3.0, 3.41796875], [3.0, 3.416015625], [3.0, 3.4140625], [3.0, 3.412109375], [3.0, 3.41015625], [3.0, 3.408203125], [3.0, 3.40625], [3.0, 3.404296875], [3.0, 3.40234375], [3.0, 3.400390625], [3.0, 3.3984375], [3.0, 3.396484375], [3.0, 3.39453125], [3.0, 3.392578125], [3.0, 3.390625], [3.0, 3.388671875], [3.0, 3.38671875], [3.0, 3.384765625], [3.0, 3.3828125], [3.0, 3.380859375], [3.0, 3.37890625], [3.0, 3.376953125], [3.0, 3.375], [3.0, 3.373046875], [3.0, 3.37109375], [3.0, 3.369140625], [3.0, 3.3671875], [3.0, 3.365234375], [3.0, 3.36328125], [3.0, 3.361328125], [3.0, 3.359375], [3.0, 3.357421875], [3.0, 3.35546875], [3.0, 3.353515625], [3.0, 3.3515625], [3.0, 3.349609375], [3.0, 3.34765625], [3.0, 3.345703125], [3.0, 3.34375], [3.0, 3.341796875], [3.0, 3.33984375], [3.0, 3.337890625], [3.0, 3.3359375], [3.0, 3.333984375], [3.0, 3.33203125], [3.0, 3.330078125], [3.0, 3.328125], [3.0, 3.326171875], [3.0, 3.32421875], [3.0, 3.322265625], [3.0, 3.3203125], [3.0, 3.318359375], [3.0, 3.31640625], [3.0, 3.314453125], [3.0, 3.3125], [3.0, 3.310546875], [3.0, 3.30859375], [3.0, 3.306640625], [3.0, 3.3046875], [3.0, 3.302734375], [3.0, 3.30078125], [3.0, 3.298828125], [3.0, 3.296875], [3.0, 3.294921875], [3.0, 3.29296875], [3.0, 3.291015625], [3.0, 3.2890625], [3.0, 3.287109375], [3.0, 3.28515625], [3.0, 3.283203125], [3.0, 3.28125], [3.0, 3.279296875], [3.0, 3.27734375], [3.0, 3.275390625], [3.0, 3.2734375], [3.0, 3.271484375], [3.0, 3.26953125], [3.0, 3.267578125], [3.0, 3.265625], [3.0, 3.263671875], [3.0, 3.26171875], [3.0, 3.259765625], [3.0, 3.2578125], [3.0, 3.255859375], [3.0, 3.25390625], [3.0, 3.251953125], [3.0, 3.25], [3.0, 3.248046875], [3.0, 3.24609375], [3.0, 3.244140625], [3.0, 3.2421875], [3.0, 3.240234375], [3.0, 3.23828125], [3.0, 3.236328125], [3.0, 3.234375], [3.0, 3.232421875], [3.0, 3.23046875], [3.0, 3.228515625], [3.0, 3.2265625], [3.0, 3.224609375], [3.0, 3.22265625], [3.0, 3.220703125], [3.0, 3.21875], [3.0, 3.216796875], [3.0, 3.21484375], [3.0, 3.212890625], [3.0, 3.2109375], [3.0, 3.208984375], [3.0, 3.20703125], [3.0, 3.205078125], [3.0, 3.203125], [3.0, 3.201171875], [3.0, 3.19921875], [3.0, 3.197265625], [3.0, 3.1953125], [3.0, 3.193359375], [3.0, 3.19140625], [3.0, 3.189453125], [3.0, 3.1875], [3.0, 3.185546875], [3.0, 3.18359375], [3.0, 3.181640625], [3.0, 3.1796875], [3.0, 3.177734375], [3.0, 3.17578125], [3.0, 3.173828125], [3.0, 3.171875], [3.0, 3.169921875], [3.0, 3.16796875], [3.0, 3.166015625], [3.0, 3.1640625], [3.0, 3.162109375], [3.0, 3.16015625], [3.0, 3.158203125], [3.0, 3.15625], [3.0, 3.154296875], [3.0, 3.15234375], [3.0, 3.150390625], [3.0, 3.1484375], [3.0, 3.146484375], [3.0, 3.14453125], [3.0, 3.142578125], [3.0, 3.140625], [3.0, 3.138671875], [3.0, 3.13671875], [3.0, 3.134765625], [3.0, 3.1328125], [3.0, 3.130859375], [3.0, 3.12890625], [3.0, 3.126953125], [3.0, 3.125], [3.0, 3.123046875], [3.0, 3.12109375], [3.0, 3.119140625], [3.0, 3.1171875], [3.0, 3.115234375], [3.0, 3.11328125], [3.0, 3.111328125], [3.0, 3.109375], [3.0, 3.107421875], [3.0, 3.10546875], [3.0, 3.103515625], [3.0, 3.1015625], [3.0, 3.099609375], [3.0, 3.09765625], [3.0, 3.095703125], [3.0, 3.09375], [3.0, 3.091796875], [3.0, 3.08984375], [3.0, 3.087890625], [3.0, 3.0859375], [3.0, 3.083984375], [3.0, 3.08203125], [3.0, 3.080078125], [3.0, 3.078125], [3.0, 3.076171875], [3.0, 3.07421875], [3.0, 3.072265625], [3.0, 3.0703125], [3.0, 3.068359375], [3.0, 3.06640625], [3.0, 3.064453125], [3.0, 3.0625], [3.0, 3.060546875], [3.0, 3.05859375], [3.0, 3.056640625], [3.0, 3.0546875], [3.0, 3.052734375], [3.0, 3.05078125], [3.0, 3.048828125], [3.0, 3.046875], [3.0, 3.044921875], [3.0, 3.04296875], [3.0, 3.041015625], [3.0, 3.0390625], [3.0, 3.037109375], [3.0, 3.03515625], [3.0, 3.033203125], [3.0, 3.03125], [3.0, 3.029296875], [3.0, 3.02734375], [3.0, 3.025390625], [3.0, 3.0234375], [3.0, 3.021484375], [3.0, 3.01953125], [3.0, 3.017578125], [3.0, 3.015625], [3.0, 3.013671875], [3.0, 3.01171875], [3.0, 3.009765625], [3.0, 3.0078125], [3.0, 3.005859375], [3.0, 3.00390625], [3.0, 3.001953125], [3, 3]]]}}, {"type": "Feature", "id": "c4-3", "properties": {"id": "c4-3", "name": "cell 4,3", "value": 2.6305}, "geometry": {"type": "Polygon", "coordinates": [[[4.0, 3.0], [4.001953125, 3.0], [4.00390625, 3.0], [4.005859375, 3.0], [4.0078125, 3.0], [4.009765625, 3.0], [4.01171875, 3.0], [4.013671875, 3.0], [4.015625, 3.0], [4.017578125, 3.0], [4.01953125, 3.0], [4.021484375, 3.0], [4.0234375, 3.0], [4.025390625, 3.0], [4.02734375, 3.0], [4.029296875, 3.0], [4.03125, 3.0], [4.033203125, 3.0], [4.03515625, 3.0], [4.037109375, 3.0], [4.0390625, 3.0], [4.041015625, 3.0], [4.04296875, 3.0], [4.044921875, 3.0], [4.046875, 3.0], [4.048828125, 3.0], [4.05078125, 3.0], [4.052734375, 3.0], [4.0546875, 3.0], [4.056640625, 3.0], [4.05859375, 3.0], [4.060546875, 3.0], [4.0625, 3.0], [4.064453125, 3.0], [4.06640625, 3.0], [4.068359375, 3.0], [4.0703125, 3.0], [4.072265625, 3.0], [4.07421875, 3.0], [4.076171875, 3.0], [4.078125, 3.0], [4.080078125, 3.0], [4.08203125, 3.0], [4.083984375, 3.0], [4.0859375, 3.0], [4.087890625, 3.0], [4.08984375, 3.0], [4.091796875, 3.0], [4.09375, 3.0], [4.095703125, 3.0], [4.09765625, 3.0], [4.099609375, 3.0], [4.1015625, 3.0], [4.103515625, 3.0], [4.10546875, 3.0], [4.107421875, 3.0], [4.109375, 3.0], [4.111328125, 3.0], [4.11328125, 3.0], [4.115234375, 3.0], [4.1171875, 3.0], [4.119140625, 3.0], [4.12109375, 3.0], [4.123046875, 3.0], [4.125, 3.0], [4.126953125, 3.0], [4.12890625, 3.0], [4.130859375, 3.0], [4.1328125, 3.0], [4.134765625, 3.0], [4.13671875, 3.0], [4.138671875, 3.0], [4.140625, 3.0], [4.142578125, 3.0], [4.14453125, 3.0], [4.146484375, 3.0], [4.1484375, 3.0], [4.150390625, 3.0], [4.15234375, 3.0], [4.154296875, 3.0], [4.15625, 3.0], [4.158203125, 3.0], [4.16015625, 3.0], [4.162109375, 3.0], [4.1640625, 3.0], [4.166015625, 3.0], [4.16796875, 3.0], [4.169921875, 3.0], [4.171875, 3.0], [4.173828125, 3.0], [4.17578125, 3.0], [4.177734375, 3.0], [4.1796875, 3.0], [4.181640625, 3.0], [4.18359375, 3.0], [4.185546875, 3.0], [4.1875, 3.0], [4.189453125, 3.0], [4.19140625, 3.0], [4.193359375, 3.0], [4.1953125, 3.0], [4.197265625, 3.0], [4.19921875, 3.0], [4.201171875, 3.0], [4.203125, 3.0], [4.205078125, 3.0], [4.20703125, 3.0], [4.208984375, 3.0], [4.2109375, 3.0], [4.212890625, 3.0], [4.21484375, 3.0], [4.216796875, 3.0], [4.21875, 3.0], [4.220703125, 3.0], [4.22265625, 3.0], [4.224609375, 3.0], [4.2265625, 3.0], [4.228515625, 3.0], [4.23046875, 3.0], [4.232421875, 3.0], [4.234375, 3.0], [4.236328125, 3.0], [4.23828125, 3.0], [4.240234375, 3.0], [4.2421875, 3.0], [4.244140625, 3.0], [4.24609375, 3.0], [4.248046875, 3.0], [4.25, 3.0], [4.251953125, 3.0], [4.25390625, 3.0], [4.255859375, 3.0], [4.2578125, 3.0], [4.259765625, 3.0], [4.26171875, 3.0], [4.263671875, 3.0], [4.265625, 3.0], [4.267578125, 3.0], [4.26953125, 3.0], [4.271484375, 3.0], [4.2734375, 3.0], [4.275390625, 3.0], [4.27734375, 3.0], [4.279296875, 3.0], [4.28125, 3.0], [4.283203125, 3.0], [4.28515625, 3.0], [4.287109375, 3.0], [4.2890625, 3.0], [4.291015625, 3.0], [4.29296875, 3.0], [4.294921875, 3.0], [4.296875, 3.0], [4.298828125, 3.0], [4.30078125, 3.0], [4.302734375, 3.0], [4.3046875, 3.0], [4.306640625, 3.0], [4.30859375, 3.0], [4.310546875, 3.0], [4.3125, 3.0], [4.314453125, 3.0], [4.31640625, 3.0], [4.318359375, 3.0], [4.3203125, 3.0], [4.322265625, 3.0], [4.32421875, 3.0], [4.326171875, 3.0], [4.328125, 3.0], [4.330078125, 3.0], [4.33203125, 3.0], [4.333984375, 3.0], [4.3359375, 3.0], [4.337890625, 3.0], [4.33984375, 3.0], [4.341796875, 3.0], [4.34375, 3.0], [4.345703125, 3.0], [4.34765625, 3.0], [4.349609375, 3.0], [4.3515625, 3.0], [4.353515625, 3.0], [4.35546875, 3.0], [4.357421875, 3.0], [4.359375, 3.0], [4.361328125, 3.0], [4.36328125, 3.0], [4.365234375, 3.0], [4.3671875, 3.0], [4.369140625, 3.0], [4.37109375, 3.0], [4.373046875, 3.0], [4.375, 3.0], [4.376953125, 3.0], [4.37890625, 3.0], [4.380859375, 3.0], [4.3828125, 3.0], [4.384765625, 3.0], [4.38671875, 3.0], [4.388671875, 3.0], [4.390625, 3.0], [4.392578125, 3.0], [4.39453125, 3.0], [4.396484375, 3.0], [4.3984375, 3.0], [4.400390625, 3.0], [4.40234375, 3.0], [4.404296875, 3.0], [4.40625, 3.0], [4.408203125, 3.0], [4.41015625, 3.0], [4.412109375, 3.0], [4.4140625, 3.0], [4.416015625, 3.0], [4.41796875, 3.0], [4.419921875, 3.0], [4.421875, 3.0], [4.423828125, 3.0], [4.42578125, 3.0], [4.427734375, 3.0], [4.4296875, 3.0], [4.431640625, 3.0], [4.43359375, 3.0], [4.435546875, 3.0], [4.4375, 3.0], [4.439453125, 3.0], [4.44140625, 3.0], [4.443359375, 3.0], [4.4453125, 3.0], [4.447265625, 3.0], [4.44921875, 3.0], [4.451171875, 3.0], [4.453125, 3.0], [4.455078125, 3.0], [4.45703125, 3.0], [4.458984375, 3.0], [4.4609375, 3.0], [4.462890625, 3.0], [4.46484375, 3.0], [4.466796875, 3.0], [4.46875, 3.0], [4.470703125, 3.0], [4.47265625, 3.0], [4.474609375, 3.0], [4.4765625, 3.0], [4.478515625, 3.0], [4.48046875, 3.0], [4.482421875, 3.0], [4.484375, 3.0], [4.486328125, 3.0], [4.48828125, 3.0], [4.490234375, 3.0], [4.4921875, 3.0], [4.494140625, 3.0], [4.49609375, 3.0], [4.498046875, 3.0], [4.5, 3.0], [4.501953125, 3.0], [4.50390625, 3.0], [4.505859375, 3.0], [4.5078125, 3.0], [4.509765625, 3.0], [4.51171875, 3.0], [4.513671875, 3.0], [4.515625, 3.0], [4.517578125, 3.0], [4.51953125, 3.0], [4.521484375, 3.0], [4.5234375, 3.0], [4.525390625, 3.0], [4.52734375, 3.0], [4.529296875, 3.0], [4.53125, 3.0], [4.533203125, 3.0], [4.53515625, 3.0], [4.537109375, 3.0], [4.5390625, 3.0], [4.541015625, 3.0], [4.54296875, 3.0], [4.544921875, 3.0], [4.546875, 3.0], [4.548828125, 3.0], [4.55078125, 3.0], [4.552734375, 3.0], [4.5546875, 3.0], [4.556640625, 3.0], [4.55859375, 3.0], [4.560546875, 3.0], [4.5625, 3.0], [4.564453125, 3.0], [4.56640625, 3.0], [4.568359375, 3.0], [4.5703125, 3.0], [4.572265625, 3.0], [4.57421875, 3.0], [4.576171875, 3.0], [4.578125, 3.0], [4.580078125, 3.0], [4.58203125, 3.0], [4.583984375, 3.0], [4.5859375, 3.0], [4.587890625, 3.0], [4.58984375, 3.0], [4.591796875, 3.0], [4.59375, 3.0], [4.595703125, 3.0], [4.59765625, 3.0], [4.599609375, 3.0], [4.6015625, 3.0], [4.603515625, 3.0], [4.60546875, 3.0], [4.607421875, 3.0], [4.609375, 3.0], [4.611328125, 3.0], [4.61328125, 3.0], [4.615234375, 3.0], [4.6171875, 3.0], [4.619140625, 3.0], [4.62109375, 3.0], [4.623046875, 3.0], [4.625, 3.0], [4.626953125, 3.0], [4.62890625, 3.0], [4.630859375, 3.0], [4.6328125, 3.0], [4.634765625, 3.0], [4.63671875, 3.0], [4.638671875, 3.0], [4.640625, 3.0], [4.642578125, 3.0], [4.64453125, 3.0], [4.646484375, 3.0], [4.6484375, 3.0], [4.650390625, 3.0], [4.65234375, 3.0], [4.654296875, 3.0], [4.65625, 3.0], [4.658203125, 3.0], [4.66015625, 3.0], [4.662109375, 3.0], [4.6640625, 3.0], [4.666015625, 3.0], [4.66796875, 3.0], [4.669921875, 3.0], [4.671875, 3.0], [4.673828125, 3.0], [4.67578125, 3.0], [4.677734375, 3.0], [4.6796875, 3.0], [4.681640625, 3.0], [4.68359375, 3.0], [4.685546875, 3.0], [4.6875, 3.0], [4.689453125, 3.0], [4.69140625, 3.0], [4.693359375, 3.0], [4.6953125, 3.0], [4.697265625, 3.0], [4.69921875, 3.0], [4.701171875, 3.0], [4.703125, 3.0], [4.705078125, 3.0], [4.70703125, 3.0], [4.708984375, 3.0], [4.7109375, 3.0], [4.712890625, 3.0], [4.71484375, 3.0], [4.716796875, 3.0], [4.71875, 3.0], [4.720703125, 3.0], [4.72265625, 3.0], [4.724609375, 3.0], [4.7265625, 3.0], [4.728515625, 3.0], [4.73046875, 3.0], [4.732421875, 3.0], [4.734375, 3.0], [4.736328125, 3.0], [4.73828125, 3.0], [4.740234375, 3.0], [4.7421875, 3.0], [4.744140625, 3.0], [4.74609375, 3.0], [4.748046875, 3.0], [4.75, 3.0], [4.751953125, 3.0], [4.75390625, 3.0], [4.755859375, 3.0], [4.7578125, 3.0], [4.759765625, 3.0], [4.76171875, 3.0], [4.763671875, 3.0], [4.765625, 3.0], [4.767578125, 3.0], [4.76953125, 3.0], [4.771484375, 3.0], [4.7734375, 3.0], [4.775390625, 3.0], [4.77734375, 3.0], [4.779296875, 3.0], [4.78125, 3.0], [4.783203125, 3.0], [4.78515625, 3.0], [4.787109375, 3.0], [4.7890625, 3.0], [4.791015625, 3.0], [4.79296875, 3.0], [4.794921875, 3.0], [4.796875, 3.0], [4.798828125, 3.0], [4.80078125, 3.0], [4.802734375, 3.0], [4.8046875, 3.0], [4.806640625, 3.0], [4.80859375, 3.0], [4.810546875, 3.0], [4.8125, 3.0], [4.814453125, 3.0], [4.81640625, 3.0], [4.818359375, 3.0], [4.8203125, 3.0], [4.822265625, 3.0], [4.82421875, 3.0], [4.826171875, 3.0], [4.828125, 3.0], [4.830078125, 3.0], [4.83203125, 3.0], [4.833984375, 3.0], [4.8359375, 3.0], [4.837890625, 3.0], [4.83984375, 3.0], [4.841796875, 3.0], [4.84375, 3.0], [4.845703125, 3.0], [4.84765625, 3.0], [4.849609375, 3.0], [4.8515625, 3.0], [4.853515625, 3.0], [4.85546875, 3.0], [4.857421875, 3.0], [4.859375, 3.0], [4.861328125, 3.0], [4.86328125, 3.0], [4.865234375, 3.0], [4.8671875, 3.0], [4.869140625, 3.0], [4.87109375, 3.0], [4.873046875, 3.0], [4.875, 3.0], [4.876953125, 3.0], [4.87890625, 3.0], [4.880859375, 3.0], [4.8828125, 3.0], [4.884765625, 3.0], [4.88671875, 3.0], [4.888671875, 3.0], [4.890625, 3.0], [4.892578125, 3.0], [4.89453125, 3.0], [4.896484375, 3.0], [4.8984375, 3.0], [4.900390625, 3.0], [4.90234375, 3.0], [4.904296875, 3.0], [4.90625, 3.0], [4.908203125, 3.0], [4.91015625, 3.0], [4.912109375, 3.0], [4.9140625, 3.0], [4.916015625, 3.0], [4.91796875, 3.0], [4.919921875, 3.0], [4.921875, 3.0], [4.923828125, 3.0], [4.92578125, 3.0], [4.927734375, 3.0], [4.9296875, 3.0], [4.931640625, 3.0], [4.93359375, 3.0], [4.935546875, 3.0], [4.9375, 3.0], [4.939453125, 3.0], [4.94140625, 3.0], [4.943359375, 3.0], [4.9453125, 3.0], [4.947265625, 3.0], [4.94921875, 3.0], [4.951171875, 3.0], [4.953125, 3.0], [4.955078125, 3.0], [4.95703125, 3.0], [4.958984375, 3.0], [4.9609375, 3.0], [4.962890625, 3.0], [4.96484375, 3.0], [4.966796875, 3.0], [4.96875, 3.0], [4.970703125, 3.0], [4.97265625, 3.0], [4.974609375, 3.0], [4.9765625, 3.0], [4.978515625, 3.0], [4.98046875, 3.0], [4.982421875, 3.0], [4.984375, 3.0], [4.986328125, 3.0], [4.98828125, 3.0], [4.990234375, 3.0], [4.9921875, 3.0], [4.994140625, 3.0], [4.99609375, 3.0], [4.998046875, 3.0], [5.0, 3.0], [5.0, 3.001953125], [5.0, 3.00390625], [5.0, 3.005859375], [5.0, 3.0078125], [5.0, 3.009765625], [5.0, 3.01171875], [5.0, 3.013671875], [5.0, 3.015625], [5.0, 3.017578125], [5.0, 3.01953125], [5.0, 3.021484375], [5.0, 3.0234375], [5.0, 3.025390625], [5.0, 3.02734375], [5.0, 3.029296875], [5.0, 3.03125], [5.0, 3.033203125], [5.0, 3.03515625], [5.0, 3.037109375], [5.0, 3.0390625], [5.0, 3.041015625], [5.0, 3.04296875], [5.0, 3.044921875], [5.0, 3.046875], [5.0, 3.048828125], [5.0, 3.05078125], [5.0, 3.052734375], [5.0, 3.0546875], [5.0, 3.056640625], [5.0, 3.05859375], [5.0, 3.060546875], [5.0, 3.0625], [5.0, 3.064453125], [5.0, 3.06640625], [5.0, 3.068359375], [5.0, 3.0703125], [5.0, 3.072265625], [5.0, 3.07421875], [5.0, 3.076171875], [5.0, 3.078125], [5.0, 3.080078125], [5.0, 3.08203125], [5.0, 3.083984375], [5.0, 3.0859375], [5.0, 3.087890625], [5.0, 3.08984375], [5.0, 3.091796875], [5.0, 3.09375], [5.0, 3.095703125], [5.0, 3.09765625], [5.0, 3.099609375], [5.0, 3.1015625], [5.0, 3.103515625], [5.0, 3.10546875], [5.0, 3.107421875], [5.0, 3.109375], [5.0, 3.111328125], [5.0, 3.11328125], [5.0, 3.115234375], [5.0, 3.1171875], [5.0, 3.119140625], [5.0, 3.12109375], [5.0, 3.123046875], [5.0, 3.125], [5.0, 3.126953125], [5.0, 3.12890625], [5.0, 3.130859375], [5.0, 3.1328125], [5.0, 3.134765625], [5.0, 3.13671875], [5.0, 3.138671875], [5.0, 3.140625], [5.0, 3.142578125], [5.0, 3.14453125], [5.0, 3.146484375], [5.0, 3.1484375], [5.0, 3.150390625], [5.0, 3.15234375], [5.0, 3.154296875], [5.0, 3.15625], [5.0, 3.158203125], [5.0, 3.16015625], [5.0, 3.162109375], [5.0, 3.1640625], [5.0, 3.166015625], [5.0, 3.16796875], [5.0, 3.169921875], [5.0, 3.171875], [5.0, 3.173828125], [5.0, 3.17578125], [5.0, 3.177734375], [5.0, 3.1796875], [5.0, 3.181640625], [5.0, 3.18359375], [5.0, 3.185546875], [5.0, 3.1875], [5.0, 3.189453125], [5.0, 3.19140625], [5.0, 3.193359375], [5.0, 3.1953125], [5.0, 3.197265625], [5.0, 3.19921875], [5.0, 3.201171875], [5.0, 3.203125], [5.0, 3.205078125], [5.0, 3.20703125], [5.0, 3.208984375], [5.0, 3.2109375], [5.0, 3.212890625], [5.0, 3.21484375], [5.0, 3.216796875], [5.0, 3.21875], [5.0, 3.220703125], [5.0, 3.22265625], [5.0, 3.224609375], [5.0, 3.2265625], [5.0, 3.228515625], [5.0, 3.23046875], [5.0, 3.232421875], [5.0, 3.234375], [5.0, 3.236328125], [5.0, 3.23828125], [5.0, 3.240234375], [5.0, 3.2421875], [5.0, 3.244140625], [5.0, 3.24609375], [5.0, 3.248046875], [5.0, 3.25], [5.0, 3.251953125], [5.0, 3.25390625], [5.0, 3.255859375], [5.0, 3.2578125], [5.0, 3.259765625], [5.0, 3.26171875], [5.0, 3.263671875], [5.0, 3.265625], [5.0, 3.267578125], [5.0, 3.26953125], [5.0, 3.271484375], [5.0, 3.2734375], [5.0, 3.275390625], [5.0, 3.27734375], [5.0, 3.279296875], [5.0, 3.28125], [5.0, 3.283203125], [5.0, 3.28515625], [5.0, 3.287109375], [5.0, 3.2890625], [5.0, 3.291015625], [5.0, 3.29296875], [5.0, 3.294921875], [5.0, 3.296875], [5.0, 3.298828125], [5.0, 3.30078125], [5.0, 3.302734375], [5.0, 3.3046875], [5.0, 3.306640625], [5.0, 3.30859375], [5.0, 3.310546875], [5.0, 3.3125], [5.0, 3.314453125], [5.0, 3.31640625], [5.0, 3.318359375], [5.0, 3.3203125], [5.0, 3.322265625], [5.0, 3.32421875], [5.0, 3.326171875], [5.0, 3.328125], [5.0, 3.330078125], [5.0, 3.33203125], [5.0, 3.333984375], [5.0, 3.3359375], [5.0, 3.337890625], [5.0, 3.33984375], [5.0, 3.341796875], [5.0, 3.34375], [5.0, 3.345703125], [5.0, 3.34765625], [5.0, 3.349609375], [5.0, 3.3515625], [5.0, 3.353515625], [5.0, 3.35546875], [5.0, 3.357421875], [5.0, 3.359375], [5.0, 3.361328125], [5.0, 3.36328125], [5.0, 3.365234375], [5.0, 3.3671875], [5.0, 3.369140625], [5.0, 3.37109375], [5.0, 3.373046875], [5.0, 3.375], [5.0, 3.376953125], [5.0, 3.37890625], [5.0, 3.380859375], [5.0, 3.3828125], [5.0, 3.384765625], [5.0, 3.38671875], [5.0, 3.388671875], [5.0, 3.390625], [5.0, 3.392578125], [5.0, 3.39453125], [5.0, 3.396484375], [5.0, 3.3984375], [5.0, 3.400390625], [5.0, 3.40234375], [5.0, 3.404296875], [5.0, 3.40625], [5.0, 3.408203125], [5.0, 3.41015625], [5.0, 3.412109375], [5.0, 3.4140625], [5.0, 3.416015625], [5.0, 3.41796875], [5.0, 3.419921875], [5.0, 3.421875], [5.0, 3.423828125], [5.0, 3.42578125], [5.0, 3.427734375], [5.0, 3.4296875], [5.0, 3.431640625], [5.0, 3.43359375], [5.0, 3.435546875], [5.0, 3.4375], [5.0, 3.439453125], [5.0, 3.44140625], [5.0, 3.443359375], [5.0, 3.4453125], [5.0, 3.447265625], [5.0, 3.44921875], [5.0, 3.451171875], [5.0, 3.453125], [5.0, 3.455078125], [5.0, 3.45703125], [5.0, 3.458984375], [5.0, 3.4609375], [5.0, 3.462890625], [5.0, 3.46484375], [5.0, 3.466796875], [5.0, 3.46875], [5.0, 3.470703125], [5.0, 3.47265625], [5.0, 3.474609375], [5.0, 3.4765625], [5.0, 3.478515625], [5.0, 3.48046875], [5.0, 3.482421875], [5.0, 3.484375], [5.0, 3.486328125], [5.0, 3.48828125], [5.0, 3.490234375], [5.0, 3.4921875], [5.0, 3.494140625], [5.0, 3.49609375], [5.0, 3.498046875], [5.0, 3.5], [5.0, 3.501953125], [5.0, 3.50390625], [5.0, 3.505859375], [5.0, 3.5078125], [5.0, 3.509765625], [5.0, 3.51171875], [5.0, 3.513671875], [5.0, 3.515625], [5.0, 3.517578125], [5.0, 3.51953125], [5.0, 3.521484375], [5.0, 3.5234375], [5.0, 3.525390625], [5.0, 3.52734375], [5.0, 3.529296875], [5.0, 3.53125], [5.0, 3.533203125], [5.0, 3.53515625], [5.0, 3.537109375], [5.0, 3.5390625], [5.0, 3.541015625], [5.0, 3.54296875], [5.0, 3.544921875], [5.0, 3.546875], [5.0, 3.548828125], [5.0, 3.55078125], [5.0, 3.552734375], [5.0, 3.5546875], [5.0, 3.556640625], [5.0, 3.55859375], [5.0, 3.560546875], [5.0, 3.5625], [5.0, 3.564453125], [5.0, 3.56640625], [5.0, 3.568359375], [5.0, 3.5703125], [5.0, 3.572265625], [5.0, 3.57421875], [5.0, 3.576171875], [5.0, 3.578125], [5.0, 3.580078125], [5.0, 3.58203125], [5.0, 3.583984375], [5.0, 3.5859375], [5.0, 3.587890625], [5.0, 3.58984375], [5.0, 3.591796875], [5.0, 3.59375], [5.0, 3.595703125], [5.0, 3.59765625], [5.0, 3.599609375], [5.0, 3.6015625], [5.0, 3.603515625], [5.0, 3.60546875], [5.0, 3.607421875], [5.0, 3.609375], [5.0, 3.611328125], [5.0, 3.61328125], [5.0, 3.615234375], [5.0, 3.6171875], [5.0, 3.619140625], [5.0, 3.62109375], [5.0, 3.623046875], [5.0, 3.625], [5.0, 3.626953125], [5.0, 3.62890625], [5.0, 3.630859375], [5.0, 3.6328125], [5.0, 3.634765625], [5.0, 3.63671875], [5.0, 3.638671875], [5.0, 3.640625], [5.0, 3.642578125], [5.0, 3.64453125], [5.0, 3.646484375], [5.0, 3.6484375], [5.0, 3.650390625], [5.0, 3.65234375], [5.0, 3.654296875], [5.0, 3.65625], [5.0, 3.658203125], [5.0, 3.66015625], [5.0, 3.662109375], [5.0, 3.6640625], [5.0, 3.666015625], [5.0, 3.66796875], [5.0, 3.669921875], [5.0, 3.671875], [5.0, 3.673828125], [5.0, 3.67578125], [5.0, 3.677734375], [5.0, 3.6796875], [5.0, 3.681640625], [5.0, 3.68359375], [5.0, 3.685546875], [5.0, 3.6875], [5.0, 3.689453125], [5.0, 3.69140625], [5.0, 3.693359375], [5.0, 3.6953125], [5.0, 3.697265625], [5.0, 3.69921875], [5.0, 3.701171875], [5.0, 3.703125], [5.0, 3.705078125], [5.0, 3.70703125], [5.0, 3.708984375], [5.0, 3.7109375], [5.0, 3.712890625], [5.0, 3.71484375], [5.0, 3.716796875], [5.0, 3.71875], [5.0, 3.720703125], [5.0, 3.72265625], [5.0, 3.724609375], [5.0, 3.7265625], [5.0, 3.728515625], [5.0, 3.73046875], [5.0, 3.732421875], [5.0, 3.734375], [5.0, 3.736328125], [5.0, 3.73828125], [5.0, 3.740234375], [5.0, 3.7421875], [5.0, 3.744140625], [5.0, 3.74609375], [5.0, 3.748046875], [5.0, 3.75], [5.0, 3.751953125], [5.0, 3.75390625], [5.0, 3.755859375], [5.0, 3.7578125], [5.0, 3.759765625], [5.0, 3.76171875], [5.0, 3.763671875], [5.0, 3.765625], [5.0, 3.767578125], [5.0, 3.76953125], [5.0, 3.771484375], [5.0, 3.7734375], [5.0, 3.775390625], [5.0, 3.77734375], [5.0, 3.779296875], [5.0, 3.78125], [5.0, 3.783203125], [5.0, 3.78515625], [5.0, 3.787109375], [5.0, 3.7890625], [5.0, 3.791015625], [5.0, 3.79296875], [5.0, 3.794921875], [5.0, 3.796875], [5.0, 3.798828125], [5.0, 3.80078125], [5.0, 3.802734375], [5.0, 3.8046875], [5.0, 3.806640625], [5.0, 3.80859375], [5.0, 3.810546875], [5.0, 3.8125], [5.0, 3.814453125], [5.0, 3.81640625], [5.0, 3.818359375], [5.0, 3.8203125], [5.0, 3.822265625], [5.0, 3.82421875], [5.0, 3.826171875], [5.0, 3.828125], [5.0, 3.830078125], [5.0, 3.83203125], [5.0, 3.833984375], [5.0, 3.8359375], [5.0, 3.837890625], [5.0, 3.83984375], [5.0, 3.841796875], [5.0, 3.84375], [5.0, 3.845703125], [5.0, 3.84765625], [5.0, 3.849609375], [5.0, 3.8515625], [5.0, 3.853515625], [5.0, 3.85546875], [5.0, 3.857421875], [5.0, 3.859375], [5.0, 3.861328125], [5.0, 3.86328125], [5.0, 3.865234375], [5.0, 3.8671875], [5.0, 3.869140625], [5.0, 3.87109375], [5.0, 3.873046875], [5.0, 3.875], [5.0, 3.876953125], [5.0, 3.87890625], [5.0, 3.880859375], [5.0, 3.8828125], [5.0, 3.884765625], [5.0, 3.88671875], [5.0, 3.888671875], [5.0, 3.890625], [5.0, 3.892578125], [5.0, 3.89453125], [5.0, 3.896484375], [5.0, 3.8984375], [5.0, 3.900390625], [5.0, 3.90234375], [5.0, 3.904296875], [5.0, 3.90625], [5.0, 3.908203125], [5.0, 3.91015625], [5.0, 3.912109375], [5.0, 3.9140625], [5.0, 3.916015625], [5.0, 3.91796875], [5.0, 3.919921875], [5.0, 3.921875], [5.0, 3.923828125], [5.0, 3.92578125], [5.0, 3.927734375], [5.0, 3.9296875], [5.0, 3.931640625], [5.0, 3.93359375], [5.0, 3.935546875], [5.0, 3.9375], [5.0, 3.939453125], [5.0, 3.94140625], [5.0, 3.943359375], [5.0, 3.9453125], [5.0, 3.947265625], [5.0, 3.94921875], [5.0, 3.951171875], [5.0, 3.953125], [5.0, 3.955078125], [5.0, 3.95703125], [5.0, 3.958984375], [5.0, 3.9609375], [5.0, 3.962890625], [5.0, 3.96484375], [5.0, 3.966796875], [5.0, 3.96875], [5.0, 3.970703125], [5.0, 3.97265625], [5.0, 3.974609375], [5.0, 3.9765625], [5.0, 3.978515625], [5.0, 3.98046875], [5.0, 3.982421875], [5.0, 3.984375], [5.0, 3.986328125], [5.0, 3.98828125], [5.0, 3.990234375], [5.0, 3.9921875], [5.0, 3.994140625], [5.0, 3.99609375], [5.0, 3.998046875], [5.0, 4.0], [4.998046875, 4.0], [4.99609375, 4.0], [4.994140625, 4.0], [4.9921875, 4.0], [4.990234375, 4.0], [4.98828125, 4.0], [4.986328125, 4.0], [4.984375, 4.0], [4.982421875, 4.0], [4.98046875, 4.0], [4.978515625, 4.0], [4.9765625, 4.0], [4.974609375, 4.0], [4.97265625, 4.0], [4.970703125, 4.0], [4.96875, 4.0], [4.966796875, 4.0], [4.96484375, 4.0], [4.962890625, 4.0], [4.9609375, 4.0], [4.958984375, 4.0], [4.95703125, 4.0], [4.955078125, 4.0], [4.953125, 4.0], [4.951171875, 4.0], [4.94921875, 4.0], [4.947265625, 4.0], [4.9453125, 4.0], [4.943359375, 4.0], [4.94140625, 4.0], [4.939453125, 4.0], [4.9375, 4.0], [4.935546875, 4.0], [4.93359375, 4.0], [4.931640625, 4.0], [4.9296875, 4.0], [4.927734375, 4.0], [4.92578125, 4.0], [4.923828125, 4.0], [4.921875, 4.0], [4.919921875, 4.0], [4.91796875, 4.0], [4.916015625, 4.0], [4.9140625, 4.0], [4.912109375, 4.0], [4.91015625, 4.0], [4.908203125, 4.0], [4.90625, 4.0], [4.904296875, 4.0], [4.90234375, 4.0], [4.900390625, 4.0], [4.8984375, 4.0], [4.896484375, 4.0], [4.89453125, 4.0], [4.892578125, 4.0], [4.890625, 4.0], [4.888671875, 4.0], [4.88671875, 4.0], [4.884765625, 4.0], [4.8828125, 4.0], [4.880859375, 4.0], [4.87890625, 4.0], [4.876953125, 4.0], [4.875, 4.0], [4.873046875, 4.0], [4.87109375, 4.0], [4.869140625, 4.0], [4.8671875, 4.0], [4.865234375, 4.0], [4.86328125, 4.0], [4.861328125, 4.0], [4.859375, 4.0], [4.857421875, 4.0], [4.85546875, 4.0], [4.853515625, 4.0], [4.8515625, 4.0], [4.849609375, 4.0], [4.84765625, 4.0], [4.845703125, 4.0], [4.84375, 4.0], [4.841796875, 4.0], [4.83984375, 4.0], [4.837890625, 4.0], [4.8359375, 4.0], [4.833984375, 4.0], [4.83203125, 4.0], [4.830078125, 4.0], [4.828125, 4.0], [4.826171875, 4.0], [4.82421875, 4.0], [4.822265625, 4.0], [4.8203125, 4.0], [4.818359375, 4.0], [4.81640625, 4.0], [4.814453125, 4.0], [4.8125, 4.0], [4.810546875, 4.0], [4.80859375, 4.0], [4.806640625, 4.0], [4.8046875, 4.0], [4.802734375, 4.0], [4.80078125, 4.0], [4.798828125, 4.0], [4.796875, 4.0], [4.794921875, 4.0], [4.79296875, 4.0], [4.791015625, 4.0], [4.7890625, 4.0], [4.787109375, 4.0], [4.78515625, 4.0], [4.783203125, 4.0], [4.78125, 4.0], [4.779296875, 4.0], [4.77734375, 4.0], [4.775390625, 4.0], [4.7734375, 4.0], [4.771484375, 4.0], [4.76953125, 4.0], [4.767578125, 4.0], [4.765625, 4.0], [4.763671875, 4.0], [4.76171875, 4.0], [4.759765625, 4.0], [4.7578125, 4.0], [4.755859375, 4.0], [4.75390625, 4.0], [4.751953125, 4.0], [4.75, 4.0], [4.748046875, 4.0], [4.74609375, 4.0], [4.744140625, 4.0], [4.7421875, 4.0], [4.740234375, 4.0], [4.73828125, 4.0], [4.736328125, 4.0], [4.734375, 4.0], [4.732421875, 4.0], [4.73046875, 4.0], [4.728515625, 4.0], [4.7265625, 4.0], [4.724609375, 4.0], [4.72265625, 4.0], [4.720703125, 4.0], [4.71875, 4.0], [4.716796875, 4.0], [4.71484375, 4.0], [4.712890625, 4.0], [4.7109375, 4.0], [4.708984375, 4.0], [4.70703125, 4.0], [4.705078125, 4.0], [4.703125, 4.0], [4.701171875, 4.0], [4.69921875, 4.0], [4.697265625, 4.0], [4.6953125, 4.0], [4.693359375, 4.0], [4.69140625, 4.0], [4.689453125, 4.0], [4.6875, 4.0], [4.685546875, 4.0], [4.68359375, 4.0], [4.681640625, 4.0], [4.6796875, 4.0], [4.677734375, 4.0], [4.67578125, 4.0], [4.673828125, 4.0], [4.671875, 4.0], [4.669921875, 4.0], [4.66796875, 4.0], [4.666015625, 4.0], [4.6640625, 4.0], [4.662109375, 4.0], [4.66015625, 4.0], [4.658203125, 4.0], [4.65625, 4.0], [4.654296875, 4.0], [4.65234375, 4.0], [4.650390625, 4.0], [4.6484375, 4.0], [4.646484375, 4.0], [4.64453125, 4.0], [4.642578125, 4.0], [4.640625, 4.0], [4.638671875, 4.0], [4.63671875, 4.0], [4.634765625, 4.0], [4.6328125, 4.0], [4.630859375, 4.0], [4.62890625, 4.0], [4.626953125, 4.0], [4.625, 4.0], [4.623046875, 4.0], [4.62109375, 4.0], [4.619140625, 4.0], [4.6171875, 4.0], [4.615234375, 4.0], [4.61328125, 4.0], [4.611328125, 4.0], [4.609375, 4.0], [4.607421875, 4.0], [4.60546875, 4.0], [4.603515625, 4.0], [4.6015625, 4.0], [4.599609375, 4.0], [4.59765625, 4.0], [4.595703125, 4.0], [4.59375, 4.0], [4.591796875, 4.0], [4.58984375, 4.0], [4.587890625, 4.0], [4.5859375, 4.0], [4.583984375, 4.0], [4.58203125, 4.0], [4.580078125, 4.0], [4.578125, 4.0], [4.576171875, 4.0], [4.57421875, 4.0], [4.572265625, 4.0], [4.5703125, 4.0], [4.568359375, 4.0], [4.56640625, 4.0], [4.564453125, 4.0], [4.5625, 4.0], [4.560546875, 4.0], [4.55859375, 4.0], [4.556640625, 4.0], [4.5546875, 4.0], [4.552734375, 4.0], [4.55078125, 4.0], [4.548828125, 4.0], [4.546875, 4.0], [4.544921875, 4.0], [4.54296875, 4.0], [4.541015625, 4.0], [4.5390625, 4.0], [4.537109375, 4.0], [4.53515625, 4.0], [4.533203125, 4.0], [4.53125, 4.0], [4.529296875, 4.0], [4.52734375, 4.0], [4.525390625, 4.0], [4.5234375, 4.0], [4.521484375, 4.0], [4.51953125, 4.0], [4.517578125, 4.0], [4.515625, 4.0], [4.513671875, 4.0], [4.51171875, 4.0], [4.509765625, 4.0], [4.5078125, 4.0], [4.505859375, 4.0], [4.50390625, 4.0], [4.501953125, 4.0], [4.5, 4.0], [4.498046875, 4.0], [4.49609375, 4.0], [4.494140625, 4.0], [4.4921875, 4.0], [4.490234375, 4.0], [4.48828125, 4.0], [4.486328125, 4.0], [4.484375, 4.0], [4.482421875, 4.0], [4.48046875, 4.0], [4.478515625, 4.0], [4.4765625, 4.0], [4.474609375, 4.0], [4.47265625, 4.0], [4.470703125, 4.0], [4.46875, 4.0], [4.466796875, 4.0], [4.46484375, 4.0], [4.462890625, 4.0], [4.4609375, 4.0], [4.458984375, 4.0], [4.45703125, 4.0], [4.455078125, 4.0], [4.453125, 4.0], [4.451171875, 4.0], [4.44921875, 4.0], [4.447265625, 4.0], [4.4453125, 4.0], [4.443359375, 4.0], [4.44140625, 4.0], [4.439453125, 4.0], [4.4375, 4.0], [4.435546875, 4.0], [4.43359375, 4.0], [4.431640625, 4.0], [4.4296875, 4.0], [4.427734375, 4.0], [4.42578125, 4.0], [4.423828125, 4.0], [4.421875, 4.0], [4.419921875, 4.0], [4.41796875, 4.0], [4.416015625, 4.0], [4.4140625, 4.0], [4.412109375, 4.0], [4.41015625, 4.0], [4.408203125, 4.0], [4.40625, 4.0], [4.404296875, 4.0], [4.40234375, 4.0], [4.400390625, 4.0], [4.3984375, 4.0], [4.396484375, 4.0], [4.39453125, 4.0], [4.392578125, 4.0], [4.390625, 4.0], [4.388671875, 4.0], [4.38671875, 4.0], [4.384765625, 4.0], [4.3828125, 4.0], [4.380859375, 4.0], [4.37890625, 4.0], [4.376953125, 4.0], [4.375, 4.0], [4.373046875, 4.0], [4.37109375, 4.0], [4.369140625, 4.0], [4.3671875, 4.0], [4.365234375, 4.0], [4.36328125, 4.0], [4.361328125, 4.0], [4.359375, 4.0], [4.357421875, 4.0], [4.35546875, 4.0], [4.353515625, 4.0], [4.3515625, 4.0], [4.349609375, 4.0], [4.34765625, 4.0], [4.345703125, 4.0], [4.34375, 4.0], [4.341796875, 4.0], [4.33984375, 4.0], [4.337890625, 4.0], [4.3359375, 4.0], [4.333984375, 4.0], [4.33203125, 4.0], [4.330078125, 4.0], [4.328125, 4.0], [4.326171875, 4.0], [4.32421875, 4.0], [4.322265625, 4.0], [4.3203125, 4.0], [4.318359375, 4.0], [4.31640625, 4.0], [4.314453125, 4.0], [4.3125, 4.0], [4.310546875, 4.0], [4.30859375, 4.0], [4.306640625, 4.0], [4.3046875, 4.0], [4.302734375, 4.0], [4.30078125, 4.0], [4.298828125, 4.0], [4.296875, 4.0], [4.294921875, 4.0], [4.29296875, 4.0], [4.291015625, 4.0], [4.2890625, 4.0], [4.287109375, 4.0], [4.28515625, 4.0], [4.283203125, 4.0], [4.28125, 4.0], [4.279296875, 4.0], [4.27734375, 4.0], [4.275390625, 4.0], [4.2734375, 4.0], [4.271484375, 4.0], [4.26953125, 4.0], [4.267578125, 4.0], [4.265625, 4.0], [4.263671875, 4.0], [4.26171875, 4.0], [4.259765625, 4.0], [4.2578125, 4.0], [4.255859375, 4.0], [4.25390625, 4.0], [4.251953125, 4.0], [4.25, 4.0], [4.248046875, 4.0], [4.24609375, 4.0], [4.244140625, 4.0], [4.2421875, 4.0], [4.240234375, 4.0], [4.23828125, 4.0], [4.236328125, 4.0], [4.234375, 4.0], [4.232421875, 4.0], [4.23046875, 4.0], [4.228515625, 4.0], [4.2265625, 4.0], [4.224609375, 4.0], [4.22265625, 4.0], [4.220703125, 4.0], [4.21875, 4.0], [4.216796875, 4.0], [4.21484375, 4.0], [4.212890625, 4.0], [4.2109375, 4.0], [4.208984375, 4.0], [4.20703125, 4.0], [4.205078125, 4.0], [4.203125, 4.0], [4.201171875, 4.0], [4.19921875, 4.0], [4.197265625, 4.0], [4.1953125, 4.0], [4.193359375, 4.0], [4.19140625, 4.0], [4.189453125, 4.0], [4.1875, 4.0], [4.185546875, 4.0], [4.18359375, 4.0], [4.181640625, 4.0], [4.1796875, 4.0], [4.177734375, 4.0], [4.17578125, 4.0], [4.173828125, 4.0], [4.171875, 4.0], [4.169921875, 4.0], [4.16796875, 4.0], [4.166015625, 4.0], [4.1640625, 4.0], [4.162109375, 4.0], [4.16015625, 4.0], [4.158203125, 4.0], [4.15625, 4.0], [4.154296875, 4.0], [4.15234375, 4.0], [4.150390625, 4.0], [4.1484375, 4.0], [4.146484375, 4.0], [4.14453125, 4.0], [4.142578125, 4.0], [4.140625, 4.0], [4.138671875, 4.0], [4.13671875, 4.0], [4.134765625, 4.0], [4.1328125, 4.0], [4.130859375, 4.0], [4.12890625, 4.0], [4.126953125, 4.0], [4.125, 4.0], [4.123046875, 4.0], [4.12109375, 4.0], [4.119140625, 4.0], [4.1171875, 4.0], [4.115234375, 4.0], [4.11328125, 4.0], [4.111328125, 4.0], [4.109375, 4.0], [4.107421875, 4.0], [4.10546875, 4.0], [4.103515625, 4.0], [4.1015625, 4.0], [4.099609375, 4.0], [4.09765625, 4.0], [4.095703125, 4.0], [4.09375, 4.0], [4.091796875, 4.0], [4.08984375, 4.0], [4.087890625, 4.0], [4.0859375, 4.0], [4.083984375, 4.0], [4.08203125, 4.0], [4.080078125, 4.0], [4.078125, 4.0], [4.076171875, 4.0], [4.07421875, 4.0], [4.072265625, 4.0], [4.0703125, 4.0], [4.068359375, 4.0], [4.06640625, 4.0], [4.064453125, 4.0], [4.0625, 4.0], [4.060546875, 4.0], [4.05859375, 4.0], [4.056640625, 4.0], [4.0546875, 4.0], [4.052734375, 4.0], [4.05078125, 4.0], [4.048828125, 4.0], [4.046875, 4.0], [4.044921875, 4.0], [4.04296875, 4.0], [4.041015625, 4.0], [4.0390625, 4.0], [4.037109375, 4.0], [4.03515625, 4.0], [4.033203125, 4.0], [4.03125, 4.0], [4.029296875, 4.0], [4.02734375, 4.0], [4.025390625, 4.0], [4.0234375, 4.0], [4.021484375, 4.0], [4.01953125, 4.0], [4.017578125, 4.0], [4.015625, 4.0], [4.013671875, 4.0], [4.01171875, 4.0], [4.009765625, 4.0], [4.0078125, 4.0], [4.005859375, 4.0], [4.00390625, 4.0], [4.001953125, 4.0], [4.0, 4.0], [4.0, 3.998046875], [4.0, 3.99609375], [4.0, 3.994140625], [4.0, 3.9921875], [4.0, 3.990234375], [4.0, 3.98828125], [4.0, 3.986328125], [4.0, 3.984375], [4.0, 3.982421875], [4.0, 3.98046875], [4.0, 3.978515625], [4.0, 3.9765625], [4.0, 3.974609375], [4.0, 3.97265625], [4.0, 3.970703125], [4.0, 3.96875], [4.0, 3.966796875], [4.0, 3.96484375], [4.0, 3.962890625], [4.0, 3.9609375], [4.0, 3.958984375], [4.0, 3.95703125], [4.0, 3.955078125], [4.0, 3.953125], [4.0, 3.951171875], [4.0, 3.94921875], [4.0, 3.947265625], [4.0, 3.9453125], [4.0, 3.943359375], [4.0, 3.94140625], [4.0, 3.939453125], [4.0, 3.9375], [4.0, 3.935546875], [4.0, 3.93359375], [4.0, 3.931640625], [4.0, 3.9296875], [4.0, 3.927734375], [4.0, 3.92578125], [4.0, 3.923828125], [4.0, 3.921875], [4.0, 3.919921875], [4.0, 3.91796875], [4.0, 3.916015625], [4.0, 3.9140625], [4.0, 3.912109375], [4.0, 3.91015625], [4.0, 3.908203125], [4.0, 3.90625], [4.0, 3.904296875], [4.0, 3.90234375], [4.0, 3.900390625], [4.0, 3.8984375], [4.0, 3.896484375], [4.0, 3.89453125], [4.0, 3.892578125], [4.0, 3.890625], [4.0, 3.888671875], [4.0, 3.88671875], [4.0, 3.884765625], [4.0, 3.8828125], [4.0, 3.880859375], [4.0, 3.87890625], [4.0, 3.876953125], [4.0, 3.875], [4.0, 3.873046875], [4.0, 3.87109375], [4.0, 3.869140625], [4.0, 3.8671875], [4.0, 3.865234375], [4.0, 3.86328125], [4.0, 3.861328125], [4.0, 3.859375], [4.0, 3.857421875], [4.0, 3.85546875], [4.0, 3.853515625], [4.0, 3.8515625], [4.0, 3.849609375], [4.0, 3.84765625], [4.0, 3.845703125], [4.0, 3.84375], [4.0, 3.841796875], [4.0, 3.83984375], [4.0, 3.837890625], [4.0, 3.8359375], [4.0, 3.833984375], [4.0, 3.83203125], [4.0, 3.830078125], [4.0, 3.828125], [4.0, 3.826171875], [4.0, 3.82421875], [4.0, 3.822265625], [4.0, 3.8203125], [4.0, 3.818359375], [4.0, 3.81640625], [4.0, 3.814453125], [4.0, 3.8125], [4.0, 3.810546875], [4.0, 3.80859375], [4.0, 3.806640625], [4.0, 3.8046875], [4.0, 3.802734375], [4.0, 3.80078125], [4.0, 3.798828125], [4.0, 3.796875], [4.0, 3.794921875], [4.0, 3.79296875], [4.0, 3.791015625], [4.0, 3.7890625], [4.0, 3.787109375], [4.0, 3.78515625], [4.0, 3.783203125], [4.0, 3.78125], [4.0, 3.779296875], [4.0, 3.77734375], [4.0, 3.775390625], [4.0, 3.7734375], [4.0, 3.771484375], [4.0, 3.76953125], [4.0, 3.767578125], [4.0, 3.765625], [4.0, 3.763671875], [4.0, 3.76171875], [4.0, 3.759765625], [4.0, 3.7578125], [4.0, 3.755859375], [4.0, 3.75390625], [4.0, 3.751953125], [4.0, 3.75], [4.0, 3.748046875], [4.0, 3.74609375], [4.0, 3.744140625], [4.0, 3.7421875], [4.0, 3.740234375], [4.0, 3.73828125], [4.0, 3.736328125], [4.0, 3.734375], [4.0, 3.732421875], [4.0, 3.73046875], [4.0, 3.728515625], [4.0, 3.7265625], [4.0, 3.724609375], [4.0, 3.72265625], [4.0, 3.720703125], [4.0, 3.71875], [4.0, 3.716796875], [4.0, 3.71484375], [4.0, 3.712890625], [4.0, 3.7109375], [4.0, 3.708984375], [4.0, 3.70703125], [4.0, 3.705078125], [4.0, 3.703125], [4.0, 3.701171875], [4.0, 3.69921875], [4.0, 3.697265625], [4.0, 3.6953125], [4.0, 3.693359375], [4.0, 3.69140625], [4.0, 3.689453125], [4.0, 3.6875], [4.0, 3.685546875], [4.0, 3.68359375], [4.0, 3.681640625], [4.0, 3.6796875], [4.0, 3.677734375], [4.0, 3.67578125], [4.0, 3.673828125], [4.0, 3.671875], [4.0, 3.669921875], [4.0, 3.66796875], [4.0, 3.666015625], [4.0, 3.6640625], [4.0, 3.662109375], [4.0, 3.66015625], [4.0, 3.658203125], [4.0, 3.65625], [4.0, 3.654296875], [4.0, 3.65234375], [4.0, 3.650390625], [4.0, 3.6484375], [4.0, 3.646484375], [4.0, 3.64453125], [4.0, 3.642578125], [4.0, 3.640625], [4.0, 3.638671875], [4.0, 3.63671875], [4.0, 3.634765625], [4.0, 3.6328125], [4.0, 3.630859375], [4.0, 3.62890625], [4.0, 3.626953125], [4.0, 3.625], [4.0, 3.623046875], [4.0, 3.62109375], [4.0, 3.619140625], [4.0, 3.6171875], [4.0, 3.615234375], [4.0, 3.61328125], [4.0, 3.611328125], [4.0, 3.609375], [4.0, 3.607421875], [4.0, 3.60546875], [4.0, 3.603515625], [4.0, 3.6015625], [4.0, 3.599609375], [4.0, 3.59765625], [4.0, 3.595703125], [4.0, 3.59375], [4.0, 3.591796875], [4.0, 3.58984375], [4.0, 3.587890625], [4.0, 3.5859375], [4.0, 3.583984375], [4.0, 3.58203125], [4.0, 3.580078125], [4.0, 3.578125], [4.0, 3.576171875], [4.0, 3.57421875], [4.0, 3.572265625], [4.0, 3.5703125], [4.0, 3.568359375], [4.0, 3.56640625], [4.0, 3.564453125], [4.0, 3.5625], [4.0, 3.560546875], [4.0, 3.55859375], [4.0, 3.556640625], [4.0, 3.5546875], [4.0, 3.552734375], [4.0, 3.55078125], [4.0, 3.548828125], [4.0, 3.546875], [4.0, 3.544921875], [4.0, 3.54296875], [4.0, 3.541015625], [4.0, 3.5390625], [4.0, 3.537109375], [4.0, 3.53515625], [4.0, 3.533203125], [4.0, 3.53125], [4.0, 3.529296875], [4.0, 3.52734375], [4.0, 3.525390625], [4.0, 3.5234375], [4.0, 3.521484375], [4.0, 3.51953125], [4.0, 3.517578125], [4.0, 3.515625], [4.0, 3.513671875], [4.0, 3.51171875], [4.0, 3.509765625], [4.0, 3.5078125], [4.0, 3.505859375], [4.0, 3.50390625], [4.0, 3.501953125], [4.0, 3.5], [4.0, 3.498046875], [4.0, 3.49609375], [4.0, 3.494140625], [4.0, 3.4921875], [4.0, 3.490234375], [4.0, 3.48828125], [4.0, 3.486328125], [4.0, 3.484375], [4.0, 3.482421875], [4.0, 3.48046875], [4.0, 3.478515625], [4.0, 3.4765625], [4.0, 3.474609375], [4.0, 3.47265625], [4.0, 3.470703125], [4.0, 3.46875], [4.0, 3.466796875], [4.0, 3.46484375], [4.0, 3.462890625], [4.0, 3.4609375], [4.0, 3.458984375], [4.0, 3.45703125], [4.0, 3.455078125], [4.0, 3.453125], [4.0, 3.451171875], [4.0, 3.44921875], [4.0, 3.447265625], [4.0, 3.4453125], [4.0, 3.443359375], [4.0, 3.44140625], [4.0, 3.439453125], [4.0, 3.4375], [4.0, 3.435546875], [4.0, 3.43359375], [4.0, 3.431640625], [4.0, 3.4296875], [4.0, 3.427734375], [4.0, 3.42578125], [4.0, 3.423828125], [4.0, 3.421875], [4.0, 3.419921875], [4.0, 3.41796875], [4.0, 3.416015625], [4.0, 3.4140625], [4.0, 3.412109375], [4.0, 3.41015625], [4.0, 3.408203125], [4.0, 3.40625], [4.0, 3.404296875], [4.0, 3.40234375], [4.0, 3.400390625], [4.0, 3.3984375], [4.0, 3.396484375], [4.0, 3.39453125], [4.0, 3.392578125], [4.0, 3.390625], [4.0, 3.388671875], [4.0, 3.38671875], [4.0, 3.384765625], [4.0, 3.3828125], [4.0, 3.380859375], [4.0, 3.37890625], [4.0, 3.376953125], [4.0, 3.375], [4.0, 3.373046875], [4.0, 3.37109375], [4.0, 3.369140625], [4.0, 3.3671875], [4.0, 3.365234375], [4.0, 3.36328125], [4.0, 3.361328125], [4.0, 3.359375], [4.0, 3.357421875], [4.0, 3.35546875], [4.0, 3.353515625], [4.0, 3.3515625], [4.0, 3.349609375], [4.0, 3.34765625], [4.0, 3.345703125], [4.0, 3.34375], [4.0, 3.341796875], [4.0, 3.33984375], [4.0, 3.337890625], [4.0, 3.3359375], [4.0, 3.333984375], [4.0, 3.33203125], [4.0, 3.330078125], [4.0, 3.328125], [4.0, 3.326171875], [4.0, 3.32421875], [4.0, 3.322265625], [4.0, 3.3203125], [4.0, 3.318359375], [4.0, 3.31640625], [4.0, 3.314453125], [4.0, 3.3125], [4.0, 3.310546875], [4.0, 3.30859375], [4.0, 3.306640625], [4.0, 3.3046875], [4.0, 3.302734375], [4.0, 3.30078125], [4.0, 3.298828125], [4.0, 3.296875], [4.0, 3.294921875], [4.0, 3.29296875], [4.0, 3.291015625], [4.0, 3.2890625], [4.0, 3.287109375], [4.0, 3.28515625], [4.0, 3.283203125], [4.0, 3.28125], [4.0, 3.279296875], [4.0, 3.27734375], [4.0, 3.275390625], [4.0, 3.2734375], [4.0, 3.271484375], [4.0, 3.26953125], [4.0, 3.267578125], [4.0, 3.265625], [4.0, 3.263671875], [4.0, 3.26171875], [4.0, 3.259765625], [4.0, 3.2578125], [4.0, 3.255859375], [4.0, 3.25390625], [4.0, 3.251953125], [4.0, 3.25], [4.0, 3.248046875], [4.0, 3.24609375], [4.0, 3.244140625], [4.0, 3.2421875], [4.0, 3.240234375], [4.0, 3.23828125], [4.0, 3.236328125], [4.0, 3.234375], [4.0, 3.232421875], [4.0, 3.23046875], [4.0, 3.228515625], [4.0, 3.2265625], [4.0, 3.224609375], [4.0, 3.22265625], [4.0, 3.220703125], [4.0, 3.21875], [4.0, 3.216796875], [4.0, 3.21484375], [4.0, 3.212890625], [4.0, 3.2109375], [4.0, 3.208984375], [4.0, 3.20703125], [4.0, 3.205078125], [4.0, 3.203125], [4.0, 3.201171875], [4.0, 3.19921875], [4.0, 3.197265625], [4.0, 3.1953125], [4.0, 3.193359375], [4.0, 3.19140625], [4.0, 3.189453125], [4.0, 3.1875], [4.0, 3.185546875], [4.0, 3.18359375], [4.0, 3.181640625], [4.0, 3.1796875], [4.0, 3.177734375], [4.0, 3.17578125], [4.0, 3.173828125], [4.0, 3.171875], [4.0, 3.169921875], [4.0, 3.16796875], [4.0, 3.166015625], [4.0, 3.1640625], [4.0, 3.162109375], [4.0, 3.16015625], [4.0, 3.158203125], [4.0, 3.15625], [4.0, 3.154296875], [4.0, 3.15234375], [4.0, 3.150390625], [4.0, 3.1484375], [4.0, 3.146484375], [4.0, 3.14453125], [4.0, 3.142578125], [4.0, 3.140625], [4.0, 3.138671875], [4.0, 3.13671875], [4.0, 3.134765625], [4.0, 3.1328125], [4.0, 3.130859375], [4.0, 3.12890625], [4.0, 3.126953125], [4.0, 3.125], [4.0, 3.123046875], [4.0, 3.12109375], [4.0, 3.119140625], [4.0, 3.1171875], [4.0, 3.115234375], [4.0, 3.11328125], [4.0, 3.111328125], [4.0, 3.109375], [4.0, 3.107421875], [4.0, 3.10546875], [4.0, 3.103515625], [4.0, 3.1015625], [4.0, 3.099609375], [4.0, 3.09765625], [4.0, 3.095703125], [4.0, 3.09375], [4.0, 3.091796875], [4.0, 3.08984375], [4.0, 3.087890625], [4.0, 3.0859375], [4.0, 3.083984375], [4.0, 3.08203125], [4.0, 3.080078125], [4.0, 3.078125], [4.0, 3.076171875], [4.0, 3.07421875], [4.0, 3.072265625], [4.0, 3.0703125], [4.0, 3.068359375], [4.0, 3.06640625], [4.0, 3.064453125], [4.0, 3.0625], [4.0, 3.060546875], [4.0, 3.05859375], [4.0, 3.056640625], [4.0, 3.0546875], [4.0, 3.052734375], [4.0, 3.05078125], [4.0, 3.048828125], [4.0, 3.046875], [4.0, 3.044921875], [4.0, 3.04296875], [4.0, 3.041015625], [4.0, 3.0390625], [4.0, 3.037109375], [4.0, 3.03515625], [4.0, 3.033203125], [4.0, 3.03125], [4.0, 3.029296875], [4.0, 3.02734375], [4.0, 3.025390625], [4.0, 3.0234375], [4.0, 3.021484375], [4.0, 3.01953125], [4.0, 3.017578125], [4.0, 3.015625], [4.0, 3.013671875], [4.0, 3.01171875], [4.0, 3.009765625], [4.0, 3.0078125], [4.0, 3.005859375], [4.0, 3.00390625], [4.0, 3.001953125], [4, 3]]]}}, {"type": "Feature", "id": "c0-4", "properties": {"id": "c0-4", "name": "cell 0,4", "value": 1.239}, "geometry": {"type": "Polygon", "coordinates": [[[0.0, 4.0], [0.001953125, 4.0], [0.00390625, 4.0], [0.005859375, 4.0], [0.0078125, 4.0], [0.009765625, 4.0], [0.01171875, 4.0], [0.013671875, 4.0], [0.015625, 4.0], [0.017578125, 4.0], [0.01953125, 4.0], [0.021484375, 4.0], [0.0234375, 4.0], [0.025390625, 4.0], [0.02734375, 4.0], [0.029296875, 4.0], [0.03125, 4.0], [0.033203125, 4.0], [0.03515625, 4.0], [0.037109375, 4.0], [0.0390625, 4.0], [0.041015625, 4.0], [0.04296875, 4.0], [0.044921875, 4.0], [0.046875, 4.0], [0.048828125, 4.0], [0.05078125, 4.0], [0.052734375, 4.0], [0.0546875, 4.0], [0.056640625, 4.0], [0.05859375, 4.0], [0.060546875, 4.0], [0.0625, 4.0], [0.064453125, 4.0], [0.06640625, 4.0], [0.068359375, 4.0], [0.0703125, 4.0], [0.072265625, 4.0], [0.07421875, 4.0], [0.076171875, 4.0], [0.078125, 4.0], [0.080078125, 4.0], [0.08203125, 4.0], [0.083984375, 4.0], [0.0859375, 4.0], [0.087890625, 4.0], [0.08984375, 4.0], [0.091796875, 4.0], [0.09375, 4.0], [0.095703125, 4.0], [0.09765625, 4.0], [0.099609375, 4.0], [0.1015625, 4.0], [0.103515625, 4.0], [0.10546875, 4.0], [0.107421875, 4.0], [0.109375, 4.0], [0.111328125, 4.0], [0.11328125, 4.0], [0.115234375, 4.0], [0.1171875, 4.0], [0.119140625, 4.0], [0.12109375, 4.0], [0.123046875, 4.0], [0.125, 4.0], [0.126953125, 4.0], [0.12890625, 4.0], [0.130859375, 4.0], [0.1328125, 4.0], [0.134765625, 4.0], [0.13671875, 4.0], [0.138671875, 4.0], [0.140625, 4.0], [0.142578125, 4.0], [0.14453125, 4.0], [0.146484375, 4.0], [0.1484375, 4.0], [0.150390625, 4.0], [0.15234375, 4.0], [0.154296875, 4.0], [0.15625, 4.0], [0.158203125, 4.0], [0.16015625, 4.0], [0.162109375, 4.0], [0.1640625, 4.0], [0.166015625, 4.0], [0.16796875, 4.0], [0.169921875, 4.0], [0.171875, 4.0], [0.173828125, 4.0], [0.17578125, 4.0], [0.177734375, 4.0], [0.1796875, 4.0], [0.181640625, 4.0], [0.18359375, 4.0], [0.185546875, 4.0], [0.1875, 4.0], [0.189453125, 4.0], [0.19140625, 4.0], [0.193359375, 4.0], [0.1953125, 4.0], [0.197265625, 4.0], [0.19921875, 4.0], [0.201171875, 4.0], [0.203125, 4.0], [0.205078125, 4.0], [0.20703125, 4.0], [0.208984375, 4.0], [0.2109375, 4.0], [0.212890625, 4.0], [0.21484375, 4.0], [0.216796875, 4.0], [0.21875, 4.0], [0.220703125, 4.0], [0.22265625, 4.0], [0.224609375, 4.0], [0.2265625, 4.0], [0.228515625, 4.0], [0.23046875, 4.0], [0.232421875, 4.0], [0.234375, 4.0], [0.236328125, 4.0], [0.23828125, 4.0], [0.240234375, 4.0], [0.2421875, 4.0], [0.244140625, 4.0], [0.24609375, 4.0], [0.248046875, 4.0], [0.25, 4.0], [0.251953125, 4.0], [0.25390625, 4.0], [0.255859375, 4.0], [0.2578125, 4.0], [0.259765625, 4.0], [0.26171875, 4.0], [0.263671875, 4.0], [0.265625, 4.0], [0.267578125, 4.0], [0.26953125, 4.0], [0.271484375, 4.0], [0.2734375, 4.0], [0.275390625, 4.0], [0.27734375, 4.0], [0.279296875, 4.0], [0.28125, 4.0], [0.283203125, 4.0], [0.28515625, 4.0], [0.287109375, 4.0], [0.2890625, 4.0], [0.291015625, 4.0], [0.29296875, 4.0], [0.294921875, 4.0], [0.296875, 4.0], [0.298828125, 4.0], [0.30078125, 4.0], [0.302734375, 4.0], [0.3046875, 4.0], [0.306640625, 4.0], [0.30859375, 4.0], [0.310546875, 4.0], [0.3125, 4.0], [0.314453125, 4.0], [0.31640625, 4.0], [0.318359375, 4.0], [0.3203125, 4.0], [0.322265625, 4.0], [0.32421875, 4.0], [0.326171875, 4.0], [0.328125, 4.0], [0.330078125, 4.0], [0.33203125, 4.0], [0.333984375, 4.0], [0.3359375, 4.0], [0.337890625, 4.0], [0.33984375, 4.0], [0.341796875, 4.0], [0.34375, 4.0], [0.345703125, 4.0], [0.34765625, 4.0], [0.349609375, 4.0], [0.3515625, 4.0], [0.353515625, 4.0], [0.35546875, 4.0], [0.357421875, 4.0], [0.359375, 4.0], [0.361328125, 4.0], [0.36328125, 4.0], [0.365234375, 4.0], [0.3671875, 4.0], [0.369140625, 4.0], [0.37109375, 4.0], [0.373046875, 4.0], [0.375, 4.0], [0.376953125, 4.0], [0.37890625, 4.0], [0.380859375, 4.0], [0.3828125, 4.0], [0.384765625, 4.0], [0.38671875, 4.0], [0.388671875, 4.0], [0.390625, 4.0], [0.392578125, 4.0], [0.39453125, 4.0], [0.396484375, 4.0], [0.3984375, 4.0], [0.400390625, 4.0], [0.40234375, 4.0], [0.404296875, 4.0], [0.40625, 4.0], [0.408203125, 4.0], [0.41015625, 4.0], [0.412109375, 4.0], [0.4140625, 4.0], [0.416015625, 4.0], [0.41796875, 4.0], [0.419921875, 4.0], [0.421875, 4.0], [0.423828125, 4.0], [0.42578125, 4.0], [0.427734375, 4.0], [0.4296875, 4.0], [0.431640625, 4.0], [0.43359375, 4.0], [0.435546875, 4.0], [0.4375, 4.0], [0.439453125, 4.0], [0.44140625, 4.0], [0.443359375, 4.0], [0.4453125, 4.0], [0.447265625, 4.0], [0.44921875, 4.0], [0.451171875, 4.0], [0.453125, 4.0], [0.455078125, 4.0], [0.45703125, 4.0], [0.458984375, 4.0], [0.4609375, 4.0], [0.462890625, 4.0], [0.46484375, 4.0], [0.466796875, 4.0], [0.46875, 4.0], [0.470703125, 4.0], [0.47265625, 4.0], [0.474609375, 4.0], [0.4765625, 4.0], [0.478515625, 4.0], [0.48046875, 4.0], [0.482421875, 4.0], [0.484375, 4.0], [0.486328125, 4.0], [0.48828125, 4.0], [0.490234375, 4.0], [0.4921875, 4.0], [0.494140625, 4.0], [0.49609375, 4.0], [0.498046875, 4.0], [0.5, 4.0], [0.501953125, 4.0], [0.50390625, 4.0], [0.505859375, 4.0], [0.5078125, 4.0], [0.509765625, 4.0], [0.51171875, 4.0], [0.513671875, 4.0], [0.515625, 4.0], [0.517578125, 4.0], [0.51953125, 4.0], [0.521484375, 4.0], [0.5234375, 4.0], [0.525390625, 4.0], [0.52734375, 4.0], [0.529296875, 4.0], [0.53125, 4.0], [0.533203125, 4.0], [0.53515625, 4.0], [0.537109375, 4.0], [0.5390625, 4.0], [0.541015625, 4.0], [0.54296875, 4.0], [0.544921875, 4.0], [0.546875, 4.0], [0.548828125, 4.0], [0.55078125, 4.0], [0.552734375, 4.0], [0.5546875, 4.0], [0.556640625, 4.0], [0.55859375, 4.0], [0.560546875, 4.0], [0.5625, 4.0], [0.564453125, 4.0], [0.56640625, 4.0], [0.568359375, 4.0], [0.5703125, 4.0], [0.572265625, 4.0], [0.57421875, 4.0], [0.576171875, 4.0], [0.578125, 4.0], [0.580078125, 4.0], [0.58203125, 4.0], [0.583984375, 4.0], [0.5859375, 4.0], [0.587890625, 4.0], [0.58984375, 4.0], [0.591796875, 4.0], [0.59375, 4.0], [0.595703125, 4.0], [0.59765625, 4.0], [0.599609375, 4.0], [0.6015625, 4.0], [0.603515625, 4.0], [0.60546875, 4.0], [0.607421875, 4.0], [0.609375, 4.0], [0.611328125, 4.0], [0.61328125, 4.0], [0.615234375, 4.0], [0.6171875, 4.0], [0.619140625, 4.0], [0.62109375, 4.0], [0.623046875, 4.0], [0.625, 4.0], [0.626953125, 4.0], [0.62890625, 4.0], [0.630859375, 4.0], [0.6328125, 4.0], [0.634765625, 4.0], [0.63671875, 4.0], [0.638671875, 4.0], [0.640625, 4.0], [0.642578125, 4.0], [0.64453125, 4.0], [0.646484375, 4.0], [0.6484375, 4.0], [0.650390625, 4.0], [0.65234375, 4.0], [0.654296875, 4.0], [0.65625, 4.0], [0.658203125, 4.0], [0.66015625, 4.0], [0.662109375, 4.0], [0.6640625, 4.0], [0.666015625, 4.0], [0.66796875, 4.0], [0.669921875, 4.0], [0.671875, 4.0], [0.673828125, 4.0], [0.67578125, 4.0], [0.677734375, 4.0], [0.6796875, 4.0], [0.681640625, 4.0], [0.68359375, 4.0], [0.685546875, 4.0], [0.6875, 4.0], [0.689453125, 4.0], [0.69140625, 4.0], [0.693359375, 4.0], [0.6953125, 4.0], [0.697265625, 4.0], [0.69921875, 4.0], [0.701171875, 4.0], [0.703125, 4.0], [0.705078125, 4.0], [0.70703125, 4.0], [0.708984375, 4.0], [0.7109375, 4.0], [0.712890625, 4.0], [0.71484375, 4.0], [0.716796875, 4.0], [0.71875, 4.0], [0.720703125, 4.0], [0.72265625, 4.0], [0.724609375, 4.0], [0.7265625, 4.0], [0.728515625, 4.0], [0.73046875, 4.0], [0.732421875, 4.0], [0.734375, 4.0], [0.736328125, 4.0], [0.73828125, 4.0], [0.740234375, 4.0], [0.7421875, 4.0], [0.744140625, 4.0], [0.74609375, 4.0], [0.748046875, 4.0], [0.75, 4.0], [0.751953125, 4.0], [0.75390625, 4.0], [0.755859375, 4.0], [0.7578125, 4.0], [0.759765625, 4.0], [0.76171875, 4.0], [0.763671875, 4.0], [0.765625, 4.0], [0.767578125, 4.0], [0.76953125, 4.0], [0.771484375, 4.0], [0.7734375, 4.0], [0.775390625, 4.0], [0.77734375, 4.0], [0.779296875, 4.0], [0.78125, 4.0], [0.783203125, 4.0], [0.78515625, 4.0], [0.787109375, 4.0], [0.7890625, 4.0], [0.791015625, 4.0], [0.79296875, 4.0], [0.794921875, 4.0], [0.796875, 4.0], [0.798828125, 4.0], [0.80078125, 4.0], [0.802734375, 4.0], [0.8046875, 4.0], [0.806640625, 4.0], [0.80859375, 4.0], [0.810546875, 4.0], [0.8125, 4.0], [0.814453125, 4.0], [0.81640625, 4.0], [0.818359375, 4.0], [0.8203125, 4.0], [0.822265625, 4.0], [0.82421875, 4.0], [0.826171875, 4.0], [0.828125, 4.0], [0.830078125, 4.0], [0.83203125, 4.0], [0.833984375, 4.0], [0.8359375, 4.0], [0.837890625, 4.0], [0.83984375, 4.0], [0.841796875, 4.0], [0.84375, 4.0], [0.845703125, 4.0], [0.84765625, 4.0], [0.849609375, 4.0], [0.8515625, 4.0], [0.853515625, 4.0], [0.85546875, 4.0], [0.857421875, 4.0], [0.859375, 4.0], [0.861328125, 4.0], [0.86328125, 4.0], [0.865234375, 4.0], [0.8671875, 4.0], [0.869140625, 4.0], [0.87109375, 4.0], [0.873046875, 4.0], [0.875, 4.0], [0.876953125, 4.0], [0.87890625, 4.0], [0.880859375, 4.0], [0.8828125, 4.0], [0.884765625, 4.0], [0.88671875, 4.0], [0.888671875, 4.0], [0.890625, 4.0], [0.892578125, 4.0], [0.89453125, 4.0], [0.896484375, 4.0], [0.8984375, 4.0], [0.900390625, 4.0], [0.90234375, 4.0], [0.904296875, 4.0], [0.90625, 4.0], [0.908203125, 4.0], [0.91015625, 4.0], [0.912109375, 4.0], [0.9140625, 4.0], [0.916015625, 4.0], [0.91796875, 4.0], [0.919921875, 4.0], [0.921875, 4.0], [0.923828125, 4.0], [0.92578125, 4.0], [0.927734375, 4.0], [0.9296875, 4.0], [0.931640625, 4.0], [0.93359375, 4.0], [0.935546875, 4.0], [0.9375, 4.0], [0.939453125, 4.0], [0.94140625, 4.0], [0.943359375, 4.0], [0.9453125, 4.0], [0.947265625, 4.0], [0.94921875, 4.0], [0.951171875, 4.0], [0.953125, 4.0], [0.955078125, 4.0], [0.95703125, 4.0], [0.958984375, 4.0], [0.9609375, 4.0], [0.962890625, 4.0], [0.96484375, 4.0], [0.966796875, 4.0], [0.96875, 4.0], [0.970703125, 4.0], [0.97265625, 4.0], [0.974609375, 4.0], [0.9765625, 4.0], [0.978515625, 4.0], [0.98046875, 4.0], [0.982421875, 4.0], [0.984375, 4.0], [0.986328125, 4.0], [0.98828125, 4.0], [0.990234375, 4.0], [0.9921875, 4.0], [0.994140625, 4.0], [0.99609375, 4.0], [0.998046875, 4.0], [1.0, 4.0], [1.0, 4.001953125], [1.0, 4.00390625], [1.0, 4.005859375], [1.0, 4.0078125], [1.0, 4.009765625], [1.0, 4.01171875], [1.0, 4.013671875], [1.0, 4.015625], [1.0, 4.017578125], [1.0, 4.01953125], [1.0, 4.021484375], [1.0, 4.0234375], [1.0, 4.025390625], [1.0, 4.02734375], [1.0, 4.029296875], [1.0, 4.03125], [1.0, 4.033203125], [1.0, 4.03515625], [1.0, 4.037109375], [1.0, 4.0390625], [1.0, 4.041015625], [1.0, 4.04296875], [1.0, 4.044921875], [1.0, 4.046875], [1.0, 4.048828125], [1.0, 4.05078125], [1.0, 4.052734375], [1.0, 4.0546875], [1.0, 4.056640625], [1.0, 4.05859375], [1.0, 4.060546875], [1.0, 4.0625], [1.0, 4.064453125], [1.0, 4.06640625], [1.0, 4.068359375], [1.0, 4.0703125], [1.0, 4.072265625], [1.0, 4.07421875], [1.0, 4.076171875], [1.0, 4.078125], [1.0, 4.080078125], [1.0, 4.08203125], [1.0, 4.083984375], [1.0, 4.0859375], [1.0, 4.087890625], [1.0, 4.08984375], [1.0, 4.091796875], [1.0, 4.09375], [1.0, 4.095703125], [1.0, 4.09765625], [1.0, 4.099609375], [1.0, 4.1015625], [1.0, 4.103515625], [1.0, 4.10546875], [1.0, 4.107421875], [1.0, 4.109375], [1.0, 4.111328125], [1.0, 4.11328125], [1.0, 4.115234375], [1.0, 4.1171875], [1.0, 4.119140625], [1.0, 4.12109375], [1.0, 4.123046875], [1.0, 4.125], [1.0, 4.126953125], [1.0, 4.12890625], [1.0, 4.130859375], [1.0, 4.1328125], [1.0, 4.134765625], [1.0, 4.13671875], [1.0, 4.138671875], [1.0, 4.140625], [1.0, 4.142578125], [1.0, 4.14453125], [1.0, 4.146484375], [1.0, 4.1484375], [1.0, 4.150390625], [1.0, 4.15234375], [1.0, 4.154296875], [1.0, 4.15625], [1.0, 4.158203125], [1.0, 4.16015625], [1.0, 4.162109375], [1.0, 4.1640625], [1.0, 4.166015625], [1.0, 4.16796875], [1.0, 4.169921875], [1.0, 4.171875], [1.0, 4.173828125], [1.0, 4.17578125], [1.0, 4.177734375], [1.0, 4.1796875], [1.0, 4.181640625], [1.0, 4.18359375], [1.0, 4.185546875], [1.0, 4.1875], [1.0, 4.189453125], [1.0, 4.19140625], [1.0, 4.193359375], [1.0, 4.1953125], [1.0, 4.197265625], [1.0, 4.19921875], [1.0, 4.201171875], [1.0, 4.203125], [1.0, 4.205078125], [1.0, 4.20703125], [1.0, 4.208984375], [1.0, 4.2109375], [1.0, 4.212890625], [1.0, 4.21484375], [1.0, 4.216796875], [1.0, 4.21875], [1.0, 4.220703125], [1.0, 4.22265625], [1.0, 4.224609375], [1.0, 4.2265625], [1.0, 4.228515625], [1.0, 4.23046875], [1.0, 4.232421875], [1.0, 4.234375], [1.0, 4.236328125], [1.0, 4.23828125], [1.0, 4.240234375], [1.0, 4.2421875], [1.0, 4.244140625], [1.0, 4.24609375], [1.0, 4.248046875], [1.0, 4.25], [1.0, 4.251953125], [1.0, 4.25390625], [1.0, 4.255859375], [1.0, 4.2578125], [1.0, 4.259765625], [1.0, 4.26171875], [1.0, 4.263671875], [1.0, 4.265625], [1.0, 4.267578125], [1.0, 4.26953125], [1.0, 4.271484375], [1.0, 4.2734375], [1.0, 4.275390625], [1.0, 4.27734375], [1.0, 4.279296875], [1.0, 4.28125], [1.0, 4.283203125], [1.0, 4.28515625], [1.0, 4.287109375], [1.0, 4.2890625], [1.0, 4.291015625], [1.0, 4.29296875], [1.0, 4.294921875], [1.0, 4.296875], [1.0, 4.298828125], [1.0, 4.30078125], [1.0, 4.302734375], [1.0, 4.3046875], [1.0, 4.306640625], [1.0, 4.30859375], [1.0, 4.310546875], [1.0, 4.3125], [1.0, 4.314453125], [1.0, 4.31640625], [1.0, 4.318359375], [1.0, 4.3203125], [1.0, 4.322265625], [1.0, 4.32421875], [1.0, 4.326171875], [1.0, 4.328125], [1.0, 4.330078125], [1.0, 4.33203125], [1.0, 4.333984375], [1.0, 4.3359375], [1.0, 4.337890625], [1.0, 4.33984375], [1.0, 4.341796875], [1.0, 4.34375], [1.0, 4.345703125], [1.0, 4.34765625], [1.0, 4.349609375], [1.0, 4.3515625], [1.0, 4.353515625], [1.0, 4.35546875], [1.0, 4.357421875], [1.0, 4.359375], [1.0, 4.361328125], [1.0, 4.36328125], [1.0, 4.365234375], [1.0, 4.3671875], [1.0, 4.369140625], [1.0, 4.37109375], [1.0, 4.373046875], [1.0, 4.375], [1.0, 4.376953125], [1.0, 4.37890625], [1.0, 4.380859375], [1.0, 4.3828125], [1.0, 4.384765625], [1.0, 4.38671875], [1.0, 4.388671875], [1.0, 4.390625], [1.0, 4.392578125], [1.0, 4.39453125], [1.0, 4.396484375], [1.0, 4.3984375], [1.0, 4.400390625], [1.0, 4.40234375], [1.0, 4.404296875], [1.0, 4.40625], [1.0, 4.408203125], [1.0, 4.41015625], [1.0, 4.412109375], [1.0, 4.4140625], [1.0, 4.416015625], [1.0, 4.41796875], [1.0, 4.419921875], [1.0, 4.421875], [1.0, 4.423828125], [1.0, 4.42578125], [1.0, 4.427734375], [1.0, 4.4296875], [1.0, 4.431640625], [1.0, 4.43359375], [1.0, 4.435546875], [1.0, 4.4375], [1.0, 4.439453125], [1.0, 4.44140625], [1.0, 4.443359375], [1.0, 4.4453125], [1.0, 4.447265625], [1.0, 4.44921875], [1.0, 4.451171875], [1.0, 4.453125], [1.0, 4.455078125], [1.0, 4.45703125], [1.0, 4.458984375], [1.0, 4.4609375], [1.0, 4.462890625], [1.0, 4.46484375], [1.0, 4.466796875], [1.0, 4.46875], [1.0, 4.470703125], [1.0, 4.47265625], [1.0, 4.474609375], [1.0, 4.4765625], [1.0, 4.478515625], [1.0, 4.48046875], [1.0, 4.482421875], [1.0, 4.484375], [1.0, 4.486328125], [1.0, 4.48828125], [1.0, 4.490234375], [1.0, 4.4921875], [1.0, 4.494140625], [1.0, 4.49609375], [1.0, 4.498046875], [1.0, 4.5], [1.0, 4.501953125], [1.0, 4.50390625], [1.0, 4.505859375], [1.0, 4.5078125], [1.0, 4.509765625], [1.0, 4.51171875], [1.0, 4.513671875], [1.0, 4.515625], [1.0, 4.517578125], [1.0, 4.51953125], [1.0, 4.521484375], [1.0, 4.5234375], [1.0, 4.525390625], [1.0, 4.52734375], [1.0, 4.529296875], [1.0, 4.53125], [1.0, 4.533203125], [1.0, 4.53515625], [1.0, 4.537109375], [1.0, 4.5390625], [1.0, 4.541015625], [1.0, 4.54296875], [1.0, 4.544921875], [1.0, 4.546875], [1.0, 4.548828125], [1.0, 4.55078125], [1.0, 4.552734375], [1.0, 4.5546875], [1.0, 4.556640625], [1.0, 4.55859375], [1.0, 4.560546875], [1.0, 4.5625], [1.0, 4.564453125], [1.0, 4.56640625], [1.0, 4.568359375], [1.0, 4.5703125], [1.0, 4.572265625], [1.0, 4.57421875], [1.0, 4.576171875], [1.0, 4.578125], [1.0, 4.580078125], [1.0, 4.58203125], [1.0, 4.583984375], [1.0, 4.5859375], [1.0, 4.587890625], [1.0, 4.58984375], [1.0, 4.591796875], [1.0, 4.59375], [1.0, 4.595703125], [1.0, 4.59765625], [1.0, 4.599609375], [1.0, 4.6015625], [1.0, 4.603515625], [1.0, 4.60546875], [1.0, 4.607421875], [1.0, 4.609375], [1.0, 4.611328125], [1.0, 4.61328125], [1.0, 4.615234375], [1.0, 4.6171875], [1.0, 4.619140625], [1.0, 4.62109375], [1.0, 4.623046875], [1.0, 4.625], [1.0, 4.626953125], [1.0, 4.62890625], [1.0, 4.630859375], [1.0, 4.6328125], [1.0, 4.634765625], [1.0, 4.63671875], [1.0, 4.638671875], [1.0, 4.640625], [1.0, 4.642578125], [1.0, 4.64453125], [1.0, 4.646484375], [1.0, 4.6484375], [1.0, 4.650390625], [1.0, 4.65234375], [1.0, 4.654296875], [1.0, 4.65625], [1.0, 4.658203125], [1.0, 4.66015625], [1.0, 4.662109375], [1.0, 4.6640625], [1.0, 4.666015625], [1.0, 4.66796875], [1.0, 4.669921875], [1.0, 4.671875], [1.0, 4.673828125], [1.0, 4.67578125], [1.0, 4.677734375], [1.0, 4.6796875], [1.0, 4.681640625], [1.0, 4.68359375], [1.0, 4.685546875], [1.0, 4.6875], [1.0, 4.689453125], [1.0, 4.69140625], [1.0, 4.693359375], [1.0, 4.6953125], [1.0, 4.697265625], [1.0, 4.69921875], [1.0, 4.701171875], [1.0, 4.703125], [1.0, 4.705078125], [1.0, 4.70703125], [1.0, 4.708984375], [1.0, 4.7109375], [1.0, 4.712890625], [1.0, 4.71484375], [1.0, 4.716796875], [1.0, 4.71875], [1.0, 4.720703125], [1.0, 4.72265625], [1.0, 4.724609375], [1.0, 4.7265625], [1.0, 4.728515625], [1.0, 4.73046875], [1.0, 4.732421875], [1.0, 4.734375], [1.0, 4.736328125], [1.0, 4.73828125], [1.0, 4.740234375], [1.0, 4.7421875], [1.0, 4.744140625], [1.0, 4.74609375], [1.0, 4.748046875], [1.0, 4.75], [1.0, 4.751953125], [1.0, 4.75390625], [1.0, 4.755859375], [1.0, 4.7578125], [1.0, 4.759765625], [1.0, 4.76171875], [1.0, 4.763671875], [1.0, 4.765625], [1.0, 4.767578125], [1.0, 4.76953125], [1.0, 4.771484375], [1.0, 4.7734375], [1.0, 4.775390625], [1.0, 4.77734375], [1.0, 4.779296875], [1.0, 4.78125], [1.0, 4.783203125], [1.0, 4.78515625], [1.0, 4.787109375], [1.0, 4.7890625], [1.0, 4.791015625], [1.0, 4.79296875], [1.0, 4.794921875], [1.0, 4.796875], [1.0, 4.798828125], [1.0, 4.80078125], [1.0, 4.802734375], [1.0, 4.8046875], [1.0, 4.806640625], [1.0, 4.80859375], [1.0, 4.810546875], [1.0, 4.8125], [1.0, 4.814453125], [1.0, 4.81640625], [1.0, 4.818359375], [1.0, 4.8203125], [1.0, 4.822265625], [1.0, 4.82421875], [1.0, 4.826171875], [1.0, 4.828125], [1.0, 4.830078125], [1.0, 4.83203125], [1.0, 4.833984375], [1.0, 4.8359375], [1.0, 4.837890625], [1.0, 4.83984375], [1.0, 4.841796875], [1.0, 4.84375], [1.0, 4.845703125], [1.0, 4.84765625], [1.0, 4.849609375], [1.0, 4.8515625], [1.0, 4.853515625], [1.0, 4.85546875], [1.0, 4.857421875], [1.0, 4.859375], [1.0, 4.861328125], [1.0, 4.86328125], [1.0, 4.865234375], [1.0, 4.8671875], [1.0, 4.869140625], [1.0, 4.87109375], [1.0, 4.873046875], [1.0, 4.875], [1.0, 4.876953125], [1.0, 4.87890625], [1.0, 4.880859375], [1.0, 4.8828125], [1.0, 4.884765625], [1.0, 4.88671875], [1.0, 4.888671875], [1.0, 4.890625], [1.0, 4.892578125], [1.0, 4.89453125], [1.0, 4.896484375], [1.0, 4.8984375], [1.0, 4.900390625], [1.0, 4.90234375], [1.0, 4.904296875], [1.0, 4.90625], [1.0, 4.908203125], [1.0, 4.91015625], [1.0, 4.912109375], [1.0, 4.9140625], [1.0, 4.916015625], [1.0, 4.91796875], [1.0, 4.919921875], [1.0, 4.921875], [1.0, 4.923828125], [1.0, 4.92578125], [1.0, 4.927734375], [1.0, 4.9296875], [1.0, 4.931640625], [1.0, 4.93359375], [1.0, 4.935546875], [1.0, 4.9375], [1.0, 4.939453125], [1.0, 4.94140625], [1.0, 4.943359375], [1.0, 4.9453125], [1.0, 4.947265625], [1.0, 4.94921875], [1.0, 4.951171875], [1.0, 4.953125], [1.0, 4.955078125], [1.0, 4.95703125], [1.0, 4.958984375], [1.0, 4.9609375], [1.0, 4.962890625], [1.0, 4.96484375], [1.0, 4.966796875], [1.0, 4.96875], [1.0, 4.970703125], [1.0, 4.97265625], [1.0, 4.974609375], [1.0, 4.9765625], [1.0, 4.978515625], [1.0, 4.98046875], [1.0, 4.982421875], [1.0, 4.984375], [1.0, 4.986328125], [1.0, 4.98828125], [1.0, 4.990234375], [1.0, 4.9921875], [1.0, 4.994140625], [1.0, 4.99609375], [1.0, 4.998046875], [1.0, 5.0], [0.998046875, 5.0], [0.99609375, 5.0], [0.994140625, 5.0], [0.9921875, 5.0], [0.990234375, 5.0], [0.98828125, 5.0], [0.986328125, 5.0], [0.984375, 5.0], [0.982421875, 5.0], [0.98046875, 5.0], [0.978515625, 5.0], [0.9765625, 5.0], [0.974609375, 5.0], [0.97265625, 5.0], [0.970703125, 5.0], [0.96875, 5.0], [0.966796875, 5.0], [0.96484375, 5.0], [0.962890625, 5.0], [0.9609375, 5.0], [0.958984375, 5.0], [0.95703125, 5.0], [0.955078125, 5.0], [0.953125, 5.0], [0.951171875, 5.0], [0.94921875, 5.0], [0.947265625, 5.0], [0.9453125, 5.0], [0.943359375, 5.0], [0.94140625, 5.0], [0.939453125, 5.0], [0.9375, 5.0], [0.935546875, 5.0], [0.93359375, 5.0], [0.931640625, 5.0], [0.9296875, 5.0], [0.927734375, 5.0], [0.92578125, 5.0], [0.923828125, 5.0], [0.921875, 5.0], [0.919921875, 5.0], [0.91796875, 5.0], [0.916015625, 5.0], [0.9140625, 5.0], [0.912109375, 5.0], [0.91015625, 5.0], [0.908203125, 5.0], [0.90625, 5.0], [0.904296875, 5.0], [0.90234375, 5.0], [0.900390625, 5.0], [0.8984375, 5.0], [0.896484375, 5.0], [0.89453125, 5.0], [0.892578125, 5.0], [0.890625, 5.0], [0.888671875, 5.0], [0.88671875, 5.0], [0.884765625, 5.0], [0.8828125, 5.0], [0.880859375, 5.0], [0.87890625, 5.0], [0.876953125, 5.0], [0.875, 5.0], [0.873046875, 5.0], [0.87109375, 5.0], [0.869140625, 5.0], [0.8671875, 5.0], [0.865234375, 5.0], [0.86328125, 5.0], [0.861328125, 5.0], [0.859375, 5.0], [0.857421875, 5.0], [0.85546875, 5.0], [0.853515625, 5.0], [0.8515625, 5.0], [0.849609375, 5.0], [0.84765625, 5.0], [0.845703125, 5.0], [0.84375, 5.0], [0.841796875, 5.0], [0.83984375, 5.0], [0.837890625, 5.0], [0.8359375, 5.0], [0.833984375, 5.0], [0.83203125, 5.0], [0.830078125, 5.0], [0.828125, 5.0], [0.826171875, 5.0], [0.82421875, 5.0], [0.822265625, 5.0], [0.8203125, 5.0], [0.818359375, 5.0], [0.81640625, 5.0], [0.814453125, 5.0], [0.8125, 5.0], [0.810546875, 5.0], [0.80859375, 5.0], [0.806640625, 5.0], [0.8046875, 5.0], [0.802734375, 5.0], [0.80078125, 5.0], [0.798828125, 5.0], [0.796875, 5.0], [0.794921875, 5.0], [0.79296875, 5.0], [0.791015625, 5.0], [0.7890625, 5.0], [0.787109375, 5.0], [0.78515625, 5.0], [0.783203125, 5.0], [0.78125, 5.0], [0.779296875, 5.0], [0.77734375, 5.0], [0.775390625, 5.0], [0.7734375, 5.0], [0.771484375, 5.0], [0.76953125, 5.0], [0.767578125, 5.0], [0.765625, 5.0], [0.763671875, 5.0], [0.76171875, 5.0], [0.759765625, 5.0], [0.7578125, 5.0], [0.755859375, 5.0], [0.75390625, 5.0], [0.751953125, 5.0], [0.75, 5.0], [0.748046875, 5.0], [0.74609375, 5.0], [0.744140625, 5.0], [0.7421875, 5.0], [0.740234375, 5.0], [0.73828125, 5.0], [0.736328125, 5.0], [0.734375, 5.0], [0.732421875, 5.0], [0.73046875, 5.0], [0.728515625, 5.0], [0.7265625, 5.0], [0.724609375, 5.0], [0.72265625, 5.0], [0.720703125, 5.0], [0.71875, 5.0], [0.716796875, 5.0], [0.71484375, 5.0], [0.712890625, 5.0], [0.7109375, 5.0], [0.708984375, 5.0], [0.70703125, 5.0], [0.705078125, 5.0], [0.703125, 5.0], [0.701171875, 5.0], [0.69921875, 5.0], [0.697265625, 5.0], [0.6953125, 5.0], [0.693359375, 5.0], [0.69140625, 5.0], [0.689453125, 5.0], [0.6875, 5.0], [0.685546875, 5.0], [0.68359375, 5.0], [0.681640625, 5.0], [0.6796875, 5.0], [0.677734375, 5.0], [0.67578125, 5.0], [0.673828125, 5.0], [0.671875, 5.0], [0.669921875, 5.0], [0.66796875, 5.0], [0.666015625, 5.0], [0.6640625, 5.0], [0.662109375, 5.0], [0.66015625, 5.0], [0.658203125, 5.0], [0.65625, 5.0], [0.654296875, 5.0], [0.65234375, 5.0], [0.650390625, 5.0], [0.6484375, 5.0], [0.646484375, 5.0], [0.64453125, 5.0], [0.642578125, 5.0], [0.640625, 5.0], [0.638671875, 5.0], [0.63671875, 5.0], [0.634765625, 5.0], [0.6328125, 5.0], [0.630859375, 5.0], [0.62890625, 5.0], [0.626953125, 5.0], [0.625, 5.0], [0.623046875, 5.0], [0.62109375, 5.0], [0.619140625, 5.0], [0.6171875, 5.0], [0.615234375, 5.0], [0.61328125, 5.0], [0.611328125, 5.0], [0.609375, 5.0], [0.607421875, 5.0], [0.60546875, 5.0], [0.603515625, 5.0], [0.6015625, 5.0], [0.599609375, 5.0], [0.59765625, 5.0], [0.595703125, 5.0], [0.59375, 5.0], [0.591796875, 5.0], [0.58984375, 5.0], [0.587890625, 5.0], [0.5859375, 5.0], [0.583984375, 5.0], [0.58203125, 5.0], [0.580078125, 5.0], [0.578125, 5.0], [0.576171875, 5.0], [0.57421875, 5.0], [0.572265625, 5.0], [0.5703125, 5.0], [0.568359375, 5.0], [0.56640625, 5.0], [0.564453125, 5.0], [0.5625, 5.0], [0.560546875, 5.0], [0.55859375, 5.0], [0.556640625, 5.0], [0.5546875, 5.0], [0.552734375, 5.0], [0.55078125, 5.0], [0.548828125, 5.0], [0.546875, 5.0], [0.544921875, 5.0], [0.54296875, 5.0], [0.541015625, 5.0], [0.5390625, 5.0], [0.537109375, 5.0], [0.53515625, 5.0], [0.533203125, 5.0], [0.53125, 5.0], [0.529296875, 5.0], [0.52734375, 5.0], [0.525390625, 5.0], [0.5234375, 5.0], [0.521484375, 5.0], [0.51953125, 5.0], [0.517578125, 5.0], [0.515625, 5.0], [0.513671875, 5.0], [0.51171875, 5.0], [0.509765625, 5.0], [0.5078125, 5.0], [0.505859375, 5.0], [0.50390625, 5.0], [0.501953125, 5.0], [0.5, 5.0], [0.498046875, 5.0], [0.49609375, 5.0], [0.494140625, 5.0], [0.4921875, 5.0], [0.490234375, 5.0], [0.48828125, 5.0], [0.486328125, 5.0], [0.484375, 5.0], [0.482421875, 5.0], [0.48046875, 5.0], [0.478515625, 5.0], [0.4765625, 5.0], [0.474609375, 5.0], [0.47265625, 5.0], [0.470703125, 5.0], [0.46875, 5.0], [0.466796875, 5.0], [0.46484375, 5.0], [0.462890625, 5.0], [0.4609375, 5.0], [0.458984375, 5.0], [0.45703125, 5.0], [0.455078125, 5.0], [0.453125, 5.0], [0.451171875, 5.0], [0.44921875, 5.0], [0.447265625, 5.0], [0.4453125, 5.0], [0.443359375, 5.0], [0.44140625, 5.0], [0.439453125, 5.0], [0.4375, 5.0], [0.435546875, 5.0], [0.43359375, 5.0], [0.431640625, 5.0], [0.4296875, 5.0], [0.427734375, 5.0], [0.42578125, 5.0], [0.423828125, 5.0], [0.421875, 5.0], [0.419921875, 5.0], [0.41796875, 5.0], [0.416015625, 5.0], [0.4140625, 5.0], [0.412109375, 5.0], [0.41015625, 5.0], [0.408203125, 5.0], [0.40625, 5.0], [0.404296875, 5.0], [0.40234375, 5.0], [0.400390625, 5.0], [0.3984375, 5.0], [0.396484375, 5.0], [0.39453125, 5.0], [0.392578125, 5.0], [0.390625, 5.0], [0.388671875, 5.0], [0.38671875, 5.0], [0.384765625, 5.0], [0.3828125, 5.0], [0.380859375, 5.0], [0.37890625, 5.0], [0.376953125, 5.0], [0.375, 5.0], [0.373046875, 5.0], [0.37109375, 5.0], [0.369140625, 5.0], [0.3671875, 5.0], [0.365234375, 5.0], [0.36328125, 5.0], [0.361328125, 5.0], [0.359375, 5.0], [0.357421875, 5.0], [0.35546875, 5.0], [0.353515625, 5.0], [0.3515625, 5.0], [0.349609375, 5.0], [0.34765625, 5.0], [0.345703125, 5.0], [0.34375, 5.0], [0.341796875, 5.0], [0.33984375, 5.0], [0.337890625, 5.0], [0.3359375, 5.0], [0.333984375, 5.0], [0.33203125, 5.0], [0.330078125, 5.0], [0.328125, 5.0], [0.326171875, 5.0], [0.32421875, 5.0], [0.322265625, 5.0], [0.3203125, 5.0], [0.318359375, 5.0], [0.31640625, 5.0], [0.314453125, 5.0], [0.3125, 5.0], [0.310546875, 5.0], [0.30859375, 5.0], [0.306640625, 5.0], [0.3046875, 5.0], [0.302734375, 5.0], [0.30078125, 5.0], [0.298828125, 5.0], [0.296875, 5.0], [0.294921875, 5.0], [0.29296875, 5.0], [0.291015625, 5.0], [0.2890625, 5.0], [0.287109375, 5.0], [0.28515625, 5.0], [0.283203125, 5.0], [0.28125, 5.0], [0.279296875, 5.0], [0.27734375, 5.0], [0.275390625, 5.0], [0.2734375, 5.0], [0.271484375, 5.0], [0.26953125, 5.0], [0.267578125, 5.0], [0.265625, 5.0], [0.263671875, 5.0], [0.26171875, 5.0], [0.259765625, 5.0], [0.2578125, 5.0], [0.255859375, 5.0], [0.25390625, 5.0], [0.251953125, 5.0], [0.25, 5.0], [0.248046875, 5.0], [0.24609375, 5.0], [0.244140625, 5.0], [0.2421875, 5.0], [0.240234375, 5.0], [0.23828125, 5.0], [0.236328125, 5.0], [0.234375, 5.0], [0.232421875, 5.0], [0.23046875, 5.0], [0.228515625, 5.0], [0.2265625, 5.0], [0.224609375, 5.0], [0.22265625, 5.0], [0.220703125, 5.0], [0.21875, 5.0], [0.216796875, 5.0], [0.21484375, 5.0], [0.212890625, 5.0], [0.2109375, 5.0], [0.208984375, 5.0], [0.20703125, 5.0], [0.205078125, 5.0], [0.203125, 5.0], [0.201171875, 5.0], [0.19921875, 5.0], [0.197265625, 5.0], [0.1953125, 5.0], [0.193359375, 5.0], [0.19140625, 5.0], [0.189453125, 5.0], [0.1875, 5.0], [0.185546875, 5.0], [0.18359375, 5.0], [0.181640625, 5.0], [0.1796875, 5.0], [0.177734375, 5.0], [0.17578125, 5.0], [0.173828125, 5.0], [0.171875, 5.0], [0.169921875, 5.0], [0.16796875, 5.0], [0.166015625, 5.0], [0.1640625, 5.0], [0.162109375, 5.0], [0.16015625, 5.0], [0.158203125, 5.0], [0.15625, 5.0], [0.154296875, 5.0], [0.15234375, 5.0], [0.150390625, 5.0], [0.1484375, 5.0], [0.146484375, 5.0], [0.14453125, 5.0], [0.142578125, 5.0], [0.140625, 5.0], [0.138671875, 5.0], [0.13671875, 5.0], [0.134765625, 5.0], [0.1328125, 5.0], [0.130859375, 5.0], [0.12890625, 5.0], [0.126953125, 5.0], [0.125, 5.0], [0.123046875, 5.0], [0.12109375, 5.0], [0.119140625, 5.0], [0.1171875, 5.0], [0.115234375, 5.0], [0.11328125, 5.0], [0.111328125, 5.0], [0.109375, 5.0], [0.107421875, 5.0], [0.10546875, 5.0], [0.103515625, 5.0], [0.1015625, 5.0], [0.099609375, 5.0], [0.09765625, 5.0], [0.095703125, 5.0], [0.09375, 5.0], [0.091796875, 5.0], [0.08984375, 5.0], [0.087890625, 5.0], [0.0859375, 5.0], [0.083984375, 5.0], [0.08203125, 5.0], [0.080078125, 5.0], [0.078125, 5.0], [0.076171875, 5.0], [0.07421875, 5.0], [0.072265625, 5.0], [0.0703125, 5.0], [0.068359375, 5.0], [0.06640625, 5.0], [0.064453125, 5.0], [0.0625, 5.0], [0.060546875, 5.0], [0.05859375, 5.0], [0.056640625, 5.0], [0.0546875, 5.0], [0.052734375, 5.0], [0.05078125, 5.0], [0.048828125, 5.0], [0.046875, 5.0], [0.044921875, 5.0], [0.04296875, 5.0], [0.041015625, 5.0], [0.0390625, 5.0], [0.037109375, 5.0], [0.03515625, 5.0], [0.033203125, 5.0], [0.03125, 5.0], [0.029296875, 5.0], [0.02734375, 5.0], [0.025390625, 5.0], [0.0234375, 5.0], [0.021484375, 5.0], [0.01953125, 5.0], [0.017578125, 5.0], [0.015625, 5.0], [0.013671875, 5.0], [0.01171875, 5.0], [0.009765625, 5.0], [0.0078125, 5.0], [0.005859375, 5.0], [0.00390625, 5.0], [0.001953125, 5.0], [0.0, 5.0], [0.0, 4.998046875], [0.0, 4.99609375], [0.0, 4.994140625], [0.0, 4.9921875], [0.0, 4.990234375], [0.0, 4.98828125], [0.0, 4.986328125], [0.0, 4.984375], [0.0, 4.982421875], [0.0, 4.98046875], [0.0, 4.978515625], [0.0, 4.9765625], [0.0, 4.974609375], [0.0, 4.97265625], [0.0, 4.970703125], [0.0, 4.96875], [0.0, 4.966796875], [0.0, 4.96484375], [0.0, 4.962890625], [0.0, 4.9609375], [0.0, 4.958984375], [0.0, 4.95703125], [0.0, 4.955078125], [0.0, 4.953125], [0.0, 4.951171875], [0.0, 4.94921875], [0.0, 4.947265625], [0.0, 4.9453125], [0.0, 4.943359375], [0.0, 4.94140625], [0.0, 4.939453125], [0.0, 4.9375], [0.0, 4.935546875], [0.0, 4.93359375], [0.0, 4.931640625], [0.0, 4.9296875], [0.0, 4.927734375], [0.0, 4.92578125], [0.0, 4.923828125], [0.0, 4.921875], [0.0, 4.919921875], [0.0, 4.91796875], [0.0, 4.916015625], [0.0, 4.9140625], [0.0, 4.912109375], [0.0, 4.91015625], [0.0, 4.908203125], [0.0, 4.90625], [0.0, 4.904296875], [0.0, 4.90234375], [0.0, 4.900390625], [0.0, 4.8984375], [0.0, 4.896484375], [0.0, 4.89453125], [0.0, 4.892578125], [0.0, 4.890625], [0.0, 4.888671875], [0.0, 4.88671875], [0.0, 4.884765625], [0.0, 4.8828125], [0.0, 4.880859375], [0.0, 4.87890625], [0.0, 4.876953125], [0.0, 4.875], [0.0, 4.873046875], [0.0, 4.87109375], [0.0, 4.869140625], [0.0, 4.8671875], [0.0, 4.865234375], [0.0, 4.86328125], [0.0, 4.861328125], [0.0, 4.859375], [0.0, 4.857421875], [0.0, 4.85546875], [0.0, 4.853515625], [0.0, 4.8515625], [0.0, 4.849609375], [0.0, 4.84765625], [0.0, 4.845703125], [0.0, 4.84375], [0.0, 4.841796875], [0.0, 4.83984375], [0.0, 4.837890625], [0.0, 4.8359375], [0.0, 4.833984375], [0.0, 4.83203125], [0.0, 4.830078125], [0.0, 4.828125], [0.0, 4.826171875], [0.0, 4.82421875], [0.0, 4.822265625], [0.0, 4.8203125], [0.0, 4.818359375], [0.0, 4.81640625], [0.0, 4.814453125], [0.0, 4.8125], [0.0, 4.810546875], [0.0, 4.80859375], [0.0, 4.806640625], [0.0, 4.8046875], [0.0, 4.802734375], [0.0, 4.80078125], [0.0, 4.798828125], [0.0, 4.796875], [0.0, 4.794921875], [0.0, 4.79296875], [0.0, 4.791015625], [0.0, 4.7890625], [0.0, 4.787109375], [0.0, 4.78515625], [0.0, 4.783203125], [0.0, 4.78125], [0.0, 4.779296875], [0.0, 4.77734375], [0.0, 4.775390625], [0.0, 4.7734375], [0.0, 4.771484375], [0.0, 4.76953125], [0.0, 4.767578125], [0.0, 4.765625], [0.0, 4.763671875], [0.0, 4.76171875], [0.0, 4.759765625], [0.0, 4.7578125], [0.0, 4.755859375], [0.0, 4.75390625], [0.0, 4.751953125], [0.0, 4.75], [0.0, 4.748046875], [0.0, 4.74609375], [0.0, 4.744140625], [0.0, 4.7421875], [0.0, 4.740234375], [0.0, 4.73828125], [0.0, 4.736328125], [0.0, 4.734375], [0.0, 4.732421875], [0.0, 4.73046875], [0.0, 4.728515625], [0.0, 4.7265625], [0.0, 4.724609375], [0.0, 4.72265625], [0.0, 4.720703125], [0.0, 4.71875], [0.0, 4.716796875], [0.0, 4.71484375], [0.0, 4.712890625], [0.0, 4.7109375], [0.0, 4.708984375], [0.0, 4.70703125], [0.0, 4.705078125], [0.0, 4.703125], [0.0, 4.701171875], [0.0, 4.69921875], [0.0, 4.697265625], [0.0, 4.6953125], [0.0, 4.693359375], [0.0, 4.69140625], [0.0, 4.689453125], [0.0, 4.6875], [0.0, 4.685546875], [0.0, 4.68359375], [0.0, 4.681640625], [0.0, 4.6796875], [0.0, 4.677734375], [0.0, 4.67578125], [0.0, 4.673828125], [0.0, 4.671875], [0.0, 4.669921875], [0.0, 4.66796875], [0.0, 4.666015625], [0.0, 4.6640625], [0.0, 4.662109375], [0.0, 4.66015625], [0.0, 4.658203125], [0.0, 4.65625], [0.0, 4.654296875], [0.0, 4.65234375], [0.0, 4.650390625], [0.0, 4.6484375], [0.0, 4.646484375], [0.0, 4.64453125], [0.0, 4.642578125], [0.0, 4.640625], [0.0, 4.638671875], [0.0, 4.63671875], [0.0, 4.634765625], [0.0, 4.6328125], [0.0, 4.630859375], [0.0, 4.62890625], [0.0, 4.626953125], [0.0, 4.625], [0.0, 4.623046875], [0.0, 4.62109375], [0.0, 4.619140625], [0.0, 4.6171875], [0.0, 4.615234375], [0.0, 4.61328125], [0.0, 4.611328125], [0.0, 4.609375], [0.0, 4.607421875], [0.0, 4.60546875], [0.0, 4.603515625], [0.0, 4.6015625], [0.0, 4.599609375], [0.0, 4.59765625], [0.0, 4.595703125], [0.0, 4.59375], [0.0, 4.591796875], [0.0, 4.58984375], [0.0, 4.587890625], [0.0, 4.5859375], [0.0, 4.583984375], [0.0, 4.58203125], [0.0, 4.580078125], [0.0, 4.578125], [0.0, 4.576171875], [0.0, 4.57421875], [0.0, 4.572265625], [0.0, 4.5703125], [0.0, 4.568359375], [0.0, 4.56640625], [0.0, 4.564453125], [0.0, 4.5625], [0.0, 4.560546875], [0.0, 4.55859375], [0.0, 4.556640625], [0.0, 4.5546875], [0.0, 4.552734375], [0.0, 4.55078125], [0.0, 4.548828125], [0.0, 4.546875], [0.0, 4.544921875], [0.0, 4.54296875], [0.0, 4.541015625], [0.0, 4.5390625], [0.0, 4.537109375], [0.0, 4.53515625], [0.0, 4.533203125], [0.0, 4.53125], [0.0, 4.529296875], [0.0, 4.52734375], [0.0, 4.525390625], [0.0, 4.5234375], [0.0, 4.521484375], [0.0, 4.51953125], [0.0, 4.517578125], [0.0, 4.515625], [0.0, 4.513671875], [0.0, 4.51171875], [0.0, 4.509765625], [0.0, 4.5078125], [0.0, 4.505859375], [0.0, 4.50390625], [0.0, 4.501953125], [0.0, 4.5], [0.0, 4.498046875], [0.0, 4.49609375], [0.0, 4.494140625], [0.0, 4.4921875], [0.0, 4.490234375], [0.0, 4.48828125], [0.0, 4.486328125], [0.0, 4.484375], [0.0, 4.482421875], [0.0, 4.48046875], [0.0, 4.478515625], [0.0, 4.4765625], [0.0, 4.474609375], [0.0, 4.47265625], [0.0, 4.470703125], [0.0, 4.46875], [0.0, 4.466796875], [0.0, 4.46484375], [0.0, 4.462890625], [0.0, 4.4609375], [0.0, 4.458984375], [0.0, 4.45703125], [0.0, 4.455078125], [0.0, 4.453125], [0.0, 4.451171875], [0.0, 4.44921875], [0.0, 4.447265625], [0.0, 4.4453125], [0.0, 4.443359375], [0.0, 4.44140625], [0.0, 4.439453125], [0.0, 4.4375], [0.0, 4.435546875], [0.0, 4.43359375], [0.0, 4.431640625], [0.0, 4.4296875], [0.0, 4.427734375], [0.0, 4.42578125], [0.0, 4.423828125], [0.0, 4.421875], [0.0, 4.419921875], [0.0, 4.41796875], [0.0, 4.416015625], [0.0, 4.4140625], [0.0, 4.412109375], [0.0, 4.41015625], [0.0, 4.408203125], [0.0, 4.40625], [0.0, 4.404296875], [0.0, 4.40234375], [0.0, 4.400390625], [0.0, 4.3984375], [0.0, 4.396484375], [0.0, 4.39453125], [0.0, 4.392578125], [0.0, 4.390625], [0.0, 4.388671875], [0.0, 4.38671875], [0.0, 4.384765625], [0.0, 4.3828125], [0.0, 4.380859375], [0.0, 4.37890625], [0.0, 4.376953125], [0.0, 4.375], [0.0, 4.373046875], [0.0, 4.37109375], [0.0, 4.369140625], [0.0, 4.3671875], [0.0, 4.365234375], [0.0, 4.36328125], [0.0, 4.361328125], [0.0, 4.359375], [0.0, 4.357421875], [0.0, 4.35546875], [0.0, 4.353515625], [0.0, 4.3515625], [0.0, 4.349609375], [0.0, 4.34765625], [0.0, 4.345703125], [0.0, 4.34375], [0.0, 4.341796875], [0.0, 4.33984375], [0.0, 4.337890625], [0.0, 4.3359375], [0.0, 4.333984375], [0.0, 4.33203125], [0.0, 4.330078125], [0.0, 4.328125], [0.0, 4.326171875], [0.0, 4.32421875], [0.0, 4.322265625], [0.0, 4.3203125], [0.0, 4.318359375], [0.0, 4.31640625], [0.0, 4.314453125], [0.0, 4.3125], [0.0, 4.310546875], [0.0, 4.30859375], [0.0, 4.306640625], [0.0, 4.3046875], [0.0, 4.302734375], [0.0, 4.30078125], [0.0, 4.298828125], [0.0, 4.296875], [0.0, 4.294921875], [0.0, 4.29296875], [0.0, 4.291015625], [0.0, 4.2890625], [0.0, 4.287109375], [0.0, 4.28515625], [0.0, 4.283203125], [0.0, 4.28125], [0.0, 4.279296875], [0.0, 4.27734375], [0.0, 4.275390625], [0.0, 4.2734375], [0.0, 4.271484375], [0.0, 4.26953125], [0.0, 4.267578125], [0.0, 4.265625], [0.0, 4.263671875], [0.0, 4.26171875], [0.0, 4.259765625], [0.0, 4.2578125], [0.0, 4.255859375], [0.0, 4.25390625], [0.0, 4.251953125], [0.0, 4.25], [0.0, 4.248046875], [0.0, 4.24609375], [0.0, 4.244140625], [0.0, 4.2421875], [0.0, 4.240234375], [0.0, 4.23828125], [0.0, 4.236328125], [0.0, 4.234375], [0.0, 4.232421875], [0.0, 4.23046875], [0.0, 4.228515625], [0.0, 4.2265625], [0.0, 4.224609375], [0.0, 4.22265625], [0.0, 4.220703125], [0.0, 4.21875], [0.0, 4.216796875], [0.0, 4.21484375], [0.0, 4.212890625], [0.0, 4.2109375], [0.0, 4.208984375], [0.0, 4.20703125], [0.0, 4.205078125], [0.0, 4.203125], [0.0, 4.201171875], [0.0, 4.19921875], [0.0, 4.197265625], [0.0, 4.1953125], [0.0, 4.193359375], [0.0, 4.19140625], [0.0, 4.189453125], [0.0, 4.1875], [0.0, 4.185546875], [0.0, 4.18359375], [0.0, 4.181640625], [0.0, 4.1796875], [0.0, 4.177734375], [0.0, 4.17578125], [0.0, 4.173828125], [0.0, 4.171875], [0.0, 4.169921875], [0.0, 4.16796875], [0.0, 4.166015625], [0.0, 4.1640625], [0.0, 4.162109375], [0.0, 4.16015625], [0.0, 4.158203125], [0.0, 4.15625], [0.0, 4.154296875], [0.0, 4.15234375], [0.0, 4.150390625], [0.0, 4.1484375], [0.0, 4.146484375], [0.0, 4.14453125], [0.0, 4.142578125], [0.0, 4.140625], [0.0, 4.138671875], [0.0, 4.13671875], [0.0, 4.134765625], [0.0, 4.1328125], [0.0, 4.130859375], [0.0, 4.12890625], [0.0, 4.126953125], [0.0, 4.125], [0.0, 4.123046875], [0.0, 4.12109375], [0.0, 4.119140625], [0.0, 4.1171875], [0.0, 4.115234375], [0.0, 4.11328125], [0.0, 4.111328125], [0.0, 4.109375], [0.0, 4.107421875], [0.0, 4.10546875], [0.0, 4.103515625], [0.0, 4.1015625], [0.0, 4.099609375], [0.0, 4.09765625], [0.0, 4.095703125], [0.0, 4.09375], [0.0, 4.091796875], [0.0, 4.08984375], [0.0, 4.087890625], [0.0, 4.0859375], [0.0, 4.083984375], [0.0, 4.08203125], [0.0, 4.080078125], [0.0, 4.078125], [0.0, 4.076171875], [0.0, 4.07421875], [0.0, 4.072265625], [0.0, 4.0703125], [0.0, 4.068359375], [0.0, 4.06640625], [0.0, 4.064453125], [0.0, 4.0625], [0.0, 4.060546875], [0.0, 4.05859375], [0.0, 4.056640625], [0.0, 4.0546875], [0.0, 4.052734375], [0.0, 4.05078125], [0.0, 4.048828125], [0.0, 4.046875], [0.0, 4.044921875], [0.0, 4.04296875], [0.0, 4.041015625], [0.0, 4.0390625], [0.0, 4.037109375], [0.0, 4.03515625], [0.0, 4.033203125], [0.0, 4.03125], [0.0, 4.029296875], [0.0, 4.02734375], [0.0, 4.025390625], [0.0, 4.0234375], [0.0, 4.021484375], [0.0, 4.01953125], [0.0, 4.017578125], [0.0, 4.015625], [0.0, 4.013671875], [0.0, 4.01171875], [0.0, 4.009765625], [0.0, 4.0078125], [0.0, 4.005859375], [0.0, 4.00390625], [0.0, 4.001953125], [0, 4]]]}}, {"type": "Feature", "id": "c1-4", "properties": {"id": "c1-4", "name": "cell 1,4", "value": 2.6305}, "geometry": {"type": "Polygon", "coordinates": [[[1.0, 4.0], [1.001953125, 4.0], [1.00390625, 4.0], [1.005859375, 4.0], [1.0078125, 4.0], [1.009765625, 4.0], [1.01171875, 4.0], [1.013671875, 4.0], [1.015625, 4.0], [1.017578125, 4.0], [1.01953125, 4.0], [1.021484375, 4.0], [1.0234375, 4.0], [1.025390625, 4.0], [1.02734375, 4.0], [1.029296875, 4.0], [1.03125, 4.0], [1.033203125, 4.0], [1.03515625, 4.0], [1.037109375, 4.0], [1.0390625, 4.0], [1.041015625, 4.0], [1.04296875, 4.0], [1.044921875, 4.0], [1.046875, 4.0], [1.048828125, 4.0], [1.05078125, 4.0], [1.052734375, 4.0], [1.0546875, 4.0], [1.056640625, 4.0], [1.05859375, 4.0], [1.060546875, 4.0], [1.0625, 4.0], [1.064453125, 4.0], [1.06640625, 4.0], [1.068359375, 4.0], [1.0703125, 4.0], [1.072265625, 4.0], [1.07421875, 4.0], [1.076171875, 4.0], [1.078125, 4.0], [1.080078125, 4.0], [1.08203125, 4.0], [1.083984375, 4.0], [1.0859375, 4.0], [1.087890625, 4.0], [1.08984375, 4.0], [1.091796875, 4.0], [1.09375, 4.0], [1.095703125, 4.0], [1.09765625, 4.0], [1.099609375, 4.0], [1.1015625, 4.0], [1.103515625, 4.0], [1.10546875, 4.0], [1.107421875, 4.0], [1.109375, 4.0], [1.111328125, 4.0], [1.11328125, 4.0], [1.115234375, 4.0], [1.1171875, 4.0], [1.119140625, 4.0], [1.12109375, 4.0], [1.123046875, 4.0], [1.125, 4.0], [1.126953125, 4.0], [1.12890625, 4.0], [1.130859375, 4.0], [1.1328125, 4.0], [1.134765625, 4.0], [1.13671875, 4.0], [1.138671875, 4.0], [1.140625, 4.0], [1.142578125, 4.0], [1.14453125, 4.0], [1.146484375, 4.0], [1.1484375, 4.0], [1.150390625, 4.0], [1.15234375, 4.0], [1.154296875, 4.0], [1.15625, 4.0], [1.158203125, 4.0], [1.16015625, 4.0], [1.162109375, 4.0], [1.1640625, 4.0], [1.166015625, 4.0], [1.16796875, 4.0], [1.169921875, 4.0], [1.171875, 4.0], [1.173828125, 4.0], [1.17578125, 4.0], [1.177734375, 4.0], [1.1796875, 4.0], [1.181640625, 4.0], [1.18359375, 4.0], [1.185546875, 4.0], [1.1875, 4.0], [1.189453125, 4.0], [1.19140625, 4.0], [1.193359375, 4.0], [1.1953125, 4.0], [1.197265625, 4.0], [1.19921875, 4.0], [1.201171875, 4.0], [1.203125, 4.0], [1.205078125, 4.0], [1.20703125, 4.0], [1.208984375, 4.0], [1.2109375, 4.0], [1.212890625, 4.0], [1.21484375, 4.0], [1.216796875, 4.0], [1.21875, 4.0], [1.220703125, 4.0], [1.22265625, 4.0], [1.224609375, 4.0], [1.2265625, 4.0], [1.228515625, 4.0], [1.23046875, 4.0], [1.232421875, 4.0], [1.234375, 4.0], [1.236328125, 4.0], [1.23828125, 4.0], [1.240234375, 4.0], [1.2421875, 4.0], [1.244140625, 4.0], [1.24609375, 4.0], [1.248046875, 4.0], [1.25, 4.0], [1.251953125, 4.0], [1.25390625, 4.0], [1.255859375, 4.0], [1.2578125, 4.0], [1.259765625, 4.0], [1.26171875, 4.0], [1.263671875, 4.0], [1.265625, 4.0], [1.267578125, 4.0], [1.26953125, 4.0], [1.271484375, 4.0], [1.2734375, 4.0], [1.275390625, 4.0], [1.27734375, 4.0], [1.279296875, 4.0], [1.28125, 4.0], [1.283203125, 4.0], [1.28515625, 4.0], [1.287109375, 4.0], [1.2890625, 4.0], [1.291015625, 4.0], [1.29296875, 4.0], [1.294921875, 4.0], [1.296875, 4.0], [1.298828125, 4.0], [1.30078125, 4.0], [1.302734375, 4.0], [1.3046875, 4.0], [1.306640625, 4.0], [1.30859375, 4.0], [1.310546875, 4.0], [1.3125, 4.0], [1.314453125, 4.0], [1.31640625, 4.0], [1.318359375, 4.0], [1.3203125, 4.0], [1.322265625, 4.0], [1.32421875, 4.0], [1.326171875, 4.0], [1.328125, 4.0], [1.330078125, 4.0], [1.33203125, 4.0], [1.333984375, 4.0], [1.3359375, 4.0], [1.337890625, 4.0], [1.33984375, 4.0], [1.341796875, 4.0], [1.34375, 4.0], [1.345703125, 4.0], [1.34765625, 4.0], [1.349609375, 4.0], [1.3515625, 4.0], [1.353515625, 4.0], [1.35546875, 4.0], [1.357421875, 4.0], [1.359375, 4.0], [1.361328125, 4.0], [1.36328125, 4.0], [1.365234375, 4.0], [1.3671875, 4.0], [1.369140625, 4.0], [1.37109375, 4.0], [1.373046875, 4.0], [1.375, 4.0], [1.376953125, 4.0], [1.37890625, 4.0], [1.380859375, 4.0], [1.3828125, 4.0], [1.384765625, 4.0], [1.38671875, 4.0], [1.388671875, 4.0], [1.390625, 4.0], [1.392578125, 4.0], [1.39453125, 4.0], [1.396484375, 4.0], [1.3984375, 4.0], [1.400390625, 4.0], [1.40234375, 4.0], [1.404296875, 4.0], [1.40625, 4.0], [1.408203125, 4.0], [1.41015625, 4.0], [1.412109375, 4.0], [1.4140625, 4.0], [1.416015625, 4.0], [1.41796875, 4.0], [1.419921875, 4.0], [1.421875, 4.0], [1.423828125, 4.0], [1.42578125, 4.0], [1.427734375, 4.0], [1.4296875, 4.0], [1.431640625, 4.0], [1.43359375, 4.0], [1.435546875, 4.0], [1.4375, 4.0], [1.439453125, 4.0], [1.44140625, 4.0], [1.443359375, 4.0], [1.4453125, 4.0], [1.447265625, 4.0], [1.44921875, 4.0], [1.451171875, 4.0], [1.453125, 4.0], [1.455078125, 4.0], [1.45703125, 4.0], [1.458984375, 4.0], [1.4609375, 4.0], [1.462890625, 4.0], [1.46484375, 4.0], [1.466796875, 4.0], [1.46875, 4.0], [1.470703125, 4.0], [1.47265625, 4.0], [1.474609375, 4.0], [1.4765625, 4.0], [1.478515625, 4.0], [1.48046875, 4.0], [1.482421875, 4.0], [1.484375, 4.0], [1.486328125, 4.0], [1.48828125, 4.0], [1.490234375, 4.0], [1.4921875, 4.0], [1.494140625, 4.0], [1.49609375, 4.0], [1.498046875, 4.0], [1.5, 4.0], [1.501953125, 4.0], [1.50390625, 4.0], [1.505859375, 4.0], [1.5078125, 4.0], [1.509765625, 4.0], [1.51171875, 4.0], [1.513671875, 4.0], [1.515625, 4.0], [1.517578125, 4.0], [1.51953125, 4.0], [1.521484375, 4.0], [1.5234375, 4.0], [1.525390625, 4.0], [1.52734375, 4.0], [1.529296875, 4.0], [1.53125, 4.0], [1.533203125, 4.0], [1.53515625, 4.0], [1.537109375, 4.0], [1.5390625, 4.0], [1.541015625, 4.0], [1.54296875, 4.0], [1.544921875, 4.0], [1.546875, 4.0], [1.548828125, 4.0], [1.55078125, 4.0], [1.552734375, 4.0], [1.5546875, 4.0], [1.556640625, 4.0], [1.55859375, 4.0], [1.560546875, 4.0], [1.5625, 4.0], [1.564453125, 4.0], [1.56640625, 4.0], [1.568359375, 4.0], [1.5703125, 4.0], [1.572265625, 4.0], [1.57421875, 4.0], [1.576171875, 4.0], [1.578125, 4.0], [1.580078125, 4.0], [1.58203125, 4.0], [1.583984375, 4.0], [1.5859375, 4.0], [1.587890625, 4.0], [1.58984375, 4.0], [1.591796875, 4.0], [1.59375, 4.0], [1.595703125, 4.0], [1.59765625, 4.0], [1.599609375, 4.0], [1.6015625, 4.0], [1.603515625, 4.0], [1.60546875, 4.0], [1.607421875, 4.0], [1.609375, 4.0], [1.611328125, 4.0], [1.61328125, 4.0], [1.615234375, 4.0], [1.6171875, 4.0], [1.619140625, 4.0], [1.62109375, 4.0], [1.623046875, 4.0], [1.625, 4.0], [1.626953125, 4.0], [1.62890625, 4.0], [1.630859375, 4.0], [1.6328125, 4.0], [1.634765625, 4.0], [1.63671875, 4.0], [1.638671875, 4.0], [1.640625, 4.0], [1.642578125, 4.0], [1.64453125, 4.0], [1.646484375, 4.0], [1.6484375, 4.0], [1.650390625, 4.0], [1.65234375, 4.0], [1.654296875, 4.0], [1.65625, 4.0], [1.658203125, 4.0], [1.66015625, 4.0], [1.662109375, 4.0], [1.6640625, 4.0], [1.666015625, 4.0], [1.66796875, 4.0], [1.669921875, 4.0], [1.671875, 4.0], [1.673828125, 4.0], [1.67578125, 4.0], [1.677734375, 4.0], [1.6796875, 4.0], [1.681640625, 4.0], [1.68359375, 4.0], [1.685546875, 4.0], [1.6875, 4.0], [1.689453125, 4.0], [1.69140625, 4.0], [1.693359375, 4.0], [1.6953125, 4.0], [1.697265625, 4.0], [1.69921875, 4.0], [1.701171875, 4.0], [1.703125, 4.0], [1.705078125, 4.0], [1.70703125, 4.0], [1.708984375, 4.0], [1.7109375, 4.0], [1.712890625, 4.0], [1.71484375, 4.0], [1.716796875, 4.0], [1.71875, 4.0], [1.720703125, 4.0], [1.72265625, 4.0], [1.724609375, 4.0], [1.7265625, 4.0], [1.728515625, 4.0], [1.73046875, 4.0], [1.732421875, 4.0], [1.734375, 4.0], [1.736328125, 4.0], [1.73828125, 4.0], [1.740234375, 4.0], [1.7421875, 4.0], [1.744140625, 4.0], [1.74609375, 4.0], [1.748046875, 4.0], [1.75, 4.0], [1.751953125, 4.0], [1.75390625, 4.0], [1.755859375, 4.0], [1.7578125, 4.0], [1.759765625, 4.0], [1.76171875, 4.0], [1.763671875, 4.0], [1.765625, 4.0], [1.767578125, 4.0], [1.76953125, 4.0], [1.771484375, 4.0], [1.7734375, 4.0], [1.775390625, 4.0], [1.77734375, 4.0], [1.779296875, 4.0], [1.78125, 4.0], [1.783203125, 4.0], [1.78515625, 4.0], [1.787109375, 4.0], [1.7890625, 4.0], [1.791015625, 4.0], [1.79296875, 4.0], [1.794921875, 4.0], [1.796875, 4.0], [1.798828125, 4.0], [1.80078125, 4.0], [1.802734375, 4.0], [1.8046875, 4.0], [1.806640625, 4.0], [1.80859375, 4.0], [1.810546875, 4.0], [1.8125, 4.0], [1.814453125, 4.0], [1.81640625, 4.0], [1.818359375, 4.0], [1.8203125, 4.0], [1.822265625, 4.0], [1.82421875, 4.0], [1.826171875, 4.0], [1.828125, 4.0], [1.830078125, 4.0], [1.83203125, 4.0], [1.833984375, 4.0], [1.8359375, 4.0], [1.837890625, 4.0], [1.83984375, 4.0], [1.841796875, 4.0], [1.84375, 4.0], [1.845703125, 4.0], [1.84765625, 4.0], [1.849609375, 4.0], [1.8515625, 4.0], [1.853515625, 4.0], [1.85546875, 4.0], [1.857421875, 4.0], [1.859375, 4.0], [1.861328125, 4.0], [1.86328125, 4.0], [1.865234375, 4.0], [1.8671875, 4.0], [1.869140625, 4.0], [1.87109375, 4.0], [1.873046875, 4.0], [1.875, 4.0], [1.876953125, 4.0], [1.87890625, 4.0], [1.880859375, 4.0], [1.8828125, 4.0], [1.884765625, 4.0], [1.88671875, 4.0], [1.888671875, 4.0], [1.890625, 4.0], [1.892578125, 4.0], [1.89453125, 4.0], [1.896484375, 4.0], [1.8984375, 4.0], [1.900390625, 4.0], [1.90234375, 4.0], [1.904296875, 4.0], [1.90625, 4.0], [1.908203125, 4.0], [1.91015625, 4.0], [1.912109375, 4.0], [1.9140625, 4.0], [1.916015625, 4.0], [1.91796875, 4.0], [1.919921875, 4.0], [1.921875, 4.0], [1.923828125, 4.0], [1.92578125, 4.0], [1.927734375, 4.0], [1.9296875, 4.0], [1.931640625, 4.0], [1.93359375, 4.0], [1.935546875, 4.0], [1.9375, 4.0], [1.939453125, 4.0], [1.94140625, 4.0], [1.943359375, 4.0], [1.9453125, 4.0], [1.947265625, 4.0], [1.94921875, 4.0], [1.951171875, 4.0], [1.953125, 4.0], [1.955078125, 4.0], [1.95703125, 4.0], [1.958984375, 4.0], [1.9609375, 4.0], [1.962890625, 4.0], [1.96484375, 4.0], [1.966796875, 4.0], [1.96875, 4.0], [1.970703125, 4.0], [1.97265625, 4.0], [1.974609375, 4.0], [1.9765625, 4.0], [1.978515625, 4.0], [1.98046875, 4.0], [1.982421875, 4.0], [1.984375, 4.0], [1.986328125, 4.0], [1.98828125, 4.0], [1.990234375, 4.0], [1.9921875, 4.0], [1.994140625, 4.0], [1.99609375, 4.0], [1.998046875, 4.0], [2.0, 4.0], [2.0, 4.001953125], [2.0, 4.00390625], [2.0, 4.005859375], [2.0, 4.0078125], [2.0, 4.009765625], [2.0, 4.01171875], [2.0, 4.013671875], [2.0, 4.015625], [2.0, 4.017578125], [2.0, 4.01953125], [2.0, 4.021484375], [2.0, 4.0234375], [2.0, 4.025390625], [2.0, 4.02734375], [2.0, 4.029296875], [2.0, 4.03125], [2.0, 4.033203125], [2.0, 4.03515625], [2.0, 4.037109375], [2.0, 4.0390625], [2.0, 4.041015625], [2.0, 4.04296875], [2.0, 4.044921875], [2.0, 4.046875], [2.0, 4.048828125], [2.0, 4.05078125], [2.0, 4.052734375], [2.0, 4.0546875], [2.0, 4.056640625], [2.0, 4.05859375], [2.0, 4.060546875], [2.0, 4.0625], [2.0, 4.064453125], [2.0, 4.06640625], [2.0, 4.068359375], [2.0, 4.0703125], [2.0, 4.072265625], [2.0, 4.07421875], [2.0, 4.076171875], [2.0, 4.078125], [2.0, 4.080078125], [2.0, 4.08203125], [2.0, 4.083984375], [2.0, 4.0859375], [2.0, 4.087890625], [2.0, 4.08984375], [2.0, 4.091796875], [2.0, 4.09375], [2.0, 4.095703125], [2.0, 4.09765625], [2.0, 4.099609375], [2.0, 4.1015625], [2.0, 4.103515625], [2.0, 4.10546875], [2.0, 4.107421875], [2.0, 4.109375], [2.0, 4.111328125], [2.0, 4.11328125], [2.0, 4.115234375], [2.0, 4.1171875], [2.0, 4.119140625], [2.0, 4.12109375], [2.0, 4.123046875], [2.0, 4.125], [2.0, 4.126953125], [2.0, 4.12890625], [2.0, 4.130859375], [2.0, 4.1328125], [2.0, 4.134765625], [2.0, 4.13671875], [2.0, 4.138671875], [2.0, 4.140625], [2.0, 4.142578125], [2.0, 4.14453125], [2.0, 4.146484375], [2.0, 4.1484375], [2.0, 4.150390625], [2.0, 4.15234375], [2.0, 4.154296875], [2.0, 4.15625], [2.0, 4.158203125], [2.0, 4.16015625], [2.0, 4.162109375], [2.0, 4.1640625], [2.0, 4.166015625], [2.0, 4.16796875], [2.0, 4.169921875], [2.0, 4.171875], [2.0, 4.173828125], [2.0, 4.17578125], [2.0, 4.177734375], [2.0, 4.1796875], [2.0, 4.181640625], [2.0, 4.18359375], [2.0, 4.185546875], [2.0, 4.1875], [2.0, 4.189453125], [2.0, 4.19140625], [2.0, 4.193359375], [2.0, 4.1953125], [2.0, 4.197265625], [2.0, 4.19921875], [2.0, 4.201171875], [2.0, 4.203125], [2.0, 4.205078125], [2.0, 4.20703125], [2.0, 4.208984375], [2.0, 4.2109375], [2.0, 4.212890625], [2.0, 4.21484375], [2.0, 4.216796875], [2.0, 4.21875], [2.0, 4.220703125], [2.0, 4.22265625], [2.0, 4.224609375], [2.0, 4.2265625], [2.0, 4.228515625], [2.0, 4.23046875], [2.0, 4.232421875], [2.0, 4.234375], [2.0, 4.236328125], [2.0, 4.23828125], [2.0, 4.240234375], [2.0, 4.2421875], [2.0, 4.244140625], [2.0, 4.24609375], [2.0, 4.248046875], [2.0, 4.25], [2.0, 4.251953125], [2.0, 4.25390625], [2.0, 4.255859375], [2.0, 4.2578125], [2.0, 4.259765625], [2.0, 4.26171875], [2.0, 4.263671875], [2.0, 4.265625], [2.0, 4.267578125], [2.0, 4.26953125], [2.0, 4.271484375], [2.0, 4.2734375], [2.0, 4.275390625], [2.0, 4.27734375], [2.0, 4.279296875], [2.0, 4.28125], [2.0, 4.283203125], [2.0, 4.28515625], [2.0, 4.287109375], [2.0, 4.2890625], [2.0, 4.291015625], [2.0, 4.29296875], [2.0, 4.294921875], [2.0, 4.296875], [2.0, 4.298828125], [2.0, 4.30078125], [2.0, 4.302734375], [2.0, 4.3046875], [2.0, 4.306640625], [2.0, 4.30859375], [2.0, 4.310546875], [2.0, 4.3125], [2.0, 4.314453125], [2.0, 4.31640625], [2.0, 4.318359375], [2.0, 4.3203125], [2.0, 4.322265625], [2.0, 4.32421875], [2.0, 4.326171875], [2.0, 4.328125], [2.0, 4.330078125], [2.0, 4.33203125], [2.0, 4.333984375], [2.0, 4.3359375], [2.0, 4.337890625], [2.0, 4.33984375], [2.0, 4.341796875], [2.0, 4.34375], [2.0, 4.345703125], [2.0, 4.34765625], [2.0, 4.349609375], [2.0, 4.3515625], [2.0, 4.353515625], [2.0, 4.35546875], [2.0, 4.357421875], [2.0, 4.359375], [2.0, 4.361328125], [2.0, 4.36328125], [2.0, 4.365234375], [2.0, 4.3671875], [2.0, 4.369140625], [2.0, 4.37109375], [2.0, 4.373046875], [2.0, 4.375], [2.0, 4.376953125], [2.0, 4.37890625], [2.0, 4.380859375], [2.0, 4.3828125], [2.0, 4.384765625], [2.0, 4.38671875], [2.0, 4.388671875], [2.0, 4.390625], [2.0, 4.392578125], [2.0, 4.39453125], [2.0, 4.396484375], [2.0, 4.3984375], [2.0, 4.400390625], [2.0, 4.40234375], [2.0, 4.404296875], [2.0, 4.40625], [2.0, 4.408203125], [2.0, 4.41015625], [2.0, 4.412109375], [2.0, 4.4140625], [2.0, 4.416015625], [2.0, 4.41796875], [2.0, 4.419921875], [2.0, 4.421875], [2.0, 4.423828125], [2.0, 4.42578125], [2.0, 4.427734375], [2.0, 4.4296875], [2.0, 4.431640625], [2.0, 4.43359375], [2.0, 4.435546875], [2.0, 4.4375], [2.0, 4.439453125], [2.0, 4.44140625], [2.0, 4.443359375], [2.0, 4.4453125], [2.0, 4.447265625], [2.0, 4.44921875], [2.0, 4.451171875], [2.0, 4.453125], [2.0, 4.455078125], [2.0, 4.45703125], [2.0, 4.458984375], [2.0, 4.4609375], [2.0, 4.462890625], [2.0, 4.46484375], [2.0, 4.466796875], [2.0, 4.46875], [2.0, 4.470703125], [2.0, 4.47265625], [2.0, 4.474609375], [2.0, 4.4765625], [2.0, 4.478515625], [2.0, 4.48046875], [2.0, 4.482421875], [2.0, 4.484375], [2.0, 4.486328125], [2.0, 4.48828125], [2.0, 4.490234375], [2.0, 4.4921875], [2.0, 4.494140625], [2.0, 4.49609375], [2.0, 4.498046875], [2.0, 4.5], [2.0, 4.501953125], [2.0, 4.50390625], [2.0, 4.505859375], [2.0, 4.5078125], [2.0, 4.509765625], [2.0, 4.51171875], [2.0, 4.513671875], [2.0, 4.515625], [2.0, 4.517578125], [2.0, 4.51953125], [2.0, 4.521484375], [2.0, 4.5234375], [2.0, 4.525390625], [2.0, 4.52734375], [2.0, 4.529296875], [2.0, 4.53125], [2.0, 4.533203125], [2.0, 4.53515625], [2.0, 4.537109375], [2.0, 4.5390625], [2.0, 4.541015625], [2.0, 4.54296875], [2.0, 4.544921875], [2.0, 4.546875], [2.0, 4.548828125], [2.0, 4.55078125], [2.0, 4.552734375], [2.0, 4.5546875], [2.0, 4.556640625], [2.0, 4.55859375], [2.0, 4.560546875], [2.0, 4.5625], [2.0, 4.564453125], [2.0, 4.56640625], [2.0, 4.568359375], [2.0, 4.5703125], [2.0, 4.572265625], [2.0, 4.57421875], [2.0, 4.576171875], [2.0, 4.578125], [2.0, 4.580078125], [2.0, 4.58203125], [2.0, 4.583984375], [2.0, 4.5859375], [2.0, 4.587890625], [2.0, 4.58984375], [2.0, 4.591796875], [2.0, 4.59375], [2.0, 4.595703125], [2.0, 4.59765625], [2.0, 4.599609375], [2.0, 4.6015625], [2.0, 4.603515625], [2.0, 4.60546875], [2.0, 4.607421875], [2.0, 4.609375], [2.0, 4.611328125], [2.0, 4.61328125], [2.0, 4.615234375], [2.0, 4.6171875], [2.0, 4.619140625], [2.0, 4.62109375], [2.0, 4.623046875], [2.0, 4.625], [2.0, 4.626953125], [2.0, 4.62890625], [2.0, 4.630859375], [2.0, 4.6328125], [2.0, 4.634765625], [2.0, 4.63671875], [2.0, 4.638671875], [2.0, 4.640625], [2.0, 4.642578125], [2.0, 4.64453125], [2.0, 4.646484375], [2.0, 4.6484375], [2.0, 4.650390625], [2.0, 4.65234375], [2.0, 4.654296875], [2.0, 4.65625], [2.0, 4.658203125], [2.0, 4.66015625], [2.0, 4.662109375], [2.0, 4.6640625], [2.0, 4.666015625], [2.0, 4.66796875], [2.0, 4.669921875], [2.0, 4.671875], [2.0, 4.673828125], [2.0, 4.67578125], [2.0, 4.677734375], [2.0, 4.6796875], [2.0, 4.681640625], [2.0, 4.68359375], [2.0, 4.685546875], [2.0, 4.6875], [2.0, 4.689453125], [2.0, 4.69140625], [2.0, 4.693359375], [2.0, 4.6953125], [2.0, 4.697265625], [2.0, 4.69921875], [2.0, 4.701171875], [2.0, 4.703125], [2.0, 4.705078125], [2.0, 4.70703125], [2.0, 4.708984375], [2.0, 4.7109375], [2.0, 4.712890625], [2.0, 4.71484375], [2.0, 4.716796875], [2.0, 4.71875], [2.0, 4.720703125], [2.0, 4.72265625], [2.0, 4.724609375], [2.0, 4.7265625], [2.0, 4.728515625], [2.0, 4.73046875], [2.0, 4.732421875], [2.0, 4.734375], [2.0, 4.736328125], [2.0, 4.73828125], [2.0, 4.740234375], [2.0, 4.7421875], [2.0, 4.744140625], [2.0, 4.74609375], [2.0, 4.748046875], [2.0, 4.75], [2.0, 4.751953125], [2.0, 4.75390625], [2.0, 4.755859375], [2.0, 4.7578125], [2.0, 4.759765625], [2.0, 4.76171875], [2.0, 4.763671875], [2.0, 4.765625], [2.0, 4.767578125], [2.0, 4.76953125], [2.0, 4.771484375], [2.0, 4.7734375], [2.0, 4.775390625], [2.0, 4.77734375], [2.0, 4.779296875], [2.0, 4.78125], [2.0, 4.783203125], [2.0, 4.78515625], [2.0, 4.787109375], [2.0, 4.7890625], [2.0, 4.791015625], [2.0, 4.79296875], [2.0, 4.794921875], [2.0, 4.796875], [2.0, 4.798828125], [2.0, 4.80078125], [2.0, 4.802734375], [2.0, 4.8046875], [2.0, 4.806640625], [2.0, 4.80859375], [2.0, 4.810546875], [2.0, 4.8125], [2.0, 4.814453125], [2.0, 4.81640625], [2.0, 4.818359375], [2.0, 4.8203125], [2.0, 4.822265625], [2.0, 4.82421875], [2.0, 4.826171875], [2.0, 4.828125], [2.0, 4.830078125], [2.0, 4.83203125], [2.0, 4.833984375], [2.0, 4.8359375], [2.0, 4.837890625], [2.0, 4.83984375], [2.0, 4.841796875], [2.0, 4.84375], [2.0, 4.845703125], [2.0, 4.84765625], [2.0, 4.849609375], [2.0, 4.8515625], [2.0, 4.853515625], [2.0, 4.85546875], [2.0, 4.857421875], [2.0, 4.859375], [2.0, 4.861328125], [2.0, 4.86328125], [2.0, 4.865234375], [2.0, 4.8671875], [2.0, 4.869140625], [2.0, 4.87109375], [2.0, 4.873046875], [2.0, 4.875], [2.0, 4.876953125], [2.0, 4.87890625], [2.0, 4.880859375], [2.0, 4.8828125], [2.0, 4.884765625], [2.0, 4.88671875], [2.0, 4.888671875], [2.0, 4.890625], [2.0, 4.892578125], [2.0, 4.89453125], [2.0, 4.896484375], [2.0, 4.8984375], [2.0, 4.900390625], [2.0, 4.90234375], [2.0, 4.904296875], [2.0, 4.90625], [2.0, 4.908203125], [2.0, 4.91015625], [2.0, 4.912109375], [2.0, 4.9140625], [2.0, 4.916015625], [2.0, 4.91796875], [2.0, 4.919921875], [2.0, 4.921875], [2.0, 4.923828125], [2.0, 4.92578125], [2.0, 4.927734375], [2.0, 4.9296875], [2.0, 4.931640625], [2.0, 4.93359375], [2.0, 4.935546875], [2.0, 4.9375], [2.0, 4.939453125], [2.0, 4.94140625], [2.0, 4.943359375], [2.0, 4.9453125], [2.0, 4.947265625], [2.0, 4.94921875], [2.0, 4.951171875], [2.0, 4.953125], [2.0, 4.955078125], [2.0, 4.95703125], [2.0, 4.958984375], [2.0, 4.9609375], [2.0, 4.962890625], [2.0, 4.96484375], [2.0, 4.966796875], [2.0, 4.96875], [2.0, 4.970703125], [2.0, 4.97265625], [2.0, 4.974609375], [2.0, 4.9765625], [2.0, 4.978515625], [2.0, 4.98046875], [2.0, 4.982421875], [2.0, 4.984375], [2.0, 4.986328125], [2.0, 4.98828125], [2.0, 4.990234375], [2.0, 4.9921875], [2.0, 4.994140625], [2.0, 4.99609375], [2.0, 4.998046875], [2.0, 5.0], [1.998046875, 5.0], [1.99609375, 5.0], [1.994140625, 5.0], [1.9921875, 5.0], [1.990234375, 5.0], [1.98828125, 5.0], [1.986328125, 5.0], [1.984375, 5.0], [1.982421875, 5.0], [1.98046875, 5.0], [1.978515625, 5.0], [1.9765625, 5.0], [1.974609375, 5.0], [1.97265625, 5.0], [1.970703125, 5.0], [1.96875, 5.0], [1.966796875, 5.0], [1.96484375, 5.0], [1.962890625, 5.0], [1.9609375, 5.0], [1.958984375, 5.0], [1.95703125, 5.0], [1.955078125, 5.0], [1.953125, 5.0], [1.951171875, 5.0], [1.94921875, 5.0], [1.947265625, 5.0], [1.9453125, 5.0], [1.943359375, 5.0], [1.94140625, 5.0], [1.939453125, 5.0], [1.9375, 5.0], [1.935546875, 5.0], [1.93359375, 5.0], [1.931640625, 5.0], [1.9296875, 5.0], [1.927734375, 5.0], [1.92578125, 5.0], [1.923828125, 5.0], [1.921875, 5.0], [1.919921875, 5.0], [1.91796875, 5.0], [1.916015625, 5.0], [1.9140625, 5.0], [1.912109375, 5.0], [1.91015625, 5.0], [1.908203125, 5.0], [1.90625, 5.0], [1.904296875, 5.0], [1.90234375, 5.0], [1.900390625, 5.0], [1.8984375, 5.0], [1.896484375, 5.0], [1.89453125, 5.0], [1.892578125, 5.0], [1.890625, 5.0], [1.888671875, 5.0], [1.88671875, 5.0], [1.884765625, 5.0], [1.8828125, 5.0], [1.880859375, 5.0], [1.87890625, 5.0], [1.876953125, 5.0], [1.875, 5.0], [1.873046875, 5.0], [1.87109375, 5.0], [1.869140625, 5.0], [1.8671875, 5.0], [1.865234375, 5.0], [1.86328125, 5.0], [1.861328125, 5.0], [1.859375, 5.0], [1.857421875, 5.0], [1.85546875, 5.0], [1.853515625, 5.0], [1.8515625, 5.0], [1.849609375, 5.0], [1.84765625, 5.0], [1.845703125, 5.0], [1.84375, 5.0], [1.841796875, 5.0], [1.83984375, 5.0], [1.837890625, 5.0], [1.8359375, 5.0], [1.833984375, 5.0], [1.83203125, 5.0], [1.830078125, 5.0], [1.828125, 5.0], [1.826171875, 5.0], [1.82421875, 5.0], [1.822265625, 5.0], [1.8203125, 5.0], [1.818359375, 5.0], [1.81640625, 5.0], [1.814453125, 5.0], [1.8125, 5.0], [1.810546875, 5.0], [1.80859375, 5.0], [1.806640625, 5.0], [1.8046875, 5.0], [1.802734375, 5.0], [1.80078125, 5.0], [1.798828125, 5.0], [1.796875, 5.0], [1.794921875, 5.0], [1.79296875, 5.0], [1.791015625, 5.0], [1.7890625, 5.0], [1.787109375, 5.0], [1.78515625, 5.0], [1.783203125, 5.0], [1.78125, 5.0], [1.779296875, 5.0], [1.77734375, 5.0], [1.775390625, 5.0], [1.7734375, 5.0], [1.771484375, 5.0], [1.76953125, 5.0], [1.767578125, 5.0], [1.765625, 5.0], [1.763671875, 5.0], [1.76171875, 5.0], [1.759765625, 5.0], [1.7578125, 5.0], [1.755859375, 5.0], [1.75390625, 5.0], [1.751953125, 5.0], [1.75, 5.0], [1.748046875, 5.0], [1.74609375, 5.0], [1.744140625, 5.0], [1.7421875, 5.0], [1.740234375, 5.0], [1.73828125, 5.0], [1.736328125, 5.0], [1.734375, 5.0], [1.732421875, 5.0], [1.73046875, 5.0], [1.728515625, 5.0], [1.7265625, 5.0], [1.724609375, 5.0], [1.72265625, 5.0], [1.720703125, 5.0], [1.71875, 5.0], [1.716796875, 5.0], [1.71484375, 5.0], [1.712890625, 5.0], [1.7109375, 5.0], [1.708984375, 5.0], [1.70703125, 5.0], [1.705078125, 5.0], [1.703125, 5.0], [1.701171875, 5.0], [1.69921875, 5.0], [1.697265625, 5.0], [1.6953125, 5.0], [1.693359375, 5.0], [1.69140625, 5.0], [1.689453125, 5.0], [1.6875, 5.0], [1.685546875, 5.0], [1.68359375, 5.0], [1.681640625, 5.0], [1.6796875, 5.0], [1.677734375, 5.0], [1.67578125, 5.0], [1.673828125, 5.0], [1.671875, 5.0], [1.669921875, 5.0], [1.66796875, 5.0], [1.666015625, 5.0], [1.6640625, 5.0], [1.662109375, 5.0], [1.66015625, 5.0], [1.658203125, 5.0], [1.65625, 5.0], [1.654296875, 5.0], [1.65234375, 5.0], [1.650390625, 5.0], [1.6484375, 5.0], [1.646484375, 5.0], [1.64453125, 5.0], [1.642578125, 5.0], [1.640625, 5.0], [1.638671875, 5.0], [1.63671875, 5.0], [1.634765625, 5.0], [1.6328125, 5.0], [1.630859375, 5.0], [1.62890625, 5.0], [1.626953125, 5.0], [1.625, 5.0], [1.623046875, 5.0], [1.62109375, 5.0], [1.619140625, 5.0], [1.6171875, 5.0], [1.615234375, 5.0], [1.61328125, 5.0], [1.611328125, 5.0], [1.609375, 5.0], [1.607421875, 5.0], [1.60546875, 5.0], [1.603515625, 5.0], [1.6015625, 5.0], [1.599609375, 5.0], [1.59765625, 5.0], [1.595703125, 5.0], [1.59375, 5.0], [1.591796875, 5.0], [1.58984375, 5.0], [1.587890625, 5.0], [1.5859375, 5.0], [1.583984375, 5.0], [1.58203125, 5.0], [1.580078125, 5.0], [1.578125, 5.0], [1.576171875, 5.0], [1.57421875, 5.0], [1.572265625, 5.0], [1.5703125, 5.0], [1.568359375, 5.0], [1.56640625, 5.0], [1.564453125, 5.0], [1.5625, 5.0], [1.560546875, 5.0], [1.55859375, 5.0], [1.556640625, 5.0], [1.5546875, 5.0], [1.552734375, 5.0], [1.55078125, 5.0], [1.548828125, 5.0], [1.546875, 5.0], [1.544921875, 5.0], [1.54296875, 5.0], [1.541015625, 5.0], [1.5390625, 5.0], [1.537109375, 5.0], [1.53515625, 5.0], [1.533203125, 5.0], [1.53125, 5.0], [1.529296875, 5.0], [1.52734375, 5.0], [1.525390625, 5.0], [1.5234375, 5.0], [1.521484375, 5.0], [1.51953125, 5.0], [1.517578125, 5.0], [1.515625, 5.0], [1.513671875, 5.0], [1.51171875, 5.0], [1.509765625, 5.0], [1.5078125, 5.0], [1.505859375, 5.0], [1.50390625, 5.0], [1.501953125, 5.0], [1.5, 5.0], [1.498046875, 5.0], [1.49609375, 5.0], [1.494140625, 5.0], [1.4921875, 5.0], [1.490234375, 5.0], [1.48828125, 5.0], [1.486328125, 5.0], [1.484375, 5.0], [1.482421875, 5.0], [1.48046875, 5.0], [1.478515625, 5.0], [1.4765625, 5.0], [1.474609375, 5.0], [1.47265625, 5.0], [1.470703125, 5.0], [1.46875, 5.0], [1.466796875, 5.0], [1.46484375, 5.0], [1.462890625, 5.0], [1.4609375, 5.0], [1.458984375, 5.0], [1.45703125, 5.0], [1.455078125, 5.0], [1.453125, 5.0], [1.451171875, 5.0], [1.44921875, 5.0], [1.447265625, 5.0], [1.4453125, 5.0], [1.443359375, 5.0], [1.44140625, 5.0], [1.439453125, 5.0], [1.4375, 5.0], [1.435546875, 5.0], [1.43359375, 5.0], [1.431640625, 5.0], [1.4296875, 5.0], [1.427734375, 5.0], [1.42578125, 5.0], [1.423828125, 5.0], [1.421875, 5.0], [1.419921875, 5.0], [1.41796875, 5.0], [1.416015625, 5.0], [1.4140625, 5.0], [1.412109375, 5.0], [1.41015625, 5.0], [1.408203125, 5.0], [1.40625, 5.0], [1.404296875, 5.0], [1.40234375, 5.0], [1.400390625, 5.0], [1.3984375, 5.0], [1.396484375, 5.0], [1.39453125, 5.0], [1.392578125, 5.0], [1.390625, 5.0], [1.388671875, 5.0], [1.38671875, 5.0], [1.384765625, 5.0], [1.3828125, 5.0], [1.380859375, 5.0], [1.37890625, 5.0], [1.376953125, 5.0], [1.375, 5.0], [1.373046875, 5.0], [1.37109375, 5.0], [1.369140625, 5.0], [1.3671875, 5.0], [1.365234375, 5.0], [1.36328125, 5.0], [1.361328125, 5.0], [1.359375, 5.0], [1.357421875, 5.0], [1.35546875, 5.0], [1.353515625, 5.0], [1.3515625, 5.0], [1.349609375, 5.0], [1.34765625, 5.0], [1.345703125, 5.0], [1.34375, 5.0], [1.341796875, 5.0], [1.33984375, 5.0], [1.337890625, 5.0], [1.3359375, 5.0], [1.333984375, 5.0], [1.33203125, 5.0], [1.330078125, 5.0], [1.328125, 5.0], [1.326171875, 5.0], [1.32421875, 5.0], [1.322265625, 5.0], [1.3203125, 5.0], [1.318359375, 5.0], [1.31640625, 5.0], [1.314453125, 5.0], [1.3125, 5.0], [1.310546875, 5.0], [1.30859375, 5.0], [1.306640625, 5.0], [1.3046875, 5.0], [1.302734375, 5.0], [1.30078125, 5.0], [1.298828125, 5.0], [1.296875, 5.0], [1.294921875, 5.0], [1.29296875, 5.0], [1.291015625, 5.0], [1.2890625, 5.0], [1.287109375, 5.0], [1.28515625, 5.0], [1.283203125, 5.0], [1.28125, 5.0], [1.279296875, 5.0], [1.27734375, 5.0], [1.275390625, 5.0], [1.2734375, 5.0], [1.271484375, 5.0], [1.26953125, 5.0], [1.267578125, 5.0], [1.265625, 5.0], [1.263671875, 5.0], [1.26171875, 5.0], [1.259765625, 5.0], [1.2578125, 5.0], [1.255859375, 5.0], [1.25390625, 5.0], [1.251953125, 5.0], [1.25, 5.0], [1.248046875, 5.0], [1.24609375, 5.0], [1.244140625, 5.0], [1.2421875, 5.0], [1.240234375, 5.0], [1.23828125, 5.0], [1.236328125, 5.0], [1.234375, 5.0], [1.232421875, 5.0], [1.23046875, 5.0], [1.228515625, 5.0], [1.2265625, 5.0], [1.224609375, 5.0], [1.22265625, 5.0], [1.220703125, 5.0], [1.21875, 5.0], [1.216796875, 5.0], [1.21484375, 5.0], [1.212890625, 5.0], [1.2109375, 5.0], [1.208984375, 5.0], [1.20703125, 5.0], [1.205078125, 5.0], [1.203125, 5.0], [1.201171875, 5.0], [1.19921875, 5.0], [1.197265625, 5.0], [1.1953125, 5.0], [1.193359375, 5.0], [1.19140625, 5.0], [1.189453125, 5.0], [1.1875, 5.0], [1.185546875, 5.0], [1.18359375, 5.0], [1.181640625, 5.0], [1.1796875, 5.0], [1.177734375, 5.0], [1.17578125, 5.0], [1.173828125, 5.0], [1.171875, 5.0], [1.169921875, 5.0], [1.16796875, 5.0], [1.166015625, 5.0], [1.1640625, 5.0], [1.162109375, 5.0], [1.16015625, 5.0], [1.158203125, 5.0], [1.15625, 5.0], [1.154296875, 5.0], [1.15234375, 5.0], [1.150390625, 5.0], [1.1484375, 5.0], [1.146484375, 5.0], [1.14453125, 5.0], [1.142578125, 5.0], [1.140625, 5.0], [1.138671875, 5.0], [1.13671875, 5.0], [1.134765625, 5.0], [1.1328125, 5.0], [1.130859375, 5.0], [1.12890625, 5.0], [1.126953125, 5.0], [1.125, 5.0], [1.123046875, 5.0], [1.12109375, 5.0], [1.119140625, 5.0], [1.1171875, 5.0], [1.115234375, 5.0], [1.11328125, 5.0], [1.111328125, 5.0], [1.109375, 5.0], [1.107421875, 5.0], [1.10546875, 5.0], [1.103515625, 5.0], [1.1015625, 5.0], [1.099609375, 5.0], [1.09765625, 5.0], [1.095703125, 5.0], [1.09375, 5.0], [1.091796875, 5.0], [1.08984375, 5.0], [1.087890625, 5.0], [1.0859375, 5.0], [1.083984375, 5.0], [1.08203125, 5.0], [1.080078125, 5.0], [1.078125, 5.0], [1.076171875, 5.0], [1.07421875, 5.0], [1.072265625, 5.0], [1.0703125, 5.0], [1.068359375, 5.0], [1.06640625, 5.0], [1.064453125, 5.0], [1.0625, 5.0], [1.060546875, 5.0], [1.05859375, 5.0], [1.056640625, 5.0], [1.0546875, 5.0], [1.052734375, 5.0], [1.05078125, 5.0], [1.048828125, 5.0], [1.046875, 5.0], [1.044921875, 5.0], [1.04296875, 5.0], [1.041015625, 5.0], [1.0390625, 5.0], [1.037109375, 5.0], [1.03515625, 5.0], [1.033203125, 5.0], [1.03125, 5.0], [1.029296875, 5.0], [1.02734375, 5.0], [1.025390625, 5.0], [1.0234375, 5.0], [1.021484375, 5.0], [1.01953125, 5.0], [1.017578125, 5.0], [1.015625, 5.0], [1.013671875, 5.0], [1.01171875, 5.0], [1.009765625, 5.0], [1.0078125, 5.0], [1.005859375, 5.0], [1.00390625, 5.0], [1.001953125, 5.0], [1.0, 5.0], [1.0, 4.998046875], [1.0, 4.99609375], [1.0, 4.994140625], [1.0, 4.9921875], [1.0, 4.990234375], [1.0, 4.98828125], [1.0, 4.986328125], [1.0, 4.984375], [1.0, 4.982421875], [1.0, 4.98046875], [1.0, 4.978515625], [1.0, 4.9765625], [1.0, 4.974609375], [1.0, 4.97265625], [1.0, 4.970703125], [1.0, 4.96875], [1.0, 4.966796875], [1.0, 4.96484375], [1.0, 4.962890625], [1.0, 4.9609375], [1.0, 4.958984375], [1.0, 4.95703125], [1.0, 4.955078125], [1.0, 4.953125], [1.0, 4.951171875], [1.0, 4.94921875], [1.0, 4.947265625], [1.0, 4.9453125], [1.0, 4.943359375], [1.0, 4.94140625], [1.0, 4.939453125], [1.0, 4.9375], [1.0, 4.935546875], [1.0, 4.93359375], [1.0, 4.931640625], [1.0, 4.9296875], [1.0, 4.927734375], [1.0, 4.92578125], [1.0, 4.923828125], [1.0, 4.921875], [1.0, 4.919921875], [1.0, 4.91796875], [1.0, 4.916015625], [1.0, 4.9140625], [1.0, 4.912109375], [1.0, 4.91015625], [1.0, 4.908203125], [1.0, 4.90625], [1.0, 4.904296875], [1.0, 4.90234375], [1.0, 4.900390625], [1.0, 4.8984375], [1.0, 4.896484375], [1.0, 4.89453125], [1.0, 4.892578125], [1.0, 4.890625], [1.0, 4.888671875], [1.0, 4.88671875], [1.0, 4.884765625], [1.0, 4.8828125], [1.0, 4.880859375], [1.0, 4.87890625], [1.0, 4.876953125], [1.0, 4.875], [1.0, 4.873046875], [1.0, 4.87109375], [1.0, 4.869140625], [1.0, 4.8671875], [1.0, 4.865234375], [1.0, 4.86328125], [1.0, 4.861328125], [1.0, 4.859375], [1.0, 4.857421875], [1.0, 4.85546875], [1.0, 4.853515625], [1.0, 4.8515625], [1.0, 4.849609375], [1.0, 4.84765625], [1.0, 4.845703125], [1.0, 4.84375], [1.0, 4.841796875], [1.0, 4.83984375], [1.0, 4.837890625], [1.0, 4.8359375], [1.0, 4.833984375], [1.0, 4.83203125], [1.0, 4.830078125], [1.0, 4.828125], [1.0, 4.826171875], [1.0, 4.82421875], [1.0, 4.822265625], [1.0, 4.8203125], [1.0, 4.818359375], [1.0, 4.81640625], [1.0, 4.814453125], [1.0, 4.8125], [1.0, 4.810546875], [1.0, 4.80859375], [1.0, 4.806640625], [1.0, 4.8046875], [1.0, 4.802734375], [1.0, 4.80078125], [1.0, 4.798828125], [1.0, 4.796875], [1.0, 4.794921875], [1.0, 4.79296875], [1.0, 4.791015625], [1.0, 4.7890625], [1.0, 4.787109375], [1.0, 4.78515625], [1.0, 4.783203125], [1.0, 4.78125], [1.0, 4.779296875], [1.0, 4.77734375], [1.0, 4.775390625], [1.0, 4.7734375], [1.0, 4.771484375], [1.0, 4.76953125], [1.0, 4.767578125], [1.0, 4.765625], [1.0, 4.763671875], [1.0, 4.76171875], [1.0, 4.759765625], [1.0, 4.7578125], [1.0, 4.755859375], [1.0, 4.75390625], [1.0, 4.751953125], [1.0, 4.75], [1.0, 4.748046875], [1.0, 4.74609375], [1.0, 4.744140625], [1.0, 4.7421875], [1.0, 4.740234375], [1.0, 4.73828125], [1.0, 4.736328125], [1.0, 4.734375], [1.0, 4.732421875], [1.0, 4.73046875], [1.0, 4.728515625], [1.0, 4.7265625], [1.0, 4.724609375], [1.0, 4.72265625], [1.0, 4.720703125], [1.0, 4.71875], [1.0, 4.716796875], [1.0, 4.71484375], [1.0, 4.712890625], [1.0, 4.7109375], [1.0, 4.708984375], [1.0, 4.70703125], [1.0, 4.705078125], [1.0, 4.703125], [1.0, 4.701171875], [1.0, 4.69921875], [1.0, 4.697265625], [1.0, 4.6953125], [1.0, 4.693359375], [1.0, 4.69140625], [1.0, 4.689453125], [1.0, 4.6875], [1.0, 4.685546875], [1.0, 4.68359375], [1.0, 4.681640625], [1.0, 4.6796875], [1.0, 4.677734375], [1.0, 4.67578125], [1.0, 4.673828125], [1.0, 4.671875], [1.0, 4.669921875], [1.0, 4.66796875], [1.0, 4.666015625], [1.0, 4.6640625], [1.0, 4.662109375], [1.0, 4.66015625], [1.0, 4.658203125], [1.0, 4.65625], [1.0, 4.654296875], [1.0, 4.65234375], [1.0, 4.650390625], [1.0, 4.6484375], [1.0, 4.646484375], [1.0, 4.64453125], [1.0, 4.642578125], [1.0, 4.640625], [1.0, 4.638671875], [1.0, 4.63671875], [1.0, 4.634765625], [1.0, 4.6328125], [1.0, 4.630859375], [1.0, 4.62890625], [1.0, 4.626953125], [1.0, 4.625], [1.0, 4.623046875], [1.0, 4.62109375], [1.0, 4.619140625], [1.0, 4.6171875], [1.0, 4.615234375], [1.0, 4.61328125], [1.0, 4.611328125], [1.0, 4.609375], [1.0, 4.607421875], [1.0, 4.60546875], [1.0, 4.603515625], [1.0, 4.6015625], [1.0, 4.599609375], [1.0, 4.59765625], [1.0, 4.595703125], [1.0, 4.59375], [1.0, 4.591796875], [1.0, 4.58984375], [1.0, 4.587890625], [1.0, 4.5859375], [1.0, 4.583984375], [1.0, 4.58203125], [1.0, 4.580078125], [1.0, 4.578125], [1.0, 4.576171875], [1.0, 4.57421875], [1.0, 4.572265625], [1.0, 4.5703125], [1.0, 4.568359375], [1.0, 4.56640625], [1.0, 4.564453125], [1.0, 4.5625], [1.0, 4.560546875], [1.0, 4.55859375], [1.0, 4.556640625], [1.0, 4.5546875], [1.0, 4.552734375], [1.0, 4.55078125], [1.0, 4.548828125], [1.0, 4.546875], [1.0, 4.544921875], [1.0, 4.54296875], [1.0, 4.541015625], [1.0, 4.5390625], [1.0, 4.537109375], [1.0, 4.53515625], [1.0, 4.533203125], [1.0, 4.53125], [1.0, 4.529296875], [1.0, 4.52734375], [1.0, 4.525390625], [1.0, 4.5234375], [1.0, 4.521484375], [1.0, 4.51953125], [1.0, 4.517578125], [1.0, 4.515625], [1.0, 4.513671875], [1.0, 4.51171875], [1.0, 4.509765625], [1.0, 4.5078125], [1.0, 4.505859375], [1.0, 4.50390625], [1.0, 4.501953125], [1.0, 4.5], [1.0, 4.498046875], [1.0, 4.49609375], [1.0, 4.494140625], [1.0, 4.4921875], [1.0, 4.490234375], [1.0, 4.48828125], [1.0, 4.486328125], [1.0, 4.484375], [1.0, 4.482421875], [1.0, 4.48046875], [1.0, 4.478515625], [1.0, 4.4765625], [1.0, 4.474609375], [1.0, 4.47265625], [1.0, 4.470703125], [1.0, 4.46875], [1.0, 4.466796875], [1.0, 4.46484375], [1.0, 4.462890625], [1.0, 4.4609375], [1.0, 4.458984375], [1.0, 4.45703125], [1.0, 4.455078125], [1.0, 4.453125], [1.0, 4.451171875], [1.0, 4.44921875], [1.0, 4.447265625], [1.0, 4.4453125], [1.0, 4.443359375], [1.0, 4.44140625], [1.0, 4.439453125], [1.0, 4.4375], [1.0, 4.435546875], [1.0, 4.43359375], [1.0, 4.431640625], [1.0, 4.4296875], [1.0, 4.427734375], [1.0, 4.42578125], [1.0, 4.423828125], [1.0, 4.421875], [1.0, 4.419921875], [1.0, 4.41796875], [1.0, 4.416015625], [1.0, 4.4140625], [1.0, 4.412109375], [1.0, 4.41015625], [1.0, 4.408203125], [1.0, 4.40625], [1.0, 4.404296875], [1.0, 4.40234375], [1.0, 4.400390625], [1.0, 4.3984375], [1.0, 4.396484375], [1.0, 4.39453125], [1.0, 4.392578125], [1.0, 4.390625], [1.0, 4.388671875], [1.0, 4.38671875], [1.0, 4.384765625], [1.0, 4.3828125], [1.0, 4.380859375], [1.0, 4.37890625], [1.0, 4.376953125], [1.0, 4.375], [1.0, 4.373046875], [1.0, 4.37109375], [1.0, 4.369140625], [1.0, 4.3671875], [1.0, 4.365234375], [1.0, 4.36328125], [1.0, 4.361328125], [1.0, 4.359375], [1.0, 4.357421875], [1.0, 4.35546875], [1.0, 4.353515625], [1.0, 4.3515625], [1.0, 4.349609375], [1.0, 4.34765625], [1.0, 4.345703125], [1.0, 4.34375], [1.0, 4.341796875], [1.0, 4.33984375], [1.0, 4.337890625], [1.0, 4.3359375], [1.0, 4.333984375], [1.0, 4.33203125], [1.0, 4.330078125], [1.0, 4.328125], [1.0, 4.326171875], [1.0, 4.32421875], [1.0, 4.322265625], [1.0, 4.3203125], [1.0, 4.318359375], [1.0, 4.31640625], [1.0, 4.314453125], [1.0, 4.3125], [1.0, 4.310546875], [1.0, 4.30859375], [1.0, 4.306640625], [1.0, 4.3046875], [1.0, 4.302734375], [1.0, 4.30078125], [1.0, 4.298828125], [1.0, 4.296875], [1.0, 4.294921875], [1.0, 4.29296875], [1.0, 4.291015625], [1.0, 4.2890625], [1.0, 4.287109375], [1.0, 4.28515625], [1.0, 4.283203125], [1.0, 4.28125], [1.0, 4.279296875], [1.0, 4.27734375], [1.0, 4.275390625], [1.0, 4.2734375], [1.0, 4.271484375], [1.0, 4.26953125], [1.0, 4.267578125], [1.0, 4.265625], [1.0, 4.263671875], [1.0, 4.26171875], [1.0, 4.259765625], [1.0, 4.2578125], [1.0, 4.255859375], [1.0, 4.25390625], [1.0, 4.251953125], [1.0, 4.25], [1.0, 4.248046875], [1.0, 4.24609375], [1.0, 4.244140625], [1.0, 4.2421875], [1.0, 4.240234375], [1.0, 4.23828125], [1.0, 4.236328125], [1.0, 4.234375], [1.0, 4.232421875], [1.0, 4.23046875], [1.0, 4.228515625], [1.0, 4.2265625], [1.0, 4.224609375], [1.0, 4.22265625], [1.0, 4.220703125], [1.0, 4.21875], [1.0, 4.216796875], [1.0, 4.21484375], [1.0, 4.212890625], [1.0, 4.2109375], [1.0, 4.208984375], [1.0, 4.20703125], [1.0, 4.205078125], [1.0, 4.203125], [1.0, 4.201171875], [1.0, 4.19921875], [1.0, 4.197265625], [1.0, 4.1953125], [1.0, 4.193359375], [1.0, 4.19140625], [1.0, 4.189453125], [1.0, 4.1875], [1.0, 4.185546875], [1.0, 4.18359375], [1.0, 4.181640625], [1.0, 4.1796875], [1.0, 4.177734375], [1.0, 4.17578125], [1.0, 4.173828125], [1.0, 4.171875], [1.0, 4.169921875], [1.0, 4.16796875], [1.0, 4.166015625], [1.0, 4.1640625], [1.0, 4.162109375], [1.0, 4.16015625], [1.0, 4.158203125], [1.0, 4.15625], [1.0, 4.154296875], [1.0, 4.15234375], [1.0, 4.150390625], [1.0, 4.1484375], [1.0, 4.146484375], [1.0, 4.14453125], [1.0, 4.142578125], [1.0, 4.140625], [1.0, 4.138671875], [1.0, 4.13671875], [1.0, 4.134765625], [1.0, 4.1328125], [1.0, 4.130859375], [1.0, 4.12890625], [1.0, 4.126953125], [1.0, 4.125], [1.0, 4.123046875], [1.0, 4.12109375], [1.0, 4.119140625], [1.0, 4.1171875], [1.0, 4.115234375], [1.0, 4.11328125], [1.0, 4.111328125], [1.0, 4.109375], [1.0, 4.107421875], [1.0, 4.10546875], [1.0, 4.103515625], [1.0, 4.1015625], [1.0, 4.099609375], [1.0, 4.09765625], [1.0, 4.095703125], [1.0, 4.09375], [1.0, 4.091796875], [1.0, 4.08984375], [1.0, 4.087890625], [1.0, 4.0859375], [1.0, 4.083984375], [1.0, 4.08203125], [1.0, 4.080078125], [1.0, 4.078125], [1.0, 4.076171875], [1.0, 4.07421875], [1.0, 4.072265625], [1.0, 4.0703125], [1.0, 4.068359375], [1.0, 4.06640625], [1.0, 4.064453125], [1.0, 4.0625], [1.0, 4.060546875], [1.0, 4.05859375], [1.0, 4.056640625], [1.0, 4.0546875], [1.0, 4.052734375], [1.0, 4.05078125], [1.0, 4.048828125], [1.0, 4.046875], [1.0, 4.044921875], [1.0, 4.04296875], [1.0, 4.041015625], [1.0, 4.0390625], [1.0, 4.037109375], [1.0, 4.03515625], [1.0, 4.033203125], [1.0, 4.03125], [1.0, 4.029296875], [1.0, 4.02734375], [1.0, 4.025390625], [1.0, 4.0234375], [1.0, 4.021484375], [1.0, 4.01953125], [1.0, 4.017578125], [1.0, 4.015625], [1.0, 4.013671875], [1.0, 4.01171875], [1.0, 4.009765625], [1.0, 4.0078125], [1.0, 4.005859375], [1.0, 4.00390625], [1.0, 4.001953125], [1, 4]]]}}, {"type": "Feature", "id": "c2-4", "properties": {"id": "c2-4", "name": "cell 2,4", "value": 4.0922}, "geometry": {"type": "Polygon", "coordinates": [[[2.0, 4.0], [2.001953125, 4.0], [2.00390625, 4.0], [2.005859375, 4.0], [2.0078125, 4.0], [2.009765625, 4.0], [2.01171875, 4.0], [2.013671875, 4.0], [2.015625, 4.0], [2.017578125, 4.0], [2.01953125, 4.0], [2.021484375, 4.0], [2.0234375, 4.0], [2.025390625, 4.0], [2.02734375, 4.0], [2.029296875, 4.0], [2.03125, 4.0], [2.033203125, 4.0], [2.03515625, 4.0], [2.037109375, 4.0], [2.0390625, 4.0], [2.041015625, 4.0], [2.04296875, 4.0], [2.044921875, 4.0], [2.046875, 4.0], [2.048828125, 4.0], [2.05078125, 4.0], [2.052734375, 4.0], [2.0546875, 4.0], [2.056640625, 4.0], [2.05859375, 4.0], [2.060546875, 4.0], [2.0625, 4.0], [2.064453125, 4.0], [2.06640625, 4.0], [2.068359375, 4.0], [2.0703125, 4.0], [2.072265625, 4.0], [2.07421875, 4.0], [2.076171875, 4.0], [2.078125, 4.0], [2.080078125, 4.0], [2.08203125, 4.0], [2.083984375, 4.0], [2.0859375, 4.0], [2.087890625, 4.0], [2.08984375, 4.0], [2.091796875, 4.0], [2.09375, 4.0], [2.095703125, 4.0], [2.09765625, 4.0], [2.099609375, 4.0], [2.1015625, 4.0], [2.103515625, 4.0], [2.10546875, 4.0], [2.107421875, 4.0], [2.109375, 4.0], [2.111328125, 4.0], [2.11328125, 4.0], [2.115234375, 4.0], [2.1171875, 4.0], [2.119140625, 4.0], [2.12109375, 4.0], [2.123046875, 4.0], [2.125, 4.0], [2.126953125, 4.0], [2.12890625, 4.0], [2.130859375, 4.0], [2.1328125, 4.0], [2.134765625, 4.0], [2.13671875, 4.0], [2.138671875, 4.0], [2.140625, 4.0], [2.142578125, 4.0], [2.14453125, 4.0], [2.146484375, 4.0], [2.1484375, 4.0], [2.150390625, 4.0], [2.15234375, 4.0], [2.154296875, 4.0], [2.15625, 4.0], [2.158203125, 4.0], [2.16015625, 4.0], [2.162109375, 4.0], [2.1640625, 4.0], [2.166015625, 4.0], [2.16796875, 4.0], [2.169921875, 4.0], [2.171875, 4.0], [2.173828125, 4.0], [2.17578125, 4.0], [2.177734375, 4.0], [2.1796875, 4.0], [2.181640625, 4.0], [2.18359375, 4.0], [2.185546875, 4.0], [2.1875, 4.0], [2.189453125, 4.0], [2.19140625, 4.0], [2.193359375, 4.0], [2.1953125, 4.0], [2.197265625, 4.0], [2.19921875, 4.0], [2.201171875, 4.0], [2.203125, 4.0], [2.205078125, 4.0], [2.20703125, 4.0], [2.208984375, 4.0], [2.2109375, 4.0], [2.212890625, 4.0], [2.21484375, 4.0], [2.216796875, 4.0], [2.21875, 4.0], [2.220703125, 4.0], [2.22265625, 4.0], [2.224609375, 4.0], [2.2265625, 4.0], [2.228515625, 4.0], [2.23046875, 4.0], [2.232421875, 4.0], [2.234375, 4.0], [2.236328125, 4.0], [2.23828125, 4.0], [2.240234375, 4.0], [2.2421875, 4.0], [2.244140625, 4.0], [2.24609375, 4.0], [2.248046875, 4.0], [2.25, 4.0], [2.251953125, 4.0], [2.25390625, 4.0], [2.255859375, 4.0], [2.2578125, 4.0], [2.259765625, 4.0], [2.26171875, 4.0], [2.263671875, 4.0], [2.265625, 4.0], [2.267578125, 4.0], [2.26953125, 4.0], [2.271484375, 4.0], [2.2734375, 4.0], [2.275390625, 4.0], [2.27734375, 4.0], [2.279296875, 4.0], [2.28125, 4.0], [2.283203125, 4.0], [2.28515625, 4.0], [2.287109375, 4.0], [2.2890625, 4.0], [2.291015625, 4.0], [2.29296875, 4.0], [2.294921875, 4.0], [2.296875, 4.0], [2.298828125, 4.0], [2.30078125, 4.0], [2.302734375, 4.0], [2.3046875, 4.0], [2.306640625, 4.0], [2.30859375, 4.0], [2.310546875, 4.0], [2.3125, 4.0], [2.314453125, 4.0], [2.31640625, 4.0], [2.318359375, 4.0], [2.3203125, 4.0], [2.322265625, 4.0], [2.32421875, 4.0], [2.326171875, 4.0], [2.328125, 4.0], [2.330078125, 4.0], [2.33203125, 4.0], [2.333984375, 4.0], [2.3359375, 4.0], [2.337890625, 4.0], [2.33984375, 4.0], [2.341796875, 4.0], [2.34375, 4.0], [2.345703125, 4.0], [2.34765625, 4.0], [2.349609375, 4.0], [2.3515625, 4.0], [2.353515625, 4.0], [2.35546875, 4.0], [2.357421875, 4.0], [2.359375, 4.0], [2.361328125, 4.0], [2.36328125, 4.0], [2.365234375, 4.0], [2.3671875, 4.0], [2.369140625, 4.0], [2.37109375, 4.0], [2.373046875, 4.0], [2.375, 4.0], [2.376953125, 4.0], [2.37890625, 4.0], [2.380859375, 4.0], [2.3828125, 4.0], [2.384765625, 4.0], [2.38671875, 4.0], [2.388671875, 4.0], [2.390625, 4.0], [2.392578125, 4.0], [2.39453125, 4.0], [2.396484375, 4.0], [2.3984375, 4.0], [2.400390625, 4.0], [2.40234375, 4.0], [2.404296875, 4.0], [2.40625, 4.0], [2.408203125, 4.0], [2.41015625, 4.0], [2.412109375, 4.0], [2.4140625, 4.0], [2.416015625, 4.0], [2.41796875, 4.0], [2.419921875, 4.0], [2.421875, 4.0], [2.423828125, 4.0], [2.42578125, 4.0], [2.427734375, 4.0], [2.4296875, 4.0], [2.431640625, 4.0], [2.43359375, 4.0], [2.435546875, 4.0], [2.4375, 4.0], [2.439453125, 4.0], [2.44140625, 4.0], [2.443359375, 4.0], [2.4453125, 4.0], [2.447265625, 4.0], [2.44921875, 4.0], [2.451171875, 4.0], [2.453125, 4.0], [2.455078125, 4.0], [2.45703125, 4.0], [2.458984375, 4.0], [2.4609375, 4.0], [2.462890625, 4.0], [2.46484375, 4.0], [2.466796875, 4.0], [2.46875, 4.0], [2.470703125, 4.0], [2.47265625, 4.0], [2.474609375, 4.0], [2.4765625, 4.0], [2.478515625, 4.0], [2.48046875, 4.0], [2.482421875, 4.0], [2.484375, 4.0], [2.486328125, 4.0], [2.48828125, 4.0], [2.490234375, 4.0], [2.4921875, 4.0], [2.494140625, 4.0], [2.49609375, 4.0], [2.498046875, 4.0], [2.5, 4.0], [2.501953125, 4.0], [2.50390625, 4.0], [2.505859375, 4.0], [2.5078125, 4.0], [2.509765625, 4.0], [2.51171875, 4.0], [2.513671875, 4.0], [2.515625, 4.0], [2.517578125, 4.0], [2.51953125, 4.0], [2.521484375, 4.0], [2.5234375, 4.0], [2.525390625, 4.0], [2.52734375, 4.0], [2.529296875, 4.0], [2.53125, 4.0], [2.533203125, 4.0], [2.53515625, 4.0], [2.537109375, 4.0], [2.5390625, 4.0], [2.541015625, 4.0], [2.54296875, 4.0], [2.544921875, 4.0], [2.546875, 4.0], [2.548828125, 4.0], [2.55078125, 4.0], [2.552734375, 4.0], [2.5546875, 4.0], [2.556640625, 4.0], [2.55859375, 4.0], [2.560546875, 4.0], [2.5625, 4.0], [2.564453125, 4.0], [2.56640625, 4.0], [2.568359375, 4.0], [2.5703125, 4.0], [2.572265625, 4.0], [2.57421875, 4.0], [2.576171875, 4.0], [2.578125, 4.0], [2.580078125, 4.0], [2.58203125, 4.0], [2.583984375, 4.0], [2.5859375, 4.0], [2.587890625, 4.0], [2.58984375, 4.0], [2.591796875, 4.0], [2.59375, 4.0], [2.595703125, 4.0], [2.59765625, 4.0], [2.599609375, 4.0], [2.6015625, 4.0], [2.603515625, 4.0], [2.60546875, 4.0], [2.607421875, 4.0], [2.609375, 4.0], [2.611328125, 4.0], [2.61328125, 4.0], [2.615234375, 4.0], [2.6171875, 4.0], [2.619140625, 4.0], [2.62109375, 4.0], [2.623046875, 4.0], [2.625, 4.0], [2.626953125, 4.0], [2.62890625, 4.0], [2.630859375, 4.0], [2.6328125, 4.0], [2.634765625, 4.0], [2.63671875, 4.0], [2.638671875, 4.0], [2.640625, 4.0], [2.642578125, 4.0], [2.64453125, 4.0], [2.646484375, 4.0], [2.6484375, 4.0], [2.650390625, 4.0], [2.65234375, 4.0], [2.654296875, 4.0], [2.65625, 4.0], [2.658203125, 4.0], [2.66015625, 4.0], [2.662109375, 4.0], [2.6640625, 4.0], [2.666015625, 4.0], [2.66796875, 4.0], [2.669921875, 4.0], [2.671875, 4.0], [2.673828125, 4.0], [2.67578125, 4.0], [2.677734375, 4.0], [2.6796875, 4.0], [2.681640625, 4.0], [2.68359375, 4.0], [2.685546875, 4.0], [2.6875, 4.0], [2.689453125, 4.0], [2.69140625, 4.0], [2.693359375, 4.0], [2.6953125, 4.0], [2.697265625, 4.0], [2.69921875, 4.0], [2.701171875, 4.0], [2.703125, 4.0], [2.705078125, 4.0], [2.70703125, 4.0], [2.708984375, 4.0], [2.7109375, 4.0], [2.712890625, 4.0], [2.71484375, 4.0], [2.716796875, 4.0], [2.71875, 4.0], [2.720703125, 4.0], [2.72265625, 4.0], [2.724609375, 4.0], [2.7265625, 4.0], [2.728515625, 4.0], [2.73046875, 4.0], [2.732421875, 4.0], [2.734375, 4.0], [2.736328125, 4.0], [2.73828125, 4.0], [2.740234375, 4.0], [2.7421875, 4.0], [2.744140625, 4.0], [2.74609375, 4.0], [2.748046875, 4.0], [2.75, 4.0], [2.751953125, 4.0], [2.75390625, 4.0], [2.755859375, 4.0], [2.7578125, 4.0], [2.759765625, 4.0], [2.76171875, 4.0], [2.763671875, 4.0], [2.765625, 4.0], [2.767578125, 4.0], [2.76953125, 4.0], [2.771484375, 4.0], [2.7734375, 4.0], [2.775390625, 4.0], [2.77734375, 4.0], [2.779296875, 4.0], [2.78125, 4.0], [2.783203125, 4.0], [2.78515625, 4.0], [2.787109375, 4.0], [2.7890625, 4.0], [2.791015625, 4.0], [2.79296875, 4.0], [2.794921875, 4.0], [2.796875, 4.0], [2.798828125, 4.0], [2.80078125, 4.0], [2.802734375, 4.0], [2.8046875, 4.0], [2.806640625, 4.0], [2.80859375, 4.0], [2.810546875, 4.0], [2.8125, 4.0], [2.814453125, 4.0], [2.81640625, 4.0], [2.818359375, 4.0], [2.8203125, 4.0], [2.822265625, 4.0], [2.82421875, 4.0], [2.826171875, 4.0], [2.828125, 4.0], [2.830078125, 4.0], [2.83203125, 4.0], [2.833984375, 4.0], [2.8359375, 4.0], [2.837890625, 4.0], [2.83984375, 4.0], [2.841796875, 4.0], [2.84375, 4.0], [2.845703125, 4.0], [2.84765625, 4.0], [2.849609375, 4.0], [2.8515625, 4.0], [2.853515625, 4.0], [2.85546875, 4.0], [2.857421875, 4.0], [2.859375, 4.0], [2.861328125, 4.0], [2.86328125, 4.0], [2.865234375, 4.0], [2.8671875, 4.0], [2.869140625, 4.0], [2.87109375, 4.0], [2.873046875, 4.0], [2.875, 4.0], [2.876953125, 4.0], [2.87890625, 4.0], [2.880859375, 4.0], [2.8828125, 4.0], [2.884765625, 4.0], [2.88671875, 4.0], [2.888671875, 4.0], [2.890625, 4.0], [2.892578125, 4.0], [2.89453125, 4.0], [2.896484375, 4.0], [2.8984375, 4.0], [2.900390625, 4.0], [2.90234375, 4.0], [2.904296875, 4.0], [2.90625, 4.0], [2.908203125, 4.0], [2.91015625, 4.0], [2.912109375, 4.0], [2.9140625, 4.0], [2.916015625, 4.0], [2.91796875, 4.0], [2.919921875, 4.0], [2.921875, 4.0], [2.923828125, 4.0], [2.92578125, 4.0], [2.927734375, 4.0], [2.9296875, 4.0], [2.931640625, 4.0], [2.93359375, 4.0], [2.935546875, 4.0], [2.9375, 4.0], [2.939453125, 4.0], [2.94140625, 4.0], [2.943359375, 4.0], [2.9453125, 4.0], [2.947265625, 4.0], [2.94921875, 4.0], [2.951171875, 4.0], [2.953125, 4.0], [2.955078125, 4.0], [2.95703125, 4.0], [2.958984375, 4.0], [2.9609375, 4.0], [2.962890625, 4.0], [2.96484375, 4.0], [2.966796875, 4.0], [2.96875, 4.0], [2.970703125, 4.0], [2.97265625, 4.0], [2.974609375, 4.0], [2.9765625, 4.0], [2.978515625, 4.0], [2.98046875, 4.0], [2.982421875, 4.0], [2.984375, 4.0], [2.986328125, 4.0], [2.98828125, 4.0], [2.990234375, 4.0], [2.9921875, 4.0], [2.994140625, 4.0], [2.99609375, 4.0], [2.998046875, 4.0], [3.0, 4.0], [3.0, 4.001953125], [3.0, 4.00390625], [3.0, 4.005859375], [3.0, 4.0078125], [3.0, 4.009765625], [3.0, 4.01171875], [3.0, 4.013671875], [3.0, 4.015625], [3.0, 4.017578125], [3.0, 4.01953125], [3.0, 4.021484375], [3.0, 4.0234375], [3.0, 4.025390625], [3.0, 4.02734375], [3.0, 4.029296875], [3.0, 4.03125], [3.0, 4.033203125], [3.0, 4.03515625], [3.0, 4.037109375], [3.0, 4.0390625], [3.0, 4.041015625], [3.0, 4.04296875], [3.0, 4.044921875], [3.0, 4.046875], [3.0, 4.048828125], [3.0, 4.05078125], [3.0, 4.052734375], [3.0, 4.0546875], [3.0, 4.056640625], [3.0, 4.05859375], [3.0, 4.060546875], [3.0, 4.0625], [3.0, 4.064453125], [3.0, 4.06640625], [3.0, 4.068359375], [3.0, 4.0703125], [3.0, 4.072265625], [3.0, 4.07421875], [3.0, 4.076171875], [3.0, 4.078125], [3.0, 4.080078125], [3.0, 4.08203125], [3.0, 4.083984375], [3.0, 4.0859375], [3.0, 4.087890625], [3.0, 4.08984375], [3.0, 4.091796875], [3.0, 4.09375], [3.0, 4.095703125], [3.0, 4.09765625], [3.0, 4.099609375], [3.0, 4.1015625], [3.0, 4.103515625], [3.0, 4.10546875], [3.0, 4.107421875], [3.0, 4.109375], [3.0, 4.111328125], [3.0, 4.11328125], [3.0, 4.115234375], [3.0, 4.1171875], [3.0, 4.119140625], [3.0, 4.12109375], [3.0, 4.123046875], [3.0, 4.125], [3.0, 4.126953125], [3.0, 4.12890625], [3.0, 4.130859375], [3.0, 4.1328125], [3.0, 4.134765625], [3.0, 4.13671875], [3.0, 4.138671875], [3.0, 4.140625], [3.0, 4.142578125], [3.0, 4.14453125], [3.0, 4.146484375], [3.0, 4.1484375], [3.0, 4.150390625], [3.0, 4.15234375], [3.0, 4.154296875], [3.0, 4.15625], [3.0, 4.158203125], [3.0, 4.16015625], [3.0, 4.162109375], [3.0, 4.1640625], [3.0, 4.166015625], [3.0, 4.16796875], [3.0, 4.169921875], [3.0, 4.171875], [3.0, 4.173828125], [3.0, 4.17578125], [3.0, 4.177734375], [3.0, 4.1796875], [3.0, 4.181640625], [3.0, 4.18359375], [3.0, 4.185546875], [3.0, 4.1875], [3.0, 4.189453125], [3.0, 4.19140625], [3.0, 4.193359375], [3.0, 4.1953125], [3.0, 4.197265625], [3.0, 4.19921875], [3.0, 4.201171875], [3.0, 4.203125], [3.0, 4.205078125], [3.0, 4.20703125], [3.0, 4.208984375], [3.0, 4.2109375], [3.0, 4.212890625], [3.0, 4.21484375], [3.0, 4.216796875], [3.0, 4.21875], [3.0, 4.220703125], [3.0, 4.22265625], [3.0, 4.224609375], [3.0, 4.2265625], [3.0, 4.228515625], [3.0, 4.23046875], [3.0, 4.232421875], [3.0, 4.234375], [3.0, 4.236328125], [3.0, 4.23828125], [3.0, 4.240234375], [3.0, 4.2421875], [3.0, 4.244140625], [3.0, 4.24609375], [3.0, 4.248046875], [3.0, 4.25], [3.0, 4.251953125], [3.0, 4.25390625], [3.0, 4.255859375], [3.0, 4.2578125], [3.0, 4.259765625], [3.0, 4.26171875], [3.0, 4.263671875], [3.0, 4.265625], [3.0, 4.267578125], [3.0, 4.26953125], [3.0, 4.271484375], [3.0, 4.2734375], [3.0, 4.275390625], [3.0, 4.27734375], [3.0, 4.279296875], [3.0, 4.28125], [3.0, 4.283203125], [3.0, 4.28515625], [3.0, 4.287109375], [3.0, 4.2890625], [3.0, 4.291015625], [3.0, 4.29296875], [3.0, 4.294921875], [3.0, 4.296875], [3.0, 4.298828125], [3.0, 4.30078125], [3.0, 4.302734375], [3.0, 4.3046875], [3.0, 4.306640625], [3.0, 4.30859375], [3.0, 4.310546875], [3.0, 4.3125], [3.0, 4.314453125], [3.0, 4.31640625], [3.0, 4.318359375], [3.0, 4.3203125], [3.0, 4.322265625], [3.0, 4.32421875], [3.0, 4.326171875], [3.0, 4.328125], [3.0, 4.330078125], [3.0, 4.33203125], [3.0, 4.333984375], [3.0, 4.3359375], [3.0, 4.337890625], [3.0, 4.33984375], [3.0, 4.341796875], [3.0, 4.34375], [3.0, 4.345703125], [3.0, 4.34765625], [3.0, 4.349609375], [3.0, 4.3515625], [3.0, 4.353515625], [3.0, 4.35546875], [3.0, 4.357421875], [3.0, 4.359375], [3.0, 4.361328125], [3.0, 4.36328125], [3.0, 4.365234375], [3.0, 4.3671875], [3.0, 4.369140625], [3.0, 4.37109375], [3.0, 4.373046875], [3.0, 4.375], [3.0, 4.376953125], [3.0, 4.37890625], [3.0, 4.380859375], [3.0, 4.3828125], [3.0, 4.384765625], [3.0, 4.38671875], [3.0, 4.388671875], [3.0, 4.390625], [3.0, 4.392578125], [3.0, 4.39453125], [3.0, 4.396484375], [3.0, 4.3984375], [3.0, 4.400390625], [3.0, 4.40234375], [3.0, 4.404296875], [3.0, 4.40625], [3.0, 4.408203125], [3.0, 4.41015625], [3.0, 4.412109375], [3.0, 4.4140625], [3.0, 4.416015625], [3.0, 4.41796875], [3.0, 4.419921875], [3.0, 4.421875], [3.0, 4.423828125], [3.0, 4.42578125], [3.0, 4.427734375], [3.0, 4.4296875], [3.0, 4.431640625], [3.0, 4.43359375], [3.0, 4.435546875], [3.0, 4.4375], [3.0, 4.439453125], [3.0, 4.44140625], [3.0, 4.443359375], [3.0, 4.4453125], [3.0, 4.447265625], [3.0, 4.44921875], [3.0, 4.451171875], [3.0, 4.453125], [3.0, 4.455078125], [3.0, 4.45703125], [3.0, 4.458984375], [3.0, 4.4609375], [3.0, 4.462890625], [3.0, 4.46484375], [3.0, 4.466796875], [3.0, 4.46875], [3.0, 4.470703125], [3.0, 4.47265625], [3.0, 4.474609375], [3.0, 4.4765625], [3.0, 4.478515625], [3.0, 4.48046875], [3.0, 4.482421875], [3.0, 4.484375], [3.0, 4.486328125], [3.0, 4.48828125], [3.0, 4.490234375], [3.0, 4.4921875], [3.0, 4.494140625], [3.0, 4.49609375], [3.0, 4.498046875], [3.0, 4.5], [3.0, 4.501953125], [3.0, 4.50390625], [3.0, 4.505859375], [3.0, 4.5078125], [3.0, 4.509765625], [3.0, 4.51171875], [3.0, 4.513671875], [3.0, 4.515625], [3.0, 4.517578125], [3.0, 4.51953125], [3.0, 4.521484375], [3.0, 4.5234375], [3.0, 4.525390625], [3.0, 4.52734375], [3.0, 4.529296875], [3.0, 4.53125], [3.0, 4.533203125], [3.0, 4.53515625], [3.0, 4.537109375], [3.0, 4.5390625], [3.0, 4.541015625], [3.0, 4.54296875], [3.0, 4.544921875], [3.0, 4.546875], [3.0, 4.548828125], [3.0, 4.55078125], [3.0, 4.552734375], [3.0, 4.5546875], [3.0, 4.556640625], [3.0, 4.55859375], [3.0, 4.560546875], [3.0, 4.5625], [3.0, 4.564453125], [3.0, 4.56640625], [3.0, 4.568359375], [3.0, 4.5703125], [3.0, 4.572265625], [3.0, 4.57421875], [3.0, 4.576171875], [3.0, 4.578125], [3.0, 4.580078125], [3.0, 4.58203125], [3.0, 4.583984375], [3.0, 4.5859375], [3.0, 4.587890625], [3.0, 4.58984375], [3.0, 4.591796875], [3.0, 4.59375], [3.0, 4.595703125], [3.0, 4.59765625], [3.0, 4.599609375], [3.0, 4.6015625], [3.0, 4.603515625], [3.0, 4.60546875], [3.0, 4.607421875], [3.0, 4.609375], [3.0, 4.611328125], [3.0, 4.61328125], [3.0, 4.615234375], [3.0, 4.6171875], [3.0, 4.619140625], [3.0, 4.62109375], [3.0, 4.623046875], [3.0, 4.625], [3.0, 4.626953125], [3.0, 4.62890625], [3.0, 4.630859375], [3.0, 4.6328125], [3.0, 4.634765625], [3.0, 4.63671875], [3.0, 4.638671875], [3.0, 4.640625], [3.0, 4.642578125], [3.0, 4.64453125], [3.0, 4.646484375], [3.0, 4.6484375], [3.0, 4.650390625], [3.0, 4.65234375], [3.0, 4.654296875], [3.0, 4.65625], [3.0, 4.658203125], [3.0, 4.66015625], [3.0, 4.662109375], [3.0, 4.6640625], [3.0, 4.666015625], [3.0, 4.66796875], [3.0, 4.669921875], [3.0, 4.671875], [3.0, 4.673828125], [3.0, 4.67578125], [3.0, 4.677734375], [3.0, 4.6796875], [3.0, 4.681640625], [3.0, 4.68359375], [3.0, 4.685546875], [3.0, 4.6875], [3.0, 4.689453125], [3.0, 4.69140625], [3.0, 4.693359375], [3.0, 4.6953125], [3.0, 4.697265625], [3.0, 4.69921875], [3.0, 4.701171875], [3.0, 4.703125], [3.0, 4.705078125], [3.0, 4.70703125], [3.0, 4.708984375], [3.0, 4.7109375], [3.0, 4.712890625], [3.0, 4.71484375], [3.0, 4.716796875], [3.0, 4.71875], [3.0, 4.720703125], [3.0, 4.72265625], [3.0, 4.724609375], [3.0, 4.7265625], [3.0, 4.728515625], [3.0, 4.73046875], [3.0, 4.732421875], [3.0, 4.734375], [3.0, 4.736328125], [3.0, 4.73828125], [3.0, 4.740234375], [3.0, 4.7421875], [3.0, 4.744140625], [3.0, 4.74609375], [3.0, 4.748046875], [3.0, 4.75], [3.0, 4.751953125], [3.0, 4.75390625], [3.0, 4.755859375], [3.0, 4.7578125], [3.0, 4.759765625], [3.0, 4.76171875], [3.0, 4.763671875], [3.0, 4.765625], [3.0, 4.767578125], [3.0, 4.76953125], [3.0, 4.771484375], [3.0, 4.7734375], [3.0, 4.775390625], [3.0, 4.77734375], [3.0, 4.779296875], [3.0, 4.78125], [3.0, 4.783203125], [3.0, 4.78515625], [3.0, 4.787109375], [3.0, 4.7890625], [3.0, 4.791015625], [3.0, 4.79296875], [3.0, 4.794921875], [3.0, 4.796875], [3.0, 4.798828125], [3.0, 4.80078125], [3.0, 4.802734375], [3.0, 4.8046875], [3.0, 4.806640625], [3.0, 4.80859375], [3.0, 4.810546875], [3.0, 4.8125], [3.0, 4.814453125], [3.0, 4.81640625], [3.0, 4.818359375], [3.0, 4.8203125], [3.0, 4.822265625], [3.0, 4.82421875], [3.0, 4.826171875], [3.0, 4.828125], [3.0, 4.830078125], [3.0, 4.83203125], [3.0, 4.833984375], [3.0, 4.8359375], [3.0, 4.837890625], [3.0, 4.83984375], [3.0, 4.841796875], [3.0, 4.84375], [3.0, 4.845703125], [3.0, 4.84765625], [3.0, 4.849609375], [3.0, 4.8515625], [3.0, 4.853515625], [3.0, 4.85546875], [3.0, 4.857421875], [3.0, 4.859375], [3.0, 4.861328125], [3.0, 4.86328125], [3.0, 4.865234375], [3.0, 4.8671875], [3.0, 4.869140625], [3.0, 4.87109375], [3.0, 4.873046875], [3.0, 4.875], [3.0, 4.876953125], [3.0, 4.87890625], [3.0, 4.880859375], [3.0, 4.8828125], [3.0, 4.884765625], [3.0, 4.88671875], [3.0, 4.888671875], [3.0, 4.890625], [3.0, 4.892578125], [3.0, 4.89453125], [3.0, 4.896484375], [3.0, 4.8984375], [3.0, 4.900390625], [3.0, 4.90234375], [3.0, 4.904296875], [3.0, 4.90625], [3.0, 4.908203125], [3.0, 4.91015625], [3.0, 4.912109375], [3.0, 4.9140625], [3.0, 4.916015625], [3.0, 4.91796875], [3.0, 4.919921875], [3.0, 4.921875], [3.0, 4.923828125], [3.0, 4.92578125], [3.0, 4.927734375], [3.0, 4.9296875], [3.0, 4.931640625], [3.0, 4.93359375], [3.0, 4.935546875], [3.0, 4.9375], [3.0, 4.939453125], [3.0, 4.94140625], [3.0, 4.943359375], [3.0, 4.9453125], [3.0, 4.947265625], [3.0, 4.94921875], [3.0, 4.951171875], [3.0, 4.953125], [3.0, 4.955078125], [3.0, 4.95703125], [3.0, 4.958984375], [3.0, 4.9609375], [3.0, 4.962890625], [3.0, 4.96484375], [3.0, 4.966796875], [3.0, 4.96875], [3.0, 4.970703125], [3.0, 4.97265625], [3.0, 4.974609375], [3.0, 4.9765625], [3.0, 4.978515625], [3.0, 4.98046875], [3.0, 4.982421875], [3.0, 4.984375], [3.0, 4.986328125], [3.0, 4.98828125], [3.0, 4.990234375], [3.0, 4.9921875], [3.0, 4.994140625], [3.0, 4.99609375], [3.0, 4.998046875], [3.0, 5.0], [2.998046875, 5.0], [2.99609375, 5.0], [2.994140625, 5.0], [2.9921875, 5.0], [2.990234375, 5.0], [2.98828125, 5.0], [2.986328125, 5.0], [2.984375, 5.0], [2.982421875, 5.0], [2.98046875, 5.0], [2.978515625, 5.0], [2.9765625, 5.0], [2.974609375, 5.0], [2.97265625, 5.0], [2.970703125, 5.0], [2.96875, 5.0], [2.966796875, 5.0], [2.96484375, 5.0], [2.962890625, 5.0], [2.9609375, 5.0], [2.958984375, 5.0], [2.95703125, 5.0], [2.955078125, 5.0], [2.953125, 5.0], [2.951171875, 5.0], [2.94921875, 5.0], [2.947265625, 5.0], [2.9453125, 5.0], [2.943359375, 5.0], [2.94140625, 5.0], [2.939453125, 5.0], [2.9375, 5.0], [2.935546875, 5.0], [2.93359375, 5.0], [2.931640625, 5.0], [2.9296875, 5.0], [2.927734375, 5.0], [2.92578125, 5.0], [2.923828125, 5.0], [2.921875, 5.0], [2.919921875, 5.0], [2.91796875, 5.0], [2.916015625, 5.0], [2.9140625, 5.0], [2.912109375, 5.0], [2.91015625, 5.0], [2.908203125, 5.0], [2.90625, 5.0], [2.904296875, 5.0], [2.90234375, 5.0], [2.900390625, 5.0], [2.8984375, 5.0], [2.896484375, 5.0], [2.89453125, 5.0], [2.892578125, 5.0], [2.890625, 5.0], [2.888671875, 5.0], [2.88671875, 5.0], [2.884765625, 5.0], [2.8828125, 5.0], [2.880859375, 5.0], [2.87890625, 5.0], [2.876953125, 5.0], [2.875, 5.0], [2.873046875, 5.0], [2.87109375, 5.0], [2.869140625, 5.0], [2.8671875, 5.0], [2.865234375, 5.0], [2.86328125, 5.0], [2.861328125, 5.0], [2.859375, 5.0], [2.857421875, 5.0], [2.85546875, 5.0], [2.853515625, 5.0], [2.8515625, 5.0], [2.849609375, 5.0], [2.84765625, 5.0], [2.845703125, 5.0], [2.84375, 5.0], [2.841796875, 5.0], [2.83984375, 5.0], [2.837890625, 5.0], [2.8359375, 5.0], [2.833984375, 5.0], [2.83203125, 5.0], [2.830078125, 5.0], [2.828125, 5.0], [2.826171875, 5.0], [2.82421875, 5.0], [2.822265625, 5.0], [2.8203125, 5.0], [2.818359375, 5.0], [2.81640625, 5.0], [2.814453125, 5.0], [2.8125, 5.0], [2.810546875, 5.0], [2.80859375, 5.0], [2.806640625, 5.0], [2.8046875, 5.0], [2.802734375, 5.0], [2.80078125, 5.0], [2.798828125, 5.0], [2.796875, 5.0], [2.794921875, 5.0], [2.79296875, 5.0], [2.791015625, 5.0], [2.7890625, 5.0], [2.787109375, 5.0], [2.78515625, 5.0], [2.783203125, 5.0], [2.78125, 5.0], [2.779296875, 5.0], [2.77734375, 5.0], [2.775390625, 5.0], [2.7734375, 5.0], [2.771484375, 5.0], [2.76953125, 5.0], [2.767578125, 5.0], [2.765625, 5.0], [2.763671875, 5.0], [2.76171875, 5.0], [2.759765625, 5.0], [2.7578125, 5.0], [2.755859375, 5.0], [2.75390625, 5.0], [2.751953125, 5.0], [2.75, 5.0], [2.748046875, 5.0], [2.74609375, 5.0], [2.744140625, 5.0], [2.7421875, 5.0], [2.740234375, 5.0], [2.73828125, 5.0], [2.736328125, 5.0], [2.734375, 5.0], [2.732421875, 5.0], [2.73046875, 5.0], [2.728515625, 5.0], [2.7265625, 5.0], [2.724609375, 5.0], [2.72265625, 5.0], [2.720703125, 5.0], [2.71875, 5.0], [2.716796875, 5.0], [2.71484375, 5.0], [2.712890625, 5.0], [2.7109375, 5.0], [2.708984375, 5.0], [2.70703125, 5.0], [2.705078125, 5.0], [2.703125, 5.0], [2.701171875, 5.0], [2.69921875, 5.0], [2.697265625, 5.0], [2.6953125, 5.0], [2.693359375, 5.0], [2.69140625, 5.0], [2.689453125, 5.0], [2.6875, 5.0], [2.685546875, 5.0], [2.68359375, 5.0], [2.681640625, 5.0], [2.6796875, 5.0], [2.677734375, 5.0], [2.67578125, 5.0], [2.673828125, 5.0], [2.671875, 5.0], [2.669921875, 5.0], [2.66796875, 5.0], [2.666015625, 5.0], [2.6640625, 5.0], [2.662109375, 5.0], [2.66015625, 5.0], [2.658203125, 5.0], [2.65625, 5.0], [2.654296875, 5.0], [2.65234375, 5.0], [2.650390625, 5.0], [2.6484375, 5.0], [2.646484375, 5.0], [2.64453125, 5.0], [2.642578125, 5.0], [2.640625, 5.0], [2.638671875, 5.0], [2.63671875, 5.0], [2.634765625, 5.0], [2.6328125, 5.0], [2.630859375, 5.0], [2.62890625, 5.0], [2.626953125, 5.0], [2.625, 5.0], [2.623046875, 5.0], [2.62109375, 5.0], [2.619140625, 5.0], [2.6171875, 5.0], [2.615234375, 5.0], [2.61328125, 5.0], [2.611328125, 5.0], [2.609375, 5.0], [2.607421875, 5.0], [2.60546875, 5.0], [2.603515625, 5.0], [2.6015625, 5.0], [2.599609375, 5.0], [2.59765625, 5.0], [2.595703125, 5.0], [2.59375, 5.0], [2.591796875, 5.0], [2.58984375, 5.0], [2.587890625, 5.0], [2.5859375, 5.0], [2.583984375, 5.0], [2.58203125, 5.0], [2.580078125, 5.0], [2.578125, 5.0], [2.576171875, 5.0], [2.57421875, 5.0], [2.572265625, 5.0], [2.5703125, 5.0], [2.568359375, 5.0], [2.56640625, 5.0], [2.564453125, 5.0], [2.5625, 5.0], [2.560546875, 5.0], [2.55859375, 5.0], [2.556640625, 5.0], [2.5546875, 5.0], [2.552734375, 5.0], [2.55078125, 5.0], [2.548828125, 5.0], [2.546875, 5.0], [2.544921875, 5.0], [2.54296875, 5.0], [2.541015625, 5.0], [2.5390625, 5.0], [2.537109375, 5.0], [2.53515625, 5.0], [2.533203125, 5.0], [2.53125, 5.0], [2.529296875, 5.0], [2.52734375, 5.0], [2.525390625, 5.0], [2.5234375, 5.0], [2.521484375, 5.0], [2.51953125, 5.0], [2.517578125, 5.0], [2.515625, 5.0], [2.513671875, 5.0], [2.51171875, 5.0], [2.509765625, 5.0], [2.5078125, 5.0], [2.505859375, 5.0], [2.50390625, 5.0], [2.501953125, 5.0], [2.5, 5.0], [2.498046875, 5.0], [2.49609375, 5.0], [2.494140625, 5.0], [2.4921875, 5.0], [2.490234375, 5.0], [2.48828125, 5.0], [2.486328125, 5.0], [2.484375, 5.0], [2.482421875, 5.0], [2.48046875, 5.0], [2.478515625, 5.0], [2.4765625, 5.0], [2.474609375, 5.0], [2.47265625, 5.0], [2.470703125, 5.0], [2.46875, 5.0], [2.466796875, 5.0], [2.46484375, 5.0], [2.462890625, 5.0], [2.4609375, 5.0], [2.458984375, 5.0], [2.45703125, 5.0], [2.455078125, 5.0], [2.453125, 5.0], [2.451171875, 5.0], [2.44921875, 5.0], [2.447265625, 5.0], [2.4453125, 5.0], [2.443359375, 5.0], [2.44140625, 5.0], [2.439453125, 5.0], [2.4375, 5.0], [2.435546875, 5.0], [2.43359375, 5.0], [2.431640625, 5.0], [2.4296875, 5.0], [2.427734375, 5.0], [2.42578125, 5.0], [2.423828125, 5.0], [2.421875, 5.0], [2.419921875, 5.0], [2.41796875, 5.0], [2.416015625, 5.0], [2.4140625, 5.0], [2.412109375, 5.0], [2.41015625, 5.0], [2.408203125, 5.0], [2.40625, 5.0], [2.404296875, 5.0], [2.40234375, 5.0], [2.400390625, 5.0], [2.3984375, 5.0], [2.396484375, 5.0], [2.39453125, 5.0], [2.392578125, 5.0], [2.390625, 5.0], [2.388671875, 5.0], [2.38671875, 5.0], [2.384765625, 5.0], [2.3828125, 5.0], [2.380859375, 5.0], [2.37890625, 5.0], [2.376953125, 5.0], [2.375, 5.0], [2.373046875, 5.0], [2.37109375, 5.0], [2.369140625, 5.0], [2.3671875, 5.0], [2.365234375, 5.0], [2.36328125, 5.0], [2.361328125, 5.0], [2.359375, 5.0], [2.357421875, 5.0], [2.35546875, 5.0], [2.353515625, 5.0], [2.3515625, 5.0], [2.349609375, 5.0], [2.34765625, 5.0], [2.345703125, 5.0], [2.34375, 5.0], [2.341796875, 5.0], [2.33984375, 5.0], [2.337890625, 5.0], [2.3359375, 5.0], [2.333984375, 5.0], [2.33203125, 5.0], [2.330078125, 5.0], [2.328125, 5.0], [2.326171875, 5.0], [2.32421875, 5.0], [2.322265625, 5.0], [2.3203125, 5.0], [2.318359375, 5.0], [2.31640625, 5.0], [2.314453125, 5.0], [2.3125, 5.0], [2.310546875, 5.0], [2.30859375, 5.0], [2.306640625, 5.0], [2.3046875, 5.0], [2.302734375, 5.0], [2.30078125, 5.0], [2.298828125, 5.0], [2.296875, 5.0], [2.294921875, 5.0], [2.29296875, 5.0], [2.291015625, 5.0], [2.2890625, 5.0], [2.287109375, 5.0], [2.28515625, 5.0], [2.283203125, 5.0], [2.28125, 5.0], [2.279296875, 5.0], [2.27734375, 5.0], [2.275390625, 5.0], [2.2734375, 5.0], [2.271484375, 5.0], [2.26953125, 5.0], [2.267578125, 5.0], [2.265625, 5.0], [2.263671875, 5.0], [2.26171875, 5.0], [2.259765625, 5.0], [2.2578125, 5.0], [2.255859375, 5.0], [2.25390625, 5.0], [2.251953125, 5.0], [2.25, 5.0], [2.248046875, 5.0], [2.24609375, 5.0], [2.244140625, 5.0], [2.2421875, 5.0], [2.240234375, 5.0], [2.23828125, 5.0], [2.236328125, 5.0], [2.234375, 5.0], [2.232421875, 5.0], [2.23046875, 5.0], [2.228515625, 5.0], [2.2265625, 5.0], [2.224609375, 5.0], [2.22265625, 5.0], [2.220703125, 5.0], [2.21875, 5.0], [2.216796875, 5.0], [2.21484375, 5.0], [2.212890625, 5.0], [2.2109375, 5.0], [2.208984375, 5.0], [2.20703125, 5.0], [2.205078125, 5.0], [2.203125, 5.0], [2.201171875, 5.0], [2.19921875, 5.0], [2.197265625, 5.0], [2.1953125, 5.0], [2.193359375, 5.0], [2.19140625, 5.0], [2.189453125, 5.0], [2.1875, 5.0], [2.185546875, 5.0], [2.18359375, 5.0], [2.181640625, 5.0], [2.1796875, 5.0], [2.177734375, 5.0], [2.17578125, 5.0], [2.173828125, 5.0], [2.171875, 5.0], [2.169921875, 5.0], [2.16796875, 5.0], [2.166015625, 5.0], [2.1640625, 5.0], [2.162109375, 5.0], [2.16015625, 5.0], [2.158203125, 5.0], [2.15625, 5.0], [2.154296875, 5.0], [2.15234375, 5.0], [2.150390625, 5.0], [2.1484375, 5.0], [2.146484375, 5.0], [2.14453125, 5.0], [2.142578125, 5.0], [2.140625, 5.0], [2.138671875, 5.0], [2.13671875, 5.0], [2.134765625, 5.0], [2.1328125, 5.0], [2.130859375, 5.0], [2.12890625, 5.0], [2.126953125, 5.0], [2.125, 5.0], [2.123046875, 5.0], [2.12109375, 5.0], [2.119140625, 5.0], [2.1171875, 5.0], [2.115234375, 5.0], [2.11328125, 5.0], [2.111328125, 5.0], [2.109375, 5.0], [2.107421875, 5.0], [2.10546875, 5.0], [2.103515625, 5.0], [2.1015625, 5.0], [2.099609375, 5.0], [2.09765625, 5.0], [2.095703125, 5.0], [2.09375, 5.0], [2.091796875, 5.0], [2.08984375, 5.0], [2.087890625, 5.0], [2.0859375, 5.0], [2.083984375, 5.0], [2.08203125, 5.0], [2.080078125, 5.0], [2.078125, 5.0], [2.076171875, 5.0], [2.07421875, 5.0], [2.072265625, 5.0], [2.0703125, 5.0], [2.068359375, 5.0], [2.06640625, 5.0], [2.064453125, 5.0], [2.0625, 5.0], [2.060546875, 5.0], [2.05859375, 5.0], [2.056640625, 5.0], [2.0546875, 5.0], [2.052734375, 5.0], [2.05078125, 5.0], [2.048828125, 5.0], [2.046875, 5.0], [2.044921875, 5.0], [2.04296875, 5.0], [2.041015625, 5.0], [2.0390625, 5.0], [2.037109375, 5.0], [2.03515625, 5.0], [2.033203125, 5.0], [2.03125, 5.0], [2.029296875, 5.0], [2.02734375, 5.0], [2.025390625, 5.0], [2.0234375, 5.0], [2.021484375, 5.0], [2.01953125, 5.0], [2.017578125, 5.0], [2.015625, 5.0], [2.013671875, 5.0], [2.01171875, 5.0], [2.009765625, 5.0], [2.0078125, 5.0], [2.005859375, 5.0], [2.00390625, 5.0], [2.001953125, 5.0], [2.0, 5.0], [2.0, 4.998046875], [2.0, 4.99609375], [2.0, 4.994140625], [2.0, 4.9921875], [2.0, 4.990234375], [2.0, 4.98828125], [2.0, 4.986328125], [2.0, 4.984375], [2.0, 4.982421875], [2.0, 4.98046875], [2.0, 4.978515625], [2.0, 4.9765625], [2.0, 4.974609375], [2.0, 4.97265625], [2.0, 4.970703125], [2.0, 4.96875], [2.0, 4.966796875], [2.0, 4.96484375], [2.0, 4.962890625], [2.0, 4.9609375], [2.0, 4.958984375], [2.0, 4.95703125], [2.0, 4.955078125], [2.0, 4.953125], [2.0, 4.951171875], [2.0, 4.94921875], [2.0, 4.947265625], [2.0, 4.9453125], [2.0, 4.943359375], [2.0, 4.94140625], [2.0, 4.939453125], [2.0, 4.9375], [2.0, 4.935546875], [2.0, 4.93359375], [2.0, 4.931640625], [2.0, 4.9296875], [2.0, 4.927734375], [2.0, 4.92578125], [2.0, 4.923828125], [2.0, 4.921875], [2.0, 4.919921875], [2.0, 4.91796875], [2.0, 4.916015625], [2.0, 4.9140625], [2.0, 4.912109375], [2.0, 4.91015625], [2.0, 4.908203125], [2.0, 4.90625], [2.0, 4.904296875], [2.0, 4.90234375], [2.0, 4.900390625], [2.0, 4.8984375], [2.0, 4.896484375], [2.0, 4.89453125], [2.0, 4.892578125], [2.0, 4.890625], [2.0, 4.888671875], [2.0, 4.88671875], [2.0, 4.884765625], [2.0, 4.8828125], [2.0, 4.880859375], [2.0, 4.87890625], [2.0, 4.876953125], [2.0, 4.875], [2.0, 4.873046875], [2.0, 4.87109375], [2.0, 4.869140625], [2.0, 4.8671875], [2.0, 4.865234375], [2.0, 4.86328125], [2.0, 4.861328125], [2.0, 4.859375], [2.0, 4.857421875], [2.0, 4.85546875], [2.0, 4.853515625], [2.0, 4.8515625], [2.0, 4.849609375], [2.0, 4.84765625], [2.0, 4.845703125], [2.0, 4.84375], [2.0, 4.841796875], [2.0, 4.83984375], [2.0, 4.837890625], [2.0, 4.8359375], [2.0, 4.833984375], [2.0, 4.83203125], [2.0, 4.830078125], [2.0, 4.828125], [2.0, 4.826171875], [2.0, 4.82421875], [2.0, 4.822265625], [2.0, 4.8203125], [2.0, 4.818359375], [2.0, 4.81640625], [2.0, 4.814453125], [2.0, 4.8125], [2.0, 4.810546875], [2.0, 4.80859375], [2.0, 4.806640625], [2.0, 4.8046875], [2.0, 4.802734375], [2.0, 4.80078125], [2.0, 4.798828125], [2.0, 4.796875], [2.0, 4.794921875], [2.0, 4.79296875], [2.0, 4.791015625], [2.0, 4.7890625], [2.0, 4.787109375], [2.0, 4.78515625], [2.0, 4.783203125], [2.0, 4.78125], [2.0, 4.779296875], [2.0, 4.77734375], [2.0, 4.775390625], [2.0, 4.7734375], [2.0, 4.771484375], [2.0, 4.76953125], [2.0, 4.767578125], [2.0, 4.765625], [2.0, 4.763671875], [2.0, 4.76171875], [2.0, 4.759765625], [2.0, 4.7578125], [2.0, 4.755859375], [2.0, 4.75390625], [2.0, 4.751953125], [2.0, 4.75], [2.0, 4.748046875], [2.0, 4.74609375], [2.0, 4.744140625], [2.0, 4.7421875], [2.0, 4.740234375], [2.0, 4.73828125], [2.0, 4.736328125], [2.0, 4.734375], [2.0, 4.732421875], [2.0, 4.73046875], [2.0, 4.728515625], [2.0, 4.7265625], [2.0, 4.724609375], [2.0, 4.72265625], [2.0, 4.720703125], [2.0, 4.71875], [2.0, 4.716796875], [2.0, 4.71484375], [2.0, 4.712890625], [2.0, 4.7109375], [2.0, 4.708984375], [2.0, 4.70703125], [2.0, 4.705078125], [2.0, 4.703125], [2.0, 4.701171875], [2.0, 4.69921875], [2.0, 4.697265625], [2.0, 4.6953125], [2.0, 4.693359375], [2.0, 4.69140625], [2.0, 4.689453125], [2.0, 4.6875], [2.0, 4.685546875], [2.0, 4.68359375], [2.0, 4.681640625], [2.0, 4.6796875], [2.0, 4.677734375], [2.0, 4.67578125], [2.0, 4.673828125], [2.0, 4.671875], [2.0, 4.669921875], [2.0, 4.66796875], [2.0, 4.666015625], [2.0, 4.6640625], [2.0, 4.662109375], [2.0, 4.66015625], [2.0, 4.658203125], [2.0, 4.65625], [2.0, 4.654296875], [2.0, 4.65234375], [2.0, 4.650390625], [2.0, 4.6484375], [2.0, 4.646484375], [2.0, 4.64453125], [2.0, 4.642578125], [2.0, 4.640625], [2.0, 4.638671875], [2.0, 4.63671875], [2.0, 4.634765625], [2.0, 4.6328125], [2.0, 4.630859375], [2.0, 4.62890625], [2.0, 4.626953125], [2.0, 4.625], [2.0, 4.623046875], [2.0, 4.62109375], [2.0, 4.619140625], [2.0, 4.6171875], [2.0, 4.615234375], [2.0, 4.61328125], [2.0, 4.611328125], [2.0, 4.609375], [2.0, 4.607421875], [2.0, 4.60546875], [2.0, 4.603515625], [2.0, 4.6015625], [2.0, 4.599609375], [2.0, 4.59765625], [2.0, 4.595703125], [2.0, 4.59375], [2.0, 4.591796875], [2.0, 4.58984375], [2.0, 4.587890625], [2.0, 4.5859375], [2.0, 4.583984375], [2.0, 4.58203125], [2.0, 4.580078125], [2.0, 4.578125], [2.0, 4.576171875], [2.0, 4.57421875], [2.0, 4.572265625], [2.0, 4.5703125], [2.0, 4.568359375], [2.0, 4.56640625], [2.0, 4.564453125], [2.0, 4.5625], [2.0, 4.560546875], [2.0, 4.55859375], [2.0, 4.556640625], [2.0, 4.5546875], [2.0, 4.552734375], [2.0, 4.55078125], [2.0, 4.548828125], [2.0, 4.546875], [2.0, 4.544921875], [2.0, 4.54296875], [2.0, 4.541015625], [2.0, 4.5390625], [2.0, 4.537109375], [2.0, 4.53515625], [2.0, 4.533203125], [2.0, 4.53125], [2.0, 4.529296875], [2.0, 4.52734375], [2.0, 4.525390625], [2.0, 4.5234375], [2.0, 4.521484375], [2.0, 4.51953125], [2.0, 4.517578125], [2.0, 4.515625], [2.0, 4.513671875], [2.0, 4.51171875], [2.0, 4.509765625], [2.0, 4.5078125], [2.0, 4.505859375], [2.0, 4.50390625], [2.0, 4.501953125], [2.0, 4.5], [2.0, 4.498046875], [2.0, 4.49609375], [2.0, 4.494140625], [2.0, 4.4921875], [2.0, 4.490234375], [2.0, 4.48828125], [2.0, 4.486328125], [2.0, 4.484375], [2.0, 4.482421875], [2.0, 4.48046875], [2.0, 4.478515625], [2.0, 4.4765625], [2.0, 4.474609375], [2.0, 4.47265625], [2.0, 4.470703125], [2.0, 4.46875], [2.0, 4.466796875], [2.0, 4.46484375], [2.0, 4.462890625], [2.0, 4.4609375], [2.0, 4.458984375], [2.0, 4.45703125], [2.0, 4.455078125], [2.0, 4.453125], [2.0, 4.451171875], [2.0, 4.44921875], [2.0, 4.447265625], [2.0, 4.4453125], [2.0, 4.443359375], [2.0, 4.44140625], [2.0, 4.439453125], [2.0, 4.4375], [2.0, 4.435546875], [2.0, 4.43359375], [2.0, 4.431640625], [2.0, 4.4296875], [2.0, 4.427734375], [2.0, 4.42578125], [2.0, 4.423828125], [2.0, 4.421875], [2.0, 4.419921875], [2.0, 4.41796875], [2.0, 4.416015625], [2.0, 4.4140625], [2.0, 4.412109375], [2.0, 4.41015625], [2.0, 4.408203125], [2.0, 4.40625], [2.0, 4.404296875], [2.0, 4.40234375], [2.0, 4.400390625], [2.0, 4.3984375], [2.0, 4.396484375], [2.0, 4.39453125], [2.0, 4.392578125], [2.0, 4.390625], [2.0, 4.388671875], [2.0, 4.38671875], [2.0, 4.384765625], [2.0, 4.3828125], [2.0, 4.380859375], [2.0, 4.37890625], [2.0, 4.376953125], [2.0, 4.375], [2.0, 4.373046875], [2.0, 4.37109375], [2.0, 4.369140625], [2.0, 4.3671875], [2.0, 4.365234375], [2.0, 4.36328125], [2.0, 4.361328125], [2.0, 4.359375], [2.0, 4.357421875], [2.0, 4.35546875], [2.0, 4.353515625], [2.0, 4.3515625], [2.0, 4.349609375], [2.0, 4.34765625], [2.0, 4.345703125], [2.0, 4.34375], [2.0, 4.341796875], [2.0, 4.33984375], [2.0, 4.337890625], [2.0, 4.3359375], [2.0, 4.333984375], [2.0, 4.33203125], [2.0, 4.330078125], [2.0, 4.328125], [2.0, 4.326171875], [2.0, 4.32421875], [2.0, 4.322265625], [2.0, 4.3203125], [2.0, 4.318359375], [2.0, 4.31640625], [2.0, 4.314453125], [2.0, 4.3125], [2.0, 4.310546875], [2.0, 4.30859375], [2.0, 4.306640625], [2.0, 4.3046875], [2.0, 4.302734375], [2.0, 4.30078125], [2.0, 4.298828125], [2.0, 4.296875], [2.0, 4.294921875], [2.0, 4.29296875], [2.0, 4.291015625], [2.0, 4.2890625], [2.0, 4.287109375], [2.0, 4.28515625], [2.0, 4.283203125], [2.0, 4.28125], [2.0, 4.279296875], [2.0, 4.27734375], [2.0, 4.275390625], [2.0, 4.2734375], [2.0, 4.271484375], [2.0, 4.26953125], [2.0, 4.267578125], [2.0, 4.265625], [2.0, 4.263671875], [2.0, 4.26171875], [2.0, 4.259765625], [2.0, 4.2578125], [2.0, 4.255859375], [2.0, 4.25390625], [2.0, 4.251953125], [2.0, 4.25], [2.0, 4.248046875], [2.0, 4.24609375], [2.0, 4.244140625], [2.0, 4.2421875], [2.0, 4.240234375], [2.0, 4.23828125], [2.0, 4.236328125], [2.0, 4.234375], [2.0, 4.232421875], [2.0, 4.23046875], [2.0, 4.228515625], [2.0, 4.2265625], [2.0, 4.224609375], [2.0, 4.22265625], [2.0, 4.220703125], [2.0, 4.21875], [2.0, 4.216796875], [2.0, 4.21484375], [2.0, 4.212890625], [2.0, 4.2109375], [2.0, 4.208984375], [2.0, 4.20703125], [2.0, 4.205078125], [2.0, 4.203125], [2.0, 4.201171875], [2.0, 4.19921875], [2.0, 4.197265625], [2.0, 4.1953125], [2.0, 4.193359375], [2.0, 4.19140625], [2.0, 4.189453125], [2.0, 4.1875], [2.0, 4.185546875], [2.0, 4.18359375], [2.0, 4.181640625], [2.0, 4.1796875], [2.0, 4.177734375], [2.0, 4.17578125], [2.0, 4.173828125], [2.0, 4.171875], [2.0, 4.169921875], [2.0, 4.16796875], [2.0, 4.166015625], [2.0, 4.1640625], [2.0, 4.162109375], [2.0, 4.16015625], [2.0, 4.158203125], [2.0, 4.15625], [2.0, 4.154296875], [2.0, 4.15234375], [2.0, 4.150390625], [2.0, 4.1484375], [2.0, 4.146484375], [2.0, 4.14453125], [2.0, 4.142578125], [2.0, 4.140625], [2.0, 4.138671875], [2.0, 4.13671875], [2.0, 4.134765625], [2.0, 4.1328125], [2.0, 4.130859375], [2.0, 4.12890625], [2.0, 4.126953125], [2.0, 4.125], [2.0, 4.123046875], [2.0, 4.12109375], [2.0, 4.119140625], [2.0, 4.1171875], [2.0, 4.115234375], [2.0, 4.11328125], [2.0, 4.111328125], [2.0, 4.109375], [2.0, 4.107421875], [2.0, 4.10546875], [2.0, 4.103515625], [2.0, 4.1015625], [2.0, 4.099609375], [2.0, 4.09765625], [2.0, 4.095703125], [2.0, 4.09375], [2.0, 4.091796875], [2.0, 4.08984375], [2.0, 4.087890625], [2.0, 4.0859375], [2.0, 4.083984375], [2.0, 4.08203125], [2.0, 4.080078125], [2.0, 4.078125], [2.0, 4.076171875], [2.0, 4.07421875], [2.0, 4.072265625], [2.0, 4.0703125], [2.0, 4.068359375], [2.0, 4.06640625], [2.0, 4.064453125], [2.0, 4.0625], [2.0, 4.060546875], [2.0, 4.05859375], [2.0, 4.056640625], [2.0, 4.0546875], [2.0, 4.052734375], [2.0, 4.05078125], [2.0, 4.048828125], [2.0, 4.046875], [2.0, 4.044921875], [2.0, 4.04296875], [2.0, 4.041015625], [2.0, 4.0390625], [2.0, 4.037109375], [2.0, 4.03515625], [2.0, 4.033203125], [2.0, 4.03125], [2.0, 4.029296875], [2.0, 4.02734375], [2.0, 4.025390625], [2.0, 4.0234375], [2.0, 4.021484375], [2.0, 4.01953125], [2.0, 4.017578125], [2.0, 4.015625], [2.0, 4.013671875], [2.0, 4.01171875], [2.0, 4.009765625], [2.0, 4.0078125], [2.0, 4.005859375], [2.0, 4.00390625], [2.0, 4.001953125], [2, 4]]]}}, {"type": "Feature", "id": "c3-4", "properties": {"id": "c3-4", "name": "cell 3,4", "value": 2.6305}, "geometry": {"type": "Polygon", "coordinates": [[[3.0, 4.0], [3.001953125, 4.0], [3.00390625, 4.0], [3.005859375, 4.0], [3.0078125, 4.0], [3.009765625, 4.0], [3.01171875, 4.0], [3.013671875, 4.0], [3.015625, 4.0], [3.017578125, 4.0], [3.01953125, 4.0], [3.021484375, 4.0], [3.0234375, 4.0], [3.025390625, 4.0], [3.02734375, 4.0], [3.029296875, 4.0], [3.03125, 4.0], [3.033203125, 4.0], [3.03515625, 4.0], [3.037109375, 4.0], [3.0390625, 4.0], [3.041015625, 4.0], [3.04296875, 4.0], [3.044921875, 4.0], [3.046875, 4.0], [3.048828125, 4.0], [3.05078125, 4.0], [3.052734375, 4.0], [3.0546875, 4.0], [3.056640625, 4.0], [3.05859375, 4.0], [3.060546875, 4.0], [3.0625, 4.0], [3.064453125, 4.0], [3.06640625, 4.0], [3.068359375, 4.0], [3.0703125, 4.0], [3.072265625, 4.0], [3.07421875, 4.0], [3.076171875, 4.0], [3.078125, 4.0], [3.080078125, 4.0], [3.08203125, 4.0], [3.083984375, 4.0], [3.0859375, 4.0], [3.087890625, 4.0], [3.08984375, 4.0], [3.091796875, 4.0], [3.09375, 4.0], [3.095703125, 4.0], [3.09765625, 4.0], [3.099609375, 4.0], [3.1015625, 4.0], [3.103515625, 4.0], [3.10546875, 4.0], [3.107421875, 4.0], [3.109375, 4.0], [3.111328125, 4.0], [3.11328125, 4.0], [3.115234375, 4.0], [3.1171875, 4.0], [3.119140625, 4.0], [3.12109375, 4.0], [3.123046875, 4.0], [3.125, 4.0], [3.126953125, 4.0], [3.12890625, 4.0], [3.130859375, 4.0], [3.1328125, 4.0], [3.134765625, 4.0], [3.13671875, 4.0], [3.138671875, 4.0], [3.140625, 4.0], [3.142578125, 4.0], [3.14453125, 4.0], [3.146484375, 4.0], [3.1484375, 4.0], [3.150390625, 4.0], [3.15234375, 4.0], [3.154296875, 4.0], [3.15625, 4.0], [3.158203125, 4.0], [3.16015625, 4.0], [3.162109375, 4.0], [3.1640625, 4.0], [3.166015625, 4.0], [3.16796875, 4.0], [3.169921875, 4.0], [3.171875, 4.0], [3.173828125, 4.0], [3.17578125, 4.0], [3.177734375, 4.0], [3.1796875, 4.0], [3.181640625, 4.0], [3.18359375, 4.0], [3.185546875, 4.0], [3.1875, 4.0], [3.189453125, 4.0], [3.19140625, 4.0], [3.193359375, 4.0], [3.1953125, 4.0], [3.197265625, 4.0], [3.19921875, 4.0], [3.201171875, 4.0], [3.203125, 4.0], [3.205078125, 4.0], [3.20703125, 4.0], [3.208984375, 4.0], [3.2109375, 4.0], [3.212890625, 4.0], [3.21484375, 4.0], [3.216796875, 4.0], [3.21875, 4.0], [3.220703125, 4.0], [3.22265625, 4.0], [3.224609375, 4.0], [3.2265625, 4.0], [3.228515625, 4.0], [3.23046875, 4.0], [3.232421875, 4.0], [3.234375, 4.0], [3.236328125, 4.0], [3.23828125, 4.0], [3.240234375, 4.0], [3.2421875, 4.0], [3.244140625, 4.0], [3.24609375, 4.0], [3.248046875, 4.0], [3.25, 4.0], [3.251953125, 4.0], [3.25390625, 4.0], [3.255859375, 4.0], [3.2578125, 4.0], [3.259765625, 4.0], [3.26171875, 4.0], [3.263671875, 4.0], [3.265625, 4.0], [3.267578125, 4.0], [3.26953125, 4.0], [3.271484375, 4.0], [3.2734375, 4.0], [3.275390625, 4.0], [3.27734375, 4.0], [3.279296875, 4.0], [3.28125, 4.0], [3.283203125, 4.0], [3.28515625, 4.0], [3.287109375, 4.0], [3.2890625, 4.0], [3.291015625, 4.0], [3.29296875, 4.0], [3.294921875, 4.0], [3.296875, 4.0], [3.298828125, 4.0], [3.30078125, 4.0], [3.302734375, 4.0], [3.3046875, 4.0], [3.306640625, 4.0], [3.30859375, 4.0], [3.310546875, 4.0], [3.3125, 4.0], [3.314453125, 4.0], [3.31640625, 4.0], [3.318359375, 4.0], [3.3203125, 4.0], [3.322265625, 4.0], [3.32421875, 4.0], [3.326171875, 4.0], [3.328125, 4.0], [3.330078125, 4.0], [3.33203125, 4.0], [3.333984375, 4.0], [3.3359375, 4.0], [3.337890625, 4.0], [3.33984375, 4.0], [3.341796875, 4.0], [3.34375, 4.0], [3.345703125, 4.0], [3.34765625, 4.0], [3.349609375, 4.0], [3.3515625, 4.0], [3.353515625, 4.0], [3.35546875, 4.0], [3.357421875, 4.0], [3.359375, 4.0], [3.361328125, 4.0], [3.36328125, 4.0], [3.365234375, 4.0], [3.3671875, 4.0], [3.369140625, 4.0], [3.37109375, 4.0], [3.373046875, 4.0], [3.375, 4.0], [3.376953125, 4.0], [3.37890625, 4.0], [3.380859375, 4.0], [3.3828125, 4.0], [3.384765625, 4.0], [3.38671875, 4.0], [3.388671875, 4.0], [3.390625, 4.0], [3.392578125, 4.0], [3.39453125, 4.0], [3.396484375, 4.0], [3.3984375, 4.0], [3.400390625, 4.0], [3.40234375, 4.0], [3.404296875, 4.0], [3.40625, 4.0], [3.408203125, 4.0], [3.41015625, 4.0], [3.412109375, 4.0], [3.4140625, 4.0], [3.416015625, 4.0], [3.41796875, 4.0], [3.419921875, 4.0], [3.421875, 4.0], [3.423828125, 4.0], [3.42578125, 4.0], [3.427734375, 4.0], [3.4296875, 4.0], [3.431640625, 4.0], [3.43359375, 4.0], [3.435546875, 4.0], [3.4375, 4.0], [3.439453125, 4.0], [3.44140625, 4.0], [3.443359375, 4.0], [3.4453125, 4.0], [3.447265625, 4.0], [3.44921875, 4.0], [3.451171875, 4.0], [3.453125, 4.0], [3.455078125, 4.0], [3.45703125, 4.0], [3.458984375, 4.0], [3.4609375, 4.0], [3.462890625, 4.0], [3.46484375, 4.0], [3.466796875, 4.0], [3.46875, 4.0], [3.470703125, 4.0], [3.47265625, 4.0], [3.474609375, 4.0], [3.4765625, 4.0], [3.478515625, 4.0], [3.48046875, 4.0], [3.482421875, 4.0], [3.484375, 4.0], [3.486328125, 4.0], [3.48828125, 4.0], [3.490234375, 4.0], [3.4921875, 4.0], [3.494140625, 4.0], [3.49609375, 4.0], [3.498046875, 4.0], [3.5, 4.0], [3.501953125, 4.0], [3.50390625, 4.0], [3.505859375, 4.0], [3.5078125, 4.0], [3.509765625, 4.0], [3.51171875, 4.0], [3.513671875, 4.0], [3.515625, 4.0], [3.517578125, 4.0], [3.51953125, 4.0], [3.521484375, 4.0], [3.5234375, 4.0], [3.525390625, 4.0], [3.52734375, 4.0], [3.529296875, 4.0], [3.53125, 4.0], [3.533203125, 4.0], [3.53515625, 4.0], [3.537109375, 4.0], [3.5390625, 4.0], [3.541015625, 4.0], [3.54296875, 4.0], [3.544921875, 4.0], [3.546875, 4.0], [3.548828125, 4.0], [3.55078125, 4.0], [3.552734375, 4.0], [3.5546875, 4.0], [3.556640625, 4.0], [3.55859375, 4.0], [3.560546875, 4.0], [3.5625, 4.0], [3.564453125, 4.0], [3.56640625, 4.0], [3.568359375, 4.0], [3.5703125, 4.0], [3.572265625, 4.0], [3.57421875, 4.0], [3.576171875, 4.0], [3.578125, 4.0], [3.580078125, 4.0], [3.58203125, 4.0], [3.583984375, 4.0], [3.5859375, 4.0], [3.587890625, 4.0], [3.58984375, 4.0], [3.591796875, 4.0], [3.59375, 4.0], [3.595703125, 4.0], [3.59765625, 4.0], [3.599609375, 4.0], [3.6015625, 4.0], [3.603515625, 4.0], [3.60546875, 4.0], [3.607421875, 4.0], [3.609375, 4.0], [3.611328125, 4.0], [3.61328125, 4.0], [3.615234375, 4.0], [3.6171875, 4.0], [3.619140625, 4.0], [3.62109375, 4.0], [3.623046875, 4.0], [3.625, 4.0], [3.626953125, 4.0], [3.62890625, 4.0], [3.630859375, 4.0], [3.6328125, 4.0], [3.634765625, 4.0], [3.63671875, 4.0], [3.638671875, 4.0], [3.640625, 4.0], [3.642578125, 4.0], [3.64453125, 4.0], [3.646484375, 4.0], [3.6484375, 4.0], [3.650390625, 4.0], [3.65234375, 4.0], [3.654296875, 4.0], [3.65625, 4.0], [3.658203125, 4.0], [3.66015625, 4.0], [3.662109375, 4.0], [3.6640625, 4.0], [3.666015625, 4.0], [3.66796875, 4.0], [3.669921875, 4.0], [3.671875, 4.0], [3.673828125, 4.0], [3.67578125, 4.0], [3.677734375, 4.0], [3.6796875, 4.0], [3.681640625, 4.0], [3.68359375, 4.0], [3.685546875, 4.0], [3.6875, 4.0], [3.689453125, 4.0], [3.69140625, 4.0], [3.693359375, 4.0], [3.6953125, 4.0], [3.697265625, 4.0], [3.69921875, 4.0], [3.701171875, 4.0], [3.703125, 4.0], [3.705078125, 4.0], [3.70703125, 4.0], [3.708984375, 4.0], [3.7109375, 4.0], [3.712890625, 4.0], [3.71484375, 4.0], [3.716796875, 4.0], [3.71875, 4.0], [3.720703125, 4.0], [3.72265625, 4.0], [3.724609375, 4.0], [3.7265625, 4.0], [3.728515625, 4.0], [3.73046875, 4.0], [3.732421875, 4.0], [3.734375, 4.0], [3.736328125, 4.0], [3.73828125, 4.0], [3.740234375, 4.0], [3.7421875, 4.0], [3.744140625, 4.0], [3.74609375, 4.0], [3.748046875, 4.0], [3.75, 4.0], [3.751953125, 4.0], [3.75390625, 4.0], [3.755859375, 4.0], [3.7578125, 4.0], [3.759765625, 4.0], [3.76171875, 4.0], [3.763671875, 4.0], [3.765625, 4.0], [3.767578125, 4.0], [3.76953125, 4.0], [3.771484375, 4.0], [3.7734375, 4.0], [3.775390625, 4.0], [3.77734375, 4.0], [3.779296875, 4.0], [3.78125, 4.0], [3.783203125, 4.0], [3.78515625, 4.0], [3.787109375, 4.0], [3.7890625, 4.0], [3.791015625, 4.0], [3.79296875, 4.0], [3.794921875, 4.0], [3.796875, 4.0], [3.798828125, 4.0], [3.80078125, 4.0], [3.802734375, 4.0], [3.8046875, 4.0], [3.806640625, 4.0], [3.80859375, 4.0], [3.810546875, 4.0], [3.8125, 4.0], [3.814453125, 4.0], [3.81640625, 4.0], [3.818359375, 4.0], [3.8203125, 4.0], [3.822265625, 4.0], [3.82421875, 4.0], [3.826171875, 4.0], [3.828125, 4.0], [3.830078125, 4.0], [3.83203125, 4.0], [3.833984375, 4.0], [3.8359375, 4.0], [3.837890625, 4.0], [3.83984375, 4.0], [3.841796875, 4.0], [3.84375, 4.0], [3.845703125, 4.0], [3.84765625, 4.0], [3.849609375, 4.0], [3.8515625, 4.0], [3.853515625, 4.0], [3.85546875, 4.0], [3.857421875, 4.0], [3.859375, 4.0], [3.861328125, 4.0], [3.86328125, 4.0], [3.865234375, 4.0], [3.8671875, 4.0], [3.869140625, 4.0], [3.87109375, 4.0], [3.873046875, 4.0], [3.875, 4.0], [3.876953125, 4.0], [3.87890625, 4.0], [3.880859375, 4.0], [3.8828125, 4.0], [3.884765625, 4.0], [3.88671875, 4.0], [3.888671875, 4.0], [3.890625, 4.0], [3.892578125, 4.0], [3.89453125, 4.0], [3.896484375, 4.0], [3.8984375, 4.0], [3.900390625, 4.0], [3.90234375, 4.0], [3.904296875, 4.0], [3.90625, 4.0], [3.908203125, 4.0], [3.91015625, 4.0], [3.912109375, 4.0], [3.9140625, 4.0], [3.916015625, 4.0], [3.91796875, 4.0], [3.919921875, 4.0], [3.921875, 4.0], [3.923828125, 4.0], [3.92578125, 4.0], [3.927734375, 4.0], [3.9296875, 4.0], [3.931640625, 4.0], [3.93359375, 4.0], [3.935546875, 4.0], [3.9375, 4.0], [3.939453125, 4.0], [3.94140625, 4.0], [3.943359375, 4.0], [3.9453125, 4.0], [3.947265625, 4.0], [3.94921875, 4.0], [3.951171875, 4.0], [3.953125, 4.0], [3.955078125, 4.0], [3.95703125, 4.0], [3.958984375, 4.0], [3.9609375, 4.0], [3.962890625, 4.0], [3.96484375, 4.0], [3.966796875, 4.0], [3.96875, 4.0], [3.970703125, 4.0], [3.97265625, 4.0], [3.974609375, 4.0], [3.9765625, 4.0], [3.978515625, 4.0], [3.98046875, 4.0], [3.982421875, 4.0], [3.984375, 4.0], [3.986328125, 4.0], [3.98828125, 4.0], [3.990234375, 4.0], [3.9921875, 4.0], [3.994140625, 4.0], [3.99609375, 4.0], [3.998046875, 4.0], [4.0, 4.0], [4.0, 4.001953125], [4.0, 4.00390625], [4.0, 4.005859375], [4.0, 4.0078125], [4.0, 4.009765625], [4.0, 4.01171875], [4.0, 4.013671875], [4.0, 4.015625], [4.0, 4.017578125], [4.0, 4.01953125], [4.0, 4.021484375], [4.0, 4.0234375], [4.0, 4.025390625], [4.0, 4.02734375], [4.0, 4.029296875], [4.0, 4.03125], [4.0, 4.033203125], [4.0, 4.03515625], [4.0, 4.037109375], [4.0, 4.0390625], [4.0, 4.041015625], [4.0, 4.04296875], [4.0, 4.044921875], [4.0, 4.046875], [4.0, 4.048828125], [4.0, 4.05078125], [4.0, 4.052734375], [4.0, 4.0546875], [4.0, 4.056640625], [4.0, 4.05859375], [4.0, 4.060546875], [4.0, 4.0625], [4.0, 4.064453125], [4.0, 4.06640625], [4.0, 4.068359375], [4.0, 4.0703125], [4.0, 4.072265625], [4.0, 4.07421875], [4.0, 4.076171875], [4.0, 4.078125], [4.0, 4.080078125], [4.0, 4.08203125], [4.0, 4.083984375], [4.0, 4.0859375], [4.0, 4.087890625], [4.0, 4.08984375], [4.0, 4.091796875], [4.0, 4.09375], [4.0, 4.095703125], [4.0, 4.09765625], [4.0, 4.099609375], [4.0, 4.1015625], [4.0, 4.103515625], [4.0, 4.10546875], [4.0, 4.107421875], [4.0, 4.109375], [4.0, 4.111328125], [4.0, 4.11328125], [4.0, 4.115234375], [4.0, 4.1171875], [4.0, 4.119140625], [4.0, 4.12109375], [4.0, 4.123046875], [4.0, 4.125], [4.0, 4.126953125], [4.0, 4.12890625], [4.0, 4.130859375], [4.0, 4.1328125], [4.0, 4.134765625], [4.0, 4.13671875], [4.0, 4.138671875], [4.0, 4.140625], [4.0, 4.142578125], [4.0, 4.14453125], [4.0, 4.146484375], [4.0, 4.1484375], [4.0, 4.150390625], [4.0, 4.15234375], [4.0, 4.154296875], [4.0, 4.15625], [4.0, 4.158203125], [4.0, 4.16015625], [4.0, 4.162109375], [4.0, 4.1640625], [4.0, 4.166015625], [4.0, 4.16796875], [4.0, 4.169921875], [4.0, 4.171875], [4.0, 4.173828125], [4.0, 4.17578125], [4.0, 4.177734375], [4.0, 4.1796875], [4.0, 4.181640625], [4.0, 4.18359375], [4.0, 4.185546875], [4.0, 4.1875], [4.0, 4.189453125], [4.0, 4.19140625], [4.0, 4.193359375], [4.0, 4.1953125], [4.0, 4.197265625], [4.0, 4.19921875], [4.0, 4.201171875], [4.0, 4.203125], [4.0, 4.205078125], [4.0, 4.20703125], [4.0, 4.208984375], [4.0, 4.2109375], [4.0, 4.212890625], [4.0, 4.21484375], [4.0, 4.216796875], [4.0, 4.21875], [4.0, 4.220703125], [4.0, 4.22265625], [4.0, 4.224609375], [4.0, 4.2265625], [4.0, 4.228515625], [4.0, 4.23046875], [4.0, 4.232421875], [4.0, 4.234375], [4.0, 4.236328125], [4.0, 4.23828125], [4.0, 4.240234375], [4.0, 4.2421875], [4.0, 4.244140625], [4.0, 4.24609375], [4.0, 4.248046875], [4.0, 4.25], [4.0, 4.251953125], [4.0, 4.25390625], [4.0, 4.255859375], [4.0, 4.2578125], [4.0, 4.259765625], [4.0, 4.26171875], [4.0, 4.263671875], [4.0, 4.265625], [4.0, 4.267578125], [4.0, 4.26953125], [4.0, 4.271484375], [4.0, 4.2734375], [4.0, 4.275390625], [4.0, 4.27734375], [4.0, 4.279296875], [4.0, 4.28125], [4.0, 4.283203125], [4.0, 4.28515625], [4.0, 4.287109375], [4.0, 4.2890625], [4.0, 4.291015625], [4.0, 4.29296875], [4.0, 4.294921875], [4.0, 4.296875], [4.0, 4.298828125], [4.0, 4.30078125], [4.0, 4.302734375], [4.0, 4.3046875], [4.0, 4.306640625], [4.0, 4.30859375], [4.0, 4.310546875], [4.0, 4.3125], [4.0, 4.314453125], [4.0, 4.31640625], [4.0, 4.318359375], [4.0, 4.3203125], [4.0, 4.322265625], [4.0, 4.32421875], [4.0, 4.326171875], [4.0, 4.328125], [4.0, 4.330078125], [4.0, 4.33203125], [4.0, 4.333984375], [4.0, 4.3359375], [4.0, 4.337890625], [4.0, 4.33984375], [4.0, 4.341796875], [4.0, 4.34375], [4.0, 4.345703125], [4.0, 4.34765625], [4.0, 4.349609375], [4.0, 4.3515625], [4.0, 4.353515625], [4.0, 4.35546875], [4.0, 4.357421875], [4.0, 4.359375], [4.0, 4.361328125], [4.0, 4.36328125], [4.0, 4.365234375], [4.0, 4.3671875], [4.0, 4.369140625], [4.0, 4.37109375], [4.0, 4.373046875], [4.0, 4.375], [4.0, 4.376953125], [4.0, 4.37890625], [4.0, 4.380859375], [4.0, 4.3828125], [4.0, 4.384765625], [4.0, 4.38671875], [4.0, 4.388671875], [4.0, 4.390625], [4.0, 4.392578125], [4.0, 4.39453125], [4.0, 4.396484375], [4.0, 4.3984375], [4.0, 4.400390625], [4.0, 4.40234375], [4.0, 4.404296875], [4.0, 4.40625], [4.0, 4.408203125], [4.0, 4.41015625], [4.0, 4.412109375], [4.0, 4.4140625], [4.0, 4.416015625], [4.0, 4.41796875], [4.0, 4.419921875], [4.0, 4.421875], [4.0, 4.423828125], [4.0, 4.42578125], [4.0, 4.427734375], [4.0, 4.4296875], [4.0, 4.431640625], [4.0, 4.43359375], [4.0, 4.435546875], [4.0, 4.4375], [4.0, 4.439453125], [4.0, 4.44140625], [4.0, 4.443359375], [4.0, 4.4453125], [4.0, 4.447265625], [4.0, 4.44921875], [4.0, 4.451171875], [4.0, 4.453125], [4.0, 4.455078125], [4.0, 4.45703125], [4.0, 4.458984375], [4.0, 4.4609375], [4.0, 4.462890625], [4.0, 4.46484375], [4.0, 4.466796875], [4.0, 4.46875], [4.0, 4.470703125], [4.0, 4.47265625], [4.0, 4.474609375], [4.0, 4.4765625], [4.0, 4.478515625], [4.0, 4.48046875], [4.0, 4.482421875], [4.0, 4.484375], [4.0, 4.486328125], [4.0, 4.48828125], [4.0, 4.490234375], [4.0, 4.4921875], [4.0, 4.494140625], [4.0, 4.49609375], [4.0, 4.498046875], [4.0, 4.5], [4.0, 4.501953125], [4.0, 4.50390625], [4.0, 4.505859375], [4.0, 4.5078125], [4.0, 4.509765625], [4.0, 4.51171875], [4.0, 4.513671875], [4.0, 4.515625], [4.0, 4.517578125], [4.0, 4.51953125], [4.0, 4.521484375], [4.0, 4.5234375], [4.0, 4.525390625], [4.0, 4.52734375], [4.0, 4.529296875], [4.0, 4.53125], [4.0, 4.533203125], [4.0, 4.53515625], [4.0, 4.537109375], [4.0, 4.5390625], [4.0, 4.541015625], [4.0, 4.54296875], [4.0, 4.544921875], [4.0, 4.546875], [4.0, 4.548828125], [4.0, 4.55078125], [4.0, 4.552734375], [4.0, 4.5546875], [4.0, 4.556640625], [4.0, 4.55859375], [4.0, 4.560546875], [4.0, 4.5625], [4.0, 4.564453125], [4.0, 4.56640625], [4.0, 4.568359375], [4.0, 4.5703125], [4.0, 4.572265625], [4.0, 4.57421875], [4.0, 4.576171875], [4.0, 4.578125], [4.0, 4.580078125], [4.0, 4.58203125], [4.0, 4.583984375], [4.0, 4.5859375], [4.0, 4.587890625], [4.0, 4.58984375], [4.0, 4.591796875], [4.0, 4.59375], [4.0, 4.595703125], [4.0, 4.59765625], [4.0, 4.599609375], [4.0, 4.6015625], [4.0, 4.603515625], [4.0, 4.60546875], [4.0, 4.607421875], [4.0, 4.609375], [4.0, 4.611328125], [4.0, 4.61328125], [4.0, 4.615234375], [4.0, 4.6171875], [4.0, 4.619140625], [4.0, 4.62109375], [4.0, 4.623046875], [4.0, 4.625], [4.0, 4.626953125], [4.0, 4.62890625], [4.0, 4.630859375], [4.0, 4.6328125], [4.0, 4.634765625], [4.0, 4.63671875], [4.0, 4.638671875], [4.0, 4.640625], [4.0, 4.642578125], [4.0, 4.64453125], [4.0, 4.646484375], [4.0, 4.6484375], [4.0, 4.650390625], [4.0, 4.65234375], [4.0, 4.654296875], [4.0, 4.65625], [4.0, 4.658203125], [4.0, 4.66015625], [4.0, 4.662109375], [4.0, 4.6640625], [4.0, 4.666015625], [4.0, 4.66796875], [4.0, 4.669921875], [4.0, 4.671875], [4.0, 4.673828125], [4.0, 4.67578125], [4.0, 4.677734375], [4.0, 4.6796875], [4.0, 4.681640625], [4.0, 4.68359375], [4.0, 4.685546875], [4.0, 4.6875], [4.0, 4.689453125], [4.0, 4.69140625], [4.0, 4.693359375], [4.0, 4.6953125], [4.0, 4.697265625], [4.0, 4.69921875], [4.0, 4.701171875], [4.0, 4.703125], [4.0, 4.705078125], [4.0, 4.70703125], [4.0, 4.708984375], [4.0, 4.7109375], [4.0, 4.712890625], [4.0, 4.71484375], [4.0, 4.716796875], [4.0, 4.71875], [4.0, 4.720703125], [4.0, 4.72265625], [4.0, 4.724609375], [4.0, 4.7265625], [4.0, 4.728515625], [4.0, 4.73046875], [4.0, 4.732421875], [4.0, 4.734375], [4.0, 4.736328125], [4.0, 4.73828125], [4.0, 4.740234375], [4.0, 4.7421875], [4.0, 4.744140625], [4.0, 4.74609375], [4.0, 4.748046875], [4.0, 4.75], [4.0, 4.751953125], [4.0, 4.75390625], [4.0, 4.755859375], [4.0, 4.7578125], [4.0, 4.759765625], [4.0, 4.76171875], [4.0, 4.763671875], [4.0, 4.765625], [4.0, 4.767578125], [4.0, 4.76953125], [4.0, 4.771484375], [4.0, 4.7734375], [4.0, 4.775390625], [4.0, 4.77734375], [4.0, 4.779296875], [4.0, 4.78125], [4.0, 4.783203125], [4.0, 4.78515625], [4.0, 4.787109375], [4.0, 4.7890625], [4.0, 4.791015625], [4.0, 4.79296875], [4.0, 4.794921875], [4.0, 4.796875], [4.0, 4.798828125], [4.0, 4.80078125], [4.0, 4.802734375], [4.0, 4.8046875], [4.0, 4.806640625], [4.0, 4.80859375], [4.0, 4.810546875], [4.0, 4.8125], [4.0, 4.814453125], [4.0, 4.81640625], [4.0, 4.818359375], [4.0, 4.8203125], [4.0, 4.822265625], [4.0, 4.82421875], [4.0, 4.826171875], [4.0, 4.828125], [4.0, 4.830078125], [4.0, 4.83203125], [4.0, 4.833984375], [4.0, 4.8359375], [4.0, 4.837890625], [4.0, 4.83984375], [4.0, 4.841796875], [4.0, 4.84375], [4.0, 4.845703125], [4.0, 4.84765625], [4.0, 4.849609375], [4.0, 4.8515625], [4.0, 4.853515625], [4.0, 4.85546875], [4.0, 4.857421875], [4.0, 4.859375], [4.0, 4.861328125], [4.0, 4.86328125], [4.0, 4.865234375], [4.0, 4.8671875], [4.0, 4.869140625], [4.0, 4.87109375], [4.0, 4.873046875], [4.0, 4.875], [4.0, 4.876953125], [4.0, 4.87890625], [4.0, 4.880859375], [4.0, 4.8828125], [4.0, 4.884765625], [4.0, 4.88671875], [4.0, 4.888671875], [4.0, 4.890625], [4.0, 4.892578125], [4.0, 4.89453125], [4.0, 4.896484375], [4.0, 4.8984375], [4.0, 4.900390625], [4.0, 4.90234375], [4.0, 4.904296875], [4.0, 4.90625], [4.0, 4.908203125], [4.0, 4.91015625], [4.0, 4.912109375], [4.0, 4.9140625], [4.0, 4.916015625], [4.0, 4.91796875], [4.0, 4.919921875], [4.0, 4.921875], [4.0, 4.923828125], [4.0, 4.92578125], [4.0, 4.927734375], [4.0, 4.9296875], [4.0, 4.931640625], [4.0, 4.93359375], [4.0, 4.935546875], [4.0, 4.9375], [4.0, 4.939453125], [4.0, 4.94140625], [4.0, 4.943359375], [4.0, 4.9453125], [4.0, 4.947265625], [4.0, 4.94921875], [4.0, 4.951171875], [4.0, 4.953125], [4.0, 4.955078125], [4.0, 4.95703125], [4.0, 4.958984375], [4.0, 4.9609375], [4.0, 4.962890625], [4.0, 4.96484375], [4.0, 4.966796875], [4.0, 4.96875], [4.0, 4.970703125], [4.0, 4.97265625], [4.0, 4.974609375], [4.0, 4.9765625], [4.0, 4.978515625], [4.0, 4.98046875], [4.0, 4.982421875], [4.0, 4.984375], [4.0, 4.986328125], [4.0, 4.98828125], [4.0, 4.990234375], [4.0, 4.9921875], [4.0, 4.994140625], [4.0, 4.99609375], [4.0, 4.998046875], [4.0, 5.0], [3.998046875, 5.0], [3.99609375, 5.0], [3.994140625, 5.0], [3.9921875, 5.0], [3.990234375, 5.0], [3.98828125, 5.0], [3.986328125, 5.0], [3.984375, 5.0], [3.982421875, 5.0], [3.98046875, 5.0], [3.978515625, 5.0], [3.9765625, 5.0], [3.974609375, 5.0], [3.97265625, 5.0], [3.970703125, 5.0], [3.96875, 5.0], [3.966796875, 5.0], [3.96484375, 5.0], [3.962890625, 5.0], [3.9609375, 5.0], [3.958984375, 5.0], [3.95703125, 5.0], [3.955078125, 5.0], [3.953125, 5.0], [3.951171875, 5.0], [3.94921875, 5.0], [3.947265625, 5.0], [3.9453125, 5.0], [3.943359375, 5.0], [3.94140625, 5.0], [3.939453125, 5.0], [3.9375, 5.0], [3.935546875, 5.0], [3.93359375, 5.0], [3.931640625, 5.0], [3.9296875, 5.0], [3.927734375, 5.0], [3.92578125, 5.0], [3.923828125, 5.0], [3.921875, 5.0], [3.919921875, 5.0], [3.91796875, 5.0], [3.916015625, 5.0], [3.9140625, 5.0], [3.912109375, 5.0], [3.91015625, 5.0], [3.908203125, 5.0], [3.90625, 5.0], [3.904296875, 5.0], [3.90234375, 5.0], [3.900390625, 5.0], [3.8984375, 5.0], [3.896484375, 5.0], [3.89453125, 5.0], [3.892578125, 5.0], [3.890625, 5.0], [3.888671875, 5.0], [3.88671875, 5.0], [3.884765625, 5.0], [3.8828125, 5.0], [3.880859375, 5.0], [3.87890625, 5.0], [3.876953125, 5.0], [3.875, 5.0], [3.873046875, 5.0], [3.87109375, 5.0], [3.869140625, 5.0], [3.8671875, 5.0], [3.865234375, 5.0], [3.86328125, 5.0], [3.861328125, 5.0], [3.859375, 5.0], [3.857421875, 5.0], [3.85546875, 5.0], [3.853515625, 5.0], [3.8515625, 5.0], [3.849609375, 5.0], [3.84765625, 5.0], [3.845703125, 5.0], [3.84375, 5.0], [3.841796875, 5.0], [3.83984375, 5.0], [3.837890625, 5.0], [3.8359375, 5.0], [3.833984375, 5.0], [3.83203125, 5.0], [3.830078125, 5.0], [3.828125, 5.0], [3.826171875, 5.0], [3.82421875, 5.0], [3.822265625, 5.0], [3.8203125, 5.0], [3.818359375, 5.0], [3.81640625, 5.0], [3.814453125, 5.0], [3.8125, 5.0], [3.810546875, 5.0], [3.80859375, 5.0], [3.806640625, 5.0], [3.8046875, 5.0], [3.802734375, 5.0], [3.80078125, 5.0], [3.798828125, 5.0], [3.796875, 5.0], [3.794921875, 5.0], [3.79296875, 5.0], [3.791015625, 5.0], [3.7890625, 5.0], [3.787109375, 5.0], [3.78515625, 5.0], [3.783203125, 5.0], [3.78125, 5.0], [3.779296875, 5.0], [3.77734375, 5.0], [3.775390625, 5.0], [3.7734375, 5.0], [3.771484375, 5.0], [3.76953125, 5.0], [3.767578125, 5.0], [3.765625, 5.0], [3.763671875, 5.0], [3.76171875, 5.0], [3.759765625, 5.0], [3.7578125, 5.0], [3.755859375, 5.0], [3.75390625, 5.0], [3.751953125, 5.0], [3.75, 5.0], [3.748046875, 5.0], [3.74609375, 5.0], [3.744140625, 5.0], [3.7421875, 5.0], [3.740234375, 5.0], [3.73828125, 5.0], [3.736328125, 5.0], [3.734375, 5.0], [3.732421875, 5.0], [3.73046875, 5.0], [3.728515625, 5.0], [3.7265625, 5.0], [3.724609375, 5.0], [3.72265625, 5.0], [3.720703125, 5.0], [3.71875, 5.0], [3.716796875, 5.0], [3.71484375, 5.0], [3.712890625, 5.0], [3.7109375, 5.0], [3.708984375, 5.0], [3.70703125, 5.0], [3.705078125, 5.0], [3.703125, 5.0], [3.701171875, 5.0], [3.69921875, 5.0], [3.697265625, 5.0], [3.6953125, 5.0], [3.693359375, 5.0], [3.69140625, 5.0], [3.689453125, 5.0], [3.6875, 5.0], [3.685546875, 5.0], [3.68359375, 5.0], [3.681640625, 5.0], [3.6796875, 5.0], [3.677734375, 5.0], [3.67578125, 5.0], [3.673828125, 5.0], [3.671875, 5.0], [3.669921875, 5.0], [3.66796875, 5.0], [3.666015625, 5.0], [3.6640625, 5.0], [3.662109375, 5.0], [3.66015625, 5.0], [3.658203125, 5.0], [3.65625, 5.0], [3.654296875, 5.0], [3.65234375, 5.0], [3.650390625, 5.0], [3.6484375, 5.0], [3.646484375, 5.0], [3.64453125, 5.0], [3.642578125, 5.0], [3.640625, 5.0], [3.638671875, 5.0], [3.63671875, 5.0], [3.634765625, 5.0], [3.6328125, 5.0], [3.630859375, 5.0], [3.62890625, 5.0], [3.626953125, 5.0], [3.625, 5.0], [3.623046875, 5.0], [3.62109375, 5.0], [3.619140625, 5.0], [3.6171875, 5.0], [3.615234375, 5.0], [3.61328125, 5.0], [3.611328125, 5.0], [3.609375, 5.0], [3.607421875, 5.0], [3.60546875, 5.0], [3.603515625, 5.0], [3.6015625, 5.0], [3.599609375, 5.0], [3.59765625, 5.0], [3.595703125, 5.0], [3.59375, 5.0], [3.591796875, 5.0], [3.58984375, 5.0], [3.587890625, 5.0], [3.5859375, 5.0], [3.583984375, 5.0], [3.58203125, 5.0], [3.580078125, 5.0], [3.578125, 5.0], [3.576171875, 5.0], [3.57421875, 5.0], [3.572265625, 5.0], [3.5703125, 5.0], [3.568359375, 5.0], [3.56640625, 5.0], [3.564453125, 5.0], [3.5625, 5.0], [3.560546875, 5.0], [3.55859375, 5.0], [3.556640625, 5.0], [3.5546875, 5.0], [3.552734375, 5.0], [3.55078125, 5.0], [3.548828125, 5.0], [3.546875, 5.0], [3.544921875, 5.0], [3.54296875, 5.0], [3.541015625, 5.0], [3.5390625, 5.0], [3.537109375, 5.0], [3.53515625, 5.0], [3.533203125, 5.0], [3.53125, 5.0], [3.529296875, 5.0], [3.52734375, 5.0], [3.525390625, 5.0], [3.5234375, 5.0], [3.521484375, 5.0], [3.51953125, 5.0], [3.517578125, 5.0], [3.515625, 5.0], [3.513671875, 5.0], [3.51171875, 5.0], [3.509765625, 5.0], [3.5078125, 5.0], [3.505859375, 5.0], [3.50390625, 5.0], [3.501953125, 5.0], [3.5, 5.0], [3.498046875, 5.0], [3.49609375, 5.0], [3.494140625, 5.0], [3.4921875, 5.0], [3.490234375, 5.0], [3.48828125, 5.0], [3.486328125, 5.0], [3.484375, 5.0], [3.482421875, 5.0], [3.48046875, 5.0], [3.478515625, 5.0], [3.4765625, 5.0], [3.474609375, 5.0], [3.47265625, 5.0], [3.470703125, 5.0], [3.46875, 5.0], [3.466796875, 5.0], [3.46484375, 5.0], [3.462890625, 5.0], [3.4609375, 5.0], [3.458984375, 5.0], [3.45703125, 5.0], [3.455078125, 5.0], [3.453125, 5.0], [3.451171875, 5.0], [3.44921875, 5.0], [3.447265625, 5.0], [3.4453125, 5.0], [3.443359375, 5.0], [3.44140625, 5.0], [3.439453125, 5.0], [3.4375, 5.0], [3.435546875, 5.0], [3.43359375, 5.0], [3.431640625, 5.0], [3.4296875, 5.0], [3.427734375, 5.0], [3.42578125, 5.0], [3.423828125, 5.0], [3.421875, 5.0], [3.419921875, 5.0], [3.41796875, 5.0], [3.416015625, 5.0], [3.4140625, 5.0], [3.412109375, 5.0], [3.41015625, 5.0], [3.408203125, 5.0], [3.40625, 5.0], [3.404296875, 5.0], [3.40234375, 5.0], [3.400390625, 5.0], [3.3984375, 5.0], [3.396484375, 5.0], [3.39453125, 5.0], [3.392578125, 5.0], [3.390625, 5.0], [3.388671875, 5.0], [3.38671875, 5.0], [3.384765625, 5.0], [3.3828125, 5.0], [3.380859375, 5.0], [3.37890625, 5.0], [3.376953125, 5.0], [3.375, 5.0], [3.373046875, 5.0], [3.37109375, 5.0], [3.369140625, 5.0], [3.3671875, 5.0], [3.365234375, 5.0], [3.36328125, 5.0], [3.361328125, 5.0], [3.359375, 5.0], [3.357421875, 5.0], [3.35546875, 5.0], [3.353515625, 5.0], [3.3515625, 5.0], [3.349609375, 5.0], [3.34765625, 5.0], [3.345703125, 5.0], [3.34375, 5.0], [3.341796875, 5.0], [3.33984375, 5.0], [3.337890625, 5.0], [3.3359375, 5.0], [3.333984375, 5.0], [3.33203125, 5.0], [3.330078125, 5.0], [3.328125, 5.0], [3.326171875, 5.0], [3.32421875, 5.0], [3.322265625, 5.0], [3.3203125, 5.0], [3.318359375, 5.0], [3.31640625, 5.0], [3.314453125, 5.0], [3.3125, 5.0], [3.310546875, 5.0], [3.30859375, 5.0], [3.306640625, 5.0], [3.3046875, 5.0], [3.302734375, 5.0], [3.30078125, 5.0], [3.298828125, 5.0], [3.296875, 5.0], [3.294921875, 5.0], [3.29296875, 5.0], [3.291015625, 5.0], [3.2890625, 5.0], [3.287109375, 5.0], [3.28515625, 5.0], [3.283203125, 5.0], [3.28125, 5.0], [3.279296875, 5.0], [3.27734375, 5.0], [3.275390625, 5.0], [3.2734375, 5.0], [3.271484375, 5.0], [3.26953125, 5.0], [3.267578125, 5.0], [3.265625, 5.0], [3.263671875, 5.0], [3.26171875, 5.0], [3.259765625, 5.0], [3.2578125, 5.0], [3.255859375, 5.0], [3.25390625, 5.0], [3.251953125, 5.0], [3.25, 5.0], [3.248046875, 5.0], [3.24609375, 5.0], [3.244140625, 5.0], [3.2421875, 5.0], [3.240234375, 5.0], [3.23828125, 5.0], [3.236328125, 5.0], [3.234375, 5.0], [3.232421875, 5.0], [3.23046875, 5.0], [3.228515625, 5.0], [3.2265625, 5.0], [3.224609375, 5.0], [3.22265625, 5.0], [3.220703125, 5.0], [3.21875, 5.0], [3.216796875, 5.0], [3.21484375, 5.0], [3.212890625, 5.0], [3.2109375, 5.0], [3.208984375, 5.0], [3.20703125, 5.0], [3.205078125, 5.0], [3.203125, 5.0], [3.201171875, 5.0], [3.19921875, 5.0], [3.197265625, 5.0], [3.1953125, 5.0], [3.193359375, 5.0], [3.19140625, 5.0], [3.189453125, 5.0], [3.1875, 5.0], [3.185546875, 5.0], [3.18359375, 5.0], [3.181640625, 5.0], [3.1796875, 5.0], [3.177734375, 5.0], [3.17578125, 5.0], [3.173828125, 5.0], [3.171875, 5.0], [3.169921875, 5.0], [3.16796875, 5.0], [3.166015625, 5.0], [3.1640625, 5.0], [3.162109375, 5.0], [3.16015625, 5.0], [3.158203125, 5.0], [3.15625, 5.0], [3.154296875, 5.0], [3.15234375, 5.0], [3.150390625, 5.0], [3.1484375, 5.0], [3.146484375, 5.0], [3.14453125, 5.0], [3.142578125, 5.0], [3.140625, 5.0], [3.138671875, 5.0], [3.13671875, 5.0], [3.134765625, 5.0], [3.1328125, 5.0], [3.130859375, 5.0], [3.12890625, 5.0], [3.126953125, 5.0], [3.125, 5.0], [3.123046875, 5.0], [3.12109375, 5.0], [3.119140625, 5.0], [3.1171875, 5.0], [3.115234375, 5.0], [3.11328125, 5.0], [3.111328125, 5.0], [3.109375, 5.0], [3.107421875, 5.0], [3.10546875, 5.0], [3.103515625, 5.0], [3.1015625, 5.0], [3.099609375, 5.0], [3.09765625, 5.0], [3.095703125, 5.0], [3.09375, 5.0], [3.091796875, 5.0], [3.08984375, 5.0], [3.087890625, 5.0], [3.0859375, 5.0], [3.083984375, 5.0], [3.08203125, 5.0], [3.080078125, 5.0], [3.078125, 5.0], [3.076171875, 5.0], [3.07421875, 5.0], [3.072265625, 5.0], [3.0703125, 5.0], [3.068359375, 5.0], [3.06640625, 5.0], [3.064453125, 5.0], [3.0625, 5.0], [3.060546875, 5.0], [3.05859375, 5.0], [3.056640625, 5.0], [3.0546875, 5.0], [3.052734375, 5.0], [3.05078125, 5.0], [3.048828125, 5.0], [3.046875, 5.0], [3.044921875, 5.0], [3.04296875, 5.0], [3.041015625, 5.0], [3.0390625, 5.0], [3.037109375, 5.0], [3.03515625, 5.0], [3.033203125, 5.0], [3.03125, 5.0], [3.029296875, 5.0], [3.02734375, 5.0], [3.025390625, 5.0], [3.0234375, 5.0], [3.021484375, 5.0], [3.01953125, 5.0], [3.017578125, 5.0], [3.015625, 5.0], [3.013671875, 5.0], [3.01171875, 5.0], [3.009765625, 5.0], [3.0078125, 5.0], [3.005859375, 5.0], [3.00390625, 5.0], [3.001953125, 5.0], [3.0, 5.0], [3.0, 4.998046875], [3.0, 4.99609375], [3.0, 4.994140625], [3.0, 4.9921875], [3.0, 4.990234375], [3.0, 4.98828125], [3.0, 4.986328125], [3.0, 4.984375], [3.0, 4.982421875], [3.0, 4.98046875], [3.0, 4.978515625], [3.0, 4.9765625], [3.0, 4.974609375], [3.0, 4.97265625], [3.0, 4.970703125], [3.0, 4.96875], [3.0, 4.966796875], [3.0, 4.96484375], [3.0, 4.962890625], [3.0, 4.9609375], [3.0, 4.958984375], [3.0, 4.95703125], [3.0, 4.955078125], [3.0, 4.953125], [3.0, 4.951171875], [3.0, 4.94921875], [3.0, 4.947265625], [3.0, 4.9453125], [3.0, 4.943359375], [3.0, 4.94140625], [3.0, 4.939453125], [3.0, 4.9375], [3.0, 4.935546875], [3.0, 4.93359375], [3.0, 4.931640625], [3.0, 4.9296875], [3.0, 4.927734375], [3.0, 4.92578125], [3.0, 4.923828125], [3.0, 4.921875], [3.0, 4.919921875], [3.0, 4.91796875], [3.0, 4.916015625], [3.0, 4.9140625], [3.0, 4.912109375], [3.0, 4.91015625], [3.0, 4.908203125], [3.0, 4.90625], [3.0, 4.904296875], [3.0, 4.90234375], [3.0, 4.900390625], [3.0, 4.8984375], [3.0, 4.896484375], [3.0, 4.89453125], [3.0, 4.892578125], [3.0, 4.890625], [3.0, 4.888671875], [3.0, 4.88671875], [3.0, 4.884765625], [3.0, 4.8828125], [3.0, 4.880859375], [3.0, 4.87890625], [3.0, 4.876953125], [3.0, 4.875], [3.0, 4.873046875], [3.0, 4.87109375], [3.0, 4.869140625], [3.0, 4.8671875], [3.0, 4.865234375], [3.0, 4.86328125], [3.0, 4.861328125], [3.0, 4.859375], [3.0, 4.857421875], [3.0, 4.85546875], [3.0, 4.853515625], [3.0, 4.8515625], [3.0, 4.849609375], [3.0, 4.84765625], [3.0, 4.845703125], [3.0, 4.84375], [3.0, 4.841796875], [3.0, 4.83984375], [3.0, 4.837890625], [3.0, 4.8359375], [3.0, 4.833984375], [3.0, 4.83203125], [3.0, 4.830078125], [3.0, 4.828125], [3.0, 4.826171875], [3.0, 4.82421875], [3.0, 4.822265625], [3.0, 4.8203125], [3.0, 4.818359375], [3.0, 4.81640625], [3.0, 4.814453125], [3.0, 4.8125], [3.0, 4.810546875], [3.0, 4.80859375], [3.0, 4.806640625], [3.0, 4.8046875], [3.0, 4.802734375], [3.0, 4.80078125], [3.0, 4.798828125], [3.0, 4.796875], [3.0, 4.794921875], [3.0, 4.79296875], [3.0, 4.791015625], [3.0, 4.7890625], [3.0, 4.787109375], [3.0, 4.78515625], [3.0, 4.783203125], [3.0, 4.78125], [3.0, 4.779296875], [3.0, 4.77734375], [3.0, 4.775390625], [3.0, 4.7734375], [3.0, 4.771484375], [3.0, 4.76953125], [3.0, 4.767578125], [3.0, 4.765625], [3.0, 4.763671875], [3.0, 4.76171875], [3.0, 4.759765625], [3.0, 4.7578125], [3.0, 4.755859375], [3.0, 4.75390625], [3.0, 4.751953125], [3.0, 4.75], [3.0, 4.748046875], [3.0, 4.74609375], [3.0, 4.744140625], [3.0, 4.7421875], [3.0, 4.740234375], [3.0, 4.73828125], [3.0, 4.736328125], [3.0, 4.734375], [3.0, 4.732421875], [3.0, 4.73046875], [3.0, 4.728515625], [3.0, 4.7265625], [3.0, 4.724609375], [3.0, 4.72265625], [3.0, 4.720703125], [3.0, 4.71875], [3.0, 4.716796875], [3.0, 4.71484375], [3.0, 4.712890625], [3.0, 4.7109375], [3.0, 4.708984375], [3.0, 4.70703125], [3.0, 4.705078125], [3.0, 4.703125], [3.0, 4.701171875], [3.0, 4.69921875], [3.0, 4.697265625], [3.0, 4.6953125], [3.0, 4.693359375], [3.0, 4.69140625], [3.0, 4.689453125], [3.0, 4.6875], [3.0, 4.685546875], [3.0, 4.68359375], [3.0, 4.681640625], [3.0, 4.6796875], [3.0, 4.677734375], [3.0, 4.67578125], [3.0, 4.673828125], [3.0, 4.671875], [3.0, 4.669921875], [3.0, 4.66796875], [3.0, 4.666015625], [3.0, 4.6640625], [3.0, 4.662109375], [3.0, 4.66015625], [3.0, 4.658203125], [3.0, 4.65625], [3.0, 4.654296875], [3.0, 4.65234375], [3.0, 4.650390625], [3.0, 4.6484375], [3.0, 4.646484375], [3.0, 4.64453125], [3.0, 4.642578125], [3.0, 4.640625], [3.0, 4.638671875], [3.0, 4.63671875], [3.0, 4.634765625], [3.0, 4.6328125], [3.0, 4.630859375], [3.0, 4.62890625], [3.0, 4.626953125], [3.0, 4.625], [3.0, 4.623046875], [3.0, 4.62109375], [3.0, 4.619140625], [3.0, 4.6171875], [3.0, 4.615234375], [3.0, 4.61328125], [3.0, 4.611328125], [3.0, 4.609375], [3.0, 4.607421875], [3.0, 4.60546875], [3.0, 4.603515625], [3.0, 4.6015625], [3.0, 4.599609375], [3.0, 4.59765625], [3.0, 4.595703125], [3.0, 4.59375], [3.0, 4.591796875], [3.0, 4.58984375], [3.0, 4.587890625], [3.0, 4.5859375], [3.0, 4.583984375], [3.0, 4.58203125], [3.0, 4.580078125], [3.0, 4.578125], [3.0, 4.576171875], [3.0, 4.57421875], [3.0, 4.572265625], [3.0, 4.5703125], [3.0, 4.568359375], [3.0, 4.56640625], [3.0, 4.564453125], [3.0, 4.5625], [3.0, 4.560546875], [3.0, 4.55859375], [3.0, 4.556640625], [3.0, 4.5546875], [3.0, 4.552734375], [3.0, 4.55078125], [3.0, 4.548828125], [3.0, 4.546875], [3.0, 4.544921875], [3.0, 4.54296875], [3.0, 4.541015625], [3.0, 4.5390625], [3.0, 4.537109375], [3.0, 4.53515625], [3.0, 4.533203125], [3.0, 4.53125], [3.0, 4.529296875], [3.0, 4.52734375], [3.0, 4.525390625], [3.0, 4.5234375], [3.0, 4.521484375], [3.0, 4.51953125], [3.0, 4.517578125], [3.0, 4.515625], [3.0, 4.513671875], [3.0, 4.51171875], [3.0, 4.509765625], [3.0, 4.5078125], [3.0, 4.505859375], [3.0, 4.50390625], [3.0, 4.501953125], [3.0, 4.5], [3.0, 4.498046875], [3.0, 4.49609375], [3.0, 4.494140625], [3.0, 4.4921875], [3.0, 4.490234375], [3.0, 4.48828125], [3.0, 4.486328125], [3.0, 4.484375], [3.0, 4.482421875], [3.0, 4.48046875], [3.0, 4.478515625], [3.0, 4.4765625], [3.0, 4.474609375], [3.0, 4.47265625], [3.0, 4.470703125], [3.0, 4.46875], [3.0, 4.466796875], [3.0, 4.46484375], [3.0, 4.462890625], [3.0, 4.4609375], [3.0, 4.458984375], [3.0, 4.45703125], [3.0, 4.455078125], [3.0, 4.453125], [3.0, 4.451171875], [3.0, 4.44921875], [3.0, 4.447265625], [3.0, 4.4453125], [3.0, 4.443359375], [3.0, 4.44140625], [3.0, 4.439453125], [3.0, 4.4375], [3.0, 4.435546875], [3.0, 4.43359375], [3.0, 4.431640625], [3.0, 4.4296875], [3.0, 4.427734375], [3.0, 4.42578125], [3.0, 4.423828125], [3.0, 4.421875], [3.0, 4.419921875], [3.0, 4.41796875], [3.0, 4.416015625], [3.0, 4.4140625], [3.0, 4.412109375], [3.0, 4.41015625], [3.0, 4.408203125], [3.0, 4.40625], [3.0, 4.404296875], [3.0, 4.40234375], [3.0, 4.400390625], [3.0, 4.3984375], [3.0, 4.396484375], [3.0, 4.39453125], [3.0, 4.392578125], [3.0, 4.390625], [3.0, 4.388671875], [3.0, 4.38671875], [3.0, 4.384765625], [3.0, 4.3828125], [3.0, 4.380859375], [3.0, 4.37890625], [3.0, 4.376953125], [3.0, 4.375], [3.0, 4.373046875], [3.0, 4.37109375], [3.0, 4.369140625], [3.0, 4.3671875], [3.0, 4.365234375], [3.0, 4.36328125], [3.0, 4.361328125], [3.0, 4.359375], [3.0, 4.357421875], [3.0, 4.35546875], [3.0, 4.353515625], [3.0, 4.3515625], [3.0, 4.349609375], [3.0, 4.34765625], [3.0, 4.345703125], [3.0, 4.34375], [3.0, 4.341796875], [3.0, 4.33984375], [3.0, 4.337890625], [3.0, 4.3359375], [3.0, 4.333984375], [3.0, 4.33203125], [3.0, 4.330078125], [3.0, 4.328125], [3.0, 4.326171875], [3.0, 4.32421875], [3.0, 4.322265625], [3.0, 4.3203125], [3.0, 4.318359375], [3.0, 4.31640625], [3.0, 4.314453125], [3.0, 4.3125], [3.0, 4.310546875], [3.0, 4.30859375], [3.0, 4.306640625], [3.0, 4.3046875], [3.0, 4.302734375], [3.0, 4.30078125], [3.0, 4.298828125], [3.0, 4.296875], [3.0, 4.294921875], [3.0, 4.29296875], [3.0, 4.291015625], [3.0, 4.2890625], [3.0, 4.287109375], [3.0, 4.28515625], [3.0, 4.283203125], [3.0, 4.28125], [3.0, 4.279296875], [3.0, 4.27734375], [3.0, 4.275390625], [3.0, 4.2734375], [3.0, 4.271484375], [3.0, 4.26953125], [3.0, 4.267578125], [3.0, 4.265625], [3.0, 4.263671875], [3.0, 4.26171875], [3.0, 4.259765625], [3.0, 4.2578125], [3.0, 4.255859375], [3.0, 4.25390625], [3.0, 4.251953125], [3.0, 4.25], [3.0, 4.248046875], [3.0, 4.24609375], [3.0, 4.244140625], [3.0, 4.2421875], [3.0, 4.240234375], [3.0, 4.23828125], [3.0, 4.236328125], [3.0, 4.234375], [3.0, 4.232421875], [3.0, 4.23046875], [3.0, 4.228515625], [3.0, 4.2265625], [3.0, 4.224609375], [3.0, 4.22265625], [3.0, 4.220703125], [3.0, 4.21875], [3.0, 4.216796875], [3.0, 4.21484375], [3.0, 4.212890625], [3.0, 4.2109375], [3.0, 4.208984375], [3.0, 4.20703125], [3.0, 4.205078125], [3.0, 4.203125], [3.0, 4.201171875], [3.0, 4.19921875], [3.0, 4.197265625], [3.0, 4.1953125], [3.0, 4.193359375], [3.0, 4.19140625], [3.0, 4.189453125], [3.0, 4.1875], [3.0, 4.185546875], [3.0, 4.18359375], [3.0, 4.181640625], [3.0, 4.1796875], [3.0, 4.177734375], [3.0, 4.17578125], [3.0, 4.173828125], [3.0, 4.171875], [3.0, 4.169921875], [3.0, 4.16796875], [3.0, 4.166015625], [3.0, 4.1640625], [3.0, 4.162109375], [3.0, 4.16015625], [3.0, 4.158203125], [3.0, 4.15625], [3.0, 4.154296875], [3.0, 4.15234375], [3.0, 4.150390625], [3.0, 4.1484375], [3.0, 4.146484375], [3.0, 4.14453125], [3.0, 4.142578125], [3.0, 4.140625], [3.0, 4.138671875], [3.0, 4.13671875], [3.0, 4.134765625], [3.0, 4.1328125], [3.0, 4.130859375], [3.0, 4.12890625], [3.0, 4.126953125], [3.0, 4.125], [3.0, 4.123046875], [3.0, 4.12109375], [3.0, 4.119140625], [3.0, 4.1171875], [3.0, 4.115234375], [3.0, 4.11328125], [3.0, 4.111328125], [3.0, 4.109375], [3.0, 4.107421875], [3.0, 4.10546875], [3.0, 4.103515625], [3.0, 4.1015625], [3.0, 4.099609375], [3.0, 4.09765625], [3.0, 4.095703125], [3.0, 4.09375], [3.0, 4.091796875], [3.0, 4.08984375], [3.0, 4.087890625], [3.0, 4.0859375], [3.0, 4.083984375], [3.0, 4.08203125], [3.0, 4.080078125], [3.0, 4.078125], [3.0, 4.076171875], [3.0, 4.07421875], [3.0, 4.072265625], [3.0, 4.0703125], [3.0, 4.068359375], [3.0, 4.06640625], [3.0, 4.064453125], [3.0, 4.0625], [3.0, 4.060546875], [3.0, 4.05859375], [3.0, 4.056640625], [3.0, 4.0546875], [3.0, 4.052734375], [3.0, 4.05078125], [3.0, 4.048828125], [3.0, 4.046875], [3.0, 4.044921875], [3.0, 4.04296875], [3.0, 4.041015625], [3.0, 4.0390625], [3.0, 4.037109375], [3.0, 4.03515625], [3.0, 4.033203125], [3.0, 4.03125], [3.0, 4.029296875], [3.0, 4.02734375], [3.0, 4.025390625], [3.0, 4.0234375], [3.0, 4.021484375], [3.0, 4.01953125], [3.0, 4.017578125], [3.0, 4.015625], [3.0, 4.013671875], [3.0, 4.01171875], [3.0, 4.009765625], [3.0, 4.0078125], [3.0, 4.005859375], [3.0, 4.00390625], [3.0, 4.001953125], [3, 4]]]}}, {"type": "Feature", "id": "c4-4", "properties": {"id": "c4-4", "name": "cell 4,4", "value": 1.239}, "geometry": {"type": "Polygon", "coordinates": [[[4.0, 4.0], [4.001953125, 4.0], [4.00390625, 4.0], [4.005859375, 4.0], [4.0078125, 4.0], [4.009765625, 4.0], [4.01171875, 4.0], [4.013671875, 4.0], [4.015625, 4.0], [4.017578125, 4.0], [4.01953125, 4.0], [4.021484375, 4.0], [4.0234375, 4.0], [4.025390625, 4.0], [4.02734375, 4.0], [4.029296875, 4.0], [4.03125, 4.0], [4.033203125, 4.0], [4.03515625, 4.0], [4.037109375, 4.0], [4.0390625, 4.0], [4.041015625, 4.0], [4.04296875, 4.0], [4.044921875, 4.0], [4.046875, 4.0], [4.048828125, 4.0], [4.05078125, 4.0], [4.052734375, 4.0], [4.0546875, 4.0], [4.056640625, 4.0], [4.05859375, 4.0], [4.060546875, 4.0], [4.0625, 4.0], [4.064453125, 4.0], [4.06640625, 4.0], [4.068359375, 4.0], [4.0703125, 4.0], [4.072265625, 4.0], [4.07421875, 4.0], [4.076171875, 4.0], [4.078125, 4.0], [4.080078125, 4.0], [4.08203125, 4.0], [4.083984375, 4.0], [4.0859375, 4.0], [4.087890625, 4.0], [4.08984375, 4.0], [4.091796875, 4.0], [4.09375, 4.0], [4.095703125, 4.0], [4.09765625, 4.0], [4.099609375, 4.0], [4.1015625, 4.0], [4.103515625, 4.0], [4.10546875, 4.0], [4.107421875, 4.0], [4.109375, 4.0], [4.111328125, 4.0], [4.11328125, 4.0], [4.115234375, 4.0], [4.1171875, 4.0], [4.119140625, 4.0], [4.12109375, 4.0], [4.123046875, 4.0], [4.125, 4.0], [4.126953125, 4.0], [4.12890625, 4.0], [4.130859375, 4.0], [4.1328125, 4.0], [4.134765625, 4.0], [4.13671875, 4.0], [4.138671875, 4.0], [4.140625, 4.0], [4.142578125, 4.0], [4.14453125, 4.0], [4.146484375, 4.0], [4.1484375, 4.0], [4.150390625, 4.0], [4.15234375, 4.0], [4.154296875, 4.0], [4.15625, 4.0], [4.158203125, 4.0], [4.16015625, 4.0], [4.162109375, 4.0], [4.1640625, 4.0], [4.166015625, 4.0], [4.16796875, 4.0], [4.169921875, 4.0], [4.171875, 4.0], [4.173828125, 4.0], [4.17578125, 4.0], [4.177734375, 4.0], [4.1796875, 4.0], [4.181640625, 4.0], [4.18359375, 4.0], [4.185546875, 4.0], [4.1875, 4.0], [4.189453125, 4.0], [4.19140625, 4.0], [4.193359375, 4.0], [4.1953125, 4.0], [4.197265625, 4.0], [4.19921875, 4.0], [4.201171875, 4.0], [4.203125, 4.0], [4.205078125, 4.0], [4.20703125, 4.0], [4.208984375, 4.0], [4.2109375, 4.0], [4.212890625, 4.0], [4.21484375, 4.0], [4.216796875, 4.0], [4.21875, 4.0], [4.220703125, 4.0], [4.22265625, 4.0], [4.224609375, 4.0], [4.2265625, 4.0], [4.228515625, 4.0], [4.23046875, 4.0], [4.232421875, 4.0], [4.234375, 4.0], [4.236328125, 4.0], [4.23828125, 4.0], [4.240234375, 4.0], [4.2421875, 4.0], [4.244140625, 4.0], [4.24609375, 4.0], [4.248046875, 4.0], [4.25, 4.0], [4.251953125, 4.0], [4.25390625, 4.0], [4.255859375, 4.0], [4.2578125, 4.0], [4.259765625, 4.0], [4.26171875, 4.0], [4.263671875, 4.0], [4.265625, 4.0], [4.267578125, 4.0], [4.26953125, 4.0], [4.271484375, 4.0], [4.2734375, 4.0], [4.275390625, 4.0], [4.27734375, 4.0], [4.279296875, 4.0], [4.28125, 4.0], [4.283203125, 4.0], [4.28515625, 4.0], [4.287109375, 4.0], [4.2890625, 4.0], [4.291015625, 4.0], [4.29296875, 4.0], [4.294921875, 4.0], [4.296875, 4.0], [4.298828125, 4.0], [4.30078125, 4.0], [4.302734375, 4.0], [4.3046875, 4.0], [4.306640625, 4.0], [4.30859375, 4.0], [4.310546875, 4.0], [4.3125, 4.0], [4.314453125, 4.0], [4.31640625, 4.0], [4.318359375, 4.0], [4.3203125, 4.0], [4.322265625, 4.0], [4.32421875, 4.0], [4.326171875, 4.0], [4.328125, 4.0], [4.330078125, 4.0], [4.33203125, 4.0], [4.333984375, 4.0], [4.3359375, 4.0], [4.337890625, 4.0], [4.33984375, 4.0], [4.341796875, 4.0], [4.34375, 4.0], [4.345703125, 4.0], [4.34765625, 4.0], [4.349609375, 4.0], [4.3515625, 4.0], [4.353515625, 4.0], [4.35546875, 4.0], [4.357421875, 4.0], [4.359375, 4.0], [4.361328125, 4.0], [4.36328125, 4.0], [4.365234375, 4.0], [4.3671875, 4.0], [4.369140625, 4.0], [4.37109375, 4.0], [4.373046875, 4.0], [4.375, 4.0], [4.376953125, 4.0], [4.37890625, 4.0], [4.380859375, 4.0], [4.3828125, 4.0], [4.384765625, 4.0], [4.38671875, 4.0], [4.388671875, 4.0], [4.390625, 4.0], [4.392578125, 4.0], [4.39453125, 4.0], [4.396484375, 4.0], [4.3984375, 4.0], [4.400390625, 4.0], [4.40234375, 4.0], [4.404296875, 4.0], [4.40625, 4.0], [4.408203125, 4.0], [4.41015625, 4.0], [4.412109375, 4.0], [4.4140625, 4.0], [4.416015625, 4.0], [4.41796875, 4.0], [4.419921875, 4.0], [4.421875, 4.0], [4.423828125, 4.0], [4.42578125, 4.0], [4.427734375, 4.0], [4.4296875, 4.0], [4.431640625, 4.0], [4.43359375, 4.0], [4.435546875, 4.0], [4.4375, 4.0], [4.439453125, 4.0], [4.44140625, 4.0], [4.443359375, 4.0], [4.4453125, 4.0], [4.447265625, 4.0], [4.44921875, 4.0], [4.451171875, 4.0], [4.453125, 4.0], [4.455078125, 4.0], [4.45703125, 4.0], [4.458984375, 4.0], [4.4609375, 4.0], [4.462890625, 4.0], [4.46484375, 4.0], [4.466796875, 4.0], [4.46875, 4.0], [4.470703125, 4.0], [4.47265625, 4.0], [4.474609375, 4.0], [4.4765625, 4.0], [4.478515625, 4.0], [4.48046875, 4.0], [4.482421875, 4.0], [4.484375, 4.0], [4.486328125, 4.0], [4.48828125, 4.0], [4.490234375, 4.0], [4.4921875, 4.0], [4.494140625, 4.0], [4.49609375, 4.0], [4.498046875, 4.0], [4.5, 4.0], [4.501953125, 4.0], [4.50390625, 4.0], [4.505859375, 4.0], [4.5078125, 4.0], [4.509765625, 4.0], [4.51171875, 4.0], [4.513671875, 4.0], [4.515625, 4.0], [4.517578125, 4.0], [4.51953125, 4.0], [4.521484375, 4.0], [4.5234375, 4.0], [4.525390625, 4.0], [4.52734375, 4.0], [4.529296875, 4.0], [4.53125, 4.0], [4.533203125, 4.0], [4.53515625, 4.0], [4.537109375, 4.0], [4.5390625, 4.0], [4.541015625, 4.0], [4.54296875, 4.0], [4.544921875, 4.0], [4.546875, 4.0], [4.548828125, 4.0], [4.55078125, 4.0], [4.552734375, 4.0], [4.5546875, 4.0], [4.556640625, 4.0], [4.55859375, 4.0], [4.560546875, 4.0], [4.5625, 4.0], [4.564453125, 4.0], [4.56640625, 4.0], [4.568359375, 4.0], [4.5703125, 4.0], [4.572265625, 4.0], [4.57421875, 4.0], [4.576171875, 4.0], [4.578125, 4.0], [4.580078125, 4.0], [4.58203125, 4.0], [4.583984375, 4.0], [4.5859375, 4.0], [4.587890625, 4.0], [4.58984375, 4.0], [4.591796875, 4.0], [4.59375, 4.0], [4.595703125, 4.0], [4.59765625, 4.0], [4.599609375, 4.0], [4.6015625, 4.0], [4.603515625, 4.0], [4.60546875, 4.0], [4.607421875, 4.0], [4.609375, 4.0], [4.611328125, 4.0], [4.61328125, 4.0], [4.615234375, 4.0], [4.6171875, 4.0], [4.619140625, 4.0], [4.62109375, 4.0], [4.623046875, 4.0], [4.625, 4.0], [4.626953125, 4.0], [4.62890625, 4.0], [4.630859375, 4.0], [4.6328125, 4.0], [4.634765625, 4.0], [4.63671875, 4.0], [4.638671875, 4.0], [4.640625, 4.0], [4.642578125, 4.0], [4.64453125, 4.0], [4.646484375, 4.0], [4.6484375, 4.0], [4.650390625, 4.0], [4.65234375, 4.0], [4.654296875, 4.0], [4.65625, 4.0], [4.658203125, 4.0], [4.66015625, 4.0], [4.662109375, 4.0], [4.6640625, 4.0], [4.666015625, 4.0], [4.66796875, 4.0], [4.669921875, 4.0], [4.671875, 4.0], [4.673828125, 4.0], [4.67578125, 4.0], [4.677734375, 4.0], [4.6796875, 4.0], [4.681640625, 4.0], [4.68359375, 4.0], [4.685546875, 4.0], [4.6875, 4.0], [4.689453125, 4.0], [4.69140625, 4.0], [4.693359375, 4.0], [4.6953125, 4.0], [4.697265625, 4.0], [4.69921875, 4.0], [4.701171875, 4.0], [4.703125, 4.0], [4.705078125, 4.0], [4.70703125, 4.0], [4.708984375, 4.0], [4.7109375, 4.0], [4.712890625, 4.0], [4.71484375, 4.0], [4.716796875, 4.0], [4.71875, 4.0], [4.720703125, 4.0], [4.72265625, 4.0], [4.724609375, 4.0], [4.7265625, 4.0], [4.728515625, 4.0], [4.73046875, 4.0], [4.732421875, 4.0], [4.734375, 4.0], [4.736328125, 4.0], [4.73828125, 4.0], [4.740234375, 4.0], [4.7421875, 4.0], [4.744140625, 4.0], [4.74609375, 4.0], [4.748046875, 4.0], [4.75, 4.0], [4.751953125, 4.0], [4.75390625, 4.0], [4.755859375, 4.0], [4.7578125, 4.0], [4.759765625, 4.0], [4.76171875, 4.0], [4.763671875, 4.0], [4.765625, 4.0], [4.767578125, 4.0], [4.76953125, 4.0], [4.771484375, 4.0], [4.7734375, 4.0], [4.775390625, 4.0], [4.77734375, 4.0], [4.779296875, 4.0], [4.78125, 4.0], [4.783203125, 4.0], [4.78515625, 4.0], [4.787109375, 4.0], [4.7890625, 4.0], [4.791015625, 4.0], [4.79296875, 4.0], [4.794921875, 4.0], [4.796875, 4.0], [4.798828125, 4.0], [4.80078125, 4.0], [4.802734375, 4.0], [4.8046875, 4.0], [4.806640625, 4.0], [4.80859375, 4.0], [4.810546875, 4.0], [4.8125, 4.0], [4.814453125, 4.0], [4.81640625, 4.0], [4.818359375, 4.0], [4.8203125, 4.0], [4.822265625, 4.0], [4.82421875, 4.0], [4.826171875, 4.0], [4.828125, 4.0], [4.830078125, 4.0], [4.83203125, 4.0], [4.833984375, 4.0], [4.8359375, 4.0], [4.837890625, 4.0], [4.83984375, 4.0], [4.841796875, 4.0], [4.84375, 4.0], [4.845703125, 4.0], [4.84765625, 4.0], [4.849609375, 4.0], [4.8515625, 4.0], [4.853515625, 4.0], [4.85546875, 4.0], [4.857421875, 4.0], [4.859375, 4.0], [4.861328125, 4.0], [4.86328125, 4.0], [4.865234375, 4.0], [4.8671875, 4.0], [4.869140625, 4.0], [4.87109375, 4.0], [4.873046875, 4.0], [4.875, 4.0], [4.876953125, 4.0], [4.87890625, 4.0], [4.880859375, 4.0], [4.8828125, 4.0], [4.884765625, 4.0], [4.88671875, 4.0], [4.888671875, 4.0], [4.890625, 4.0], [4.892578125, 4.0], [4.89453125, 4.0], [4.896484375, 4.0], [4.8984375, 4.0], [4.900390625, 4.0], [4.90234375, 4.0], [4.904296875, 4.0], [4.90625, 4.0], [4.908203125, 4.0], [4.91015625, 4.0], [4.912109375, 4.0], [4.9140625, 4.0], [4.916015625, 4.0], [4.91796875, 4.0], [4.919921875, 4.0], [4.921875, 4.0], [4.923828125, 4.0], [4.92578125, 4.0], [4.927734375, 4.0], [4.9296875, 4.0], [4.931640625, 4.0], [4.93359375, 4.0], [4.935546875, 4.0], [4.9375, 4.0], [4.939453125, 4.0], [4.94140625, 4.0], [4.943359375, 4.0], [4.9453125, 4.0], [4.947265625, 4.0], [4.94921875, 4.0], [4.951171875, 4.0], [4.953125, 4.0], [4.955078125, 4.0], [4.95703125, 4.0], [4.958984375, 4.0], [4.9609375, 4.0], [4.962890625, 4.0], [4.96484375, 4.0], [4.966796875, 4.0], [4.96875, 4.0], [4.970703125, 4.0], [4.97265625, 4.0], [4.974609375, 4.0], [4.9765625, 4.0], [4.978515625, 4.0], [4.98046875, 4.0], [4.982421875, 4.0], [4.984375, 4.0], [4.986328125, 4.0], [4.98828125, 4.0], [4.990234375, 4.0], [4.9921875, 4.0], [4.994140625, 4.0], [4.99609375, 4.0], [4.998046875, 4.0], [5.0, 4.0], [5.0, 4.001953125], [5.0, 4.00390625], [5.0, 4.005859375], [5.0, 4.0078125], [5.0, 4.009765625], [5.0, 4.01171875], [5.0, 4.013671875], [5.0, 4.015625], [5.0, 4.017578125], [5.0, 4.01953125], [5.0, 4.021484375], [5.0, 4.0234375], [5.0, 4.025390625], [5.0, 4.02734375], [5.0, 4.029296875], [5.0, 4.03125], [5.0, 4.033203125], [5.0, 4.03515625], [5.0, 4.037109375], [5.0, 4.0390625], [5.0, 4.041015625], [5.0, 4.04296875], [5.0, 4.044921875], [5.0, 4.046875], [5.0, 4.048828125], [5.0, 4.05078125], [5.0, 4.052734375], [5.0, 4.0546875], [5.0, 4.056640625], [5.0, 4.05859375], [5.0, 4.060546875], [5.0, 4.0625], [5.0, 4.064453125], [5.0, 4.06640625], [5.0, 4.068359375], [5.0, 4.0703125], [5.0, 4.072265625], [5.0, 4.07421875], [5.0, 4.076171875], [5.0, 4.078125], [5.0, 4.080078125], [5.0, 4.08203125], [5.0, 4.083984375], [5.0, 4.0859375], [5.0, 4.087890625], [5.0, 4.08984375], [5.0, 4.091796875], [5.0, 4.09375], [5.0, 4.095703125], [5.0, 4.09765625], [5.0, 4.099609375], [5.0, 4.1015625], [5.0, 4.103515625], [5.0, 4.10546875], [5.0, 4.107421875], [5.0, 4.109375], [5.0, 4.111328125], [5.0, 4.11328125], [5.0, 4.115234375], [5.0, 4.1171875], [5.0, 4.119140625], [5.0, 4.12109375], [5.0, 4.123046875], [5.0, 4.125], [5.0, 4.126953125], [5.0, 4.12890625], [5.0, 4.130859375], [5.0, 4.1328125], [5.0, 4.134765625], [5.0, 4.13671875], [5.0, 4.138671875], [5.0, 4.140625], [5.0, 4.142578125], [5.0, 4.14453125], [5.0, 4.146484375], [5.0, 4.1484375], [5.0, 4.150390625], [5.0, 4.15234375], [5.0, 4.154296875], [5.0, 4.15625], [5.0, 4.158203125], [5.0, 4.16015625], [5.0, 4.162109375], [5.0, 4.1640625], [5.0, 4.166015625], [5.0, 4.16796875], [5.0, 4.169921875], [5.0, 4.171875], [5.0, 4.173828125], [5.0, 4.17578125], [5.0, 4.177734375], [5.0, 4.1796875], [5.0, 4.181640625], [5.0, 4.18359375], [5.0, 4.185546875], [5.0, 4.1875], [5.0, 4.189453125], [5.0, 4.19140625], [5.0, 4.193359375], [5.0, 4.1953125], [5.0, 4.197265625], [5.0, 4.19921875], [5.0, 4.201171875], [5.0, 4.203125], [5.0, 4.205078125], [5.0, 4.20703125], [5.0, 4.208984375], [5.0, 4.2109375], [5.0, 4.212890625], [5.0, 4.21484375], [5.0, 4.216796875], [5.0, 4.21875], [5.0, 4.220703125], [5.0, 4.22265625], [5.0, 4.224609375], [5.0, 4.2265625], [5.0, 4.228515625], [5.0, 4.23046875], [5.0, 4.232421875], [5.0, 4.234375], [5.0, 4.236328125], [5.0, 4.23828125], [5.0, 4.240234375], [5.0, 4.2421875], [5.0, 4.244140625], [5.0, 4.24609375], [5.0, 4.248046875], [5.0, 4.25], [5.0, 4.251953125], [5.0, 4.25390625], [5.0, 4.255859375], [5.0, 4.2578125], [5.0, 4.259765625], [5.0, 4.26171875], [5.0, 4.263671875], [5.0, 4.265625], [5.0, 4.267578125], [5.0, 4.26953125], [5.0, 4.271484375], [5.0, 4.2734375], [5.0, 4.275390625], [5.0, 4.27734375], [5.0, 4.279296875], [5.0, 4.28125], [5.0, 4.283203125], [5.0, 4.28515625], [5.0, 4.287109375], [5.0, 4.2890625], [5.0, 4.291015625], [5.0, 4.29296875], [5.0, 4.294921875], [5.0, 4.296875], [5.0, 4.298828125], [5.0, 4.30078125], [5.0, 4.302734375], [5.0, 4.3046875], [5.0, 4.306640625], [5.0, 4.30859375], [5.0, 4.310546875], [5.0, 4.3125], [5.0, 4.314453125], [5.0, 4.31640625], [5.0, 4.318359375], [5.0, 4.3203125], [5.0, 4.322265625], [5.0, 4.32421875], [5.0, 4.326171875], [5.0, 4.328125], [5.0, 4.330078125], [5.0, 4.33203125], [5.0, 4.333984375], [5.0, 4.3359375], [5.0, 4.337890625], [5.0, 4.33984375], [5.0, 4.341796875], [5.0, 4.34375], [5.0, 4.345703125], [5.0, 4.34765625], [5.0, 4.349609375], [5.0, 4.3515625], [5.0, 4.353515625], [5.0, 4.35546875], [5.0, 4.357421875], [5.0, 4.359375], [5.0, 4.361328125], [5.0, 4.36328125], [5.0, 4.365234375], [5.0, 4.3671875], [5.0, 4.369140625], [5.0, 4.37109375], [5.0, 4.373046875], [5.0, 4.375], [5.0, 4.376953125], [5.0, 4.37890625], [5.0, 4.380859375], [5.0, 4.3828125], [5.0, 4.384765625], [5.0, 4.38671875], [5.0, 4.388671875], [5.0, 4.390625], [5.0, 4.392578125], [5.0, 4.39453125], [5.0, 4.396484375], [5.0, 4.3984375], [5.0, 4.400390625], [5.0, 4.40234375], [5.0, 4.404296875], [5.0, 4.40625], [5.0, 4.408203125], [5.0, 4.41015625], [5.0, 4.412109375], [5.0, 4.4140625], [5.0, 4.416015625], [5.0, 4.41796875], [5.0, 4.419921875], [5.0, 4.421875], [5.0, 4.423828125], [5.0, 4.42578125], [5.0, 4.427734375], [5.0, 4.4296875], [5.0, 4.431640625], [5.0, 4.43359375], [5.0, 4.435546875], [5.0, 4.4375], [5.0, 4.439453125], [5.0, 4.44140625], [5.0, 4.443359375], [5.0, 4.4453125], [5.0, 4.447265625], [5.0, 4.44921875], [5.0, 4.451171875], [5.0, 4.453125], [5.0, 4.455078125], [5.0, 4.45703125], [5.0, 4.458984375], [5.0, 4.4609375], [5.0, 4.462890625], [5.0, 4.46484375], [5.0, 4.466796875], [5.0, 4.46875], [5.0, 4.470703125], [5.0, 4.47265625], [5.0, 4.474609375], [5.0, 4.4765625], [5.0, 4.478515625], [5.0, 4.48046875], [5.0, 4.482421875], [5.0, 4.484375], [5.0, 4.486328125], [5.0, 4.48828125], [5.0, 4.490234375], [5.0, 4.4921875], [5.0, 4.494140625], [5.0, 4.49609375], [5.0, 4.498046875], [5.0, 4.5], [5.0, 4.501953125], [5.0, 4.50390625], [5.0, 4.505859375], [5.0, 4.5078125], [5.0, 4.509765625], [5.0, 4.51171875], [5.0, 4.513671875], [5.0, 4.515625], [5.0, 4.517578125], [5.0, 4.51953125], [5.0, 4.521484375], [5.0, 4.5234375], [5.0, 4.525390625], [5.0, 4.52734375], [5.0, 4.529296875], [5.0, 4.53125], [5.0, 4.533203125], [5.0, 4.53515625], [5.0, 4.537109375], [5.0, 4.5390625], [5.0, 4.541015625], [5.0, 4.54296875], [5.0, 4.544921875], [5.0, 4.546875], [5.0, 4.548828125], [5.0, 4.55078125], [5.0, 4.552734375], [5.0, 4.5546875], [5.0, 4.556640625], [5.0, 4.55859375], [5.0, 4.560546875], [5.0, 4.5625], [5.0, 4.564453125], [5.0, 4.56640625], [5.0, 4.568359375], [5.0, 4.5703125], [5.0, 4.572265625], [5.0, 4.57421875], [5.0, 4.576171875], [5.0, 4.578125], [5.0, 4.580078125], [5.0, 4.58203125], [5.0, 4.583984375], [5.0, 4.5859375], [5.0, 4.587890625], [5.0, 4.58984375], [5.0, 4.591796875], [5.0, 4.59375], [5.0, 4.595703125], [5.0, 4.59765625], [5.0, 4.599609375], [5.0, 4.6015625], [5.0, 4.603515625], [5.0, 4.60546875], [5.0, 4.607421875], [5.0, 4.609375], [5.0, 4.611328125], [5.0, 4.61328125], [5.0, 4.615234375], [5.0, 4.6171875], [5.0, 4.619140625], [5.0, 4.62109375], [5.0, 4.623046875], [5.0, 4.625], [5.0, 4.626953125], [5.0, 4.62890625], [5.0, 4.630859375], [5.0, 4.6328125], [5.0, 4.634765625], [5.0, 4.63671875], [5.0, 4.638671875], [5.0, 4.640625], [5.0, 4.642578125], [5.0, 4.64453125], [5.0, 4.646484375], [5.0, 4.6484375], [5.0, 4.650390625], [5.0, 4.65234375], [5.0, 4.654296875], [5.0, 4.65625], [5.0, 4.658203125], [5.0, 4.66015625], [5.0, 4.662109375], [5.0, 4.6640625], [5.0, 4.666015625], [5.0, 4.66796875], [5.0, 4.669921875], [5.0, 4.671875], [5.0, 4.673828125], [5.0, 4.67578125], [5.0, 4.677734375], [5.0, 4.6796875], [5.0, 4.681640625], [5.0, 4.68359375], [5.0, 4.685546875], [5.0, 4.6875], [5.0, 4.689453125], [5.0, 4.69140625], [5.0, 4.693359375], [5.0, 4.6953125], [5.0, 4.697265625], [5.0, 4.69921875], [5.0, 4.701171875], [5.0, 4.703125], [5.0, 4.705078125], [5.0, 4.70703125], [5.0, 4.708984375], [5.0, 4.7109375], [5.0, 4.712890625], [5.0, 4.71484375], [5.0, 4.716796875], [5.0, 4.71875], [5.0, 4.720703125], [5.0, 4.72265625], [5.0, 4.724609375], [5.0, 4.7265625], [5.0, 4.728515625], [5.0, 4.73046875], [5.0, 4.732421875], [5.0, 4.734375], [5.0, 4.736328125], [5.0, 4.73828125], [5.0, 4.740234375], [5.0, 4.7421875], [5.0, 4.744140625], [5.0, 4.74609375], [5.0, 4.748046875], [5.0, 4.75], [5.0, 4.751953125], [5.0, 4.75390625], [5.0, 4.755859375], [5.0, 4.7578125], [5.0, 4.759765625], [5.0, 4.76171875], [5.0, 4.763671875], [5.0, 4.765625], [5.0, 4.767578125], [5.0, 4.76953125], [5.0, 4.771484375], [5.0, 4.7734375], [5.0, 4.775390625], [5.0, 4.77734375], [5.0, 4.779296875], [5.0, 4.78125], [5.0, 4.783203125], [5.0, 4.78515625], [5.0, 4.787109375], [5.0, 4.7890625], [5.0, 4.791015625], [5.0, 4.79296875], [5.0, 4.794921875], [5.0, 4.796875], [5.0, 4.798828125], [5.0, 4.80078125], [5.0, 4.802734375], [5.0, 4.8046875], [5.0, 4.806640625], [5.0, 4.80859375], [5.0, 4.810546875], [5.0, 4.8125], [5.0, 4.814453125], [5.0, 4.81640625], [5.0, 4.818359375], [5.0, 4.8203125], [5.0, 4.822265625], [5.0, 4.82421875], [5.0, 4.826171875], [5.0, 4.828125], [5.0, 4.830078125], [5.0, 4.83203125], [5.0, 4.833984375], [5.0, 4.8359375], [5.0, 4.837890625], [5.0, 4.83984375], [5.0, 4.841796875], [5.0, 4.84375], [5.0, 4.845703125], [5.0, 4.84765625], [5.0, 4.849609375], [5.0, 4.8515625], [5.0, 4.853515625], [5.0, 4.85546875], [5.0, 4.857421875], [5.0, 4.859375], [5.0, 4.861328125], [5.0, 4.86328125], [5.0, 4.865234375], [5.0, 4.8671875], [5.0, 4.869140625], [5.0, 4.87109375], [5.0, 4.873046875], [5.0, 4.875], [5.0, 4.876953125], [5.0, 4.87890625], [5.0, 4.880859375], [5.0, 4.8828125], [5.0, 4.884765625], [5.0, 4.88671875], [5.0, 4.888671875], [5.0, 4.890625], [5.0, 4.892578125], [5.0, 4.89453125], [5.0, 4.896484375], [5.0, 4.8984375], [5.0, 4.900390625], [5.0, 4.90234375], [5.0, 4.904296875], [5.0, 4.90625], [5.0, 4.908203125], [5.0, 4.91015625], [5.0, 4.912109375], [5.0, 4.9140625], [5.0, 4.916015625], [5.0, 4.91796875], [5.0, 4.919921875], [5.0, 4.921875], [5.0, 4.923828125], [5.0, 4.92578125], [5.0, 4.927734375], [5.0, 4.9296875], [5.0, 4.931640625], [5.0, 4.93359375], [5.0, 4.935546875], [5.0, 4.9375], [5.0, 4.939453125], [5.0, 4.94140625], [5.0, 4.943359375], [5.0, 4.9453125], [5.0, 4.947265625], [5.0, 4.94921875], [5.0, 4.951171875], [5.0, 4.953125], [5.0, 4.955078125], [5.0, 4.95703125], [5.0, 4.958984375], [5.0, 4.9609375], [5.0, 4.962890625], [5.0, 4.96484375], [5.0, 4.966796875], [5.0, 4.96875], [5.0, 4.970703125], [5.0, 4.97265625], [5.0, 4.974609375], [5.0, 4.9765625], [5.0, 4.978515625], [5.0, 4.98046875], [5.0, 4.982421875], [5.0, 4.984375], [5.0, 4.986328125], [5.0, 4.98828125], [5.0, 4.990234375], [5.0, 4.9921875], [5.0, 4.994140625], [5.0, 4.99609375], [5.0, 4.998046875], [5.0, 5.0], [4.998046875, 5.0], [4.99609375, 5.0], [4.994140625, 5.0], [4.9921875, 5.0], [4.990234375, 5.0], [4.98828125, 5.0], [4.986328125, 5.0], [4.984375, 5.0], [4.982421875, 5.0], [4.98046875, 5.0], [4.978515625, 5.0], [4.9765625, 5.0], [4.974609375, 5.0], [4.97265625, 5.0], [4.970703125, 5.0], [4.96875, 5.0], [4.966796875, 5.0], [4.96484375, 5.0], [4.962890625, 5.0], [4.9609375, 5.0], [4.958984375, 5.0], [4.95703125, 5.0], [4.955078125, 5.0], [4.953125, 5.0], [4.951171875, 5.0], [4.94921875, 5.0], [4.947265625, 5.0], [4.9453125, 5.0], [4.943359375, 5.0], [4.94140625, 5.0], [4.939453125, 5.0], [4.9375, 5.0], [4.935546875, 5.0], [4.93359375, 5.0], [4.931640625, 5.0], [4.9296875, 5.0], [4.927734375, 5.0], [4.92578125, 5.0], [4.923828125, 5.0], [4.921875, 5.0], [4.919921875, 5.0], [4.91796875, 5.0], [4.916015625, 5.0], [4.9140625, 5.0], [4.912109375, 5.0], [4.91015625, 5.0], [4.908203125, 5.0], [4.90625, 5.0], [4.904296875, 5.0], [4.90234375, 5.0], [4.900390625, 5.0], [4.8984375, 5.0], [4.896484375, 5.0], [4.89453125, 5.0], [4.892578125, 5.0], [4.890625, 5.0], [4.888671875, 5.0], [4.88671875, 5.0], [4.884765625, 5.0], [4.8828125, 5.0], [4.880859375, 5.0], [4.87890625, 5.0], [4.876953125, 5.0], [4.875, 5.0], [4.873046875, 5.0], [4.87109375, 5.0], [4.869140625, 5.0], [4.8671875, 5.0], [4.865234375, 5.0], [4.86328125, 5.0], [4.861328125, 5.0], [4.859375, 5.0], [4.857421875, 5.0], [4.85546875, 5.0], [4.853515625, 5.0], [4.8515625, 5.0], [4.849609375, 5.0], [4.84765625, 5.0], [4.845703125, 5.0], [4.84375, 5.0], [4.841796875, 5.0], [4.83984375, 5.0], [4.837890625, 5.0], [4.8359375, 5.0], [4.833984375, 5.0], [4.83203125, 5.0], [4.830078125, 5.0], [4.828125, 5.0], [4.826171875, 5.0], [4.82421875, 5.0], [4.822265625, 5.0], [4.8203125, 5.0], [4.818359375, 5.0], [4.81640625, 5.0], [4.814453125, 5.0], [4.8125, 5.0], [4.810546875, 5.0], [4.80859375, 5.0], [4.806640625, 5.0], [4.8046875, 5.0], [4.802734375, 5.0], [4.80078125, 5.0], [4.798828125, 5.0], [4.796875, 5.0], [4.794921875, 5.0], [4.79296875, 5.0], [4.791015625, 5.0], [4.7890625, 5.0], [4.787109375, 5.0], [4.78515625, 5.0], [4.783203125, 5.0], [4.78125, 5.0], [4.779296875, 5.0], [4.77734375, 5.0], [4.775390625, 5.0], [4.7734375, 5.0], [4.771484375, 5.0], [4.76953125, 5.0], [4.767578125, 5.0], [4.765625, 5.0], [4.763671875, 5.0], [4.76171875, 5.0], [4.759765625, 5.0], [4.7578125, 5.0], [4.755859375, 5.0], [4.75390625, 5.0], [4.751953125, 5.0], [4.75, 5.0], [4.748046875, 5.0], [4.74609375, 5.0], [4.744140625, 5.0], [4.7421875, 5.0], [4.740234375, 5.0], [4.73828125, 5.0], [4.736328125, 5.0], [4.734375, 5.0], [4.732421875, 5.0], [4.73046875, 5.0], [4.728515625, 5.0], [4.7265625, 5.0], [4.724609375, 5.0], [4.72265625, 5.0], [4.720703125, 5.0], [4.71875, 5.0], [4.716796875, 5.0], [4.71484375, 5.0], [4.712890625, 5.0], [4.7109375, 5.0], [4.708984375, 5.0], [4.70703125, 5.0], [4.705078125, 5.0], [4.703125, 5.0], [4.701171875, 5.0], [4.69921875, 5.0], [4.697265625, 5.0], [4.6953125, 5.0], [4.693359375, 5.0], [4.69140625, 5.0], [4.689453125, 5.0], [4.6875, 5.0], [4.685546875, 5.0], [4.68359375, 5.0], [4.681640625, 5.0], [4.6796875, 5.0], [4.677734375, 5.0], [4.67578125, 5.0], [4.673828125, 5.0], [4.671875, 5.0], [4.669921875, 5.0], [4.66796875, 5.0], [4.666015625, 5.0], [4.6640625, 5.0], [4.662109375, 5.0], [4.66015625, 5.0], [4.658203125, 5.0], [4.65625, 5.0], [4.654296875, 5.0], [4.65234375, 5.0], [4.650390625, 5.0], [4.6484375, 5.0], [4.646484375, 5.0], [4.64453125, 5.0], [4.642578125, 5.0], [4.640625, 5.0], [4.638671875, 5.0], [4.63671875, 5.0], [4.634765625, 5.0], [4.6328125, 5.0], [4.630859375, 5.0], [4.62890625, 5.0], [4.626953125, 5.0], [4.625, 5.0], [4.623046875, 5.0], [4.62109375, 5.0], [4.619140625, 5.0], [4.6171875, 5.0], [4.615234375, 5.0], [4.61328125, 5.0], [4.611328125, 5.0], [4.609375, 5.0], [4.607421875, 5.0], [4.60546875, 5.0], [4.603515625, 5.0], [4.6015625, 5.0], [4.599609375, 5.0], [4.59765625, 5.0], [4.595703125, 5.0], [4.59375, 5.0], [4.591796875, 5.0], [4.58984375, 5.0], [4.587890625, 5.0], [4.5859375, 5.0], [4.583984375, 5.0], [4.58203125, 5.0], [4.580078125, 5.0], [4.578125, 5.0], [4.576171875, 5.0], [4.57421875, 5.0], [4.572265625, 5.0], [4.5703125, 5.0], [4.568359375, 5.0], [4.56640625, 5.0], [4.564453125, 5.0], [4.5625, 5.0], [4.560546875, 5.0], [4.55859375, 5.0], [4.556640625, 5.0], [4.5546875, 5.0], [4.552734375, 5.0], [4.55078125, 5.0], [4.548828125, 5.0], [4.546875, 5.0], [4.544921875, 5.0], [4.54296875, 5.0], [4.541015625, 5.0], [4.5390625, 5.0], [4.537109375, 5.0], [4.53515625, 5.0], [4.533203125, 5.0], [4.53125, 5.0], [4.529296875, 5.0], [4.52734375, 5.0], [4.525390625, 5.0], [4.5234375, 5.0], [4.521484375, 5.0], [4.51953125, 5.0], [4.517578125, 5.0], [4.515625, 5.0], [4.513671875, 5.0], [4.51171875, 5.0], [4.509765625, 5.0], [4.5078125, 5.0], [4.505859375, 5.0], [4.50390625, 5.0], [4.501953125, 5.0], [4.5, 5.0], [4.498046875, 5.0], [4.49609375, 5.0], [4.494140625, 5.0], [4.4921875, 5.0], [4.490234375, 5.0], [4.48828125, 5.0], [4.486328125, 5.0], [4.484375, 5.0], [4.482421875, 5.0], [4.48046875, 5.0], [4.478515625, 5.0], [4.4765625, 5.0], [4.474609375, 5.0], [4.47265625, 5.0], [4.470703125, 5.0], [4.46875, 5.0], [4.466796875, 5.0], [4.46484375, 5.0], [4.462890625, 5.0], [4.4609375, 5.0], [4.458984375, 5.0], [4.45703125, 5.0], [4.455078125, 5.0], [4.453125, 5.0], [4.451171875, 5.0], [4.44921875, 5.0], [4.447265625, 5.0], [4.4453125, 5.0], [4.443359375, 5.0], [4.44140625, 5.0], [4.439453125, 5.0], [4.4375, 5.0], [4.435546875, 5.0], [4.43359375, 5.0], [4.431640625, 5.0], [4.4296875, 5.0], [4.427734375, 5.0], [4.42578125, 5.0], [4.423828125, 5.0], [4.421875, 5.0], [4.419921875, 5.0], [4.41796875, 5.0], [4.416015625, 5.0], [4.4140625, 5.0], [4.412109375, 5.0], [4.41015625, 5.0], [4.408203125, 5.0], [4.40625, 5.0], [4.404296875, 5.0], [4.40234375, 5.0], [4.400390625, 5.0], [4.3984375, 5.0], [4.396484375, 5.0], [4.39453125, 5.0], [4.392578125, 5.0], [4.390625, 5.0], [4.388671875, 5.0], [4.38671875, 5.0], [4.384765625, 5.0], [4.3828125, 5.0], [4.380859375, 5.0], [4.37890625, 5.0], [4.376953125, 5.0], [4.375, 5.0], [4.373046875, 5.0], [4.37109375, 5.0], [4.369140625, 5.0], [4.3671875, 5.0], [4.365234375, 5.0], [4.36328125, 5.0], [4.361328125, 5.0], [4.359375, 5.0], [4.357421875, 5.0], [4.35546875, 5.0], [4.353515625, 5.0], [4.3515625, 5.0], [4.349609375, 5.0], [4.34765625, 5.0], [4.345703125, 5.0], [4.34375, 5.0], [4.341796875, 5.0], [4.33984375, 5.0], [4.337890625, 5.0], [4.3359375, 5.0], [4.333984375, 5.0], [4.33203125, 5.0], [4.330078125, 5.0], [4.328125, 5.0], [4.326171875, 5.0], [4.32421875, 5.0], [4.322265625, 5.0], [4.3203125, 5.0], [4.318359375, 5.0], [4.31640625, 5.0], [4.314453125, 5.0], [4.3125, 5.0], [4.310546875, 5.0], [4.30859375, 5.0], [4.306640625, 5.0], [4.3046875, 5.0], [4.302734375, 5.0], [4.30078125, 5.0], [4.298828125, 5.0], [4.296875, 5.0], [4.294921875, 5.0], [4.29296875, 5.0], [4.291015625, 5.0], [4.2890625, 5.0], [4.287109375, 5.0], [4.28515625, 5.0], [4.283203125, 5.0], [4.28125, 5.0], [4.279296875, 5.0], [4.27734375, 5.0], [4.275390625, 5.0], [4.2734375, 5.0], [4.271484375, 5.0], [4.26953125, 5.0], [4.267578125, 5.0], [4.265625, 5.0], [4.263671875, 5.0], [4.26171875, 5.0], [4.259765625, 5.0], [4.2578125, 5.0], [4.255859375, 5.0], [4.25390625, 5.0], [4.251953125, 5.0], [4.25, 5.0], [4.248046875, 5.0], [4.24609375, 5.0], [4.244140625, 5.0], [4.2421875, 5.0], [4.240234375, 5.0], [4.23828125, 5.0], [4.236328125, 5.0], [4.234375, 5.0], [4.232421875, 5.0], [4.23046875, 5.0], [4.228515625, 5.0], [4.2265625, 5.0], [4.224609375, 5.0], [4.22265625, 5.0], [4.220703125, 5.0], [4.21875, 5.0], [4.216796875, 5.0], [4.21484375, 5.0], [4.212890625, 5.0], [4.2109375, 5.0], [4.208984375, 5.0], [4.20703125, 5.0], [4.205078125, 5.0], [4.203125, 5.0], [4.201171875, 5.0], [4.19921875, 5.0], [4.197265625, 5.0], [4.1953125, 5.0], [4.193359375, 5.0], [4.19140625, 5.0], [4.189453125, 5.0], [4.1875, 5.0], [4.185546875, 5.0], [4.18359375, 5.0], [4.181640625, 5.0], [4.1796875, 5.0], [4.177734375, 5.0], [4.17578125, 5.0], [4.173828125, 5.0], [4.171875, 5.0], [4.169921875, 5.0], [4.16796875, 5.0], [4.166015625, 5.0], [4.1640625, 5.0], [4.162109375, 5.0], [4.16015625, 5.0], [4.158203125, 5.0], [4.15625, 5.0], [4.154296875, 5.0], [4.15234375, 5.0], [4.150390625, 5.0], [4.1484375, 5.0], [4.146484375, 5.0], [4.14453125, 5.0], [4.142578125, 5.0], [4.140625, 5.0], [4.138671875, 5.0], [4.13671875, 5.0], [4.134765625, 5.0], [4.1328125, 5.0], [4.130859375, 5.0], [4.12890625, 5.0], [4.126953125, 5.0], [4.125, 5.0], [4.123046875, 5.0], [4.12109375, 5.0], [4.119140625, 5.0], [4.1171875, 5.0], [4.115234375, 5.0], [4.11328125, 5.0], [4.111328125, 5.0], [4.109375, 5.0], [4.107421875, 5.0], [4.10546875, 5.0], [4.103515625, 5.0], [4.1015625, 5.0], [4.099609375, 5.0], [4.09765625, 5.0], [4.095703125, 5.0], [4.09375, 5.0], [4.091796875, 5.0], [4.08984375, 5.0], [4.087890625, 5.0], [4.0859375, 5.0], [4.083984375, 5.0], [4.08203125, 5.0], [4.080078125, 5.0], [4.078125, 5.0], [4.076171875, 5.0], [4.07421875, 5.0], [4.072265625, 5.0], [4.0703125, 5.0], [4.068359375, 5.0], [4.06640625, 5.0], [4.064453125, 5.0], [4.0625, 5.0], [4.060546875, 5.0], [4.05859375, 5.0], [4.056640625, 5.0], [4.0546875, 5.0], [4.052734375, 5.0], [4.05078125, 5.0], [4.048828125, 5.0], [4.046875, 5.0], [4.044921875, 5.0], [4.04296875, 5.0], [4.041015625, 5.0], [4.0390625, 5.0], [4.037109375, 5.0], [4.03515625, 5.0], [4.033203125, 5.0], [4.03125, 5.0], [4.029296875, 5.0], [4.02734375, 5.0], [4.025390625, 5.0], [4.0234375, 5.0], [4.021484375, 5.0], [4.01953125, 5.0], [4.017578125, 5.0], [4.015625, 5.0], [4.013671875, 5.0], [4.01171875, 5.0], [4.009765625, 5.0], [4.0078125, 5.0], [4.005859375, 5.0], [4.00390625, 5.0], [4.001953125, 5.0], [4.0, 5.0], [4.0, 4.998046875], [4.0, 4.99609375], [4.0, 4.994140625], [4.0, 4.9921875], [4.0, 4.990234375], [4.0, 4.98828125], [4.0, 4.986328125], [4.0, 4.984375], [4.0, 4.982421875], [4.0, 4.98046875], [4.0, 4.978515625], [4.0, 4.9765625], [4.0, 4.974609375], [4.0, 4.97265625], [4.0, 4.970703125], [4.0, 4.96875], [4.0, 4.966796875], [4.0, 4.96484375], [4.0, 4.962890625], [4.0, 4.9609375], [4.0, 4.958984375], [4.0, 4.95703125], [4.0, 4.955078125], [4.0, 4.953125], [4.0, 4.951171875], [4.0, 4.94921875], [4.0, 4.947265625], [4.0, 4.9453125], [4.0, 4.943359375], [4.0, 4.94140625], [4.0, 4.939453125], [4.0, 4.9375], [4.0, 4.935546875], [4.0, 4.93359375], [4.0, 4.931640625], [4.0, 4.9296875], [4.0, 4.927734375], [4.0, 4.92578125], [4.0, 4.923828125], [4.0, 4.921875], [4.0, 4.919921875], [4.0, 4.91796875], [4.0, 4.916015625], [4.0, 4.9140625], [4.0, 4.912109375], [4.0, 4.91015625], [4.0, 4.908203125], [4.0, 4.90625], [4.0, 4.904296875], [4.0, 4.90234375], [4.0, 4.900390625], [4.0, 4.8984375], [4.0, 4.896484375], [4.0, 4.89453125], [4.0, 4.892578125], [4.0, 4.890625], [4.0, 4.888671875], [4.0, 4.88671875], [4.0, 4.884765625], [4.0, 4.8828125], [4.0, 4.880859375], [4.0, 4.87890625], [4.0, 4.876953125], [4.0, 4.875], [4.0, 4.873046875], [4.0, 4.87109375], [4.0, 4.869140625], [4.0, 4.8671875], [4.0, 4.865234375], [4.0, 4.86328125], [4.0, 4.861328125], [4.0, 4.859375], [4.0, 4.857421875], [4.0, 4.85546875], [4.0, 4.853515625], [4.0, 4.8515625], [4.0, 4.849609375], [4.0, 4.84765625], [4.0, 4.845703125], [4.0, 4.84375], [4.0, 4.841796875], [4.0, 4.83984375], [4.0, 4.837890625], [4.0, 4.8359375], [4.0, 4.833984375], [4.0, 4.83203125], [4.0, 4.830078125], [4.0, 4.828125], [4.0, 4.826171875], [4.0, 4.82421875], [4.0, 4.822265625], [4.0, 4.8203125], [4.0, 4.818359375], [4.0, 4.81640625], [4.0, 4.814453125], [4.0, 4.8125], [4.0, 4.810546875], [4.0, 4.80859375], [4.0, 4.806640625], [4.0, 4.8046875], [4.0, 4.802734375], [4.0, 4.80078125], [4.0, 4.798828125], [4.0, 4.796875], [4.0, 4.794921875], [4.0, 4.79296875], [4.0, 4.791015625], [4.0, 4.7890625], [4.0, 4.787109375], [4.0, 4.78515625], [4.0, 4.783203125], [4.0, 4.78125], [4.0, 4.779296875], [4.0, 4.77734375], [4.0, 4.775390625], [4.0, 4.7734375], [4.0, 4.771484375], [4.0, 4.76953125], [4.0, 4.767578125], [4.0, 4.765625], [4.0, 4.763671875], [4.0, 4.76171875], [4.0, 4.759765625], [4.0, 4.7578125], [4.0, 4.755859375], [4.0, 4.75390625], [4.0, 4.751953125], [4.0, 4.75], [4.0, 4.748046875], [4.0, 4.74609375], [4.0, 4.744140625], [4.0, 4.7421875], [4.0, 4.740234375], [4.0, 4.73828125], [4.0, 4.736328125], [4.0, 4.734375], [4.0, 4.732421875], [4.0, 4.73046875], [4.0, 4.728515625], [4.0, 4.7265625], [4.0, 4.724609375], [4.0, 4.72265625], [4.0, 4.720703125], [4.0, 4.71875], [4.0, 4.716796875], [4.0, 4.71484375], [4.0, 4.712890625], [4.0, 4.7109375], [4.0, 4.708984375], [4.0, 4.70703125], [4.0, 4.705078125], [4.0, 4.703125], [4.0, 4.701171875], [4.0, 4.69921875], [4.0, 4.697265625], [4.0, 4.6953125], [4.0, 4.693359375], [4.0, 4.69140625], [4.0, 4.689453125], [4.0, 4.6875], [4.0, 4.685546875], [4.0, 4.68359375], [4.0, 4.681640625], [4.0, 4.6796875], [4.0, 4.677734375], [4.0, 4.67578125], [4.0, 4.673828125], [4.0, 4.671875], [4.0, 4.669921875], [4.0, 4.66796875], [4.0, 4.666015625], [4.0, 4.6640625], [4.0, 4.662109375], [4.0, 4.66015625], [4.0, 4.658203125], [4.0, 4.65625], [4.0, 4.654296875], [4.0, 4.65234375], [4.0, 4.650390625], [4.0, 4.6484375], [4.0, 4.646484375], [4.0, 4.64453125], [4.0, 4.642578125], [4.0, 4.640625], [4.0, 4.638671875], [4.0, 4.63671875], [4.0, 4.634765625], [4.0, 4.6328125], [4.0, 4.630859375], [4.0, 4.62890625], [4.0, 4.626953125], [4.0, 4.625], [4.0, 4.623046875], [4.0, 4.62109375], [4.0, 4.619140625], [4.0, 4.6171875], [4.0, 4.615234375], [4.0, 4.61328125], [4.0, 4.611328125], [4.0, 4.609375], [4.0, 4.607421875], [4.0, 4.60546875], [4.0, 4.603515625], [4.0, 4.6015625], [4.0, 4.599609375], [4.0, 4.59765625], [4.0, 4.595703125], [4.0, 4.59375], [4.0, 4.591796875], [4.0, 4.58984375], [4.0, 4.587890625], [4.0, 4.5859375], [4.0, 4.583984375], [4.0, 4.58203125], [4.0, 4.580078125], [4.0, 4.578125], [4.0, 4.576171875], [4.0, 4.57421875], [4.0, 4.572265625], [4.0, 4.5703125], [4.0, 4.568359375], [4.0, 4.56640625], [4.0, 4.564453125], [4.0, 4.5625], [4.0, 4.560546875], [4.0, 4.55859375], [4.0, 4.556640625], [4.0, 4.5546875], [4.0, 4.552734375], [4.0, 4.55078125], [4.0, 4.548828125], [4.0, 4.546875], [4.0, 4.544921875], [4.0, 4.54296875], [4.0, 4.541015625], [4.0, 4.5390625], [4.0, 4.537109375], [4.0, 4.53515625], [4.0, 4.533203125], [4.0, 4.53125], [4.0, 4.529296875], [4.0, 4.52734375], [4.0, 4.525390625], [4.0, 4.5234375], [4.0, 4.521484375], [4.0, 4.51953125], [4.0, 4.517578125], [4.0, 4.515625], [4.0, 4.513671875], [4.0, 4.51171875], [4.0, 4.509765625], [4.0, 4.5078125], [4.0, 4.505859375], [4.0, 4.50390625], [4.0, 4.501953125], [4.0, 4.5], [4.0, 4.498046875], [4.0, 4.49609375], [4.0, 4.494140625], [4.0, 4.4921875], [4.0, 4.490234375], [4.0, 4.48828125], [4.0, 4.486328125], [4.0, 4.484375], [4.0, 4.482421875], [4.0, 4.48046875], [4.0, 4.478515625], [4.0, 4.4765625], [4.0, 4.474609375], [4.0, 4.47265625], [4.0, 4.470703125], [4.0, 4.46875], [4.0, 4.466796875], [4.0, 4.46484375], [4.0, 4.462890625], [4.0, 4.4609375], [4.0, 4.458984375], [4.0, 4.45703125], [4.0, 4.455078125], [4.0, 4.453125], [4.0, 4.451171875], [4.0, 4.44921875], [4.0, 4.447265625], [4.0, 4.4453125], [4.0, 4.443359375], [4.0, 4.44140625], [4.0, 4.439453125], [4.0, 4.4375], [4.0, 4.435546875], [4.0, 4.43359375], [4.0, 4.431640625], [4.0, 4.4296875], [4.0, 4.427734375], [4.0, 4.42578125], [4.0, 4.423828125], [4.0, 4.421875], [4.0, 4.419921875], [4.0, 4.41796875], [4.0, 4.416015625], [4.0, 4.4140625], [4.0, 4.412109375], [4.0, 4.41015625], [4.0, 4.408203125], [4.0, 4.40625], [4.0, 4.404296875], [4.0, 4.40234375], [4.0, 4.400390625], [4.0, 4.3984375], [4.0, 4.396484375], [4.0, 4.39453125], [4.0, 4.392578125], [4.0, 4.390625], [4.0, 4.388671875], [4.0, 4.38671875], [4.0, 4.384765625], [4.0, 4.3828125], [4.0, 4.380859375], [4.0, 4.37890625], [4.0, 4.376953125], [4.0, 4.375], [4.0, 4.373046875], [4.0, 4.37109375], [4.0, 4.369140625], [4.0, 4.3671875], [4.0, 4.365234375], [4.0, 4.36328125], [4.0, 4.361328125], [4.0, 4.359375], [4.0, 4.357421875], [4.0, 4.35546875], [4.0, 4.353515625], [4.0, 4.3515625], [4.0, 4.349609375], [4.0, 4.34765625], [4.0, 4.345703125], [4.0, 4.34375], [4.0, 4.341796875], [4.0, 4.33984375], [4.0, 4.337890625], [4.0, 4.3359375], [4.0, 4.333984375], [4.0, 4.33203125], [4.0, 4.330078125], [4.0, 4.328125], [4.0, 4.326171875], [4.0, 4.32421875], [4.0, 4.322265625], [4.0, 4.3203125], [4.0, 4.318359375], [4.0, 4.31640625], [4.0, 4.314453125], [4.0, 4.3125], [4.0, 4.310546875], [4.0, 4.30859375], [4.0, 4.306640625], [4.0, 4.3046875], [4.0, 4.302734375], [4.0, 4.30078125], [4.0, 4.298828125], [4.0, 4.296875], [4.0, 4.294921875], [4.0, 4.29296875], [4.0, 4.291015625], [4.0, 4.2890625], [4.0, 4.287109375], [4.0, 4.28515625], [4.0, 4.283203125], [4.0, 4.28125], [4.0, 4.279296875], [4.0, 4.27734375], [4.0, 4.275390625], [4.0, 4.2734375], [4.0, 4.271484375], [4.0, 4.26953125], [4.0, 4.267578125], [4.0, 4.265625], [4.0, 4.263671875], [4.0, 4.26171875], [4.0, 4.259765625], [4.0, 4.2578125], [4.0, 4.255859375], [4.0, 4.25390625], [4.0, 4.251953125], [4.0, 4.25], [4.0, 4.248046875], [4.0, 4.24609375], [4.0, 4.244140625], [4.0, 4.2421875], [4.0, 4.240234375], [4.0, 4.23828125], [4.0, 4.236328125], [4.0, 4.234375], [4.0, 4.232421875], [4.0, 4.23046875], [4.0, 4.228515625], [4.0, 4.2265625], [4.0, 4.224609375], [4.0, 4.22265625], [4.0, 4.220703125], [4.0, 4.21875], [4.0, 4.216796875], [4.0, 4.21484375], [4.0, 4.212890625], [4.0, 4.2109375], [4.0, 4.208984375], [4.0, 4.20703125], [4.0, 4.205078125], [4.0, 4.203125], [4.0, 4.201171875], [4.0, 4.19921875], [4.0, 4.197265625], [4.0, 4.1953125], [4.0, 4.193359375], [4.0, 4.19140625], [4.0, 4.189453125], [4.0, 4.1875], [4.0, 4.185546875], [4.0, 4.18359375], [4.0, 4.181640625], [4.0, 4.1796875], [4.0, 4.177734375], [4.0, 4.17578125], [4.0, 4.173828125], [4.0, 4.171875], [4.0, 4.169921875], [4.0, 4.16796875], [4.0, 4.166015625], [4.0, 4.1640625], [4.0, 4.162109375], [4.0, 4.16015625], [4.0, 4.158203125], [4.0, 4.15625], [4.0, 4.154296875], [4.0, 4.15234375], [4.0, 4.150390625], [4.0, 4.1484375], [4.0, 4.146484375], [4.0, 4.14453125], [4.0, 4.142578125], [4.0, 4.140625], [4.0, 4.138671875], [4.0, 4.13671875], [4.0, 4.134765625], [4.0, 4.1328125], [4.0, 4.130859375], [4.0, 4.12890625], [4.0, 4.126953125], [4.0, 4.125], [4.0, 4.123046875], [4.0, 4.12109375], [4.0, 4.119140625], [4.0, 4.1171875], [4.0, 4.115234375], [4.0, 4.11328125], [4.0, 4.111328125], [4.0, 4.109375], [4.0, 4.107421875], [4.0, 4.10546875], [4.0, 4.103515625], [4.0, 4.1015625], [4.0, 4.099609375], [4.0, 4.09765625], [4.0, 4.095703125], [4.0, 4.09375], [4.0, 4.091796875], [4.0, 4.08984375], [4.0, 4.087890625], [4.0, 4.0859375], [4.0, 4.083984375], [4.0, 4.08203125], [4.0, 4.080078125], [4.0, 4.078125], [4.0, 4.076171875], [4.0, 4.07421875], [4.0, 4.072265625], [4.0, 4.0703125], [4.0, 4.068359375], [4.0, 4.06640625], [4.0, 4.064453125], [4.0, 4.0625], [4.0, 4.060546875], [4.0, 4.05859375], [4.0, 4.056640625], [4.0, 4.0546875], [4.0, 4.052734375], [4.0, 4.05078125], [4.0, 4.048828125], [4.0, 4.046875], [4.0, 4.044921875], [4.0, 4.04296875], [4.0, 4.041015625], [4.0, 4.0390625], [4.0, 4.037109375], [4.0, 4.03515625], [4.0, 4.033203125], [4.0, 4.03125], [4.0, 4.029296875], [4.0, 4.02734375], [4.0, 4.025390625], [4.0, 4.0234375], [4.0, 4.021484375], [4.0, 4.01953125], [4.0, 4.017578125], [4.0, 4.015625], [4.0, 4.013671875], [4.0, 4.01171875], [4.0, 4.009765625], [4.0, 4.0078125], [4.0, 4.005859375], [4.0, 4.00390625], [4.0, 4.001953125], [4, 4]]]}}]}